"event_id","run_id","anonymous_client_id","build_id","build_version","schema_version","phase","game_id","mode","event_type","sequence_number","event_timestamp","received_at","elapsed_time_ms","position","question_id","concept_id","learning_objective","question_type","difficulty","selected_response","correct","response_time_ms","rapid_guess","remediation_stage","bridge_stage","retest_stage","boss_stage","graph_question","score","streak","daily_progress","artifact","completion_status","mastery_attempts","mastery_correct","mastery_accuracy","synthetic","extras_json","sourceRunId","lifecycleReason","acceptedAttempt","artifactName","artifactSource","artifactAlreadyOwned","artifactOwnedBeforeRun","artifactNewlyEarned","wagerAmount","scoreBeforeWager","removedOptionIndex","remainingOptionCount","activeResponseTimeMs","hiddenTimeMs","tabSwitchCount","timeAfterReturnMs","focusLossCount","unfocusedTimeMs","timeAfterFocusMs","selectionCount","maxSelectedChars","questionSelected","answersSelected","copyCount","questionCopied","answersCopied","lastCopyElapsedMs","timeCopyToHideMs","timeCopyToBlurMs","responseTimeMs"
"b19886cd-7c25-47b7-a3dd-ed6a0c53a989","1c8bb8cb-2690-48b0-9004-6c314e90c83b","d59f334b-72b3-4be1-ad44-c19a56d2b3d6","managerial-directorate-telemetry-poc","2026.09.05-poc2","1","phaseAnonymousTelemetryPOC-v1","cost-directive","standard","mode_selected","1","2026-09-05T14:06:48.453Z","2026-09-05 14:06:48","0","0","","","","","","","","0","0","","","","","0","0","0","0","","","0","0","0","0","{""selectionReason"":""new-run"",""weaknessEstimate"":[],""sourceEvent"":""start"",""sourceRunId"":""1788617208453-z6vbwi"",""lifecycleReason"":""""}","1788617208453-z6vbwi","","","","","","","","","","","","","","","","","","","","","","","","","","","","","0"
"598f354e-815b-47de-bd0f-e8866332ce3f","1c8bb8cb-2690-48b0-9004-6c314e90c83b","d59f334b-72b3-4be1-ad44-c19a56d2b3d6","managerial-directorate-telemetry-poc","2026.09.05-poc2","1","phaseAnonymousTelemetryPOC-v1","cost-directive","standard","run_started","2","2026-09-05T14:06:48.453Z","2026-09-05 14:06:48","0","0","","","","","","","","0","0","","","","","0","0","0","0","","","0","0","0","0","{""selectionReason"":""new-run"",""weaknessEstimate"":[],""sourceEvent"":""start"",""sourceRunId"":""1788617208453-z6vbwi"",""lifecycleReason"":""""}","1788617208453-z6vbwi","","","","","","","","","","","","","","","","","","","","","","","","","","","","","0"
"6640d050-fd55-42f3-a56f-2dd4031ea91b","1c8bb8cb-2690-48b0-9004-6c314e90c83b","d59f334b-72b3-4be1-ad44-c19a56d2b3d6","managerial-directorate-telemetry-poc","2026.09.05-poc2","1","phaseAnonymousTelemetryPOC-v1","cost-directive","standard","question_shown","3","2026-09-05T14:06:48.460Z","2026-09-05 14:06:48","6","1","48","fixed_cost_fallacy","LO3.5","identification","easy","","","0","0","","","","","0","0","0","0","","","0","0","0","0","{""selectionReason"":""support"",""weaknessEstimate"":[],""sourceEvent"":"""",""sourceRunId"":""1788617208453-z6vbwi"",""lifecycleReason"":""""}","1788617208453-z6vbwi","","","","","","","","","","","","","","","","","","","","","","","","","","","","","0"
"cf752d2f-6520-4f33-8105-d387779c2a29","1c8bb8cb-2690-48b0-9004-6c314e90c83b","d59f334b-72b3-4be1-ad44-c19a56d2b3d6","managerial-directorate-telemetry-poc","2026.09.05-poc2","1","phaseAnonymousTelemetryPOC-v1","cost-directive","standard","answer_submitted","4","2026-09-05T14:06:49.482Z","2026-09-05 14:06:49","1028","1","48","fixed_cost_fallacy","LO3.5","identification","easy","0","0","1027","0","","","","","0","0","0","1","","","1","0","0","0","{""selectionReason"":""support"",""weaknessEstimate"":[{""key"":""fixed_cost_fallacy"",""attempts"":1,""accuracy"":0}],""sourceEvent"":""question"",""sourceRunId"":""1788617208453-z6vbwi"",""lifecycleReason"":"""",""acceptedAttempt"":true}","1788617208453-z6vbwi","","","","","","","","","","","","","","","","","","","","","","","","","","","","","1027"
"f84024e8-2e15-4871-802f-46806e742b6a","1c8bb8cb-2690-48b0-9004-6c314e90c83b","d59f334b-72b3-4be1-ad44-c19a56d2b3d6","managerial-directorate-telemetry-poc","2026.09.05-poc2","1","phaseAnonymousTelemetryPOC-v1","cost-directive","standard","answer_evaluated","5","2026-09-05T14:06:49.482Z","2026-09-05 14:06:49","1028","1","48","fixed_cost_fallacy","LO3.5","identification","easy","0","0","1027","0","","","","","0","0","0","1","","","1","0","0","0","{""selectionReason"":""support"",""weaknessEstimate"":[{""key"":""fixed_cost_fallacy"",""attempts"":1,""accuracy"":0}],""sourceEvent"":""question"",""sourceRunId"":""1788617208453-z6vbwi"",""lifecycleReason"":"""",""acceptedAttempt"":true}","1788617208453-z6vbwi","","true","","","","","","","","","","","","","","","","","","","","","","","","","","","1027"
"387bda60-d10c-4b2c-ac5e-12f87f966830","1c8bb8cb-2690-48b0-9004-6c314e90c83b","d59f334b-72b3-4be1-ad44-c19a56d2b3d6","managerial-directorate-telemetry-poc","2026.09.05-poc2","1","phaseAnonymousTelemetryPOC-v1","cost-directive","standard","feedback_shown","6","2026-09-05T14:06:49.482Z","2026-09-05 14:06:49","1028","1","48","fixed_cost_fallacy","LO3.5","identification","easy","0","0","1027","0","","","","","0","0","0","1","","","1","0","0","0","{""selectionReason"":""support"",""weaknessEstimate"":[{""key"":""fixed_cost_fallacy"",""attempts"":1,""accuracy"":0}],""sourceEvent"":""question"",""sourceRunId"":""1788617208453-z6vbwi"",""lifecycleReason"":"""",""acceptedAttempt"":true}","1788617208453-z6vbwi","","","","","","","","","","","","","","","","","","","","","","","","","","","","","1027"
"01598c7f-309d-4fc7-b37e-adcd28119d6e","1c8bb8cb-2690-48b0-9004-6c314e90c83b","d59f334b-72b3-4be1-ad44-c19a56d2b3d6","managerial-directorate-telemetry-poc","2026.09.05-poc2","1","phaseAnonymousTelemetryPOC-v1","cost-directive","standard","streak_changed","7","2026-09-05T14:06:49.483Z","2026-09-05 14:06:49","1028","1","48","fixed_cost_fallacy","LO3.5","identification","easy","0","0","1027","0","","","","","0","0","0","1","","","1","0","0","0","{""selectionReason"":""support"",""weaknessEstimate"":[{""key"":""fixed_cost_fallacy"",""attempts"":1,""accuracy"":0}],""sourceEvent"":""question"",""sourceRunId"":""1788617208453-z6vbwi"",""lifecycleReason"":"""",""acceptedAttempt"":true}","1788617208453-z6vbwi","","","","","","","","","","","","","","","","","","","","","","","","","","","","","1027"
"42b74a03-45c1-4447-9cfa-4459b870a58c","1c8bb8cb-2690-48b0-9004-6c314e90c83b","d59f334b-72b3-4be1-ad44-c19a56d2b3d6","managerial-directorate-telemetry-poc","2026.09.05-poc2","1","phaseAnonymousTelemetryPOC-v1","cost-directive","standard","question_shown","8","2026-09-05T14:06:50.228Z","2026-09-05 14:06:50","1774","1","40","fixed_variable_costs","LO3.3","definition","easy","","","0","0","","","","","0","0","0","1","","","1","0","0","0","{""selectionReason"":""repair"",""weaknessEstimate"":[{""key"":""fixed_cost_fallacy"",""attempts"":1,""accuracy"":0}],""sourceEvent"":"""",""sourceRunId"":""1788617208453-z6vbwi"",""lifecycleReason"":""""}","1788617208453-z6vbwi","","","","","","","","","","","","","","","","","","","","","","","","","","","","","0"
"2367ff0b-96e6-4fc0-abce-a6a1d00f5ba7","1c8bb8cb-2690-48b0-9004-6c314e90c83b","d59f334b-72b3-4be1-ad44-c19a56d2b3d6","managerial-directorate-telemetry-poc","2026.09.05-poc2","1","phaseAnonymousTelemetryPOC-v1","cost-directive","standard","answer_submitted","9","2026-09-05T14:06:51.566Z","2026-09-05 14:06:51","3112","1","40","fixed_variable_costs","LO3.3","definition","easy","1","0","1347","0","","","","","0","0","0","2","","","2","0","0","0","{""selectionReason"":""repair"",""weaknessEstimate"":[{""key"":""fixed_cost_fallacy"",""attempts"":1,""accuracy"":0},{""key"":""fixed_variable_costs"",""attempts"":1,""accuracy"":0}],""sourceEvent"":""question"",""sourceRunId"":""1788617208453-z6vbwi"",""lifecycleReason"":"""",""acceptedAttempt"":true}","1788617208453-z6vbwi","","","","","","","","","","","","","","","","","","","","","","","","","","","","","1347"
"ba756ab3-e492-4fe3-a124-1ea638859fdf","1c8bb8cb-2690-48b0-9004-6c314e90c83b","d59f334b-72b3-4be1-ad44-c19a56d2b3d6","managerial-directorate-telemetry-poc","2026.09.05-poc2","1","phaseAnonymousTelemetryPOC-v1","cost-directive","standard","answer_evaluated","10","2026-09-05T14:06:51.566Z","2026-09-05 14:06:51","3112","1","40","fixed_variable_costs","LO3.3","definition","easy","1","0","1347","0","","","","","0","0","0","2","","","2","0","0","0","{""selectionReason"":""repair"",""weaknessEstimate"":[{""key"":""fixed_cost_fallacy"",""attempts"":1,""accuracy"":0},{""key"":""fixed_variable_costs"",""attempts"":1,""accuracy"":0}],""sourceEvent"":""question"",""sourceRunId"":""1788617208453-z6vbwi"",""lifecycleReason"":"""",""acceptedAttempt"":true}","1788617208453-z6vbwi","","true","","","","","","","","","","","","","","","","","","","","","","","","","","","1347"
"5bedf3a2-07c2-4665-a3dd-144b8a5b8bf5","1c8bb8cb-2690-48b0-9004-6c314e90c83b","d59f334b-72b3-4be1-ad44-c19a56d2b3d6","managerial-directorate-telemetry-poc","2026.09.05-poc2","1","phaseAnonymousTelemetryPOC-v1","cost-directive","standard","feedback_shown","11","2026-09-05T14:06:51.567Z","2026-09-05 14:06:51","3112","1","40","fixed_variable_costs","LO3.3","definition","easy","1","0","1347","0","","","","","0","0","0","2","","","2","0","0","0","{""selectionReason"":""repair"",""weaknessEstimate"":[{""key"":""fixed_cost_fallacy"",""attempts"":1,""accuracy"":0},{""key"":""fixed_variable_costs"",""attempts"":1,""accuracy"":0}],""sourceEvent"":""question"",""sourceRunId"":""1788617208453-z6vbwi"",""lifecycleReason"":"""",""acceptedAttempt"":true}","1788617208453-z6vbwi","","","","","","","","","","","","","","","","","","","","","","","","","","","","","1347"
"3ad6f3b9-4281-4928-b660-27b68d611dae","1c8bb8cb-2690-48b0-9004-6c314e90c83b","d59f334b-72b3-4be1-ad44-c19a56d2b3d6","managerial-directorate-telemetry-poc","2026.09.05-poc2","1","phaseAnonymousTelemetryPOC-v1","cost-directive","standard","question_shown","12","2026-09-05T14:06:52.296Z","2026-09-05 14:06:52","3842","1","23","efficiency_business_value","LO2.3","application","easy","","","0","0","","","","","0","0","0","2","","","2","0","0","0","{""selectionReason"":""repair"",""weaknessEstimate"":[{""key"":""fixed_cost_fallacy"",""attempts"":1,""accuracy"":0},{""key"":""fixed_variable_costs"",""attempts"":1,""accuracy"":0}],""sourceEvent"":"""",""sourceRunId"":""1788617208453-z6vbwi"",""lifecycleReason"":""""}","1788617208453-z6vbwi","","","","","","","","","","","","","","","","","","","","","","","","","","","","","0"
"b3ae70f4-e085-4301-958d-554c152293f8","1c8bb8cb-2690-48b0-9004-6c314e90c83b","d59f334b-72b3-4be1-ad44-c19a56d2b3d6","managerial-directorate-telemetry-poc","2026.09.05-poc2","1","phaseAnonymousTelemetryPOC-v1","cost-directive","standard","answer_submitted","13","2026-09-05T14:06:53.002Z","2026-09-05 14:06:53","4547","1","23","efficiency_business_value","LO2.3","application","easy","0","0","724","0","","","","","0","0","0","3","","","3","0","0","0","{""selectionReason"":""repair"",""weaknessEstimate"":[{""key"":""fixed_cost_fallacy"",""attempts"":1,""accuracy"":0},{""key"":""fixed_variable_costs"",""attempts"":1,""accuracy"":0},{""key"":""efficiency_business_value"",""attempts"":1,""accuracy"":0}],""sourceEvent"":""question"",""sourceRunId"":""1788617208453-z6vbwi"",""lifecycleReason"":"""",""acceptedAttempt"":true}","1788617208453-z6vbwi","","","","","","","","","","","","","","","","","","","","","","","","","","","","","724"
"7a5911c3-61ee-43aa-8fba-1f6847ab4d20","1c8bb8cb-2690-48b0-9004-6c314e90c83b","d59f334b-72b3-4be1-ad44-c19a56d2b3d6","managerial-directorate-telemetry-poc","2026.09.05-poc2","1","phaseAnonymousTelemetryPOC-v1","cost-directive","standard","answer_evaluated","14","2026-09-05T14:06:53.002Z","2026-09-05 14:06:53","4547","1","23","efficiency_business_value","LO2.3","application","easy","0","0","724","0","","","","","0","0","0","3","","","3","0","0","0","{""selectionReason"":""repair"",""weaknessEstimate"":[{""key"":""fixed_cost_fallacy"",""attempts"":1,""accuracy"":0},{""key"":""fixed_variable_costs"",""attempts"":1,""accuracy"":0},{""key"":""efficiency_business_value"",""attempts"":1,""accuracy"":0}],""sourceEvent"":""question"",""sourceRunId"":""1788617208453-z6vbwi"",""lifecycleReason"":"""",""acceptedAttempt"":true}","1788617208453-z6vbwi","","true","","","","","","","","","","","","","","","","","","","","","","","","","","","724"
"cba1e423-7f22-4f1a-8c2a-2563cf959ce3","1c8bb8cb-2690-48b0-9004-6c314e90c83b","d59f334b-72b3-4be1-ad44-c19a56d2b3d6","managerial-directorate-telemetry-poc","2026.09.05-poc2","1","phaseAnonymousTelemetryPOC-v1","cost-directive","standard","feedback_shown","15","2026-09-05T14:06:53.002Z","2026-09-05 14:06:53","4547","1","23","efficiency_business_value","LO2.3","application","easy","0","0","724","0","","","","","0","0","0","3","","","3","0","0","0","{""selectionReason"":""repair"",""weaknessEstimate"":[{""key"":""fixed_cost_fallacy"",""attempts"":1,""accuracy"":0},{""key"":""fixed_variable_costs"",""attempts"":1,""accuracy"":0},{""key"":""efficiency_business_value"",""attempts"":1,""accuracy"":0}],""sourceEvent"":""question"",""sourceRunId"":""1788617208453-z6vbwi"",""lifecycleReason"":"""",""acceptedAttempt"":true}","1788617208453-z6vbwi","","","","","","","","","","","","","","","","","","","","","","","","","","","","","724"
"0bb5d157-9add-4569-8580-7dcddc8d65f1","1c8bb8cb-2690-48b0-9004-6c314e90c83b","d59f334b-72b3-4be1-ad44-c19a56d2b3d6","managerial-directorate-telemetry-poc","2026.09.05-poc2","1","phaseAnonymousTelemetryPOC-v1","cost-directive","standard","question_shown","16","2026-09-05T14:06:53.746Z","2026-09-05 14:06:53","5291","1","90","economies_of_scope","LO7.7","application","easy","","","0","0","","","","","0","0","0","3","","","3","0","0","0","{""selectionReason"":""repair"",""weaknessEstimate"":[{""key"":""fixed_cost_fallacy"",""attempts"":1,""accuracy"":0},{""key"":""fixed_variable_costs"",""attempts"":1,""accuracy"":0},{""key"":""efficiency_business_value"",""attempts"":1,""accuracy"":0}],""sourceEvent"":"""",""sourceRunId"":""1788617208453-z6vbwi"",""lifecycleReason"":""""}","1788617208453-z6vbwi","","","","","","","","","","","","","","","","","","","","","","","","","","","","","0"
"c67121bb-f13a-4bc7-9fc0-65ddacd6ce16","1c8bb8cb-2690-48b0-9004-6c314e90c83b","d59f334b-72b3-4be1-ad44-c19a56d2b3d6","managerial-directorate-telemetry-poc","2026.09.05-poc2","1","phaseAnonymousTelemetryPOC-v1","cost-directive","standard","answer_submitted","17","2026-09-05T14:06:54.465Z","2026-09-05 14:06:54","6011","1","90","economies_of_scope","LO7.7","application","easy","2","0","729","0","","","","","0","0","0","4","","","4","0","0","0","{""selectionReason"":""repair"",""weaknessEstimate"":[{""key"":""fixed_cost_fallacy"",""attempts"":1,""accuracy"":0},{""key"":""fixed_variable_costs"",""attempts"":1,""accuracy"":0},{""key"":""efficiency_business_value"",""attempts"":1,""accuracy"":0},{""key"":""economies_of_scope"",""attempts"":1,""accuracy"":0}],""sourceEvent"":""question"",""sourceRunId"":""1788617208453-z6vbwi"",""lifecycleReason"":"""",""acceptedAttempt"":true}","1788617208453-z6vbwi","","","","","","","","","","","","","","","","","","","","","","","","","","","","","729"
"7189e99f-a02a-483a-8875-0f5a7ddf4bbb","1c8bb8cb-2690-48b0-9004-6c314e90c83b","d59f334b-72b3-4be1-ad44-c19a56d2b3d6","managerial-directorate-telemetry-poc","2026.09.05-poc2","1","phaseAnonymousTelemetryPOC-v1","cost-directive","standard","answer_evaluated","18","2026-09-05T14:06:54.466Z","2026-09-05 14:06:54","6011","1","90","economies_of_scope","LO7.7","application","easy","2","0","729","0","","","","","0","0","0","4","","","4","0","0","0","{""selectionReason"":""repair"",""weaknessEstimate"":[{""key"":""fixed_cost_fallacy"",""attempts"":1,""accuracy"":0},{""key"":""fixed_variable_costs"",""attempts"":1,""accuracy"":0},{""key"":""efficiency_business_value"",""attempts"":1,""accuracy"":0},{""key"":""economies_of_scope"",""attempts"":1,""accuracy"":0}],""sourceEvent"":""question"",""sourceRunId"":""1788617208453-z6vbwi"",""lifecycleReason"":"""",""acceptedAttempt"":true}","1788617208453-z6vbwi","","true","","","","","","","","","","","","","","","","","","","","","","","","","","","729"
"11fc41c6-74aa-4bc1-bd93-13aeb798c235","1c8bb8cb-2690-48b0-9004-6c314e90c83b","d59f334b-72b3-4be1-ad44-c19a56d2b3d6","managerial-directorate-telemetry-poc","2026.09.05-poc2","1","phaseAnonymousTelemetryPOC-v1","cost-directive","standard","feedback_shown","19","2026-09-05T14:06:54.466Z","2026-09-05 14:06:54","6011","1","90","economies_of_scope","LO7.7","application","easy","2","0","729","0","","","","","0","0","0","4","","","4","0","0","0","{""selectionReason"":""repair"",""weaknessEstimate"":[{""key"":""fixed_cost_fallacy"",""attempts"":1,""accuracy"":0},{""key"":""fixed_variable_costs"",""attempts"":1,""accuracy"":0},{""key"":""efficiency_business_value"",""attempts"":1,""accuracy"":0},{""key"":""economies_of_scope"",""attempts"":1,""accuracy"":0}],""sourceEvent"":""question"",""sourceRunId"":""1788617208453-z6vbwi"",""lifecycleReason"":"""",""acceptedAttempt"":true}","1788617208453-z6vbwi","","","","","","","","","","","","","","","","","","","","","","","","","","","","","729"
"2a2b89ab-b01a-49d8-b1c9-02e5424b3aa1","1c8bb8cb-2690-48b0-9004-6c314e90c83b","d59f334b-72b3-4be1-ad44-c19a56d2b3d6","managerial-directorate-telemetry-poc","2026.09.05-poc2","1","phaseAnonymousTelemetryPOC-v1","cost-directive","standard","question_shown","20","2026-09-05T14:06:55.250Z","2026-09-05 14:06:55","6796","1","26","value_gap_opportunities","LO2.4","application","easy","","","0","0","","","","","0","0","0","4","","","4","0","0","0","{""selectionReason"":""repair"",""weaknessEstimate"":[{""key"":""fixed_cost_fallacy"",""attempts"":1,""accuracy"":0},{""key"":""fixed_variable_costs"",""attempts"":1,""accuracy"":0},{""key"":""efficiency_business_value"",""attempts"":1,""accuracy"":0},{""key"":""economies_of_scope"",""attempts"":1,""accuracy"":0}],""sourceEvent"":"""",""sourceRunId"":""1788617208453-z6vbwi"",""lifecycleReason"":""""}","1788617208453-z6vbwi","","","","","","","","","","","","","","","","","","","","","","","","","","","","","0"
"5c32bd6a-f642-4c76-af2b-4408a4287f44","1c8bb8cb-2690-48b0-9004-6c314e90c83b","d59f334b-72b3-4be1-ad44-c19a56d2b3d6","managerial-directorate-telemetry-poc","2026.09.05-poc2","1","phaseAnonymousTelemetryPOC-v1","cost-directive","standard","answer_submitted","21","2026-09-05T14:06:55.827Z","2026-09-05 14:06:55","7373","1","26","value_gap_opportunities","LO2.4","application","easy","0","0","591","1","","","","","0","0","0","4","","","4","0","0","0","{""selectionReason"":""non-engaged"",""weaknessEstimate"":[{""key"":""fixed_cost_fallacy"",""attempts"":1,""accuracy"":0},{""key"":""fixed_variable_costs"",""attempts"":1,""accuracy"":0},{""key"":""efficiency_business_value"",""attempts"":1,""accuracy"":0},{""key"":""economies_of_scope"",""attempts"":1,""accuracy"":0}],""sourceEvent"":""rapid_guessing"",""sourceRunId"":""1788617208453-z6vbwi"",""lifecycleReason"":"""",""acceptedAttempt"":false}","1788617208453-z6vbwi","","","","","","","","","","","","","","","","","","","","","","","","","","","","","591"
"aa5edc2b-9ced-442f-8f65-76b765c11e27","1c8bb8cb-2690-48b0-9004-6c314e90c83b","d59f334b-72b3-4be1-ad44-c19a56d2b3d6","managerial-directorate-telemetry-poc","2026.09.05-poc2","1","phaseAnonymousTelemetryPOC-v1","cost-directive","standard","answer_evaluated","22","2026-09-05T14:06:55.827Z","2026-09-05 14:06:55","7373","1","26","value_gap_opportunities","LO2.4","application","easy","0","0","591","1","","","","","0","0","0","4","","","4","0","0","0","{""selectionReason"":""non-engaged"",""weaknessEstimate"":[{""key"":""fixed_cost_fallacy"",""attempts"":1,""accuracy"":0},{""key"":""fixed_variable_costs"",""attempts"":1,""accuracy"":0},{""key"":""efficiency_business_value"",""attempts"":1,""accuracy"":0},{""key"":""economies_of_scope"",""attempts"":1,""accuracy"":0}],""sourceEvent"":""rapid_guessing"",""sourceRunId"":""1788617208453-z6vbwi"",""lifecycleReason"":"""",""acceptedAttempt"":false}","1788617208453-z6vbwi","","false","","","","","","","","","","","","","","","","","","","","","","","","","","","591"
"2cf26e2e-003d-42d6-9280-9e483aac5aa2","1c8bb8cb-2690-48b0-9004-6c314e90c83b","d59f334b-72b3-4be1-ad44-c19a56d2b3d6","managerial-directorate-telemetry-poc","2026.09.05-poc2","1","phaseAnonymousTelemetryPOC-v1","cost-directive","standard","feedback_shown","23","2026-09-05T14:06:55.827Z","2026-09-05 14:06:55","7373","1","26","value_gap_opportunities","LO2.4","application","easy","0","0","591","1","","","","","0","0","0","4","","","4","0","0","0","{""selectionReason"":""non-engaged"",""weaknessEstimate"":[{""key"":""fixed_cost_fallacy"",""attempts"":1,""accuracy"":0},{""key"":""fixed_variable_costs"",""attempts"":1,""accuracy"":0},{""key"":""efficiency_business_value"",""attempts"":1,""accuracy"":0},{""key"":""economies_of_scope"",""attempts"":1,""accuracy"":0}],""sourceEvent"":""rapid_guessing"",""sourceRunId"":""1788617208453-z6vbwi"",""lifecycleReason"":"""",""acceptedAttempt"":false}","1788617208453-z6vbwi","","","","","","","","","","","","","","","","","","","","","","","","","","","","","591"
"527535a7-48f3-4835-b488-7e7db80b7a2f","1c8bb8cb-2690-48b0-9004-6c314e90c83b","d59f334b-72b3-4be1-ad44-c19a56d2b3d6","managerial-directorate-telemetry-poc","2026.09.05-poc2","1","phaseAnonymousTelemetryPOC-v1","cost-directive","standard","rapid_guess_detected","24","2026-09-05T14:06:55.827Z","2026-09-05 14:06:55","7373","1","26","value_gap_opportunities","LO2.4","application","easy","0","0","591","1","","","","","0","0","0","4","","","4","0","0","0","{""selectionReason"":""non-engaged"",""weaknessEstimate"":[{""key"":""fixed_cost_fallacy"",""attempts"":1,""accuracy"":0},{""key"":""fixed_variable_costs"",""attempts"":1,""accuracy"":0},{""key"":""efficiency_business_value"",""attempts"":1,""accuracy"":0},{""key"":""economies_of_scope"",""attempts"":1,""accuracy"":0}],""sourceEvent"":""rapid_guessing"",""sourceRunId"":""1788617208453-z6vbwi"",""lifecycleReason"":"""",""acceptedAttempt"":false}","1788617208453-z6vbwi","","","","","","","","","","","","","","","","","","","","","","","","","","","","","591"
"56e470a2-bc56-438b-9e89-91527275d9b5","1c8bb8cb-2690-48b0-9004-6c314e90c83b","d59f334b-72b3-4be1-ad44-c19a56d2b3d6","managerial-directorate-telemetry-poc","2026.09.05-poc2","1","phaseAnonymousTelemetryPOC-v1","cost-directive","standard","question_shown","25","2026-09-05T14:07:00.334Z","2026-09-05 14:07:00","11880","1","26","value_gap_opportunities","LO2.4","application","easy","","","0","0","","","","","0","0","0","4","","","4","0","0","0","{""selectionReason"":""non-engaged"",""weaknessEstimate"":[{""key"":""fixed_cost_fallacy"",""attempts"":1,""accuracy"":0},{""key"":""fixed_variable_costs"",""attempts"":1,""accuracy"":0},{""key"":""efficiency_business_value"",""attempts"":1,""accuracy"":0},{""key"":""economies_of_scope"",""attempts"":1,""accuracy"":0}],""sourceEvent"":"""",""sourceRunId"":""1788617208453-z6vbwi"",""lifecycleReason"":""""}","1788617208453-z6vbwi","","","","","","","","","","","","","","","","","","","","","","","","","","","","","0"
"20278874-d65f-44ca-983a-02511eb9e308","1c8bb8cb-2690-48b0-9004-6c314e90c83b","d59f334b-72b3-4be1-ad44-c19a56d2b3d6","managerial-directorate-telemetry-poc","2026.09.05-poc2","1","phaseAnonymousTelemetryPOC-v1","cost-directive","standard","answer_submitted","26","2026-09-05T14:07:00.784Z","2026-09-05 14:07:00","12330","1","26","value_gap_opportunities","LO2.4","application","easy","0","0","453","0","","","","","0","0","0","5","","","5","0","0","0","{""selectionReason"":""non-engaged"",""weaknessEstimate"":[{""key"":""fixed_cost_fallacy"",""attempts"":1,""accuracy"":0},{""key"":""fixed_variable_costs"",""attempts"":1,""accuracy"":0},{""key"":""efficiency_business_value"",""attempts"":1,""accuracy"":0},{""key"":""economies_of_scope"",""attempts"":1,""accuracy"":0},{""key"":""value_gap_opportunities"",""attempts"":1,""accuracy"":0}],""sourceEvent"":""question"",""sourceRunId"":""1788617208453-z6vbwi"",""lifecycleReason"":"""",""acceptedAttempt"":true}","1788617208453-z6vbwi","","","","","","","","","","","","","","","","","","","","","","","","","","","","","453"
"3170ec9c-c39d-4d42-9700-7621f09269f4","1c8bb8cb-2690-48b0-9004-6c314e90c83b","d59f334b-72b3-4be1-ad44-c19a56d2b3d6","managerial-directorate-telemetry-poc","2026.09.05-poc2","1","phaseAnonymousTelemetryPOC-v1","cost-directive","standard","answer_evaluated","27","2026-09-05T14:07:00.785Z","2026-09-05 14:07:00","12330","1","26","value_gap_opportunities","LO2.4","application","easy","0","0","453","0","","","","","0","0","0","5","","","5","0","0","0","{""selectionReason"":""non-engaged"",""weaknessEstimate"":[{""key"":""fixed_cost_fallacy"",""attempts"":1,""accuracy"":0},{""key"":""fixed_variable_costs"",""attempts"":1,""accuracy"":0},{""key"":""efficiency_business_value"",""attempts"":1,""accuracy"":0},{""key"":""economies_of_scope"",""attempts"":1,""accuracy"":0},{""key"":""value_gap_opportunities"",""attempts"":1,""accuracy"":0}],""sourceEvent"":""question"",""sourceRunId"":""1788617208453-z6vbwi"",""lifecycleReason"":"""",""acceptedAttempt"":true}","1788617208453-z6vbwi","","true","","","","","","","","","","","","","","","","","","","","","","","","","","","453"
"c6364e64-5b5f-4bd6-a50d-6700e603918d","1c8bb8cb-2690-48b0-9004-6c314e90c83b","d59f334b-72b3-4be1-ad44-c19a56d2b3d6","managerial-directorate-telemetry-poc","2026.09.05-poc2","1","phaseAnonymousTelemetryPOC-v1","cost-directive","standard","feedback_shown","28","2026-09-05T14:07:00.785Z","2026-09-05 14:07:00","12330","1","26","value_gap_opportunities","LO2.4","application","easy","0","0","453","0","","","","","0","0","0","5","","","5","0","0","0","{""selectionReason"":""non-engaged"",""weaknessEstimate"":[{""key"":""fixed_cost_fallacy"",""attempts"":1,""accuracy"":0},{""key"":""fixed_variable_costs"",""attempts"":1,""accuracy"":0},{""key"":""efficiency_business_value"",""attempts"":1,""accuracy"":0},{""key"":""economies_of_scope"",""attempts"":1,""accuracy"":0},{""key"":""value_gap_opportunities"",""attempts"":1,""accuracy"":0}],""sourceEvent"":""question"",""sourceRunId"":""1788617208453-z6vbwi"",""lifecycleReason"":"""",""acceptedAttempt"":true}","1788617208453-z6vbwi","","","","","","","","","","","","","","","","","","","","","","","","","","","","","453"
"6fae3897-b78e-49c1-91af-9e78596b75d4","1c8bb8cb-2690-48b0-9004-6c314e90c83b","d59f334b-72b3-4be1-ad44-c19a56d2b3d6","managerial-directorate-telemetry-poc","2026.09.05-poc2","1","phaseAnonymousTelemetryPOC-v1","cost-directive","standard","question_shown","29","2026-09-05T14:07:01.561Z","2026-09-05 14:07:01","13106","1","82","minimum_efficient_scale","LO7.5","definition","easy","","","0","0","","","","","0","0","0","5","","","5","0","0","0","{""selectionReason"":""repair"",""weaknessEstimate"":[{""key"":""fixed_cost_fallacy"",""attempts"":1,""accuracy"":0},{""key"":""fixed_variable_costs"",""attempts"":1,""accuracy"":0},{""key"":""efficiency_business_value"",""attempts"":1,""accuracy"":0},{""key"":""economies_of_scope"",""attempts"":1,""accuracy"":0},{""key"":""value_gap_opportunities"",""attempts"":1,""accuracy"":0}],""sourceEvent"":"""",""sourceRunId"":""1788617208453-z6vbwi"",""lifecycleReason"":""""}","1788617208453-z6vbwi","","","","","","","","","","","","","","","","","","","","","","","","","","","","","0"
"bd2334d1-0bd1-47a6-b5e9-3834859f8d07","1c8bb8cb-2690-48b0-9004-6c314e90c83b","d59f334b-72b3-4be1-ad44-c19a56d2b3d6","managerial-directorate-telemetry-poc","2026.09.05-poc2","1","phaseAnonymousTelemetryPOC-v1","cost-directive","standard","answer_submitted","30","2026-09-05T14:07:02.171Z","2026-09-05 14:07:02","13716","1","82","minimum_efficient_scale","LO7.5","definition","easy","1","0","618","0","","","","","0","0","0","6","","","6","0","0","0","{""selectionReason"":""repair"",""weaknessEstimate"":[{""key"":""fixed_cost_fallacy"",""attempts"":1,""accuracy"":0},{""key"":""fixed_variable_costs"",""attempts"":1,""accuracy"":0},{""key"":""efficiency_business_value"",""attempts"":1,""accuracy"":0},{""key"":""economies_of_scope"",""attempts"":1,""accuracy"":0},{""key"":""value_gap_opportunities"",""attempts"":1,""accuracy"":0}],""sourceEvent"":""question"",""sourceRunId"":""1788617208453-z6vbwi"",""lifecycleReason"":"""",""acceptedAttempt"":true}","1788617208453-z6vbwi","","","","","","","","","","","","","","","","","","","","","","","","","","","","","618"
"da55dece-e4e6-44dc-acd5-7f085c965b91","1c8bb8cb-2690-48b0-9004-6c314e90c83b","d59f334b-72b3-4be1-ad44-c19a56d2b3d6","managerial-directorate-telemetry-poc","2026.09.05-poc2","1","phaseAnonymousTelemetryPOC-v1","cost-directive","standard","answer_evaluated","31","2026-09-05T14:07:02.171Z","2026-09-05 14:07:02","13716","1","82","minimum_efficient_scale","LO7.5","definition","easy","1","0","618","0","","","","","0","0","0","6","","","6","0","0","0","{""selectionReason"":""repair"",""weaknessEstimate"":[{""key"":""fixed_cost_fallacy"",""attempts"":1,""accuracy"":0},{""key"":""fixed_variable_costs"",""attempts"":1,""accuracy"":0},{""key"":""efficiency_business_value"",""attempts"":1,""accuracy"":0},{""key"":""economies_of_scope"",""attempts"":1,""accuracy"":0},{""key"":""value_gap_opportunities"",""attempts"":1,""accuracy"":0}],""sourceEvent"":""question"",""sourceRunId"":""1788617208453-z6vbwi"",""lifecycleReason"":"""",""acceptedAttempt"":true}","1788617208453-z6vbwi","","true","","","","","","","","","","","","","","","","","","","","","","","","","","","618"
"26ab33e5-418a-44e4-9f87-abf7030c5055","1c8bb8cb-2690-48b0-9004-6c314e90c83b","d59f334b-72b3-4be1-ad44-c19a56d2b3d6","managerial-directorate-telemetry-poc","2026.09.05-poc2","1","phaseAnonymousTelemetryPOC-v1","cost-directive","standard","feedback_shown","32","2026-09-05T14:07:02.171Z","2026-09-05 14:07:02","13716","1","82","minimum_efficient_scale","LO7.5","definition","easy","1","0","618","0","","","","","0","0","0","6","","","6","0","0","0","{""selectionReason"":""repair"",""weaknessEstimate"":[{""key"":""fixed_cost_fallacy"",""attempts"":1,""accuracy"":0},{""key"":""fixed_variable_costs"",""attempts"":1,""accuracy"":0},{""key"":""efficiency_business_value"",""attempts"":1,""accuracy"":0},{""key"":""economies_of_scope"",""attempts"":1,""accuracy"":0},{""key"":""value_gap_opportunities"",""attempts"":1,""accuracy"":0}],""sourceEvent"":""question"",""sourceRunId"":""1788617208453-z6vbwi"",""lifecycleReason"":"""",""acceptedAttempt"":true}","1788617208453-z6vbwi","","","","","","","","","","","","","","","","","","","","","","","","","","","","","618"
"cd94f11d-c051-4901-9643-5f17c4ce10a1","1c8bb8cb-2690-48b0-9004-6c314e90c83b","d59f334b-72b3-4be1-ad44-c19a56d2b3d6","managerial-directorate-telemetry-poc","2026.09.05-poc2","1","phaseAnonymousTelemetryPOC-v1","cost-directive","standard","question_shown","33","2026-09-05T14:07:02.928Z","2026-09-05 14:07:02","14473","1","86","learning_curve","LO7.6","identification","easy","","","0","0","","","","","0","0","0","6","","","6","0","0","0","{""selectionReason"":""repair"",""weaknessEstimate"":[{""key"":""fixed_cost_fallacy"",""attempts"":1,""accuracy"":0},{""key"":""fixed_variable_costs"",""attempts"":1,""accuracy"":0},{""key"":""efficiency_business_value"",""attempts"":1,""accuracy"":0},{""key"":""economies_of_scope"",""attempts"":1,""accuracy"":0},{""key"":""value_gap_opportunities"",""attempts"":1,""accuracy"":0}],""sourceEvent"":"""",""sourceRunId"":""1788617208453-z6vbwi"",""lifecycleReason"":""""}","1788617208453-z6vbwi","","","","","","","","","","","","","","","","","","","","","","","","","","","","","0"
"a7add1b1-cba5-4a3c-b643-fcaef059265f","1c8bb8cb-2690-48b0-9004-6c314e90c83b","d59f334b-72b3-4be1-ad44-c19a56d2b3d6","managerial-directorate-telemetry-poc","2026.09.05-poc2","1","phaseAnonymousTelemetryPOC-v1","cost-directive","standard","answer_submitted","34","2026-09-05T14:07:03.655Z","2026-09-05 14:07:03","15200","1","86","learning_curve","LO7.6","identification","easy","0","0","737","0","","","","","0","0","0","7","","","7","0","0","0","{""selectionReason"":""repair"",""weaknessEstimate"":[{""key"":""fixed_cost_fallacy"",""attempts"":1,""accuracy"":0},{""key"":""fixed_variable_costs"",""attempts"":1,""accuracy"":0},{""key"":""efficiency_business_value"",""attempts"":1,""accuracy"":0},{""key"":""economies_of_scope"",""attempts"":1,""accuracy"":0},{""key"":""value_gap_opportunities"",""attempts"":1,""accuracy"":0}],""sourceEvent"":""question"",""sourceRunId"":""1788617208453-z6vbwi"",""lifecycleReason"":"""",""acceptedAttempt"":true}","1788617208453-z6vbwi","","","","","","","","","","","","","","","","","","","","","","","","","","","","","737"
"a9b683e6-ba30-4d17-91b5-99b77f61ddf0","1c8bb8cb-2690-48b0-9004-6c314e90c83b","d59f334b-72b3-4be1-ad44-c19a56d2b3d6","managerial-directorate-telemetry-poc","2026.09.05-poc2","1","phaseAnonymousTelemetryPOC-v1","cost-directive","standard","answer_evaluated","35","2026-09-05T14:07:03.655Z","2026-09-05 14:07:03","15200","1","86","learning_curve","LO7.6","identification","easy","0","0","737","0","","","","","0","0","0","7","","","7","0","0","0","{""selectionReason"":""repair"",""weaknessEstimate"":[{""key"":""fixed_cost_fallacy"",""attempts"":1,""accuracy"":0},{""key"":""fixed_variable_costs"",""attempts"":1,""accuracy"":0},{""key"":""efficiency_business_value"",""attempts"":1,""accuracy"":0},{""key"":""economies_of_scope"",""attempts"":1,""accuracy"":0},{""key"":""value_gap_opportunities"",""attempts"":1,""accuracy"":0}],""sourceEvent"":""question"",""sourceRunId"":""1788617208453-z6vbwi"",""lifecycleReason"":"""",""acceptedAttempt"":true}","1788617208453-z6vbwi","","true","","","","","","","","","","","","","","","","","","","","","","","","","","","737"
"c7aeb0a0-1693-4257-a125-ce85b65cddf1","1c8bb8cb-2690-48b0-9004-6c314e90c83b","d59f334b-72b3-4be1-ad44-c19a56d2b3d6","managerial-directorate-telemetry-poc","2026.09.05-poc2","1","phaseAnonymousTelemetryPOC-v1","cost-directive","standard","feedback_shown","36","2026-09-05T14:07:03.655Z","2026-09-05 14:07:03","15200","1","86","learning_curve","LO7.6","identification","easy","0","0","737","0","","","","","0","0","0","7","","","7","0","0","0","{""selectionReason"":""repair"",""weaknessEstimate"":[{""key"":""fixed_cost_fallacy"",""attempts"":1,""accuracy"":0},{""key"":""fixed_variable_costs"",""attempts"":1,""accuracy"":0},{""key"":""efficiency_business_value"",""attempts"":1,""accuracy"":0},{""key"":""economies_of_scope"",""attempts"":1,""accuracy"":0},{""key"":""value_gap_opportunities"",""attempts"":1,""accuracy"":0}],""sourceEvent"":""question"",""sourceRunId"":""1788617208453-z6vbwi"",""lifecycleReason"":"""",""acceptedAttempt"":true}","1788617208453-z6vbwi","","","","","","","","","","","","","","","","","","","","","","","","","","","","","737"
"9f016e8e-c64e-4acc-871d-1e4750765eac","1c8bb8cb-2690-48b0-9004-6c314e90c83b","d59f334b-72b3-4be1-ad44-c19a56d2b3d6","managerial-directorate-telemetry-poc","2026.09.05-poc2","1","phaseAnonymousTelemetryPOC-v1","cost-directive","standard","question_shown","37","2026-09-05T14:07:04.361Z","2026-09-05 14:07:04","15907","1","85","learning_curve","LO7.6","definition","easy","","","0","0","","","","","0","0","0","7","","","7","0","0","0","{""selectionReason"":""repair"",""weaknessEstimate"":[{""key"":""fixed_cost_fallacy"",""attempts"":1,""accuracy"":0},{""key"":""fixed_variable_costs"",""attempts"":1,""accuracy"":0},{""key"":""efficiency_business_value"",""attempts"":1,""accuracy"":0},{""key"":""economies_of_scope"",""attempts"":1,""accuracy"":0},{""key"":""value_gap_opportunities"",""attempts"":1,""accuracy"":0}],""sourceEvent"":"""",""sourceRunId"":""1788617208453-z6vbwi"",""lifecycleReason"":""""}","1788617208453-z6vbwi","","","","","","","","","","","","","","","","","","","","","","","","","","","","","0"
"1d404c8a-bf1d-433b-b25c-0dd7bf6f977d","1c8bb8cb-2690-48b0-9004-6c314e90c83b","d59f334b-72b3-4be1-ad44-c19a56d2b3d6","managerial-directorate-telemetry-poc","2026.09.05-poc2","1","phaseAnonymousTelemetryPOC-v1","cost-directive","standard","answer_submitted","38","2026-09-05T14:07:04.964Z","2026-09-05 14:07:05","16510","1","85","learning_curve","LO7.6","definition","easy","0","0","613","0","","","","","0","0","0","8","","","8","0","0","0","{""selectionReason"":""repair"",""weaknessEstimate"":[{""key"":""learning_curve"",""attempts"":2,""accuracy"":0},{""key"":""fixed_cost_fallacy"",""attempts"":1,""accuracy"":0},{""key"":""fixed_variable_costs"",""attempts"":1,""accuracy"":0},{""key"":""efficiency_business_value"",""attempts"":1,""accuracy"":0},{""key"":""economies_of_scope"",""attempts"":1,""accuracy"":0}],""sourceEvent"":""question"",""sourceRunId"":""1788617208453-z6vbwi"",""lifecycleReason"":"""",""acceptedAttempt"":true}","1788617208453-z6vbwi","","","","","","","","","","","","","","","","","","","","","","","","","","","","","613"
"e5ae18ee-ccf8-44f8-aaa6-948b96d75e09","1c8bb8cb-2690-48b0-9004-6c314e90c83b","d59f334b-72b3-4be1-ad44-c19a56d2b3d6","managerial-directorate-telemetry-poc","2026.09.05-poc2","1","phaseAnonymousTelemetryPOC-v1","cost-directive","standard","answer_evaluated","39","2026-09-05T14:07:04.964Z","2026-09-05 14:07:05","16510","1","85","learning_curve","LO7.6","definition","easy","0","0","613","0","","","","","0","0","0","8","","","8","0","0","0","{""selectionReason"":""repair"",""weaknessEstimate"":[{""key"":""learning_curve"",""attempts"":2,""accuracy"":0},{""key"":""fixed_cost_fallacy"",""attempts"":1,""accuracy"":0},{""key"":""fixed_variable_costs"",""attempts"":1,""accuracy"":0},{""key"":""efficiency_business_value"",""attempts"":1,""accuracy"":0},{""key"":""economies_of_scope"",""attempts"":1,""accuracy"":0}],""sourceEvent"":""question"",""sourceRunId"":""1788617208453-z6vbwi"",""lifecycleReason"":"""",""acceptedAttempt"":true}","1788617208453-z6vbwi","","true","","","","","","","","","","","","","","","","","","","","","","","","","","","613"
"a1613f49-5175-40a9-9114-bfd4114a898f","1c8bb8cb-2690-48b0-9004-6c314e90c83b","d59f334b-72b3-4be1-ad44-c19a56d2b3d6","managerial-directorate-telemetry-poc","2026.09.05-poc2","1","phaseAnonymousTelemetryPOC-v1","cost-directive","standard","feedback_shown","40","2026-09-05T14:07:04.965Z","2026-09-05 14:07:05","16510","1","85","learning_curve","LO7.6","definition","easy","0","0","613","0","","","","","0","0","0","8","","","8","0","0","0","{""selectionReason"":""repair"",""weaknessEstimate"":[{""key"":""learning_curve"",""attempts"":2,""accuracy"":0},{""key"":""fixed_cost_fallacy"",""attempts"":1,""accuracy"":0},{""key"":""fixed_variable_costs"",""attempts"":1,""accuracy"":0},{""key"":""efficiency_business_value"",""attempts"":1,""accuracy"":0},{""key"":""economies_of_scope"",""attempts"":1,""accuracy"":0}],""sourceEvent"":""question"",""sourceRunId"":""1788617208453-z6vbwi"",""lifecycleReason"":"""",""acceptedAttempt"":true}","1788617208453-z6vbwi","","","","","","","","","","","","","","","","","","","","","","","","","","","","","613"
"f802d486-eec2-4e05-a477-874b9f19fbf7","1c8bb8cb-2690-48b0-9004-6c314e90c83b","d59f334b-72b3-4be1-ad44-c19a56d2b3d6","managerial-directorate-telemetry-poc","2026.09.05-poc2","1","phaseAnonymousTelemetryPOC-v1","cost-directive","standard","repair_triggered","41","2026-09-05T14:07:04.977Z","2026-09-05 14:07:05","16523","1","5107","learning_curve","LO7.6","repair","microSkillRepair","","","0","0","repair","","","","0","0","0","8","","","8","0","0","0","{""selectionReason"":""adaptive-repair"",""weaknessEstimate"":[{""key"":""learning_curve"",""attempts"":2,""accuracy"":0},{""key"":""fixed_cost_fallacy"",""attempts"":1,""accuracy"":0},{""key"":""fixed_variable_costs"",""attempts"":1,""accuracy"":0},{""key"":""efficiency_business_value"",""attempts"":1,""accuracy"":0},{""key"":""economies_of_scope"",""attempts"":1,""accuracy"":0}],""sourceEvent"":"""",""sourceRunId"":""1788617208453-z6vbwi"",""lifecycleReason"":""repair""}","1788617208453-z6vbwi","repair","","","","","","","","","","","","","","","","","","","","","","","","","","","","0"
"98300233-f14e-435d-8d07-ef387b4cf89a","1c8bb8cb-2690-48b0-9004-6c314e90c83b","d59f334b-72b3-4be1-ad44-c19a56d2b3d6","managerial-directorate-telemetry-poc","2026.09.05-poc2","1","phaseAnonymousTelemetryPOC-v1","cost-directive","standard","question_shown","42","2026-09-05T14:07:04.977Z","2026-09-05 14:07:05","16523","1","5107","learning_curve","LO7.6","repair","microSkillRepair","","","0","0","repair","","","","0","0","0","8","","","8","0","0","0","{""selectionReason"":""adaptive-repair"",""weaknessEstimate"":[{""key"":""learning_curve"",""attempts"":2,""accuracy"":0},{""key"":""fixed_cost_fallacy"",""attempts"":1,""accuracy"":0},{""key"":""fixed_variable_costs"",""attempts"":1,""accuracy"":0},{""key"":""efficiency_business_value"",""attempts"":1,""accuracy"":0},{""key"":""economies_of_scope"",""attempts"":1,""accuracy"":0}],""sourceEvent"":"""",""sourceRunId"":""1788617208453-z6vbwi"",""lifecycleReason"":""""}","1788617208453-z6vbwi","","","","","","","","","","","","","","","","","","","","","","","","","","","","","0"
"d7fed9a4-b39a-4022-95d8-5dc0dd913331","1c8bb8cb-2690-48b0-9004-6c314e90c83b","d59f334b-72b3-4be1-ad44-c19a56d2b3d6","managerial-directorate-telemetry-poc","2026.09.05-poc2","1","phaseAnonymousTelemetryPOC-v1","cost-directive","standard","repair_question_shown","43","2026-09-05T14:07:04.978Z","2026-09-05 14:07:05","16523","1","5107","learning_curve","LO7.6","repair","microSkillRepair","","","0","0","repair","","","","0","0","0","8","","","8","0","0","0","{""selectionReason"":""adaptive-repair"",""weaknessEstimate"":[{""key"":""learning_curve"",""attempts"":2,""accuracy"":0},{""key"":""fixed_cost_fallacy"",""attempts"":1,""accuracy"":0},{""key"":""fixed_variable_costs"",""attempts"":1,""accuracy"":0},{""key"":""efficiency_business_value"",""attempts"":1,""accuracy"":0},{""key"":""economies_of_scope"",""attempts"":1,""accuracy"":0}],""sourceEvent"":"""",""sourceRunId"":""1788617208453-z6vbwi"",""lifecycleReason"":""""}","1788617208453-z6vbwi","","","","","","","","","","","","","","","","","","","","","","","","","","","","","0"
"624e2cd6-4ae2-4105-b082-6f258443eec1","1c8bb8cb-2690-48b0-9004-6c314e90c83b","d59f334b-72b3-4be1-ad44-c19a56d2b3d6","managerial-directorate-telemetry-poc","2026.09.05-poc2","1","phaseAnonymousTelemetryPOC-v1","cost-directive","standard","answer_submitted","44","2026-09-05T14:07:05.999Z","2026-09-05 14:07:06","17545","1","5107","learning_curve","LO7.6","repair","microSkillRepair","0","0","1033","1","repair","","","","0","0","0","8","","","8","0","0","0","{""selectionReason"":""adaptive-repair"",""weaknessEstimate"":[{""key"":""learning_curve"",""attempts"":2,""accuracy"":0},{""key"":""fixed_cost_fallacy"",""attempts"":1,""accuracy"":0},{""key"":""fixed_variable_costs"",""attempts"":1,""accuracy"":0},{""key"":""efficiency_business_value"",""attempts"":1,""accuracy"":0},{""key"":""economies_of_scope"",""attempts"":1,""accuracy"":0}],""sourceEvent"":""rapid_guessing"",""sourceRunId"":""1788617208453-z6vbwi"",""lifecycleReason"":"""",""acceptedAttempt"":false}","1788617208453-z6vbwi","","","","","","","","","","","","","","","","","","","","","","","","","","","","","1033"
"8ad3f8fc-71cb-4004-becb-d4d3be567609","1c8bb8cb-2690-48b0-9004-6c314e90c83b","d59f334b-72b3-4be1-ad44-c19a56d2b3d6","managerial-directorate-telemetry-poc","2026.09.05-poc2","1","phaseAnonymousTelemetryPOC-v1","cost-directive","standard","answer_evaluated","45","2026-09-05T14:07:05.999Z","2026-09-05 14:07:06","17545","1","5107","learning_curve","LO7.6","repair","microSkillRepair","0","0","1033","1","repair","","","","0","0","0","8","","","8","0","0","0","{""selectionReason"":""adaptive-repair"",""weaknessEstimate"":[{""key"":""learning_curve"",""attempts"":2,""accuracy"":0},{""key"":""fixed_cost_fallacy"",""attempts"":1,""accuracy"":0},{""key"":""fixed_variable_costs"",""attempts"":1,""accuracy"":0},{""key"":""efficiency_business_value"",""attempts"":1,""accuracy"":0},{""key"":""economies_of_scope"",""attempts"":1,""accuracy"":0}],""sourceEvent"":""rapid_guessing"",""sourceRunId"":""1788617208453-z6vbwi"",""lifecycleReason"":"""",""acceptedAttempt"":false}","1788617208453-z6vbwi","","false","","","","","","","","","","","","","","","","","","","","","","","","","","","1033"
"a5a6e0c5-6e42-4e16-a552-a6de71e2b086","1c8bb8cb-2690-48b0-9004-6c314e90c83b","d59f334b-72b3-4be1-ad44-c19a56d2b3d6","managerial-directorate-telemetry-poc","2026.09.05-poc2","1","phaseAnonymousTelemetryPOC-v1","cost-directive","standard","feedback_shown","46","2026-09-05T14:07:05.999Z","2026-09-05 14:07:06","17545","1","5107","learning_curve","LO7.6","repair","microSkillRepair","0","0","1033","1","repair","","","","0","0","0","8","","","8","0","0","0","{""selectionReason"":""adaptive-repair"",""weaknessEstimate"":[{""key"":""learning_curve"",""attempts"":2,""accuracy"":0},{""key"":""fixed_cost_fallacy"",""attempts"":1,""accuracy"":0},{""key"":""fixed_variable_costs"",""attempts"":1,""accuracy"":0},{""key"":""efficiency_business_value"",""attempts"":1,""accuracy"":0},{""key"":""economies_of_scope"",""attempts"":1,""accuracy"":0}],""sourceEvent"":""rapid_guessing"",""sourceRunId"":""1788617208453-z6vbwi"",""lifecycleReason"":"""",""acceptedAttempt"":false}","1788617208453-z6vbwi","","","","","","","","","","","","","","","","","","","","","","","","","","","","","1033"
"92acfc66-ae19-404a-bca2-8a122cb0e92f","1c8bb8cb-2690-48b0-9004-6c314e90c83b","d59f334b-72b3-4be1-ad44-c19a56d2b3d6","managerial-directorate-telemetry-poc","2026.09.05-poc2","1","phaseAnonymousTelemetryPOC-v1","cost-directive","standard","rapid_guess_detected","47","2026-09-05T14:07:05.999Z","2026-09-05 14:07:06","17545","1","5107","learning_curve","LO7.6","repair","microSkillRepair","0","0","1033","1","repair","","","","0","0","0","8","","","8","0","0","0","{""selectionReason"":""adaptive-repair"",""weaknessEstimate"":[{""key"":""learning_curve"",""attempts"":2,""accuracy"":0},{""key"":""fixed_cost_fallacy"",""attempts"":1,""accuracy"":0},{""key"":""fixed_variable_costs"",""attempts"":1,""accuracy"":0},{""key"":""efficiency_business_value"",""attempts"":1,""accuracy"":0},{""key"":""economies_of_scope"",""attempts"":1,""accuracy"":0}],""sourceEvent"":""rapid_guessing"",""sourceRunId"":""1788617208453-z6vbwi"",""lifecycleReason"":"""",""acceptedAttempt"":false}","1788617208453-z6vbwi","","","","","","","","","","","","","","","","","","","","","","","","","","","","","1033"
"0ef0a3f6-3c55-45bf-865f-86847a948a0e","1c8bb8cb-2690-48b0-9004-6c314e90c83b","d59f334b-72b3-4be1-ad44-c19a56d2b3d6","managerial-directorate-telemetry-poc","2026.09.05-poc2","1","phaseAnonymousTelemetryPOC-v1","cost-directive","standard","repair_question_answered","48","2026-09-05T14:07:06.000Z","2026-09-05 14:07:06","17545","1","5107","learning_curve","LO7.6","repair","microSkillRepair","0","0","1033","1","repair","","","","0","0","0","8","","","8","0","0","0","{""selectionReason"":""adaptive-repair"",""weaknessEstimate"":[{""key"":""learning_curve"",""attempts"":2,""accuracy"":0},{""key"":""fixed_cost_fallacy"",""attempts"":1,""accuracy"":0},{""key"":""fixed_variable_costs"",""attempts"":1,""accuracy"":0},{""key"":""efficiency_business_value"",""attempts"":1,""accuracy"":0},{""key"":""economies_of_scope"",""attempts"":1,""accuracy"":0}],""sourceEvent"":""rapid_guessing"",""sourceRunId"":""1788617208453-z6vbwi"",""lifecycleReason"":"""",""acceptedAttempt"":false}","1788617208453-z6vbwi","","","","","","","","","","","","","","","","","","","","","","","","","","","","","1033"
"e139e149-1032-455d-b5d5-3ff1eab32697","1c8bb8cb-2690-48b0-9004-6c314e90c83b","d59f334b-72b3-4be1-ad44-c19a56d2b3d6","managerial-directorate-telemetry-poc","2026.09.05-poc2","1","phaseAnonymousTelemetryPOC-v1","cost-directive","standard","question_shown","49","2026-09-05T14:07:10.510Z","2026-09-05 14:07:10","22056","1","5107","learning_curve","LO7.6","repair","microSkillRepair","","","0","0","repair","","","","0","0","0","8","","","8","0","0","0","{""selectionReason"":""adaptive-repair"",""weaknessEstimate"":[{""key"":""learning_curve"",""attempts"":2,""accuracy"":0},{""key"":""fixed_cost_fallacy"",""attempts"":1,""accuracy"":0},{""key"":""fixed_variable_costs"",""attempts"":1,""accuracy"":0},{""key"":""efficiency_business_value"",""attempts"":1,""accuracy"":0},{""key"":""economies_of_scope"",""attempts"":1,""accuracy"":0}],""sourceEvent"":"""",""sourceRunId"":""1788617208453-z6vbwi"",""lifecycleReason"":""""}","1788617208453-z6vbwi","","","","","","","","","","","","","","","","","","","","","","","","","","","","","0"
"745ac94f-e2e9-4d50-9efe-5c493e620cf9","1c8bb8cb-2690-48b0-9004-6c314e90c83b","d59f334b-72b3-4be1-ad44-c19a56d2b3d6","managerial-directorate-telemetry-poc","2026.09.05-poc2","1","phaseAnonymousTelemetryPOC-v1","cost-directive","standard","repair_question_shown","50","2026-09-05T14:07:10.510Z","2026-09-05 14:07:10","22056","1","5107","learning_curve","LO7.6","repair","microSkillRepair","","","0","0","repair","","","","0","0","0","8","","","8","0","0","0","{""selectionReason"":""adaptive-repair"",""weaknessEstimate"":[{""key"":""learning_curve"",""attempts"":2,""accuracy"":0},{""key"":""fixed_cost_fallacy"",""attempts"":1,""accuracy"":0},{""key"":""fixed_variable_costs"",""attempts"":1,""accuracy"":0},{""key"":""efficiency_business_value"",""attempts"":1,""accuracy"":0},{""key"":""economies_of_scope"",""attempts"":1,""accuracy"":0}],""sourceEvent"":"""",""sourceRunId"":""1788617208453-z6vbwi"",""lifecycleReason"":""""}","1788617208453-z6vbwi","","","","","","","","","","","","","","","","","","","","","","","","","","","","","0"
"bc3faa83-0645-4eca-b3ee-3a9fda442b6c","1c8bb8cb-2690-48b0-9004-6c314e90c83b","d59f334b-72b3-4be1-ad44-c19a56d2b3d6","managerial-directorate-telemetry-poc","2026.09.05-poc2","1","phaseAnonymousTelemetryPOC-v1","cost-directive","standard","answer_submitted","51","2026-09-05T14:07:13.369Z","2026-09-05 14:07:13","24915","1","5107","learning_curve","LO7.6","repair","microSkillRepair","2","1","2860","0","repair","","","","0","0","1","9","","","9","0","0","0","{""selectionReason"":""adaptive-repair"",""weaknessEstimate"":[{""key"":""fixed_cost_fallacy"",""attempts"":1,""accuracy"":0},{""key"":""fixed_variable_costs"",""attempts"":1,""accuracy"":0},{""key"":""efficiency_business_value"",""attempts"":1,""accuracy"":0},{""key"":""economies_of_scope"",""attempts"":1,""accuracy"":0},{""key"":""value_gap_opportunities"",""attempts"":1,""accuracy"":0}],""sourceEvent"":""question"",""sourceRunId"":""1788617208453-z6vbwi"",""lifecycleReason"":"""",""acceptedAttempt"":true}","1788617208453-z6vbwi","","","","","","","","","","","","","","","","","","","","","","","","","","","","","2860"
"f9cf5c61-4cf3-4713-a314-53fe98043669","1c8bb8cb-2690-48b0-9004-6c314e90c83b","d59f334b-72b3-4be1-ad44-c19a56d2b3d6","managerial-directorate-telemetry-poc","2026.09.05-poc2","1","phaseAnonymousTelemetryPOC-v1","cost-directive","standard","answer_evaluated","52","2026-09-05T14:07:13.370Z","2026-09-05 14:07:13","24915","1","5107","learning_curve","LO7.6","repair","microSkillRepair","2","1","2860","0","repair","","","","0","0","1","9","","","9","0","0","0","{""selectionReason"":""adaptive-repair"",""weaknessEstimate"":[{""key"":""fixed_cost_fallacy"",""attempts"":1,""accuracy"":0},{""key"":""fixed_variable_costs"",""attempts"":1,""accuracy"":0},{""key"":""efficiency_business_value"",""attempts"":1,""accuracy"":0},{""key"":""economies_of_scope"",""attempts"":1,""accuracy"":0},{""key"":""value_gap_opportunities"",""attempts"":1,""accuracy"":0}],""sourceEvent"":""question"",""sourceRunId"":""1788617208453-z6vbwi"",""lifecycleReason"":"""",""acceptedAttempt"":true}","1788617208453-z6vbwi","","true","","","","","","","","","","","","","","","","","","","","","","","","","","","2860"
"0c8739a0-2087-4d6d-9a84-ea2b5ecf2522","1c8bb8cb-2690-48b0-9004-6c314e90c83b","d59f334b-72b3-4be1-ad44-c19a56d2b3d6","managerial-directorate-telemetry-poc","2026.09.05-poc2","1","phaseAnonymousTelemetryPOC-v1","cost-directive","standard","feedback_shown","53","2026-09-05T14:07:13.370Z","2026-09-05 14:07:13","24915","1","5107","learning_curve","LO7.6","repair","microSkillRepair","2","1","2860","0","repair","","","","0","0","1","9","","","9","0","0","0","{""selectionReason"":""adaptive-repair"",""weaknessEstimate"":[{""key"":""fixed_cost_fallacy"",""attempts"":1,""accuracy"":0},{""key"":""fixed_variable_costs"",""attempts"":1,""accuracy"":0},{""key"":""efficiency_business_value"",""attempts"":1,""accuracy"":0},{""key"":""economies_of_scope"",""attempts"":1,""accuracy"":0},{""key"":""value_gap_opportunities"",""attempts"":1,""accuracy"":0}],""sourceEvent"":""question"",""sourceRunId"":""1788617208453-z6vbwi"",""lifecycleReason"":"""",""acceptedAttempt"":true}","1788617208453-z6vbwi","","","","","","","","","","","","","","","","","","","","","","","","","","","","","2860"
"d6cd3dfb-b08a-4f26-ad79-318d2113e109","1c8bb8cb-2690-48b0-9004-6c314e90c83b","d59f334b-72b3-4be1-ad44-c19a56d2b3d6","managerial-directorate-telemetry-poc","2026.09.05-poc2","1","phaseAnonymousTelemetryPOC-v1","cost-directive","standard","repair_question_answered","54","2026-09-05T14:07:13.370Z","2026-09-05 14:07:13","24915","1","5107","learning_curve","LO7.6","repair","microSkillRepair","2","1","2860","0","repair","","","","0","0","1","9","","","9","0","0","0","{""selectionReason"":""adaptive-repair"",""weaknessEstimate"":[{""key"":""fixed_cost_fallacy"",""attempts"":1,""accuracy"":0},{""key"":""fixed_variable_costs"",""attempts"":1,""accuracy"":0},{""key"":""efficiency_business_value"",""attempts"":1,""accuracy"":0},{""key"":""economies_of_scope"",""attempts"":1,""accuracy"":0},{""key"":""value_gap_opportunities"",""attempts"":1,""accuracy"":0}],""sourceEvent"":""question"",""sourceRunId"":""1788617208453-z6vbwi"",""lifecycleReason"":"""",""acceptedAttempt"":true}","1788617208453-z6vbwi","","","","","","","","","","","","","","","","","","","","","","","","","","","","","2860"
"b655fe58-07d1-4cba-a0fd-ea0c68ad4ff6","1c8bb8cb-2690-48b0-9004-6c314e90c83b","d59f334b-72b3-4be1-ad44-c19a56d2b3d6","managerial-directorate-telemetry-poc","2026.09.05-poc2","1","phaseAnonymousTelemetryPOC-v1","cost-directive","standard","streak_changed","55","2026-09-05T14:07:13.370Z","2026-09-05 14:07:13","24915","1","5107","learning_curve","LO7.6","repair","microSkillRepair","2","1","2860","0","repair","","","","0","0","1","9","","","9","0","0","0","{""selectionReason"":""adaptive-repair"",""weaknessEstimate"":[{""key"":""fixed_cost_fallacy"",""attempts"":1,""accuracy"":0},{""key"":""fixed_variable_costs"",""attempts"":1,""accuracy"":0},{""key"":""efficiency_business_value"",""attempts"":1,""accuracy"":0},{""key"":""economies_of_scope"",""attempts"":1,""accuracy"":0},{""key"":""value_gap_opportunities"",""attempts"":1,""accuracy"":0}],""sourceEvent"":""question"",""sourceRunId"":""1788617208453-z6vbwi"",""lifecycleReason"":"""",""acceptedAttempt"":true}","1788617208453-z6vbwi","","","","","","","","","","","","","","","","","","","","","","","","","","","","","2860"
"afd35479-3fb9-4613-97a3-7253ea0eb2e2","1c8bb8cb-2690-48b0-9004-6c314e90c83b","d59f334b-72b3-4be1-ad44-c19a56d2b3d6","managerial-directorate-telemetry-poc","2026.09.05-poc2","1","phaseAnonymousTelemetryPOC-v1","cost-directive","standard","adaptive_detour_ended","56","2026-09-05T14:07:13.377Z","2026-09-05 14:07:13","24923","1","6105","learning_curve","LO7.6","bridge","microSkillBridge","","","0","0","","bridge","","","0","0","1","9","","","9","1","0.1111111111111111","0","{""selectionReason"":""adaptive-bridge"",""weaknessEstimate"":[{""key"":""fixed_cost_fallacy"",""attempts"":1,""accuracy"":0},{""key"":""fixed_variable_costs"",""attempts"":1,""accuracy"":0},{""key"":""efficiency_business_value"",""attempts"":1,""accuracy"":0},{""key"":""economies_of_scope"",""attempts"":1,""accuracy"":0},{""key"":""value_gap_opportunities"",""attempts"":1,""accuracy"":0}],""sourceEvent"":"""",""sourceRunId"":""1788617208453-z6vbwi"",""lifecycleReason"":""repair""}","1788617208453-z6vbwi","repair","","","","","","","","","","","","","","","","","","","","","","","","","","","","0"
"5260b6a6-5855-4df8-9907-9ee9aa1e641a","1c8bb8cb-2690-48b0-9004-6c314e90c83b","d59f334b-72b3-4be1-ad44-c19a56d2b3d6","managerial-directorate-telemetry-poc","2026.09.05-poc2","1","phaseAnonymousTelemetryPOC-v1","cost-directive","standard","bridge_triggered","57","2026-09-05T14:07:13.378Z","2026-09-05 14:07:13","24923","1","6105","learning_curve","LO7.6","bridge","microSkillBridge","","","0","0","","bridge","","","0","0","1","9","","","9","1","0.1111111111111111","0","{""selectionReason"":""adaptive-bridge"",""weaknessEstimate"":[{""key"":""fixed_cost_fallacy"",""attempts"":1,""accuracy"":0},{""key"":""fixed_variable_costs"",""attempts"":1,""accuracy"":0},{""key"":""efficiency_business_value"",""attempts"":1,""accuracy"":0},{""key"":""economies_of_scope"",""attempts"":1,""accuracy"":0},{""key"":""value_gap_opportunities"",""attempts"":1,""accuracy"":0}],""sourceEvent"":"""",""sourceRunId"":""1788617208453-z6vbwi"",""lifecycleReason"":""bridge""}","1788617208453-z6vbwi","bridge","","","","","","","","","","","","","","","","","","","","","","","","","","","","0"
"458ec463-a395-41c2-aae5-d8adba53a42c","1c8bb8cb-2690-48b0-9004-6c314e90c83b","d59f334b-72b3-4be1-ad44-c19a56d2b3d6","managerial-directorate-telemetry-poc","2026.09.05-poc2","1","phaseAnonymousTelemetryPOC-v1","cost-directive","standard","question_shown","58","2026-09-05T14:07:13.378Z","2026-09-05 14:07:13","24924","1","6105","learning_curve","LO7.6","bridge","microSkillBridge","","","0","0","","bridge","","","0","0","1","9","","","9","1","0.1111111111111111","0","{""selectionReason"":""adaptive-bridge"",""weaknessEstimate"":[{""key"":""fixed_cost_fallacy"",""attempts"":1,""accuracy"":0},{""key"":""fixed_variable_costs"",""attempts"":1,""accuracy"":0},{""key"":""efficiency_business_value"",""attempts"":1,""accuracy"":0},{""key"":""economies_of_scope"",""attempts"":1,""accuracy"":0},{""key"":""value_gap_opportunities"",""attempts"":1,""accuracy"":0}],""sourceEvent"":"""",""sourceRunId"":""1788617208453-z6vbwi"",""lifecycleReason"":""""}","1788617208453-z6vbwi","","","","","","","","","","","","","","","","","","","","","","","","","","","","","0"
"e6948a9a-fd4c-43a8-8bf6-1ea4f6f1a08f","1c8bb8cb-2690-48b0-9004-6c314e90c83b","d59f334b-72b3-4be1-ad44-c19a56d2b3d6","managerial-directorate-telemetry-poc","2026.09.05-poc2","1","phaseAnonymousTelemetryPOC-v1","cost-directive","standard","bridge_question_shown","59","2026-09-05T14:07:13.378Z","2026-09-05 14:07:13","24924","1","6105","learning_curve","LO7.6","bridge","microSkillBridge","","","0","0","","bridge","","","0","0","1","9","","","9","1","0.1111111111111111","0","{""selectionReason"":""adaptive-bridge"",""weaknessEstimate"":[{""key"":""fixed_cost_fallacy"",""attempts"":1,""accuracy"":0},{""key"":""fixed_variable_costs"",""attempts"":1,""accuracy"":0},{""key"":""efficiency_business_value"",""attempts"":1,""accuracy"":0},{""key"":""economies_of_scope"",""attempts"":1,""accuracy"":0},{""key"":""value_gap_opportunities"",""attempts"":1,""accuracy"":0}],""sourceEvent"":"""",""sourceRunId"":""1788617208453-z6vbwi"",""lifecycleReason"":""""}","1788617208453-z6vbwi","","","","","","","","","","","","","","","","","","","","","","","","","","","","","0"
"a1e78273-4c9c-4f06-bfc3-1cd8d2abdebd","1c8bb8cb-2690-48b0-9004-6c314e90c83b","d59f334b-72b3-4be1-ad44-c19a56d2b3d6","managerial-directorate-telemetry-poc","2026.09.05-poc2","1","phaseAnonymousTelemetryPOC-v1","cost-directive","standard","answer_submitted","60","2026-09-05T14:07:18.699Z","2026-09-05 14:07:18","30245","1","6105","learning_curve","LO7.6","bridge","microSkillBridge","1","1","5329","0","","bridge","","","0","0","2","10","","","10","1","0.1","0","{""selectionReason"":""adaptive-bridge"",""weaknessEstimate"":[{""key"":""fixed_cost_fallacy"",""attempts"":1,""accuracy"":0},{""key"":""fixed_variable_costs"",""attempts"":1,""accuracy"":0},{""key"":""efficiency_business_value"",""attempts"":1,""accuracy"":0},{""key"":""economies_of_scope"",""attempts"":1,""accuracy"":0},{""key"":""value_gap_opportunities"",""attempts"":1,""accuracy"":0}],""sourceEvent"":""question"",""sourceRunId"":""1788617208453-z6vbwi"",""lifecycleReason"":"""",""acceptedAttempt"":true}","1788617208453-z6vbwi","","","","","","","","","","","","","","","","","","","","","","","","","","","","","5329"
"386c510a-16f9-42d5-8ff2-c2cb60671ad6","1c8bb8cb-2690-48b0-9004-6c314e90c83b","d59f334b-72b3-4be1-ad44-c19a56d2b3d6","managerial-directorate-telemetry-poc","2026.09.05-poc2","1","phaseAnonymousTelemetryPOC-v1","cost-directive","standard","answer_evaluated","61","2026-09-05T14:07:18.700Z","2026-09-05 14:07:18","30245","1","6105","learning_curve","LO7.6","bridge","microSkillBridge","1","1","5329","0","","bridge","","","0","0","2","10","","","10","1","0.1","0","{""selectionReason"":""adaptive-bridge"",""weaknessEstimate"":[{""key"":""fixed_cost_fallacy"",""attempts"":1,""accuracy"":0},{""key"":""fixed_variable_costs"",""attempts"":1,""accuracy"":0},{""key"":""efficiency_business_value"",""attempts"":1,""accuracy"":0},{""key"":""economies_of_scope"",""attempts"":1,""accuracy"":0},{""key"":""value_gap_opportunities"",""attempts"":1,""accuracy"":0}],""sourceEvent"":""question"",""sourceRunId"":""1788617208453-z6vbwi"",""lifecycleReason"":"""",""acceptedAttempt"":true}","1788617208453-z6vbwi","","true","","","","","","","","","","","","","","","","","","","","","","","","","","","5329"
"9d31ac29-ef27-4e63-83f7-e0d9a64c7e8e","1c8bb8cb-2690-48b0-9004-6c314e90c83b","d59f334b-72b3-4be1-ad44-c19a56d2b3d6","managerial-directorate-telemetry-poc","2026.09.05-poc2","1","phaseAnonymousTelemetryPOC-v1","cost-directive","standard","feedback_shown","62","2026-09-05T14:07:18.700Z","2026-09-05 14:07:18","30245","1","6105","learning_curve","LO7.6","bridge","microSkillBridge","1","1","5329","0","","bridge","","","0","0","2","10","","","10","1","0.1","0","{""selectionReason"":""adaptive-bridge"",""weaknessEstimate"":[{""key"":""fixed_cost_fallacy"",""attempts"":1,""accuracy"":0},{""key"":""fixed_variable_costs"",""attempts"":1,""accuracy"":0},{""key"":""efficiency_business_value"",""attempts"":1,""accuracy"":0},{""key"":""economies_of_scope"",""attempts"":1,""accuracy"":0},{""key"":""value_gap_opportunities"",""attempts"":1,""accuracy"":0}],""sourceEvent"":""question"",""sourceRunId"":""1788617208453-z6vbwi"",""lifecycleReason"":"""",""acceptedAttempt"":true}","1788617208453-z6vbwi","","","","","","","","","","","","","","","","","","","","","","","","","","","","","5329"
"70b8a7ea-2145-49f5-9060-b51d347d1cd6","1c8bb8cb-2690-48b0-9004-6c314e90c83b","d59f334b-72b3-4be1-ad44-c19a56d2b3d6","managerial-directorate-telemetry-poc","2026.09.05-poc2","1","phaseAnonymousTelemetryPOC-v1","cost-directive","standard","bridge_question_answered","63","2026-09-05T14:07:18.700Z","2026-09-05 14:07:18","30245","1","6105","learning_curve","LO7.6","bridge","microSkillBridge","1","1","5329","0","","bridge","","","0","0","2","10","","","10","1","0.1","0","{""selectionReason"":""adaptive-bridge"",""weaknessEstimate"":[{""key"":""fixed_cost_fallacy"",""attempts"":1,""accuracy"":0},{""key"":""fixed_variable_costs"",""attempts"":1,""accuracy"":0},{""key"":""efficiency_business_value"",""attempts"":1,""accuracy"":0},{""key"":""economies_of_scope"",""attempts"":1,""accuracy"":0},{""key"":""value_gap_opportunities"",""attempts"":1,""accuracy"":0}],""sourceEvent"":""question"",""sourceRunId"":""1788617208453-z6vbwi"",""lifecycleReason"":"""",""acceptedAttempt"":true}","1788617208453-z6vbwi","","","","","","","","","","","","","","","","","","","","","","","","","","","","","5329"
"666e760c-273b-4223-81e2-646f0fd8df85","1c8bb8cb-2690-48b0-9004-6c314e90c83b","d59f334b-72b3-4be1-ad44-c19a56d2b3d6","managerial-directorate-telemetry-poc","2026.09.05-poc2","1","phaseAnonymousTelemetryPOC-v1","cost-directive","standard","streak_changed","64","2026-09-05T14:07:18.700Z","2026-09-05 14:07:18","30245","1","6105","learning_curve","LO7.6","bridge","microSkillBridge","1","1","5329","0","","bridge","","","0","0","2","10","","","10","1","0.1","0","{""selectionReason"":""adaptive-bridge"",""weaknessEstimate"":[{""key"":""fixed_cost_fallacy"",""attempts"":1,""accuracy"":0},{""key"":""fixed_variable_costs"",""attempts"":1,""accuracy"":0},{""key"":""efficiency_business_value"",""attempts"":1,""accuracy"":0},{""key"":""economies_of_scope"",""attempts"":1,""accuracy"":0},{""key"":""value_gap_opportunities"",""attempts"":1,""accuracy"":0}],""sourceEvent"":""question"",""sourceRunId"":""1788617208453-z6vbwi"",""lifecycleReason"":"""",""acceptedAttempt"":true}","1788617208453-z6vbwi","","","","","","","","","","","","","","","","","","","","","","","","","","","","","5329"
"17f9c656-08ce-46c5-bd23-d1e3e655015f","1c8bb8cb-2690-48b0-9004-6c314e90c83b","d59f334b-72b3-4be1-ad44-c19a56d2b3d6","managerial-directorate-telemetry-poc","2026.09.05-poc2","1","phaseAnonymousTelemetryPOC-v1","cost-directive","standard","adaptive_detour_ended","65","2026-09-05T14:07:18.710Z","2026-09-05 14:07:19","30256","1","87","learning_curve","LO7.6","application","easy","","","0","0","","","retest","","0","0","2","10","","","10","2","0.2","0","{""selectionReason"":""adaptive-retest"",""weaknessEstimate"":[{""key"":""fixed_cost_fallacy"",""attempts"":1,""accuracy"":0},{""key"":""fixed_variable_costs"",""attempts"":1,""accuracy"":0},{""key"":""efficiency_business_value"",""attempts"":1,""accuracy"":0},{""key"":""economies_of_scope"",""attempts"":1,""accuracy"":0},{""key"":""value_gap_opportunities"",""attempts"":1,""accuracy"":0}],""sourceEvent"":"""",""sourceRunId"":""1788617208453-z6vbwi"",""lifecycleReason"":""bridge""}","1788617208453-z6vbwi","bridge","","","","","","","","","","","","","","","","","","","","","","","","","","","","0"
"875da9e2-825b-488f-8a28-5a7bdb8291e7","1c8bb8cb-2690-48b0-9004-6c314e90c83b","d59f334b-72b3-4be1-ad44-c19a56d2b3d6","managerial-directorate-telemetry-poc","2026.09.05-poc2","1","phaseAnonymousTelemetryPOC-v1","cost-directive","standard","retest_triggered","66","2026-09-05T14:07:18.711Z","2026-09-05 14:07:19","30257","1","87","learning_curve","LO7.6","application","easy","","","0","0","","","retest","","0","0","2","10","","","10","2","0.2","0","{""selectionReason"":""adaptive-retest"",""weaknessEstimate"":[{""key"":""fixed_cost_fallacy"",""attempts"":1,""accuracy"":0},{""key"":""fixed_variable_costs"",""attempts"":1,""accuracy"":0},{""key"":""efficiency_business_value"",""attempts"":1,""accuracy"":0},{""key"":""economies_of_scope"",""attempts"":1,""accuracy"":0},{""key"":""value_gap_opportunities"",""attempts"":1,""accuracy"":0}],""sourceEvent"":"""",""sourceRunId"":""1788617208453-z6vbwi"",""lifecycleReason"":""retest""}","1788617208453-z6vbwi","retest","","","","","","","","","","","","","","","","","","","","","","","","","","","","0"
"9c436f7d-3b8d-4a58-aab5-e4d435aea57a","1c8bb8cb-2690-48b0-9004-6c314e90c83b","d59f334b-72b3-4be1-ad44-c19a56d2b3d6","managerial-directorate-telemetry-poc","2026.09.05-poc2","1","phaseAnonymousTelemetryPOC-v1","cost-directive","standard","question_shown","67","2026-09-05T14:07:18.711Z","2026-09-05 14:07:19","30257","1","87","learning_curve","LO7.6","application","easy","","","0","0","","","retest","","0","0","2","10","","","10","2","0.2","0","{""selectionReason"":""adaptive-retest"",""weaknessEstimate"":[{""key"":""fixed_cost_fallacy"",""attempts"":1,""accuracy"":0},{""key"":""fixed_variable_costs"",""attempts"":1,""accuracy"":0},{""key"":""efficiency_business_value"",""attempts"":1,""accuracy"":0},{""key"":""economies_of_scope"",""attempts"":1,""accuracy"":0},{""key"":""value_gap_opportunities"",""attempts"":1,""accuracy"":0}],""sourceEvent"":"""",""sourceRunId"":""1788617208453-z6vbwi"",""lifecycleReason"":""""}","1788617208453-z6vbwi","","","","","","","","","","","","","","","","","","","","","","","","","","","","","0"
"16b7eb3c-9bd8-41c8-92c1-d0a2c63f0be7","1c8bb8cb-2690-48b0-9004-6c314e90c83b","d59f334b-72b3-4be1-ad44-c19a56d2b3d6","managerial-directorate-telemetry-poc","2026.09.05-poc2","1","phaseAnonymousTelemetryPOC-v1","cost-directive","standard","retest_question_shown","68","2026-09-05T14:07:18.711Z","2026-09-05 14:07:19","30257","1","87","learning_curve","LO7.6","application","easy","","","0","0","","","retest","","0","0","2","10","","","10","2","0.2","0","{""selectionReason"":""adaptive-retest"",""weaknessEstimate"":[{""key"":""fixed_cost_fallacy"",""attempts"":1,""accuracy"":0},{""key"":""fixed_variable_costs"",""attempts"":1,""accuracy"":0},{""key"":""efficiency_business_value"",""attempts"":1,""accuracy"":0},{""key"":""economies_of_scope"",""attempts"":1,""accuracy"":0},{""key"":""value_gap_opportunities"",""attempts"":1,""accuracy"":0}],""sourceEvent"":"""",""sourceRunId"":""1788617208453-z6vbwi"",""lifecycleReason"":""""}","1788617208453-z6vbwi","","","","","","","","","","","","","","","","","","","","","","","","","","","","","0"
"004ed3b4-6212-422f-aaf3-29f6c324ddf7","1c8bb8cb-2690-48b0-9004-6c314e90c83b","d59f334b-72b3-4be1-ad44-c19a56d2b3d6","managerial-directorate-telemetry-poc","2026.09.05-poc2","1","phaseAnonymousTelemetryPOC-v1","cost-directive","standard","answer_submitted","69","2026-09-05T14:07:24.564Z","2026-09-05 14:07:24","36109","1","87","learning_curve","LO7.6","application","easy","2","1","5862","0","","","retest","","0","0","3","11","","","11","2","0.18181818181818182","0","{""selectionReason"":""adaptive-retest"",""weaknessEstimate"":[{""key"":""fixed_cost_fallacy"",""attempts"":1,""accuracy"":0},{""key"":""fixed_variable_costs"",""attempts"":1,""accuracy"":0},{""key"":""efficiency_business_value"",""attempts"":1,""accuracy"":0},{""key"":""economies_of_scope"",""attempts"":1,""accuracy"":0},{""key"":""value_gap_opportunities"",""attempts"":1,""accuracy"":0}],""sourceEvent"":""question"",""sourceRunId"":""1788617208453-z6vbwi"",""lifecycleReason"":"""",""acceptedAttempt"":true}","1788617208453-z6vbwi","","","","","","","","","","","","","","","","","","","","","","","","","","","","","5862"
"224404d0-9c17-4f74-aabf-0f1ba1a0a90a","1c8bb8cb-2690-48b0-9004-6c314e90c83b","d59f334b-72b3-4be1-ad44-c19a56d2b3d6","managerial-directorate-telemetry-poc","2026.09.05-poc2","1","phaseAnonymousTelemetryPOC-v1","cost-directive","standard","answer_evaluated","70","2026-09-05T14:07:24.564Z","2026-09-05 14:07:24","36109","1","87","learning_curve","LO7.6","application","easy","2","1","5862","0","","","retest","","0","0","3","11","","","11","2","0.18181818181818182","0","{""selectionReason"":""adaptive-retest"",""weaknessEstimate"":[{""key"":""fixed_cost_fallacy"",""attempts"":1,""accuracy"":0},{""key"":""fixed_variable_costs"",""attempts"":1,""accuracy"":0},{""key"":""efficiency_business_value"",""attempts"":1,""accuracy"":0},{""key"":""economies_of_scope"",""attempts"":1,""accuracy"":0},{""key"":""value_gap_opportunities"",""attempts"":1,""accuracy"":0}],""sourceEvent"":""question"",""sourceRunId"":""1788617208453-z6vbwi"",""lifecycleReason"":"""",""acceptedAttempt"":true}","1788617208453-z6vbwi","","true","","","","","","","","","","","","","","","","","","","","","","","","","","","5862"
"4f5fdd16-9375-4cfa-a098-884f3e82a1ef","1c8bb8cb-2690-48b0-9004-6c314e90c83b","d59f334b-72b3-4be1-ad44-c19a56d2b3d6","managerial-directorate-telemetry-poc","2026.09.05-poc2","1","phaseAnonymousTelemetryPOC-v1","cost-directive","standard","feedback_shown","71","2026-09-05T14:07:24.564Z","2026-09-05 14:07:24","36109","1","87","learning_curve","LO7.6","application","easy","2","1","5862","0","","","retest","","0","0","3","11","","","11","2","0.18181818181818182","0","{""selectionReason"":""adaptive-retest"",""weaknessEstimate"":[{""key"":""fixed_cost_fallacy"",""attempts"":1,""accuracy"":0},{""key"":""fixed_variable_costs"",""attempts"":1,""accuracy"":0},{""key"":""efficiency_business_value"",""attempts"":1,""accuracy"":0},{""key"":""economies_of_scope"",""attempts"":1,""accuracy"":0},{""key"":""value_gap_opportunities"",""attempts"":1,""accuracy"":0}],""sourceEvent"":""question"",""sourceRunId"":""1788617208453-z6vbwi"",""lifecycleReason"":"""",""acceptedAttempt"":true}","1788617208453-z6vbwi","","","","","","","","","","","","","","","","","","","","","","","","","","","","","5862"
"dcf93e09-5c8b-41e7-b1b3-1d74800b6ee0","1c8bb8cb-2690-48b0-9004-6c314e90c83b","d59f334b-72b3-4be1-ad44-c19a56d2b3d6","managerial-directorate-telemetry-poc","2026.09.05-poc2","1","phaseAnonymousTelemetryPOC-v1","cost-directive","standard","retest_question_answered","72","2026-09-05T14:07:24.564Z","2026-09-05 14:07:24","36109","1","87","learning_curve","LO7.6","application","easy","2","1","5862","0","","","retest","","0","0","3","11","","","11","2","0.18181818181818182","0","{""selectionReason"":""adaptive-retest"",""weaknessEstimate"":[{""key"":""fixed_cost_fallacy"",""attempts"":1,""accuracy"":0},{""key"":""fixed_variable_costs"",""attempts"":1,""accuracy"":0},{""key"":""efficiency_business_value"",""attempts"":1,""accuracy"":0},{""key"":""economies_of_scope"",""attempts"":1,""accuracy"":0},{""key"":""value_gap_opportunities"",""attempts"":1,""accuracy"":0}],""sourceEvent"":""question"",""sourceRunId"":""1788617208453-z6vbwi"",""lifecycleReason"":"""",""acceptedAttempt"":true}","1788617208453-z6vbwi","","","","","","","","","","","","","","","","","","","","","","","","","","","","","5862"
"c664e286-63ad-4398-84d3-d814cdcbaa40","1c8bb8cb-2690-48b0-9004-6c314e90c83b","d59f334b-72b3-4be1-ad44-c19a56d2b3d6","managerial-directorate-telemetry-poc","2026.09.05-poc2","1","phaseAnonymousTelemetryPOC-v1","cost-directive","standard","streak_changed","73","2026-09-05T14:07:24.564Z","2026-09-05 14:07:24","36109","1","87","learning_curve","LO7.6","application","easy","2","1","5862","0","","","retest","","0","0","3","11","","","11","2","0.18181818181818182","0","{""selectionReason"":""adaptive-retest"",""weaknessEstimate"":[{""key"":""fixed_cost_fallacy"",""attempts"":1,""accuracy"":0},{""key"":""fixed_variable_costs"",""attempts"":1,""accuracy"":0},{""key"":""efficiency_business_value"",""attempts"":1,""accuracy"":0},{""key"":""economies_of_scope"",""attempts"":1,""accuracy"":0},{""key"":""value_gap_opportunities"",""attempts"":1,""accuracy"":0}],""sourceEvent"":""question"",""sourceRunId"":""1788617208453-z6vbwi"",""lifecycleReason"":"""",""acceptedAttempt"":true}","1788617208453-z6vbwi","","","","","","","","","","","","","","","","","","","","","","","","","","","","","5862"
"aded07d6-b3de-4f3c-84f8-43e911ebb947","1c8bb8cb-2690-48b0-9004-6c314e90c83b","d59f334b-72b3-4be1-ad44-c19a56d2b3d6","managerial-directorate-telemetry-poc","2026.09.05-poc2","1","phaseAnonymousTelemetryPOC-v1","cost-directive","standard","adaptive_detour_ended","74","2026-09-05T14:07:25.770Z","2026-09-05 14:07:25","37316","1","15","managerial_problem_diagnosis","LO1.5","identification","easy","","","0","0","","","","","0","0","3","11","","","11","3","0.2727272727272727","0","{""selectionReason"":""repair"",""weaknessEstimate"":[{""key"":""fixed_cost_fallacy"",""attempts"":1,""accuracy"":0},{""key"":""fixed_variable_costs"",""attempts"":1,""accuracy"":0},{""key"":""efficiency_business_value"",""attempts"":1,""accuracy"":0},{""key"":""economies_of_scope"",""attempts"":1,""accuracy"":0},{""key"":""value_gap_opportunities"",""attempts"":1,""accuracy"":0}],""sourceEvent"":"""",""sourceRunId"":""1788617208453-z6vbwi"",""lifecycleReason"":""retest""}","1788617208453-z6vbwi","retest","","","","","","","","","","","","","","","","","","","","","","","","","","","","0"
"eda259c9-553f-4f48-a1b5-bad67e0231e9","1c8bb8cb-2690-48b0-9004-6c314e90c83b","d59f334b-72b3-4be1-ad44-c19a56d2b3d6","managerial-directorate-telemetry-poc","2026.09.05-poc2","1","phaseAnonymousTelemetryPOC-v1","cost-directive","standard","question_shown","75","2026-09-05T14:07:25.770Z","2026-09-05 14:07:25","37316","1","15","managerial_problem_diagnosis","LO1.5","identification","easy","","","0","0","","","","","0","0","3","11","","","11","3","0.2727272727272727","0","{""selectionReason"":""repair"",""weaknessEstimate"":[{""key"":""fixed_cost_fallacy"",""attempts"":1,""accuracy"":0},{""key"":""fixed_variable_costs"",""attempts"":1,""accuracy"":0},{""key"":""efficiency_business_value"",""attempts"":1,""accuracy"":0},{""key"":""economies_of_scope"",""attempts"":1,""accuracy"":0},{""key"":""value_gap_opportunities"",""attempts"":1,""accuracy"":0}],""sourceEvent"":"""",""sourceRunId"":""1788617208453-z6vbwi"",""lifecycleReason"":""""}","1788617208453-z6vbwi","","","","","","","","","","","","","","","","","","","","","","","","","","","","","0"
"8bf6c1d4-d427-4761-8dbf-49462018dd94","1c8bb8cb-2690-48b0-9004-6c314e90c83b","d59f334b-72b3-4be1-ad44-c19a56d2b3d6","managerial-directorate-telemetry-poc","2026.09.05-poc2","1","phaseAnonymousTelemetryPOC-v1","cost-directive","standard","answer_submitted","76","2026-09-05T14:07:26.265Z","2026-09-05 14:07:26","37811","1","15","managerial_problem_diagnosis","LO1.5","identification","easy","1","0","498","0","","","","","0","0","0","12","","","12","3","0.25","0","{""selectionReason"":""repair"",""weaknessEstimate"":[{""key"":""fixed_cost_fallacy"",""attempts"":1,""accuracy"":0},{""key"":""fixed_variable_costs"",""attempts"":1,""accuracy"":0},{""key"":""efficiency_business_value"",""attempts"":1,""accuracy"":0},{""key"":""economies_of_scope"",""attempts"":1,""accuracy"":0},{""key"":""value_gap_opportunities"",""attempts"":1,""accuracy"":0}],""sourceEvent"":""question"",""sourceRunId"":""1788617208453-z6vbwi"",""lifecycleReason"":"""",""acceptedAttempt"":true}","1788617208453-z6vbwi","","","","","","","","","","","","","","","","","","","","","","","","","","","","","498"
"07b7e590-f17d-458c-bf16-d9eb686e910c","1c8bb8cb-2690-48b0-9004-6c314e90c83b","d59f334b-72b3-4be1-ad44-c19a56d2b3d6","managerial-directorate-telemetry-poc","2026.09.05-poc2","1","phaseAnonymousTelemetryPOC-v1","cost-directive","standard","answer_evaluated","77","2026-09-05T14:07:26.265Z","2026-09-05 14:07:26","37811","1","15","managerial_problem_diagnosis","LO1.5","identification","easy","1","0","498","0","","","","","0","0","0","12","","","12","3","0.25","0","{""selectionReason"":""repair"",""weaknessEstimate"":[{""key"":""fixed_cost_fallacy"",""attempts"":1,""accuracy"":0},{""key"":""fixed_variable_costs"",""attempts"":1,""accuracy"":0},{""key"":""efficiency_business_value"",""attempts"":1,""accuracy"":0},{""key"":""economies_of_scope"",""attempts"":1,""accuracy"":0},{""key"":""value_gap_opportunities"",""attempts"":1,""accuracy"":0}],""sourceEvent"":""question"",""sourceRunId"":""1788617208453-z6vbwi"",""lifecycleReason"":"""",""acceptedAttempt"":true}","1788617208453-z6vbwi","","true","","","","","","","","","","","","","","","","","","","","","","","","","","","498"
"90729cd8-3255-4923-864e-ad2e78031448","1c8bb8cb-2690-48b0-9004-6c314e90c83b","d59f334b-72b3-4be1-ad44-c19a56d2b3d6","managerial-directorate-telemetry-poc","2026.09.05-poc2","1","phaseAnonymousTelemetryPOC-v1","cost-directive","standard","feedback_shown","78","2026-09-05T14:07:26.265Z","2026-09-05 14:07:26","37811","1","15","managerial_problem_diagnosis","LO1.5","identification","easy","1","0","498","0","","","","","0","0","0","12","","","12","3","0.25","0","{""selectionReason"":""repair"",""weaknessEstimate"":[{""key"":""fixed_cost_fallacy"",""attempts"":1,""accuracy"":0},{""key"":""fixed_variable_costs"",""attempts"":1,""accuracy"":0},{""key"":""efficiency_business_value"",""attempts"":1,""accuracy"":0},{""key"":""economies_of_scope"",""attempts"":1,""accuracy"":0},{""key"":""value_gap_opportunities"",""attempts"":1,""accuracy"":0}],""sourceEvent"":""question"",""sourceRunId"":""1788617208453-z6vbwi"",""lifecycleReason"":"""",""acceptedAttempt"":true}","1788617208453-z6vbwi","","","","","","","","","","","","","","","","","","","","","","","","","","","","","498"
"ed6dd719-9e5d-4cd1-9983-d1b0b3ce458b","1c8bb8cb-2690-48b0-9004-6c314e90c83b","d59f334b-72b3-4be1-ad44-c19a56d2b3d6","managerial-directorate-telemetry-poc","2026.09.05-poc2","1","phaseAnonymousTelemetryPOC-v1","cost-directive","standard","streak_changed","79","2026-09-05T14:07:26.266Z","2026-09-05 14:07:26","37811","1","15","managerial_problem_diagnosis","LO1.5","identification","easy","1","0","498","0","","","","","0","0","0","12","","","12","3","0.25","0","{""selectionReason"":""repair"",""weaknessEstimate"":[{""key"":""fixed_cost_fallacy"",""attempts"":1,""accuracy"":0},{""key"":""fixed_variable_costs"",""attempts"":1,""accuracy"":0},{""key"":""efficiency_business_value"",""attempts"":1,""accuracy"":0},{""key"":""economies_of_scope"",""attempts"":1,""accuracy"":0},{""key"":""value_gap_opportunities"",""attempts"":1,""accuracy"":0}],""sourceEvent"":""question"",""sourceRunId"":""1788617208453-z6vbwi"",""lifecycleReason"":"""",""acceptedAttempt"":true}","1788617208453-z6vbwi","","","","","","","","","","","","","","","","","","","","","","","","","","","","","498"
"91947471-0ed7-49fb-b3dc-248b7a29f4f0","1c8bb8cb-2690-48b0-9004-6c314e90c83b","d59f334b-72b3-4be1-ad44-c19a56d2b3d6","managerial-directorate-telemetry-poc","2026.09.05-poc2","1","phaseAnonymousTelemetryPOC-v1","cost-directive","standard","question_shown","80","2026-09-05T14:07:27.128Z","2026-09-05 14:07:27","38674","1","50","fixed_cost_fallacy","LO3.5","definition","easy","","","0","0","","","","","0","0","0","12","","","12","3","0.25","0","{""selectionReason"":""repair"",""weaknessEstimate"":[{""key"":""fixed_cost_fallacy"",""attempts"":1,""accuracy"":0},{""key"":""fixed_variable_costs"",""attempts"":1,""accuracy"":0},{""key"":""efficiency_business_value"",""attempts"":1,""accuracy"":0},{""key"":""economies_of_scope"",""attempts"":1,""accuracy"":0},{""key"":""value_gap_opportunities"",""attempts"":1,""accuracy"":0}],""sourceEvent"":"""",""sourceRunId"":""1788617208453-z6vbwi"",""lifecycleReason"":""""}","1788617208453-z6vbwi","","","","","","","","","","","","","","","","","","","","","","","","","","","","","0"
"8f3d189c-c19b-478b-a086-7e139a1b5da1","1c8bb8cb-2690-48b0-9004-6c314e90c83b","d59f334b-72b3-4be1-ad44-c19a56d2b3d6","managerial-directorate-telemetry-poc","2026.09.05-poc2","1","phaseAnonymousTelemetryPOC-v1","cost-directive","standard","answer_submitted","81","2026-09-05T14:07:27.783Z","2026-09-05 14:07:27","39329","1","50","fixed_cost_fallacy","LO3.5","definition","easy","0","0","680","0","","","","","0","0","0","13","","","13","3","0.23076923076923078","0","{""selectionReason"":""repair"",""weaknessEstimate"":[{""key"":""fixed_cost_fallacy"",""attempts"":2,""accuracy"":0},{""key"":""fixed_variable_costs"",""attempts"":1,""accuracy"":0},{""key"":""efficiency_business_value"",""attempts"":1,""accuracy"":0},{""key"":""economies_of_scope"",""attempts"":1,""accuracy"":0},{""key"":""value_gap_opportunities"",""attempts"":1,""accuracy"":0}],""sourceEvent"":""question"",""sourceRunId"":""1788617208453-z6vbwi"",""lifecycleReason"":"""",""acceptedAttempt"":true}","1788617208453-z6vbwi","","","","","","","","","","","","","","","","","","","","","","","","","","","","","680"
"7dcc7cd0-a8bb-44d2-b278-aa1164d833d5","1c8bb8cb-2690-48b0-9004-6c314e90c83b","d59f334b-72b3-4be1-ad44-c19a56d2b3d6","managerial-directorate-telemetry-poc","2026.09.05-poc2","1","phaseAnonymousTelemetryPOC-v1","cost-directive","standard","answer_evaluated","82","2026-09-05T14:07:27.783Z","2026-09-05 14:07:27","39329","1","50","fixed_cost_fallacy","LO3.5","definition","easy","0","0","680","0","","","","","0","0","0","13","","","13","3","0.23076923076923078","0","{""selectionReason"":""repair"",""weaknessEstimate"":[{""key"":""fixed_cost_fallacy"",""attempts"":2,""accuracy"":0},{""key"":""fixed_variable_costs"",""attempts"":1,""accuracy"":0},{""key"":""efficiency_business_value"",""attempts"":1,""accuracy"":0},{""key"":""economies_of_scope"",""attempts"":1,""accuracy"":0},{""key"":""value_gap_opportunities"",""attempts"":1,""accuracy"":0}],""sourceEvent"":""question"",""sourceRunId"":""1788617208453-z6vbwi"",""lifecycleReason"":"""",""acceptedAttempt"":true}","1788617208453-z6vbwi","","true","","","","","","","","","","","","","","","","","","","","","","","","","","","680"
"c8534c92-1fc6-4148-8c4a-b82c8c9f74c7","1c8bb8cb-2690-48b0-9004-6c314e90c83b","d59f334b-72b3-4be1-ad44-c19a56d2b3d6","managerial-directorate-telemetry-poc","2026.09.05-poc2","1","phaseAnonymousTelemetryPOC-v1","cost-directive","standard","feedback_shown","83","2026-09-05T14:07:27.784Z","2026-09-05 14:07:27","39329","1","50","fixed_cost_fallacy","LO3.5","definition","easy","0","0","680","0","","","","","0","0","0","13","","","13","3","0.23076923076923078","0","{""selectionReason"":""repair"",""weaknessEstimate"":[{""key"":""fixed_cost_fallacy"",""attempts"":2,""accuracy"":0},{""key"":""fixed_variable_costs"",""attempts"":1,""accuracy"":0},{""key"":""efficiency_business_value"",""attempts"":1,""accuracy"":0},{""key"":""economies_of_scope"",""attempts"":1,""accuracy"":0},{""key"":""value_gap_opportunities"",""attempts"":1,""accuracy"":0}],""sourceEvent"":""question"",""sourceRunId"":""1788617208453-z6vbwi"",""lifecycleReason"":"""",""acceptedAttempt"":true}","1788617208453-z6vbwi","","","","","","","","","","","","","","","","","","","","","","","","","","","","","680"
"ca1078bc-6395-4f67-b2cb-68a1f2eed6b3","1c8bb8cb-2690-48b0-9004-6c314e90c83b","d59f334b-72b3-4be1-ad44-c19a56d2b3d6","managerial-directorate-telemetry-poc","2026.09.05-poc2","1","phaseAnonymousTelemetryPOC-v1","cost-directive","standard","repair_triggered","84","2026-09-05T14:07:27.793Z","2026-09-05 14:07:28","39339","1","5056","fixed_cost_fallacy","LO3.5","repair","microSkillRepair","","","0","0","repair","","","","0","0","0","13","","","13","3","0.23076923076923078","0","{""selectionReason"":""adaptive-repair"",""weaknessEstimate"":[{""key"":""fixed_cost_fallacy"",""attempts"":2,""accuracy"":0},{""key"":""fixed_variable_costs"",""attempts"":1,""accuracy"":0},{""key"":""efficiency_business_value"",""attempts"":1,""accuracy"":0},{""key"":""economies_of_scope"",""attempts"":1,""accuracy"":0},{""key"":""value_gap_opportunities"",""attempts"":1,""accuracy"":0}],""sourceEvent"":"""",""sourceRunId"":""1788617208453-z6vbwi"",""lifecycleReason"":""repair""}","1788617208453-z6vbwi","repair","","","","","","","","","","","","","","","","","","","","","","","","","","","","0"
"4b4c3c30-c834-4cfb-9184-8e4ee5dea3ed","1c8bb8cb-2690-48b0-9004-6c314e90c83b","d59f334b-72b3-4be1-ad44-c19a56d2b3d6","managerial-directorate-telemetry-poc","2026.09.05-poc2","1","phaseAnonymousTelemetryPOC-v1","cost-directive","standard","question_shown","85","2026-09-05T14:07:27.794Z","2026-09-05 14:07:28","39340","1","5056","fixed_cost_fallacy","LO3.5","repair","microSkillRepair","","","0","0","repair","","","","0","0","0","13","","","13","3","0.23076923076923078","0","{""selectionReason"":""adaptive-repair"",""weaknessEstimate"":[{""key"":""fixed_cost_fallacy"",""attempts"":2,""accuracy"":0},{""key"":""fixed_variable_costs"",""attempts"":1,""accuracy"":0},{""key"":""efficiency_business_value"",""attempts"":1,""accuracy"":0},{""key"":""economies_of_scope"",""attempts"":1,""accuracy"":0},{""key"":""value_gap_opportunities"",""attempts"":1,""accuracy"":0}],""sourceEvent"":"""",""sourceRunId"":""1788617208453-z6vbwi"",""lifecycleReason"":""""}","1788617208453-z6vbwi","","","","","","","","","","","","","","","","","","","","","","","","","","","","","0"
"a10ce2f0-5e6a-44b6-96e8-3b446c188f48","1c8bb8cb-2690-48b0-9004-6c314e90c83b","d59f334b-72b3-4be1-ad44-c19a56d2b3d6","managerial-directorate-telemetry-poc","2026.09.05-poc2","1","phaseAnonymousTelemetryPOC-v1","cost-directive","standard","repair_question_shown","86","2026-09-05T14:07:27.794Z","2026-09-05 14:07:28","39340","1","5056","fixed_cost_fallacy","LO3.5","repair","microSkillRepair","","","0","0","repair","","","","0","0","0","13","","","13","3","0.23076923076923078","0","{""selectionReason"":""adaptive-repair"",""weaknessEstimate"":[{""key"":""fixed_cost_fallacy"",""attempts"":2,""accuracy"":0},{""key"":""fixed_variable_costs"",""attempts"":1,""accuracy"":0},{""key"":""efficiency_business_value"",""attempts"":1,""accuracy"":0},{""key"":""economies_of_scope"",""attempts"":1,""accuracy"":0},{""key"":""value_gap_opportunities"",""attempts"":1,""accuracy"":0}],""sourceEvent"":"""",""sourceRunId"":""1788617208453-z6vbwi"",""lifecycleReason"":""""}","1788617208453-z6vbwi","","","","","","","","","","","","","","","","","","","","","","","","","","","","","0"
"de784db8-7190-45ef-84ca-d6fa940d379f","1c8bb8cb-2690-48b0-9004-6c314e90c83b","d59f334b-72b3-4be1-ad44-c19a56d2b3d6","managerial-directorate-telemetry-poc","2026.09.05-poc2","1","phaseAnonymousTelemetryPOC-v1","cost-directive","standard","answer_submitted","87","2026-09-05T14:07:32.082Z","2026-09-05 14:07:32","43628","1","5056","fixed_cost_fallacy","LO3.5","repair","microSkillRepair","1","1","4297","0","repair","","","","0","0","1","14","","","14","3","0.21428571428571427","0","{""selectionReason"":""adaptive-repair"",""weaknessEstimate"":[{""key"":""fixed_variable_costs"",""attempts"":1,""accuracy"":0},{""key"":""efficiency_business_value"",""attempts"":1,""accuracy"":0},{""key"":""economies_of_scope"",""attempts"":1,""accuracy"":0},{""key"":""value_gap_opportunities"",""attempts"":1,""accuracy"":0},{""key"":""minimum_efficient_scale"",""attempts"":1,""accuracy"":0}],""sourceEvent"":""question"",""sourceRunId"":""1788617208453-z6vbwi"",""lifecycleReason"":"""",""acceptedAttempt"":true}","1788617208453-z6vbwi","","","","","","","","","","","","","","","","","","","","","","","","","","","","","4297"
"9ec7fc80-6cdb-4d26-a5d8-0be40dc607ab","1c8bb8cb-2690-48b0-9004-6c314e90c83b","d59f334b-72b3-4be1-ad44-c19a56d2b3d6","managerial-directorate-telemetry-poc","2026.09.05-poc2","1","phaseAnonymousTelemetryPOC-v1","cost-directive","standard","answer_evaluated","88","2026-09-05T14:07:32.083Z","2026-09-05 14:07:32","43628","1","5056","fixed_cost_fallacy","LO3.5","repair","microSkillRepair","1","1","4297","0","repair","","","","0","0","1","14","","","14","3","0.21428571428571427","0","{""selectionReason"":""adaptive-repair"",""weaknessEstimate"":[{""key"":""fixed_variable_costs"",""attempts"":1,""accuracy"":0},{""key"":""efficiency_business_value"",""attempts"":1,""accuracy"":0},{""key"":""economies_of_scope"",""attempts"":1,""accuracy"":0},{""key"":""value_gap_opportunities"",""attempts"":1,""accuracy"":0},{""key"":""minimum_efficient_scale"",""attempts"":1,""accuracy"":0}],""sourceEvent"":""question"",""sourceRunId"":""1788617208453-z6vbwi"",""lifecycleReason"":"""",""acceptedAttempt"":true}","1788617208453-z6vbwi","","true","","","","","","","","","","","","","","","","","","","","","","","","","","","4297"
"23050eff-2b0b-414d-9126-a1faf36a5fa3","1c8bb8cb-2690-48b0-9004-6c314e90c83b","d59f334b-72b3-4be1-ad44-c19a56d2b3d6","managerial-directorate-telemetry-poc","2026.09.05-poc2","1","phaseAnonymousTelemetryPOC-v1","cost-directive","standard","feedback_shown","89","2026-09-05T14:07:32.083Z","2026-09-05 14:07:32","43628","1","5056","fixed_cost_fallacy","LO3.5","repair","microSkillRepair","1","1","4297","0","repair","","","","0","0","1","14","","","14","3","0.21428571428571427","0","{""selectionReason"":""adaptive-repair"",""weaknessEstimate"":[{""key"":""fixed_variable_costs"",""attempts"":1,""accuracy"":0},{""key"":""efficiency_business_value"",""attempts"":1,""accuracy"":0},{""key"":""economies_of_scope"",""attempts"":1,""accuracy"":0},{""key"":""value_gap_opportunities"",""attempts"":1,""accuracy"":0},{""key"":""minimum_efficient_scale"",""attempts"":1,""accuracy"":0}],""sourceEvent"":""question"",""sourceRunId"":""1788617208453-z6vbwi"",""lifecycleReason"":"""",""acceptedAttempt"":true}","1788617208453-z6vbwi","","","","","","","","","","","","","","","","","","","","","","","","","","","","","4297"
"e22b7de0-76bd-4a68-9d0e-2095830d1bc7","1c8bb8cb-2690-48b0-9004-6c314e90c83b","d59f334b-72b3-4be1-ad44-c19a56d2b3d6","managerial-directorate-telemetry-poc","2026.09.05-poc2","1","phaseAnonymousTelemetryPOC-v1","cost-directive","standard","repair_question_answered","90","2026-09-05T14:07:32.083Z","2026-09-05 14:07:32","43628","1","5056","fixed_cost_fallacy","LO3.5","repair","microSkillRepair","1","1","4297","0","repair","","","","0","0","1","14","","","14","3","0.21428571428571427","0","{""selectionReason"":""adaptive-repair"",""weaknessEstimate"":[{""key"":""fixed_variable_costs"",""attempts"":1,""accuracy"":0},{""key"":""efficiency_business_value"",""attempts"":1,""accuracy"":0},{""key"":""economies_of_scope"",""attempts"":1,""accuracy"":0},{""key"":""value_gap_opportunities"",""attempts"":1,""accuracy"":0},{""key"":""minimum_efficient_scale"",""attempts"":1,""accuracy"":0}],""sourceEvent"":""question"",""sourceRunId"":""1788617208453-z6vbwi"",""lifecycleReason"":"""",""acceptedAttempt"":true}","1788617208453-z6vbwi","","","","","","","","","","","","","","","","","","","","","","","","","","","","","4297"
"7e9aad6e-f754-4a0b-b127-6e64d5ab83b9","1c8bb8cb-2690-48b0-9004-6c314e90c83b","d59f334b-72b3-4be1-ad44-c19a56d2b3d6","managerial-directorate-telemetry-poc","2026.09.05-poc2","1","phaseAnonymousTelemetryPOC-v1","cost-directive","standard","streak_changed","91","2026-09-05T14:07:32.083Z","2026-09-05 14:07:32","43628","1","5056","fixed_cost_fallacy","LO3.5","repair","microSkillRepair","1","1","4297","0","repair","","","","0","0","1","14","","","14","3","0.21428571428571427","0","{""selectionReason"":""adaptive-repair"",""weaknessEstimate"":[{""key"":""fixed_variable_costs"",""attempts"":1,""accuracy"":0},{""key"":""efficiency_business_value"",""attempts"":1,""accuracy"":0},{""key"":""economies_of_scope"",""attempts"":1,""accuracy"":0},{""key"":""value_gap_opportunities"",""attempts"":1,""accuracy"":0},{""key"":""minimum_efficient_scale"",""attempts"":1,""accuracy"":0}],""sourceEvent"":""question"",""sourceRunId"":""1788617208453-z6vbwi"",""lifecycleReason"":"""",""acceptedAttempt"":true}","1788617208453-z6vbwi","","","","","","","","","","","","","","","","","","","","","","","","","","","","","4297"
"847c9786-db2b-4f1a-bdd5-4936ba4513d5","1c8bb8cb-2690-48b0-9004-6c314e90c83b","d59f334b-72b3-4be1-ad44-c19a56d2b3d6","managerial-directorate-telemetry-poc","2026.09.05-poc2","1","phaseAnonymousTelemetryPOC-v1","cost-directive","standard","adaptive_detour_ended","92","2026-09-05T14:07:32.095Z","2026-09-05 14:07:32","43640","1","6057","fixed_cost_fallacy","LO3.5","bridge","microSkillBridge","","","0","0","","bridge","","","0","0","1","14","","","14","4","0.2857142857142857","0","{""selectionReason"":""adaptive-bridge"",""weaknessEstimate"":[{""key"":""fixed_variable_costs"",""attempts"":1,""accuracy"":0},{""key"":""efficiency_business_value"",""attempts"":1,""accuracy"":0},{""key"":""economies_of_scope"",""attempts"":1,""accuracy"":0},{""key"":""value_gap_opportunities"",""attempts"":1,""accuracy"":0},{""key"":""minimum_efficient_scale"",""attempts"":1,""accuracy"":0}],""sourceEvent"":"""",""sourceRunId"":""1788617208453-z6vbwi"",""lifecycleReason"":""repair""}","1788617208453-z6vbwi","repair","","","","","","","","","","","","","","","","","","","","","","","","","","","","0"
"bd747150-7b1b-4806-a697-89226e5cfeaf","1c8bb8cb-2690-48b0-9004-6c314e90c83b","d59f334b-72b3-4be1-ad44-c19a56d2b3d6","managerial-directorate-telemetry-poc","2026.09.05-poc2","1","phaseAnonymousTelemetryPOC-v1","cost-directive","standard","bridge_triggered","93","2026-09-05T14:07:32.095Z","2026-09-05 14:07:32","43641","1","6057","fixed_cost_fallacy","LO3.5","bridge","microSkillBridge","","","0","0","","bridge","","","0","0","1","14","","","14","4","0.2857142857142857","0","{""selectionReason"":""adaptive-bridge"",""weaknessEstimate"":[{""key"":""fixed_variable_costs"",""attempts"":1,""accuracy"":0},{""key"":""efficiency_business_value"",""attempts"":1,""accuracy"":0},{""key"":""economies_of_scope"",""attempts"":1,""accuracy"":0},{""key"":""value_gap_opportunities"",""attempts"":1,""accuracy"":0},{""key"":""minimum_efficient_scale"",""attempts"":1,""accuracy"":0}],""sourceEvent"":"""",""sourceRunId"":""1788617208453-z6vbwi"",""lifecycleReason"":""bridge""}","1788617208453-z6vbwi","bridge","","","","","","","","","","","","","","","","","","","","","","","","","","","","0"
"51348fe8-0e3a-414c-a7e4-5872c0c2a12e","1c8bb8cb-2690-48b0-9004-6c314e90c83b","d59f334b-72b3-4be1-ad44-c19a56d2b3d6","managerial-directorate-telemetry-poc","2026.09.05-poc2","1","phaseAnonymousTelemetryPOC-v1","cost-directive","standard","question_shown","94","2026-09-05T14:07:32.095Z","2026-09-05 14:07:32","43641","1","6057","fixed_cost_fallacy","LO3.5","bridge","microSkillBridge","","","0","0","","bridge","","","0","0","1","14","","","14","4","0.2857142857142857","0","{""selectionReason"":""adaptive-bridge"",""weaknessEstimate"":[{""key"":""fixed_variable_costs"",""attempts"":1,""accuracy"":0},{""key"":""efficiency_business_value"",""attempts"":1,""accuracy"":0},{""key"":""economies_of_scope"",""attempts"":1,""accuracy"":0},{""key"":""value_gap_opportunities"",""attempts"":1,""accuracy"":0},{""key"":""minimum_efficient_scale"",""attempts"":1,""accuracy"":0}],""sourceEvent"":"""",""sourceRunId"":""1788617208453-z6vbwi"",""lifecycleReason"":""""}","1788617208453-z6vbwi","","","","","","","","","","","","","","","","","","","","","","","","","","","","","0"
"b2c82499-ca84-4a77-b6a2-34e065885652","1c8bb8cb-2690-48b0-9004-6c314e90c83b","d59f334b-72b3-4be1-ad44-c19a56d2b3d6","managerial-directorate-telemetry-poc","2026.09.05-poc2","1","phaseAnonymousTelemetryPOC-v1","cost-directive","standard","bridge_question_shown","95","2026-09-05T14:07:32.096Z","2026-09-05 14:07:32","43642","1","6057","fixed_cost_fallacy","LO3.5","bridge","microSkillBridge","","","0","0","","bridge","","","0","0","1","14","","","14","4","0.2857142857142857","0","{""selectionReason"":""adaptive-bridge"",""weaknessEstimate"":[{""key"":""fixed_variable_costs"",""attempts"":1,""accuracy"":0},{""key"":""efficiency_business_value"",""attempts"":1,""accuracy"":0},{""key"":""economies_of_scope"",""attempts"":1,""accuracy"":0},{""key"":""value_gap_opportunities"",""attempts"":1,""accuracy"":0},{""key"":""minimum_efficient_scale"",""attempts"":1,""accuracy"":0}],""sourceEvent"":"""",""sourceRunId"":""1788617208453-z6vbwi"",""lifecycleReason"":""""}","1788617208453-z6vbwi","","","","","","","","","","","","","","","","","","","","","","","","","","","","","0"
"bc152f23-5d79-4287-9e75-f6f348dab23f","1c8bb8cb-2690-48b0-9004-6c314e90c83b","d59f334b-72b3-4be1-ad44-c19a56d2b3d6","managerial-directorate-telemetry-poc","2026.09.05-poc2","1","phaseAnonymousTelemetryPOC-v1","cost-directive","standard","answer_submitted","96","2026-09-05T14:07:41.921Z","2026-09-05 14:07:42","53467","1","6057","fixed_cost_fallacy","LO3.5","bridge","microSkillBridge","3","1","9836","0","","bridge","","","0","0","2","15","","","15","4","0.26666666666666666","0","{""selectionReason"":""adaptive-bridge"",""weaknessEstimate"":[{""key"":""fixed_variable_costs"",""attempts"":1,""accuracy"":0},{""key"":""efficiency_business_value"",""attempts"":1,""accuracy"":0},{""key"":""economies_of_scope"",""attempts"":1,""accuracy"":0},{""key"":""value_gap_opportunities"",""attempts"":1,""accuracy"":0},{""key"":""minimum_efficient_scale"",""attempts"":1,""accuracy"":0}],""sourceEvent"":""question"",""sourceRunId"":""1788617208453-z6vbwi"",""lifecycleReason"":"""",""acceptedAttempt"":true}","1788617208453-z6vbwi","","","","","","","","","","","","","","","","","","","","","","","","","","","","","9836"
"3a91a042-9bb6-4700-bbdb-e44582ee4c93","1c8bb8cb-2690-48b0-9004-6c314e90c83b","d59f334b-72b3-4be1-ad44-c19a56d2b3d6","managerial-directorate-telemetry-poc","2026.09.05-poc2","1","phaseAnonymousTelemetryPOC-v1","cost-directive","standard","answer_evaluated","97","2026-09-05T14:07:41.921Z","2026-09-05 14:07:42","53467","1","6057","fixed_cost_fallacy","LO3.5","bridge","microSkillBridge","3","1","9836","0","","bridge","","","0","0","2","15","","","15","4","0.26666666666666666","0","{""selectionReason"":""adaptive-bridge"",""weaknessEstimate"":[{""key"":""fixed_variable_costs"",""attempts"":1,""accuracy"":0},{""key"":""efficiency_business_value"",""attempts"":1,""accuracy"":0},{""key"":""economies_of_scope"",""attempts"":1,""accuracy"":0},{""key"":""value_gap_opportunities"",""attempts"":1,""accuracy"":0},{""key"":""minimum_efficient_scale"",""attempts"":1,""accuracy"":0}],""sourceEvent"":""question"",""sourceRunId"":""1788617208453-z6vbwi"",""lifecycleReason"":"""",""acceptedAttempt"":true}","1788617208453-z6vbwi","","true","","","","","","","","","","","","","","","","","","","","","","","","","","","9836"
"b1bca764-95f9-40dd-884f-453e9f97226a","1c8bb8cb-2690-48b0-9004-6c314e90c83b","d59f334b-72b3-4be1-ad44-c19a56d2b3d6","managerial-directorate-telemetry-poc","2026.09.05-poc2","1","phaseAnonymousTelemetryPOC-v1","cost-directive","standard","feedback_shown","98","2026-09-05T14:07:41.921Z","2026-09-05 14:07:42","53467","1","6057","fixed_cost_fallacy","LO3.5","bridge","microSkillBridge","3","1","9836","0","","bridge","","","0","0","2","15","","","15","4","0.26666666666666666","0","{""selectionReason"":""adaptive-bridge"",""weaknessEstimate"":[{""key"":""fixed_variable_costs"",""attempts"":1,""accuracy"":0},{""key"":""efficiency_business_value"",""attempts"":1,""accuracy"":0},{""key"":""economies_of_scope"",""attempts"":1,""accuracy"":0},{""key"":""value_gap_opportunities"",""attempts"":1,""accuracy"":0},{""key"":""minimum_efficient_scale"",""attempts"":1,""accuracy"":0}],""sourceEvent"":""question"",""sourceRunId"":""1788617208453-z6vbwi"",""lifecycleReason"":"""",""acceptedAttempt"":true}","1788617208453-z6vbwi","","","","","","","","","","","","","","","","","","","","","","","","","","","","","9836"
"dea3bcb7-856b-476e-8f9e-63596675c41a","1c8bb8cb-2690-48b0-9004-6c314e90c83b","d59f334b-72b3-4be1-ad44-c19a56d2b3d6","managerial-directorate-telemetry-poc","2026.09.05-poc2","1","phaseAnonymousTelemetryPOC-v1","cost-directive","standard","bridge_question_answered","99","2026-09-05T14:07:41.921Z","2026-09-05 14:07:42","53467","1","6057","fixed_cost_fallacy","LO3.5","bridge","microSkillBridge","3","1","9836","0","","bridge","","","0","0","2","15","","","15","4","0.26666666666666666","0","{""selectionReason"":""adaptive-bridge"",""weaknessEstimate"":[{""key"":""fixed_variable_costs"",""attempts"":1,""accuracy"":0},{""key"":""efficiency_business_value"",""attempts"":1,""accuracy"":0},{""key"":""economies_of_scope"",""attempts"":1,""accuracy"":0},{""key"":""value_gap_opportunities"",""attempts"":1,""accuracy"":0},{""key"":""minimum_efficient_scale"",""attempts"":1,""accuracy"":0}],""sourceEvent"":""question"",""sourceRunId"":""1788617208453-z6vbwi"",""lifecycleReason"":"""",""acceptedAttempt"":true}","1788617208453-z6vbwi","","","","","","","","","","","","","","","","","","","","","","","","","","","","","9836"
"d87be993-0955-4511-b670-ed176a22345b","1c8bb8cb-2690-48b0-9004-6c314e90c83b","d59f334b-72b3-4be1-ad44-c19a56d2b3d6","managerial-directorate-telemetry-poc","2026.09.05-poc2","1","phaseAnonymousTelemetryPOC-v1","cost-directive","standard","streak_changed","100","2026-09-05T14:07:41.921Z","2026-09-05 14:07:42","53467","1","6057","fixed_cost_fallacy","LO3.5","bridge","microSkillBridge","3","1","9836","0","","bridge","","","0","0","2","15","","","15","4","0.26666666666666666","0","{""selectionReason"":""adaptive-bridge"",""weaknessEstimate"":[{""key"":""fixed_variable_costs"",""attempts"":1,""accuracy"":0},{""key"":""efficiency_business_value"",""attempts"":1,""accuracy"":0},{""key"":""economies_of_scope"",""attempts"":1,""accuracy"":0},{""key"":""value_gap_opportunities"",""attempts"":1,""accuracy"":0},{""key"":""minimum_efficient_scale"",""attempts"":1,""accuracy"":0}],""sourceEvent"":""question"",""sourceRunId"":""1788617208453-z6vbwi"",""lifecycleReason"":"""",""acceptedAttempt"":true}","1788617208453-z6vbwi","","","","","","","","","","","","","","","","","","","","","","","","","","","","","9836"
"0d32d24a-0ada-45b7-9034-03d8bedf4a64","1c8bb8cb-2690-48b0-9004-6c314e90c83b","d59f334b-72b3-4be1-ad44-c19a56d2b3d6","managerial-directorate-telemetry-poc","2026.09.05-poc2","1","phaseAnonymousTelemetryPOC-v1","cost-directive","standard","adaptive_detour_ended","101","2026-09-05T14:07:41.927Z","2026-09-05 14:07:42","53473","1","47","fixed_cost_fallacy","LO3.5","definition","easy","","","0","0","","","retest","","0","0","2","15","","","15","5","0.3333333333333333","0","{""selectionReason"":""adaptive-retest"",""weaknessEstimate"":[{""key"":""fixed_variable_costs"",""attempts"":1,""accuracy"":0},{""key"":""efficiency_business_value"",""attempts"":1,""accuracy"":0},{""key"":""economies_of_scope"",""attempts"":1,""accuracy"":0},{""key"":""value_gap_opportunities"",""attempts"":1,""accuracy"":0},{""key"":""minimum_efficient_scale"",""attempts"":1,""accuracy"":0}],""sourceEvent"":"""",""sourceRunId"":""1788617208453-z6vbwi"",""lifecycleReason"":""bridge""}","1788617208453-z6vbwi","bridge","","","","","","","","","","","","","","","","","","","","","","","","","","","","0"
"81866803-d107-4eb6-8bb6-421cc3359fc8","1c8bb8cb-2690-48b0-9004-6c314e90c83b","d59f334b-72b3-4be1-ad44-c19a56d2b3d6","managerial-directorate-telemetry-poc","2026.09.05-poc2","1","phaseAnonymousTelemetryPOC-v1","cost-directive","standard","retest_triggered","102","2026-09-05T14:07:41.928Z","2026-09-05 14:07:42","53474","1","47","fixed_cost_fallacy","LO3.5","definition","easy","","","0","0","","","retest","","0","0","2","15","","","15","5","0.3333333333333333","0","{""selectionReason"":""adaptive-retest"",""weaknessEstimate"":[{""key"":""fixed_variable_costs"",""attempts"":1,""accuracy"":0},{""key"":""efficiency_business_value"",""attempts"":1,""accuracy"":0},{""key"":""economies_of_scope"",""attempts"":1,""accuracy"":0},{""key"":""value_gap_opportunities"",""attempts"":1,""accuracy"":0},{""key"":""minimum_efficient_scale"",""attempts"":1,""accuracy"":0}],""sourceEvent"":"""",""sourceRunId"":""1788617208453-z6vbwi"",""lifecycleReason"":""retest""}","1788617208453-z6vbwi","retest","","","","","","","","","","","","","","","","","","","","","","","","","","","","0"
"2758e072-1afe-4d2f-ab1f-ea5e749b504f","1c8bb8cb-2690-48b0-9004-6c314e90c83b","d59f334b-72b3-4be1-ad44-c19a56d2b3d6","managerial-directorate-telemetry-poc","2026.09.05-poc2","1","phaseAnonymousTelemetryPOC-v1","cost-directive","standard","question_shown","103","2026-09-05T14:07:41.928Z","2026-09-05 14:07:42","53474","1","47","fixed_cost_fallacy","LO3.5","definition","easy","","","0","0","","","retest","","0","0","2","15","","","15","5","0.3333333333333333","0","{""selectionReason"":""adaptive-retest"",""weaknessEstimate"":[{""key"":""fixed_variable_costs"",""attempts"":1,""accuracy"":0},{""key"":""efficiency_business_value"",""attempts"":1,""accuracy"":0},{""key"":""economies_of_scope"",""attempts"":1,""accuracy"":0},{""key"":""value_gap_opportunities"",""attempts"":1,""accuracy"":0},{""key"":""minimum_efficient_scale"",""attempts"":1,""accuracy"":0}],""sourceEvent"":"""",""sourceRunId"":""1788617208453-z6vbwi"",""lifecycleReason"":""""}","1788617208453-z6vbwi","","","","","","","","","","","","","","","","","","","","","","","","","","","","","0"
"728ffafc-6c30-4c25-809e-0ab367234296","1c8bb8cb-2690-48b0-9004-6c314e90c83b","d59f334b-72b3-4be1-ad44-c19a56d2b3d6","managerial-directorate-telemetry-poc","2026.09.05-poc2","1","phaseAnonymousTelemetryPOC-v1","cost-directive","standard","retest_question_shown","104","2026-09-05T14:07:41.928Z","2026-09-05 14:07:42","53474","1","47","fixed_cost_fallacy","LO3.5","definition","easy","","","0","0","","","retest","","0","0","2","15","","","15","5","0.3333333333333333","0","{""selectionReason"":""adaptive-retest"",""weaknessEstimate"":[{""key"":""fixed_variable_costs"",""attempts"":1,""accuracy"":0},{""key"":""efficiency_business_value"",""attempts"":1,""accuracy"":0},{""key"":""economies_of_scope"",""attempts"":1,""accuracy"":0},{""key"":""value_gap_opportunities"",""attempts"":1,""accuracy"":0},{""key"":""minimum_efficient_scale"",""attempts"":1,""accuracy"":0}],""sourceEvent"":"""",""sourceRunId"":""1788617208453-z6vbwi"",""lifecycleReason"":""""}","1788617208453-z6vbwi","","","","","","","","","","","","","","","","","","","","","","","","","","","","","0"
"734f021f-a9b8-4a73-a1cf-f18cb88b4e1b","1c8bb8cb-2690-48b0-9004-6c314e90c83b","d59f334b-72b3-4be1-ad44-c19a56d2b3d6","managerial-directorate-telemetry-poc","2026.09.05-poc2","1","phaseAnonymousTelemetryPOC-v1","cost-directive","standard","answer_submitted","105","2026-09-05T14:07:48.417Z","2026-09-05 14:07:48","59963","1","47","fixed_cost_fallacy","LO3.5","definition","easy","0","1","6494","0","","","retest","","0","0","3","16","","","16","5","0.3125","0","{""selectionReason"":""adaptive-retest"",""weaknessEstimate"":[{""key"":""fixed_variable_costs"",""attempts"":1,""accuracy"":0},{""key"":""efficiency_business_value"",""attempts"":1,""accuracy"":0},{""key"":""economies_of_scope"",""attempts"":1,""accuracy"":0},{""key"":""value_gap_opportunities"",""attempts"":1,""accuracy"":0},{""key"":""minimum_efficient_scale"",""attempts"":1,""accuracy"":0}],""sourceEvent"":""question"",""sourceRunId"":""1788617208453-z6vbwi"",""lifecycleReason"":"""",""acceptedAttempt"":true}","1788617208453-z6vbwi","","","","","","","","","","","","","","","","","","","","","","","","","","","","","6494"
"ca55f045-6f9c-447a-b205-6db3af07aab6","1c8bb8cb-2690-48b0-9004-6c314e90c83b","d59f334b-72b3-4be1-ad44-c19a56d2b3d6","managerial-directorate-telemetry-poc","2026.09.05-poc2","1","phaseAnonymousTelemetryPOC-v1","cost-directive","standard","answer_evaluated","106","2026-09-05T14:07:48.417Z","2026-09-05 14:07:48","59963","1","47","fixed_cost_fallacy","LO3.5","definition","easy","0","1","6494","0","","","retest","","0","0","3","16","","","16","5","0.3125","0","{""selectionReason"":""adaptive-retest"",""weaknessEstimate"":[{""key"":""fixed_variable_costs"",""attempts"":1,""accuracy"":0},{""key"":""efficiency_business_value"",""attempts"":1,""accuracy"":0},{""key"":""economies_of_scope"",""attempts"":1,""accuracy"":0},{""key"":""value_gap_opportunities"",""attempts"":1,""accuracy"":0},{""key"":""minimum_efficient_scale"",""attempts"":1,""accuracy"":0}],""sourceEvent"":""question"",""sourceRunId"":""1788617208453-z6vbwi"",""lifecycleReason"":"""",""acceptedAttempt"":true}","1788617208453-z6vbwi","","true","","","","","","","","","","","","","","","","","","","","","","","","","","","6494"
"8ac162cb-1b17-445b-9be1-2d9643303ec1","1c8bb8cb-2690-48b0-9004-6c314e90c83b","d59f334b-72b3-4be1-ad44-c19a56d2b3d6","managerial-directorate-telemetry-poc","2026.09.05-poc2","1","phaseAnonymousTelemetryPOC-v1","cost-directive","standard","feedback_shown","107","2026-09-05T14:07:48.417Z","2026-09-05 14:07:48","59963","1","47","fixed_cost_fallacy","LO3.5","definition","easy","0","1","6494","0","","","retest","","0","0","3","16","","","16","5","0.3125","0","{""selectionReason"":""adaptive-retest"",""weaknessEstimate"":[{""key"":""fixed_variable_costs"",""attempts"":1,""accuracy"":0},{""key"":""efficiency_business_value"",""attempts"":1,""accuracy"":0},{""key"":""economies_of_scope"",""attempts"":1,""accuracy"":0},{""key"":""value_gap_opportunities"",""attempts"":1,""accuracy"":0},{""key"":""minimum_efficient_scale"",""attempts"":1,""accuracy"":0}],""sourceEvent"":""question"",""sourceRunId"":""1788617208453-z6vbwi"",""lifecycleReason"":"""",""acceptedAttempt"":true}","1788617208453-z6vbwi","","","","","","","","","","","","","","","","","","","","","","","","","","","","","6494"
"7e4e388e-b462-4510-afd8-0e3a79a50d34","1c8bb8cb-2690-48b0-9004-6c314e90c83b","d59f334b-72b3-4be1-ad44-c19a56d2b3d6","managerial-directorate-telemetry-poc","2026.09.05-poc2","1","phaseAnonymousTelemetryPOC-v1","cost-directive","standard","retest_question_answered","108","2026-09-05T14:07:48.417Z","2026-09-05 14:07:48","59963","1","47","fixed_cost_fallacy","LO3.5","definition","easy","0","1","6494","0","","","retest","","0","0","3","16","","","16","5","0.3125","0","{""selectionReason"":""adaptive-retest"",""weaknessEstimate"":[{""key"":""fixed_variable_costs"",""attempts"":1,""accuracy"":0},{""key"":""efficiency_business_value"",""attempts"":1,""accuracy"":0},{""key"":""economies_of_scope"",""attempts"":1,""accuracy"":0},{""key"":""value_gap_opportunities"",""attempts"":1,""accuracy"":0},{""key"":""minimum_efficient_scale"",""attempts"":1,""accuracy"":0}],""sourceEvent"":""question"",""sourceRunId"":""1788617208453-z6vbwi"",""lifecycleReason"":"""",""acceptedAttempt"":true}","1788617208453-z6vbwi","","","","","","","","","","","","","","","","","","","","","","","","","","","","","6494"
"5fc793ea-61a9-4475-9a7e-48d74ca599e2","1c8bb8cb-2690-48b0-9004-6c314e90c83b","d59f334b-72b3-4be1-ad44-c19a56d2b3d6","managerial-directorate-telemetry-poc","2026.09.05-poc2","1","phaseAnonymousTelemetryPOC-v1","cost-directive","standard","streak_changed","109","2026-09-05T14:07:48.417Z","2026-09-05 14:07:48","59963","1","47","fixed_cost_fallacy","LO3.5","definition","easy","0","1","6494","0","","","retest","","0","0","3","16","","","16","5","0.3125","0","{""selectionReason"":""adaptive-retest"",""weaknessEstimate"":[{""key"":""fixed_variable_costs"",""attempts"":1,""accuracy"":0},{""key"":""efficiency_business_value"",""attempts"":1,""accuracy"":0},{""key"":""economies_of_scope"",""attempts"":1,""accuracy"":0},{""key"":""value_gap_opportunities"",""attempts"":1,""accuracy"":0},{""key"":""minimum_efficient_scale"",""attempts"":1,""accuracy"":0}],""sourceEvent"":""question"",""sourceRunId"":""1788617208453-z6vbwi"",""lifecycleReason"":"""",""acceptedAttempt"":true}","1788617208453-z6vbwi","","","","","","","","","","","","","","","","","","","","","","","","","","","","","6494"
"3cbb772f-b47a-4c91-a5ac-189b989a20df","1c8bb8cb-2690-48b0-9004-6c314e90c83b","d59f334b-72b3-4be1-ad44-c19a56d2b3d6","managerial-directorate-telemetry-poc","2026.09.05-poc2","1","phaseAnonymousTelemetryPOC-v1","cost-directive","standard","adaptive_detour_ended","110","2026-09-05T14:07:49.629Z","2026-09-05 14:07:49","61175","1","79","returns_to_scale","LO7.4","definition","easy","","","0","0","","","","","0","0","3","16","","","16","6","0.375","0","{""selectionReason"":""confirm"",""weaknessEstimate"":[{""key"":""fixed_variable_costs"",""attempts"":1,""accuracy"":0},{""key"":""efficiency_business_value"",""attempts"":1,""accuracy"":0},{""key"":""economies_of_scope"",""attempts"":1,""accuracy"":0},{""key"":""value_gap_opportunities"",""attempts"":1,""accuracy"":0},{""key"":""minimum_efficient_scale"",""attempts"":1,""accuracy"":0}],""sourceEvent"":"""",""sourceRunId"":""1788617208453-z6vbwi"",""lifecycleReason"":""retest""}","1788617208453-z6vbwi","retest","","","","","","","","","","","","","","","","","","","","","","","","","","","","0"
"cb75cfb5-92f7-44f7-a157-3f474af300c1","1c8bb8cb-2690-48b0-9004-6c314e90c83b","d59f334b-72b3-4be1-ad44-c19a56d2b3d6","managerial-directorate-telemetry-poc","2026.09.05-poc2","1","phaseAnonymousTelemetryPOC-v1","cost-directive","standard","question_shown","111","2026-09-05T14:07:49.629Z","2026-09-05 14:07:49","61175","1","79","returns_to_scale","LO7.4","definition","easy","","","0","0","","","","","0","0","3","16","","","16","6","0.375","0","{""selectionReason"":""confirm"",""weaknessEstimate"":[{""key"":""fixed_variable_costs"",""attempts"":1,""accuracy"":0},{""key"":""efficiency_business_value"",""attempts"":1,""accuracy"":0},{""key"":""economies_of_scope"",""attempts"":1,""accuracy"":0},{""key"":""value_gap_opportunities"",""attempts"":1,""accuracy"":0},{""key"":""minimum_efficient_scale"",""attempts"":1,""accuracy"":0}],""sourceEvent"":"""",""sourceRunId"":""1788617208453-z6vbwi"",""lifecycleReason"":""""}","1788617208453-z6vbwi","","","","","","","","","","","","","","","","","","","","","","","","","","","","","0"
"66e98acc-9a77-4f05-ac03-62f2fc3a386b","1c8bb8cb-2690-48b0-9004-6c314e90c83b","d59f334b-72b3-4be1-ad44-c19a56d2b3d6","managerial-directorate-telemetry-poc","2026.09.05-poc2","1","phaseAnonymousTelemetryPOC-v1","cost-directive","standard","answer_submitted","112","2026-09-05T14:07:50.733Z","2026-09-05 14:07:50","62279","1","79","returns_to_scale","LO7.4","definition","easy","0","0","1107","0","","","","","0","0","0","17","","","17","6","0.35294117647058826","0","{""selectionReason"":""confirm"",""weaknessEstimate"":[{""key"":""fixed_variable_costs"",""attempts"":1,""accuracy"":0},{""key"":""efficiency_business_value"",""attempts"":1,""accuracy"":0},{""key"":""economies_of_scope"",""attempts"":1,""accuracy"":0},{""key"":""value_gap_opportunities"",""attempts"":1,""accuracy"":0},{""key"":""minimum_efficient_scale"",""attempts"":1,""accuracy"":0}],""sourceEvent"":""question"",""sourceRunId"":""1788617208453-z6vbwi"",""lifecycleReason"":"""",""acceptedAttempt"":true}","1788617208453-z6vbwi","","","","","","","","","","","","","","","","","","","","","","","","","","","","","1107"
"3c0e313c-72b2-4b90-b537-9d8dcaf18f9b","1c8bb8cb-2690-48b0-9004-6c314e90c83b","d59f334b-72b3-4be1-ad44-c19a56d2b3d6","managerial-directorate-telemetry-poc","2026.09.05-poc2","1","phaseAnonymousTelemetryPOC-v1","cost-directive","standard","answer_evaluated","113","2026-09-05T14:07:50.733Z","2026-09-05 14:07:50","62279","1","79","returns_to_scale","LO7.4","definition","easy","0","0","1107","0","","","","","0","0","0","17","","","17","6","0.35294117647058826","0","{""selectionReason"":""confirm"",""weaknessEstimate"":[{""key"":""fixed_variable_costs"",""attempts"":1,""accuracy"":0},{""key"":""efficiency_business_value"",""attempts"":1,""accuracy"":0},{""key"":""economies_of_scope"",""attempts"":1,""accuracy"":0},{""key"":""value_gap_opportunities"",""attempts"":1,""accuracy"":0},{""key"":""minimum_efficient_scale"",""attempts"":1,""accuracy"":0}],""sourceEvent"":""question"",""sourceRunId"":""1788617208453-z6vbwi"",""lifecycleReason"":"""",""acceptedAttempt"":true}","1788617208453-z6vbwi","","true","","","","","","","","","","","","","","","","","","","","","","","","","","","1107"
"6a475c91-4dc8-4d3b-b943-00c6af54395b","1c8bb8cb-2690-48b0-9004-6c314e90c83b","d59f334b-72b3-4be1-ad44-c19a56d2b3d6","managerial-directorate-telemetry-poc","2026.09.05-poc2","1","phaseAnonymousTelemetryPOC-v1","cost-directive","standard","feedback_shown","114","2026-09-05T14:07:50.733Z","2026-09-05 14:07:50","62279","1","79","returns_to_scale","LO7.4","definition","easy","0","0","1107","0","","","","","0","0","0","17","","","17","6","0.35294117647058826","0","{""selectionReason"":""confirm"",""weaknessEstimate"":[{""key"":""fixed_variable_costs"",""attempts"":1,""accuracy"":0},{""key"":""efficiency_business_value"",""attempts"":1,""accuracy"":0},{""key"":""economies_of_scope"",""attempts"":1,""accuracy"":0},{""key"":""value_gap_opportunities"",""attempts"":1,""accuracy"":0},{""key"":""minimum_efficient_scale"",""attempts"":1,""accuracy"":0}],""sourceEvent"":""question"",""sourceRunId"":""1788617208453-z6vbwi"",""lifecycleReason"":"""",""acceptedAttempt"":true}","1788617208453-z6vbwi","","","","","","","","","","","","","","","","","","","","","","","","","","","","","1107"
"bf79e06e-e4a2-4f0c-99fc-df03d864ddf6","1c8bb8cb-2690-48b0-9004-6c314e90c83b","d59f334b-72b3-4be1-ad44-c19a56d2b3d6","managerial-directorate-telemetry-poc","2026.09.05-poc2","1","phaseAnonymousTelemetryPOC-v1","cost-directive","standard","streak_changed","115","2026-09-05T14:07:50.733Z","2026-09-05 14:07:50","62279","1","79","returns_to_scale","LO7.4","definition","easy","0","0","1107","0","","","","","0","0","0","17","","","17","6","0.35294117647058826","0","{""selectionReason"":""confirm"",""weaknessEstimate"":[{""key"":""fixed_variable_costs"",""attempts"":1,""accuracy"":0},{""key"":""efficiency_business_value"",""attempts"":1,""accuracy"":0},{""key"":""economies_of_scope"",""attempts"":1,""accuracy"":0},{""key"":""value_gap_opportunities"",""attempts"":1,""accuracy"":0},{""key"":""minimum_efficient_scale"",""attempts"":1,""accuracy"":0}],""sourceEvent"":""question"",""sourceRunId"":""1788617208453-z6vbwi"",""lifecycleReason"":"""",""acceptedAttempt"":true}","1788617208453-z6vbwi","","","","","","","","","","","","","","","","","","","","","","","","","","","","","1107"
"d96ac5ea-e701-4606-a7a8-eecd255d2a45","1c8bb8cb-2690-48b0-9004-6c314e90c83b","d59f334b-72b3-4be1-ad44-c19a56d2b3d6","managerial-directorate-telemetry-poc","2026.09.05-poc2","1","phaseAnonymousTelemetryPOC-v1","cost-directive","standard","question_shown","116","2026-09-05T14:07:51.712Z","2026-09-05 14:07:51","63257","1","44","accounting_economic_profit","LO3.4","definition","easy","","","0","0","","","","","0","0","0","17","","","17","6","0.35294117647058826","0","{""selectionReason"":""repair"",""weaknessEstimate"":[{""key"":""fixed_variable_costs"",""attempts"":1,""accuracy"":0},{""key"":""efficiency_business_value"",""attempts"":1,""accuracy"":0},{""key"":""economies_of_scope"",""attempts"":1,""accuracy"":0},{""key"":""value_gap_opportunities"",""attempts"":1,""accuracy"":0},{""key"":""minimum_efficient_scale"",""attempts"":1,""accuracy"":0}],""sourceEvent"":"""",""sourceRunId"":""1788617208453-z6vbwi"",""lifecycleReason"":""""}","1788617208453-z6vbwi","","","","","","","","","","","","","","","","","","","","","","","","","","","","","0"
"433feaf0-8357-475e-9203-e1d5a633ac5e","1c8bb8cb-2690-48b0-9004-6c314e90c83b","d59f334b-72b3-4be1-ad44-c19a56d2b3d6","managerial-directorate-telemetry-poc","2026.09.05-poc2","1","phaseAnonymousTelemetryPOC-v1","cost-directive","standard","answer_submitted","117","2026-09-05T14:07:52.887Z","2026-09-05 14:07:52","64432","1","44","accounting_economic_profit","LO3.4","definition","easy","1","0","1185","0","","","","","0","0","0","18","","","18","6","0.3333333333333333","0","{""selectionReason"":""repair"",""weaknessEstimate"":[{""key"":""fixed_variable_costs"",""attempts"":1,""accuracy"":0},{""key"":""efficiency_business_value"",""attempts"":1,""accuracy"":0},{""key"":""economies_of_scope"",""attempts"":1,""accuracy"":0},{""key"":""value_gap_opportunities"",""attempts"":1,""accuracy"":0},{""key"":""minimum_efficient_scale"",""attempts"":1,""accuracy"":0}],""sourceEvent"":""question"",""sourceRunId"":""1788617208453-z6vbwi"",""lifecycleReason"":"""",""acceptedAttempt"":true}","1788617208453-z6vbwi","","","","","","","","","","","","","","","","","","","","","","","","","","","","","1185"
"189a54f7-105e-4e73-8963-912bf6082c5f","1c8bb8cb-2690-48b0-9004-6c314e90c83b","d59f334b-72b3-4be1-ad44-c19a56d2b3d6","managerial-directorate-telemetry-poc","2026.09.05-poc2","1","phaseAnonymousTelemetryPOC-v1","cost-directive","standard","answer_evaluated","118","2026-09-05T14:07:52.887Z","2026-09-05 14:07:52","64432","1","44","accounting_economic_profit","LO3.4","definition","easy","1","0","1185","0","","","","","0","0","0","18","","","18","6","0.3333333333333333","0","{""selectionReason"":""repair"",""weaknessEstimate"":[{""key"":""fixed_variable_costs"",""attempts"":1,""accuracy"":0},{""key"":""efficiency_business_value"",""attempts"":1,""accuracy"":0},{""key"":""economies_of_scope"",""attempts"":1,""accuracy"":0},{""key"":""value_gap_opportunities"",""attempts"":1,""accuracy"":0},{""key"":""minimum_efficient_scale"",""attempts"":1,""accuracy"":0}],""sourceEvent"":""question"",""sourceRunId"":""1788617208453-z6vbwi"",""lifecycleReason"":"""",""acceptedAttempt"":true}","1788617208453-z6vbwi","","true","","","","","","","","","","","","","","","","","","","","","","","","","","","1185"
"3475a970-31ec-48d4-83ad-1250f28d99ee","1c8bb8cb-2690-48b0-9004-6c314e90c83b","d59f334b-72b3-4be1-ad44-c19a56d2b3d6","managerial-directorate-telemetry-poc","2026.09.05-poc2","1","phaseAnonymousTelemetryPOC-v1","cost-directive","standard","feedback_shown","119","2026-09-05T14:07:52.887Z","2026-09-05 14:07:52","64432","1","44","accounting_economic_profit","LO3.4","definition","easy","1","0","1185","0","","","","","0","0","0","18","","","18","6","0.3333333333333333","0","{""selectionReason"":""repair"",""weaknessEstimate"":[{""key"":""fixed_variable_costs"",""attempts"":1,""accuracy"":0},{""key"":""efficiency_business_value"",""attempts"":1,""accuracy"":0},{""key"":""economies_of_scope"",""attempts"":1,""accuracy"":0},{""key"":""value_gap_opportunities"",""attempts"":1,""accuracy"":0},{""key"":""minimum_efficient_scale"",""attempts"":1,""accuracy"":0}],""sourceEvent"":""question"",""sourceRunId"":""1788617208453-z6vbwi"",""lifecycleReason"":"""",""acceptedAttempt"":true}","1788617208453-z6vbwi","","","","","","","","","","","","","","","","","","","","","","","","","","","","","1185"
"dba76e9b-47e6-4eb3-a89a-4088b58710a8","1c8bb8cb-2690-48b0-9004-6c314e90c83b","d59f334b-72b3-4be1-ad44-c19a56d2b3d6","managerial-directorate-telemetry-poc","2026.09.05-poc2","1","phaseAnonymousTelemetryPOC-v1","cost-directive","standard","question_shown","120","2026-09-05T14:07:53.561Z","2026-09-05 14:07:53","65107","1","66","mr_mc_extent_rule","LO4.3","identification","easy","","","0","0","","","","","0","0","0","18","","","18","6","0.3333333333333333","0","{""selectionReason"":""repair"",""weaknessEstimate"":[{""key"":""fixed_variable_costs"",""attempts"":1,""accuracy"":0},{""key"":""efficiency_business_value"",""attempts"":1,""accuracy"":0},{""key"":""economies_of_scope"",""attempts"":1,""accuracy"":0},{""key"":""value_gap_opportunities"",""attempts"":1,""accuracy"":0},{""key"":""minimum_efficient_scale"",""attempts"":1,""accuracy"":0}],""sourceEvent"":"""",""sourceRunId"":""1788617208453-z6vbwi"",""lifecycleReason"":""""}","1788617208453-z6vbwi","","","","","","","","","","","","","","","","","","","","","","","","","","","","","0"
"0c0375fd-d3c0-4124-838e-762848602f34","1c8bb8cb-2690-48b0-9004-6c314e90c83b","d59f334b-72b3-4be1-ad44-c19a56d2b3d6","managerial-directorate-telemetry-poc","2026.09.05-poc2","1","phaseAnonymousTelemetryPOC-v1","cost-directive","standard","answer_submitted","121","2026-09-05T14:07:54.141Z","2026-09-05 14:07:54","65686","1","66","mr_mc_extent_rule","LO4.3","identification","easy","0","1","591","0","","","","","0","0","1","19","","","19","6","0.3157894736842105","0","{""selectionReason"":""repair"",""weaknessEstimate"":[{""key"":""fixed_variable_costs"",""attempts"":1,""accuracy"":0},{""key"":""efficiency_business_value"",""attempts"":1,""accuracy"":0},{""key"":""economies_of_scope"",""attempts"":1,""accuracy"":0},{""key"":""value_gap_opportunities"",""attempts"":1,""accuracy"":0},{""key"":""minimum_efficient_scale"",""attempts"":1,""accuracy"":0}],""sourceEvent"":""question"",""sourceRunId"":""1788617208453-z6vbwi"",""lifecycleReason"":"""",""acceptedAttempt"":true}","1788617208453-z6vbwi","","","","","","","","","","","","","","","","","","","","","","","","","","","","","591"
"c7c31f97-a5f7-457f-b7f0-90052489f80b","1c8bb8cb-2690-48b0-9004-6c314e90c83b","d59f334b-72b3-4be1-ad44-c19a56d2b3d6","managerial-directorate-telemetry-poc","2026.09.05-poc2","1","phaseAnonymousTelemetryPOC-v1","cost-directive","standard","answer_evaluated","122","2026-09-05T14:07:54.141Z","2026-09-05 14:07:54","65686","1","66","mr_mc_extent_rule","LO4.3","identification","easy","0","1","591","0","","","","","0","0","1","19","","","19","6","0.3157894736842105","0","{""selectionReason"":""repair"",""weaknessEstimate"":[{""key"":""fixed_variable_costs"",""attempts"":1,""accuracy"":0},{""key"":""efficiency_business_value"",""attempts"":1,""accuracy"":0},{""key"":""economies_of_scope"",""attempts"":1,""accuracy"":0},{""key"":""value_gap_opportunities"",""attempts"":1,""accuracy"":0},{""key"":""minimum_efficient_scale"",""attempts"":1,""accuracy"":0}],""sourceEvent"":""question"",""sourceRunId"":""1788617208453-z6vbwi"",""lifecycleReason"":"""",""acceptedAttempt"":true}","1788617208453-z6vbwi","","true","","","","","","","","","","","","","","","","","","","","","","","","","","","591"
"5b811705-2288-4890-a468-aa1f9091fb59","1c8bb8cb-2690-48b0-9004-6c314e90c83b","d59f334b-72b3-4be1-ad44-c19a56d2b3d6","managerial-directorate-telemetry-poc","2026.09.05-poc2","1","phaseAnonymousTelemetryPOC-v1","cost-directive","standard","feedback_shown","123","2026-09-05T14:07:54.141Z","2026-09-05 14:07:54","65686","1","66","mr_mc_extent_rule","LO4.3","identification","easy","0","1","591","0","","","","","0","0","1","19","","","19","6","0.3157894736842105","0","{""selectionReason"":""repair"",""weaknessEstimate"":[{""key"":""fixed_variable_costs"",""attempts"":1,""accuracy"":0},{""key"":""efficiency_business_value"",""attempts"":1,""accuracy"":0},{""key"":""economies_of_scope"",""attempts"":1,""accuracy"":0},{""key"":""value_gap_opportunities"",""attempts"":1,""accuracy"":0},{""key"":""minimum_efficient_scale"",""attempts"":1,""accuracy"":0}],""sourceEvent"":""question"",""sourceRunId"":""1788617208453-z6vbwi"",""lifecycleReason"":"""",""acceptedAttempt"":true}","1788617208453-z6vbwi","","","","","","","","","","","","","","","","","","","","","","","","","","","","","591"
"7f2f27ce-32d0-45ad-b1f1-a1d23ff4d2a5","1c8bb8cb-2690-48b0-9004-6c314e90c83b","d59f334b-72b3-4be1-ad44-c19a56d2b3d6","managerial-directorate-telemetry-poc","2026.09.05-poc2","1","phaseAnonymousTelemetryPOC-v1","cost-directive","standard","streak_changed","124","2026-09-05T14:07:54.141Z","2026-09-05 14:07:54","65686","1","66","mr_mc_extent_rule","LO4.3","identification","easy","0","1","591","0","","","","","0","0","1","19","","","19","6","0.3157894736842105","0","{""selectionReason"":""repair"",""weaknessEstimate"":[{""key"":""fixed_variable_costs"",""attempts"":1,""accuracy"":0},{""key"":""efficiency_business_value"",""attempts"":1,""accuracy"":0},{""key"":""economies_of_scope"",""attempts"":1,""accuracy"":0},{""key"":""value_gap_opportunities"",""attempts"":1,""accuracy"":0},{""key"":""minimum_efficient_scale"",""attempts"":1,""accuracy"":0}],""sourceEvent"":""question"",""sourceRunId"":""1788617208453-z6vbwi"",""lifecycleReason"":"""",""acceptedAttempt"":true}","1788617208453-z6vbwi","","","","","","","","","","","","","","","","","","","","","","","","","","","","","591"
"fe998e98-1a1c-4e8d-be27-e000a213d6eb","1c8bb8cb-2690-48b0-9004-6c314e90c83b","d59f334b-72b3-4be1-ad44-c19a56d2b3d6","managerial-directorate-telemetry-poc","2026.09.05-poc2","1","phaseAnonymousTelemetryPOC-v1","cost-directive","standard","room_advanced","125","2026-09-05T14:07:55.949Z","2026-09-05 14:07:56","67495","2","84","minimum_efficient_scale","LO7.5","application","easy","","","0","0","","","","","0","0","1","19","","","19","7","0.3684210526315789","0","{""selectionReason"":""repair"",""weaknessEstimate"":[{""key"":""fixed_variable_costs"",""attempts"":1,""accuracy"":0},{""key"":""efficiency_business_value"",""attempts"":1,""accuracy"":0},{""key"":""economies_of_scope"",""attempts"":1,""accuracy"":0},{""key"":""value_gap_opportunities"",""attempts"":1,""accuracy"":0},{""key"":""minimum_efficient_scale"",""attempts"":1,""accuracy"":0}],""sourceEvent"":"""",""sourceRunId"":""1788617208453-z6vbwi"",""lifecycleReason"":""""}","1788617208453-z6vbwi","","","","","","","","","","","","","","","","","","","","","","","","","","","","","0"
"32614f34-6c9a-43ed-98ee-cd3012013df8","1c8bb8cb-2690-48b0-9004-6c314e90c83b","d59f334b-72b3-4be1-ad44-c19a56d2b3d6","managerial-directorate-telemetry-poc","2026.09.05-poc2","1","phaseAnonymousTelemetryPOC-v1","cost-directive","standard","question_shown","126","2026-09-05T14:07:55.949Z","2026-09-05 14:07:56","67495","2","84","minimum_efficient_scale","LO7.5","application","easy","","","0","0","","","","","0","0","1","19","","","19","7","0.3684210526315789","0","{""selectionReason"":""repair"",""weaknessEstimate"":[{""key"":""fixed_variable_costs"",""attempts"":1,""accuracy"":0},{""key"":""efficiency_business_value"",""attempts"":1,""accuracy"":0},{""key"":""economies_of_scope"",""attempts"":1,""accuracy"":0},{""key"":""value_gap_opportunities"",""attempts"":1,""accuracy"":0},{""key"":""minimum_efficient_scale"",""attempts"":1,""accuracy"":0}],""sourceEvent"":"""",""sourceRunId"":""1788617208453-z6vbwi"",""lifecycleReason"":""""}","1788617208453-z6vbwi","","","","","","","","","","","","","","","","","","","","","","","","","","","","","0"
"9b7644ea-1c3c-4c02-8426-b54ac8079010","1c8bb8cb-2690-48b0-9004-6c314e90c83b","d59f334b-72b3-4be1-ad44-c19a56d2b3d6","managerial-directorate-telemetry-poc","2026.09.05-poc2","1","phaseAnonymousTelemetryPOC-v1","cost-directive","standard","answer_submitted","127","2026-09-05T14:07:56.941Z","2026-09-05 14:07:57","68486","2","84","minimum_efficient_scale","LO7.5","application","easy","0","0","994","1","","","","","0","0","1","19","","","19","7","0.3684210526315789","0","{""selectionReason"":""non-engaged"",""weaknessEstimate"":[{""key"":""fixed_variable_costs"",""attempts"":1,""accuracy"":0},{""key"":""efficiency_business_value"",""attempts"":1,""accuracy"":0},{""key"":""economies_of_scope"",""attempts"":1,""accuracy"":0},{""key"":""value_gap_opportunities"",""attempts"":1,""accuracy"":0},{""key"":""minimum_efficient_scale"",""attempts"":1,""accuracy"":0}],""sourceEvent"":""rapid_guessing"",""sourceRunId"":""1788617208453-z6vbwi"",""lifecycleReason"":"""",""acceptedAttempt"":false}","1788617208453-z6vbwi","","","","","","","","","","","","","","","","","","","","","","","","","","","","","994"
"5751065d-6842-4789-940c-e36d20125f02","1c8bb8cb-2690-48b0-9004-6c314e90c83b","d59f334b-72b3-4be1-ad44-c19a56d2b3d6","managerial-directorate-telemetry-poc","2026.09.05-poc2","1","phaseAnonymousTelemetryPOC-v1","cost-directive","standard","answer_evaluated","128","2026-09-05T14:07:56.941Z","2026-09-05 14:07:57","68486","2","84","minimum_efficient_scale","LO7.5","application","easy","0","0","994","1","","","","","0","0","1","19","","","19","7","0.3684210526315789","0","{""selectionReason"":""non-engaged"",""weaknessEstimate"":[{""key"":""fixed_variable_costs"",""attempts"":1,""accuracy"":0},{""key"":""efficiency_business_value"",""attempts"":1,""accuracy"":0},{""key"":""economies_of_scope"",""attempts"":1,""accuracy"":0},{""key"":""value_gap_opportunities"",""attempts"":1,""accuracy"":0},{""key"":""minimum_efficient_scale"",""attempts"":1,""accuracy"":0}],""sourceEvent"":""rapid_guessing"",""sourceRunId"":""1788617208453-z6vbwi"",""lifecycleReason"":"""",""acceptedAttempt"":false}","1788617208453-z6vbwi","","false","","","","","","","","","","","","","","","","","","","","","","","","","","","994"
"58b3f34d-fdde-48ef-8abd-69aa3e9c11b3","1c8bb8cb-2690-48b0-9004-6c314e90c83b","d59f334b-72b3-4be1-ad44-c19a56d2b3d6","managerial-directorate-telemetry-poc","2026.09.05-poc2","1","phaseAnonymousTelemetryPOC-v1","cost-directive","standard","feedback_shown","129","2026-09-05T14:07:56.941Z","2026-09-05 14:07:57","68486","2","84","minimum_efficient_scale","LO7.5","application","easy","0","0","994","1","","","","","0","0","1","19","","","19","7","0.3684210526315789","0","{""selectionReason"":""non-engaged"",""weaknessEstimate"":[{""key"":""fixed_variable_costs"",""attempts"":1,""accuracy"":0},{""key"":""efficiency_business_value"",""attempts"":1,""accuracy"":0},{""key"":""economies_of_scope"",""attempts"":1,""accuracy"":0},{""key"":""value_gap_opportunities"",""attempts"":1,""accuracy"":0},{""key"":""minimum_efficient_scale"",""attempts"":1,""accuracy"":0}],""sourceEvent"":""rapid_guessing"",""sourceRunId"":""1788617208453-z6vbwi"",""lifecycleReason"":"""",""acceptedAttempt"":false}","1788617208453-z6vbwi","","","","","","","","","","","","","","","","","","","","","","","","","","","","","994"
"cbb510eb-9c8f-4318-8957-0076d3fcabbd","1c8bb8cb-2690-48b0-9004-6c314e90c83b","d59f334b-72b3-4be1-ad44-c19a56d2b3d6","managerial-directorate-telemetry-poc","2026.09.05-poc2","1","phaseAnonymousTelemetryPOC-v1","cost-directive","standard","rapid_guess_detected","130","2026-09-05T14:07:56.941Z","2026-09-05 14:07:57","68486","2","84","minimum_efficient_scale","LO7.5","application","easy","0","0","994","1","","","","","0","0","1","19","","","19","7","0.3684210526315789","0","{""selectionReason"":""non-engaged"",""weaknessEstimate"":[{""key"":""fixed_variable_costs"",""attempts"":1,""accuracy"":0},{""key"":""efficiency_business_value"",""attempts"":1,""accuracy"":0},{""key"":""economies_of_scope"",""attempts"":1,""accuracy"":0},{""key"":""value_gap_opportunities"",""attempts"":1,""accuracy"":0},{""key"":""minimum_efficient_scale"",""attempts"":1,""accuracy"":0}],""sourceEvent"":""rapid_guessing"",""sourceRunId"":""1788617208453-z6vbwi"",""lifecycleReason"":"""",""acceptedAttempt"":false}","1788617208453-z6vbwi","","","","","","","","","","","","","","","","","","","","","","","","","","","","","994"
"11beb776-0fe3-4c68-8af6-20b3d875c73f","1ea528b8-7354-4571-b7a9-945fcf694038","d59f334b-72b3-4be1-ad44-c19a56d2b3d6","managerial-directorate-telemetry-poc","2026.09.05-poc2","1","phaseAnonymousTelemetryPOC-v1","cost-directive","score","mode_selected","1","2026-09-05T14:09:19.528Z","2026-09-05 14:09:19","0","0","","","","","","","","0","0","","","","","0","0","0","0","","","0","0","0","0","{""selectionReason"":""new-run"",""weaknessEstimate"":[],""sourceEvent"":""start"",""sourceRunId"":""1788617359527-dhuei4"",""lifecycleReason"":""""}","1788617359527-dhuei4","","","","","","","","","","","","","","","","","","","","","","","","","","","","","0"
"be8427e2-db25-41c6-a9d7-28013841a25a","1ea528b8-7354-4571-b7a9-945fcf694038","d59f334b-72b3-4be1-ad44-c19a56d2b3d6","managerial-directorate-telemetry-poc","2026.09.05-poc2","1","phaseAnonymousTelemetryPOC-v1","cost-directive","score","run_started","2","2026-09-05T14:09:19.528Z","2026-09-05 14:09:19","0","0","","","","","","","","0","0","","","","","0","0","0","0","","","0","0","0","0","{""selectionReason"":""new-run"",""weaknessEstimate"":[],""sourceEvent"":""start"",""sourceRunId"":""1788617359527-dhuei4"",""lifecycleReason"":""""}","1788617359527-dhuei4","","","","","","","","","","","","","","","","","","","","","","","","","","","","","0"
"90e3f4db-cedb-45ef-9401-dbb9434ff7bc","1ea528b8-7354-4571-b7a9-945fcf694038","d59f334b-72b3-4be1-ad44-c19a56d2b3d6","managerial-directorate-telemetry-poc","2026.09.05-poc2","1","phaseAnonymousTelemetryPOC-v1","cost-directive","score","question_shown","3","2026-09-05T14:09:19.537Z","2026-09-05 14:09:19","9","1","26","value_gap_opportunities","LO2.4","application","easy","","","0","0","","","","","0","0","0","0","","","0","0","0","0","{""selectionReason"":""support"",""weaknessEstimate"":[],""sourceEvent"":"""",""sourceRunId"":""1788617359527-dhuei4"",""lifecycleReason"":""""}","1788617359527-dhuei4","","","","","","","","","","","","","","","","","","","","","","","","","","","","","0"
"8d7ceda0-8c43-43ac-b0d1-9af502617412","1ea528b8-7354-4571-b7a9-945fcf694038","d59f334b-72b3-4be1-ad44-c19a56d2b3d6","managerial-directorate-telemetry-poc","2026.09.05-poc2","1","phaseAnonymousTelemetryPOC-v1","cost-directive","score","answer_submitted","4","2026-09-05T14:09:24.153Z","2026-09-05 14:09:24","4625","1","26","value_gap_opportunities","LO2.4","application","easy","2","1","4623","0","","","","","0","140","1","1","","","1","0","0","0","{""selectionReason"":""support"",""weaknessEstimate"":[{""key"":""value_gap_opportunities"",""attempts"":1,""accuracy"":1}],""sourceEvent"":""question"",""sourceRunId"":""1788617359527-dhuei4"",""lifecycleReason"":"""",""acceptedAttempt"":true}","1788617359527-dhuei4","","","","","","","","","","","","","","","","","","","","","","","","","","","","","4623"
"d9b4ed06-17a5-4dcb-846d-d146923b05ca","1ea528b8-7354-4571-b7a9-945fcf694038","d59f334b-72b3-4be1-ad44-c19a56d2b3d6","managerial-directorate-telemetry-poc","2026.09.05-poc2","1","phaseAnonymousTelemetryPOC-v1","cost-directive","score","answer_evaluated","5","2026-09-05T14:09:24.153Z","2026-09-05 14:09:24","4625","1","26","value_gap_opportunities","LO2.4","application","easy","2","1","4623","0","","","","","0","140","1","1","","","1","0","0","0","{""selectionReason"":""support"",""weaknessEstimate"":[{""key"":""value_gap_opportunities"",""attempts"":1,""accuracy"":1}],""sourceEvent"":""question"",""sourceRunId"":""1788617359527-dhuei4"",""lifecycleReason"":"""",""acceptedAttempt"":true}","1788617359527-dhuei4","","true","","","","","","","","","","","","","","","","","","","","","","","","","","","4623"
"91fa6d7f-ece6-4a25-b82a-e4e08a3d1765","1ea528b8-7354-4571-b7a9-945fcf694038","d59f334b-72b3-4be1-ad44-c19a56d2b3d6","managerial-directorate-telemetry-poc","2026.09.05-poc2","1","phaseAnonymousTelemetryPOC-v1","cost-directive","score","feedback_shown","6","2026-09-05T14:09:24.153Z","2026-09-05 14:09:24","4625","1","26","value_gap_opportunities","LO2.4","application","easy","2","1","4623","0","","","","","0","140","1","1","","","1","0","0","0","{""selectionReason"":""support"",""weaknessEstimate"":[{""key"":""value_gap_opportunities"",""attempts"":1,""accuracy"":1}],""sourceEvent"":""question"",""sourceRunId"":""1788617359527-dhuei4"",""lifecycleReason"":"""",""acceptedAttempt"":true}","1788617359527-dhuei4","","","","","","","","","","","","","","","","","","","","","","","","","","","","","4623"
"ec77df5c-8bf5-4d17-867d-6855e8e66c9b","1ea528b8-7354-4571-b7a9-945fcf694038","d59f334b-72b3-4be1-ad44-c19a56d2b3d6","managerial-directorate-telemetry-poc","2026.09.05-poc2","1","phaseAnonymousTelemetryPOC-v1","cost-directive","score","score_changed","7","2026-09-05T14:09:24.153Z","2026-09-05 14:09:24","4625","1","26","value_gap_opportunities","LO2.4","application","easy","2","1","4623","0","","","","","0","140","1","1","","","1","0","0","0","{""selectionReason"":""support"",""weaknessEstimate"":[{""key"":""value_gap_opportunities"",""attempts"":1,""accuracy"":1}],""sourceEvent"":""question"",""sourceRunId"":""1788617359527-dhuei4"",""lifecycleReason"":"""",""acceptedAttempt"":true}","1788617359527-dhuei4","","","","","","","","","","","","","","","","","","","","","","","","","","","","","4623"
"a383a32f-7819-49e9-b034-d2d6a0d7b6d7","1ea528b8-7354-4571-b7a9-945fcf694038","d59f334b-72b3-4be1-ad44-c19a56d2b3d6","managerial-directorate-telemetry-poc","2026.09.05-poc2","1","phaseAnonymousTelemetryPOC-v1","cost-directive","score","streak_changed","8","2026-09-05T14:09:24.153Z","2026-09-05 14:09:24","4625","1","26","value_gap_opportunities","LO2.4","application","easy","2","1","4623","0","","","","","0","140","1","1","","","1","0","0","0","{""selectionReason"":""support"",""weaknessEstimate"":[{""key"":""value_gap_opportunities"",""attempts"":1,""accuracy"":1}],""sourceEvent"":""question"",""sourceRunId"":""1788617359527-dhuei4"",""lifecycleReason"":"""",""acceptedAttempt"":true}","1788617359527-dhuei4","","","","","","","","","","","","","","","","","","","","","","","","","","","","","4623"
"911a6572-fbd2-46cb-8f62-66249e307226","1ea528b8-7354-4571-b7a9-945fcf694038","d59f334b-72b3-4be1-ad44-c19a56d2b3d6","managerial-directorate-telemetry-poc","2026.09.05-poc2","1","phaseAnonymousTelemetryPOC-v1","cost-directive","score","room_advanced","9","2026-09-05T14:09:26.684Z","2026-09-05 14:09:26","7156","2","60","ac_mc_mr_calculation","LO4.2","calculation","easy","","","0","0","","","","","0","140","1","1","","","1","1","1","0","{""selectionReason"":""diversify"",""weaknessEstimate"":[{""key"":""value_gap_opportunities"",""attempts"":1,""accuracy"":1}],""sourceEvent"":"""",""sourceRunId"":""1788617359527-dhuei4"",""lifecycleReason"":""""}","1788617359527-dhuei4","","","","","","","","","","","","","","","","","","","","","","","","","","","","","0"
"ec6008c1-5f7c-41c9-a2a3-43b4a85d15af","1ea528b8-7354-4571-b7a9-945fcf694038","d59f334b-72b3-4be1-ad44-c19a56d2b3d6","managerial-directorate-telemetry-poc","2026.09.05-poc2","1","phaseAnonymousTelemetryPOC-v1","cost-directive","score","question_shown","10","2026-09-05T14:09:26.684Z","2026-09-05 14:09:26","7156","2","60","ac_mc_mr_calculation","LO4.2","calculation","easy","","","0","0","","","","","0","140","1","1","","","1","1","1","0","{""selectionReason"":""diversify"",""weaknessEstimate"":[{""key"":""value_gap_opportunities"",""attempts"":1,""accuracy"":1}],""sourceEvent"":"""",""sourceRunId"":""1788617359527-dhuei4"",""lifecycleReason"":""""}","1788617359527-dhuei4","","","","","","","","","","","","","","","","","","","","","","","","","","","","","0"
"50c06625-e555-4d24-a484-44c7300808f3","1ea528b8-7354-4571-b7a9-945fcf694038","d59f334b-72b3-4be1-ad44-c19a56d2b3d6","managerial-directorate-telemetry-poc","2026.09.05-poc2","1","phaseAnonymousTelemetryPOC-v1","cost-directive","score","answer_submitted","11","2026-09-05T14:09:27.284Z","2026-09-05 14:09:27","7756","2","60","ac_mc_mr_calculation","LO4.2","calculation","easy","0","0","599","0","","","","","0","15","0","2","","","2","1","0.5","0","{""selectionReason"":""diversify"",""weaknessEstimate"":[{""key"":""ac_mc_mr_calculation"",""attempts"":1,""accuracy"":0},{""key"":""value_gap_opportunities"",""attempts"":1,""accuracy"":1}],""sourceEvent"":""question"",""sourceRunId"":""1788617359527-dhuei4"",""lifecycleReason"":"""",""acceptedAttempt"":true}","1788617359527-dhuei4","","","","","","","","","","","","","","","","","","","","","","","","","","","","","599"
"94e3056a-5e8a-471f-9127-22132be685de","1ea528b8-7354-4571-b7a9-945fcf694038","d59f334b-72b3-4be1-ad44-c19a56d2b3d6","managerial-directorate-telemetry-poc","2026.09.05-poc2","1","phaseAnonymousTelemetryPOC-v1","cost-directive","score","answer_evaluated","12","2026-09-05T14:09:27.285Z","2026-09-05 14:09:27","7756","2","60","ac_mc_mr_calculation","LO4.2","calculation","easy","0","0","599","0","","","","","0","15","0","2","","","2","1","0.5","0","{""selectionReason"":""diversify"",""weaknessEstimate"":[{""key"":""ac_mc_mr_calculation"",""attempts"":1,""accuracy"":0},{""key"":""value_gap_opportunities"",""attempts"":1,""accuracy"":1}],""sourceEvent"":""question"",""sourceRunId"":""1788617359527-dhuei4"",""lifecycleReason"":"""",""acceptedAttempt"":true}","1788617359527-dhuei4","","true","","","","","","","","","","","","","","","","","","","","","","","","","","","599"
"9ba29a60-b207-4aeb-90c1-9bbd6df314bc","1ea528b8-7354-4571-b7a9-945fcf694038","d59f334b-72b3-4be1-ad44-c19a56d2b3d6","managerial-directorate-telemetry-poc","2026.09.05-poc2","1","phaseAnonymousTelemetryPOC-v1","cost-directive","score","feedback_shown","13","2026-09-05T14:09:27.285Z","2026-09-05 14:09:27","7756","2","60","ac_mc_mr_calculation","LO4.2","calculation","easy","0","0","599","0","","","","","0","15","0","2","","","2","1","0.5","0","{""selectionReason"":""diversify"",""weaknessEstimate"":[{""key"":""ac_mc_mr_calculation"",""attempts"":1,""accuracy"":0},{""key"":""value_gap_opportunities"",""attempts"":1,""accuracy"":1}],""sourceEvent"":""question"",""sourceRunId"":""1788617359527-dhuei4"",""lifecycleReason"":"""",""acceptedAttempt"":true}","1788617359527-dhuei4","","","","","","","","","","","","","","","","","","","","","","","","","","","","","599"
"3554b75b-a96b-4b9a-9d3f-e4fc67d8a2cd","1ea528b8-7354-4571-b7a9-945fcf694038","d59f334b-72b3-4be1-ad44-c19a56d2b3d6","managerial-directorate-telemetry-poc","2026.09.05-poc2","1","phaseAnonymousTelemetryPOC-v1","cost-directive","score","score_changed","14","2026-09-05T14:09:27.285Z","2026-09-05 14:09:27","7756","2","60","ac_mc_mr_calculation","LO4.2","calculation","easy","0","0","599","0","","","","","0","15","0","2","","","2","1","0.5","0","{""selectionReason"":""diversify"",""weaknessEstimate"":[{""key"":""ac_mc_mr_calculation"",""attempts"":1,""accuracy"":0},{""key"":""value_gap_opportunities"",""attempts"":1,""accuracy"":1}],""sourceEvent"":""question"",""sourceRunId"":""1788617359527-dhuei4"",""lifecycleReason"":"""",""acceptedAttempt"":true}","1788617359527-dhuei4","","","","","","","","","","","","","","","","","","","","","","","","","","","","","599"
"30f4cfd2-2924-472e-8fc1-f9d83fdfd43a","1ea528b8-7354-4571-b7a9-945fcf694038","d59f334b-72b3-4be1-ad44-c19a56d2b3d6","managerial-directorate-telemetry-poc","2026.09.05-poc2","1","phaseAnonymousTelemetryPOC-v1","cost-directive","score","streak_changed","15","2026-09-05T14:09:27.285Z","2026-09-05 14:09:27","7756","2","60","ac_mc_mr_calculation","LO4.2","calculation","easy","0","0","599","0","","","","","0","15","0","2","","","2","1","0.5","0","{""selectionReason"":""diversify"",""weaknessEstimate"":[{""key"":""ac_mc_mr_calculation"",""attempts"":1,""accuracy"":0},{""key"":""value_gap_opportunities"",""attempts"":1,""accuracy"":1}],""sourceEvent"":""question"",""sourceRunId"":""1788617359527-dhuei4"",""lifecycleReason"":"""",""acceptedAttempt"":true}","1788617359527-dhuei4","","","","","","","","","","","","","","","","","","","","","","","","","","","","","599"
"945dfc97-ea7a-438e-9f16-e51a08bc9287","1ea528b8-7354-4571-b7a9-945fcf694038","d59f334b-72b3-4be1-ad44-c19a56d2b3d6","managerial-directorate-telemetry-poc","2026.09.05-poc2","1","phaseAnonymousTelemetryPOC-v1","cost-directive","score","question_shown","16","2026-09-05T14:09:28.818Z","2026-09-05 14:09:28","9290","1","41","fixed_variable_costs","LO3.3","identification","easy","","","0","0","","","","","0","15","0","2","","","2","1","0.5","0","{""selectionReason"":""repair"",""weaknessEstimate"":[{""key"":""ac_mc_mr_calculation"",""attempts"":1,""accuracy"":0},{""key"":""value_gap_opportunities"",""attempts"":1,""accuracy"":1}],""sourceEvent"":"""",""sourceRunId"":""1788617359527-dhuei4"",""lifecycleReason"":""""}","1788617359527-dhuei4","","","","","","","","","","","","","","","","","","","","","","","","","","","","","0"
"d26c99b3-726b-4f81-942e-ecb3b033bf1f","1ea528b8-7354-4571-b7a9-945fcf694038","d59f334b-72b3-4be1-ad44-c19a56d2b3d6","managerial-directorate-telemetry-poc","2026.09.05-poc2","1","phaseAnonymousTelemetryPOC-v1","cost-directive","score","answer_submitted","17","2026-09-05T14:09:31.948Z","2026-09-05 14:09:32","12419","1","41","fixed_variable_costs","LO3.3","identification","easy","2","1","3138","0","","","","","0","155","1","3","","","3","1","0.3333333333333333","0","{""selectionReason"":""repair"",""weaknessEstimate"":[{""key"":""ac_mc_mr_calculation"",""attempts"":1,""accuracy"":0},{""key"":""value_gap_opportunities"",""attempts"":1,""accuracy"":1},{""key"":""fixed_variable_costs"",""attempts"":1,""accuracy"":1}],""sourceEvent"":""question"",""sourceRunId"":""1788617359527-dhuei4"",""lifecycleReason"":"""",""acceptedAttempt"":true}","1788617359527-dhuei4","","","","","","","","","","","","","","","","","","","","","","","","","","","","","3138"
"3de4c619-5d5d-4ab4-bca5-7e18bb5ab989","1ea528b8-7354-4571-b7a9-945fcf694038","d59f334b-72b3-4be1-ad44-c19a56d2b3d6","managerial-directorate-telemetry-poc","2026.09.05-poc2","1","phaseAnonymousTelemetryPOC-v1","cost-directive","score","answer_evaluated","18","2026-09-05T14:09:31.948Z","2026-09-05 14:09:32","12419","1","41","fixed_variable_costs","LO3.3","identification","easy","2","1","3138","0","","","","","0","155","1","3","","","3","1","0.3333333333333333","0","{""selectionReason"":""repair"",""weaknessEstimate"":[{""key"":""ac_mc_mr_calculation"",""attempts"":1,""accuracy"":0},{""key"":""value_gap_opportunities"",""attempts"":1,""accuracy"":1},{""key"":""fixed_variable_costs"",""attempts"":1,""accuracy"":1}],""sourceEvent"":""question"",""sourceRunId"":""1788617359527-dhuei4"",""lifecycleReason"":"""",""acceptedAttempt"":true}","1788617359527-dhuei4","","true","","","","","","","","","","","","","","","","","","","","","","","","","","","3138"
"82698e40-711d-4c68-a4ab-46bc7ff5c065","1ea528b8-7354-4571-b7a9-945fcf694038","d59f334b-72b3-4be1-ad44-c19a56d2b3d6","managerial-directorate-telemetry-poc","2026.09.05-poc2","1","phaseAnonymousTelemetryPOC-v1","cost-directive","score","feedback_shown","19","2026-09-05T14:09:31.948Z","2026-09-05 14:09:32","12419","1","41","fixed_variable_costs","LO3.3","identification","easy","2","1","3138","0","","","","","0","155","1","3","","","3","1","0.3333333333333333","0","{""selectionReason"":""repair"",""weaknessEstimate"":[{""key"":""ac_mc_mr_calculation"",""attempts"":1,""accuracy"":0},{""key"":""value_gap_opportunities"",""attempts"":1,""accuracy"":1},{""key"":""fixed_variable_costs"",""attempts"":1,""accuracy"":1}],""sourceEvent"":""question"",""sourceRunId"":""1788617359527-dhuei4"",""lifecycleReason"":"""",""acceptedAttempt"":true}","1788617359527-dhuei4","","","","","","","","","","","","","","","","","","","","","","","","","","","","","3138"
"843b60cb-e309-4f13-8420-4fafbb194f15","1ea528b8-7354-4571-b7a9-945fcf694038","d59f334b-72b3-4be1-ad44-c19a56d2b3d6","managerial-directorate-telemetry-poc","2026.09.05-poc2","1","phaseAnonymousTelemetryPOC-v1","cost-directive","score","score_changed","20","2026-09-05T14:09:31.948Z","2026-09-05 14:09:32","12419","1","41","fixed_variable_costs","LO3.3","identification","easy","2","1","3138","0","","","","","0","155","1","3","","","3","1","0.3333333333333333","0","{""selectionReason"":""repair"",""weaknessEstimate"":[{""key"":""ac_mc_mr_calculation"",""attempts"":1,""accuracy"":0},{""key"":""value_gap_opportunities"",""attempts"":1,""accuracy"":1},{""key"":""fixed_variable_costs"",""attempts"":1,""accuracy"":1}],""sourceEvent"":""question"",""sourceRunId"":""1788617359527-dhuei4"",""lifecycleReason"":"""",""acceptedAttempt"":true}","1788617359527-dhuei4","","","","","","","","","","","","","","","","","","","","","","","","","","","","","3138"
"b5c39a48-3ae1-45d5-b297-66cd1e7fce98","1ea528b8-7354-4571-b7a9-945fcf694038","d59f334b-72b3-4be1-ad44-c19a56d2b3d6","managerial-directorate-telemetry-poc","2026.09.05-poc2","1","phaseAnonymousTelemetryPOC-v1","cost-directive","score","streak_changed","21","2026-09-05T14:09:31.948Z","2026-09-05 14:09:32","12419","1","41","fixed_variable_costs","LO3.3","identification","easy","2","1","3138","0","","","","","0","155","1","3","","","3","1","0.3333333333333333","0","{""selectionReason"":""repair"",""weaknessEstimate"":[{""key"":""ac_mc_mr_calculation"",""attempts"":1,""accuracy"":0},{""key"":""value_gap_opportunities"",""attempts"":1,""accuracy"":1},{""key"":""fixed_variable_costs"",""attempts"":1,""accuracy"":1}],""sourceEvent"":""question"",""sourceRunId"":""1788617359527-dhuei4"",""lifecycleReason"":"""",""acceptedAttempt"":true}","1788617359527-dhuei4","","","","","","","","","","","","","","","","","","","","","","","","","","","","","3138"
"91ec1757-85e8-4200-88df-815159984b9d","1ea528b8-7354-4571-b7a9-945fcf694038","d59f334b-72b3-4be1-ad44-c19a56d2b3d6","managerial-directorate-telemetry-poc","2026.09.05-poc2","1","phaseAnonymousTelemetryPOC-v1","cost-directive","score","room_advanced","22","2026-09-05T14:09:34.488Z","2026-09-05 14:09:34","14960","2","43","accounting_economic_profit","LO3.4","definition","easy","","","0","0","","","","","0","155","1","3","","","3","2","0.6666666666666666","0","{""selectionReason"":""confirm"",""weaknessEstimate"":[{""key"":""ac_mc_mr_calculation"",""attempts"":1,""accuracy"":0},{""key"":""value_gap_opportunities"",""attempts"":1,""accuracy"":1},{""key"":""fixed_variable_costs"",""attempts"":1,""accuracy"":1}],""sourceEvent"":"""",""sourceRunId"":""1788617359527-dhuei4"",""lifecycleReason"":""""}","1788617359527-dhuei4","","","","","","","","","","","","","","","","","","","","","","","","","","","","","0"
"c2c2bead-bc1d-4e52-8e2b-0f6104180952","1ea528b8-7354-4571-b7a9-945fcf694038","d59f334b-72b3-4be1-ad44-c19a56d2b3d6","managerial-directorate-telemetry-poc","2026.09.05-poc2","1","phaseAnonymousTelemetryPOC-v1","cost-directive","score","question_shown","23","2026-09-05T14:09:34.488Z","2026-09-05 14:09:34","14960","2","43","accounting_economic_profit","LO3.4","definition","easy","","","0","0","","","","","0","155","1","3","","","3","2","0.6666666666666666","0","{""selectionReason"":""confirm"",""weaknessEstimate"":[{""key"":""ac_mc_mr_calculation"",""attempts"":1,""accuracy"":0},{""key"":""value_gap_opportunities"",""attempts"":1,""accuracy"":1},{""key"":""fixed_variable_costs"",""attempts"":1,""accuracy"":1}],""sourceEvent"":"""",""sourceRunId"":""1788617359527-dhuei4"",""lifecycleReason"":""""}","1788617359527-dhuei4","","","","","","","","","","","","","","","","","","","","","","","","","","","","","0"
"6882f7db-dd00-471c-81c6-753e9d45db07","1ea528b8-7354-4571-b7a9-945fcf694038","d59f334b-72b3-4be1-ad44-c19a56d2b3d6","managerial-directorate-telemetry-poc","2026.09.05-poc2","1","phaseAnonymousTelemetryPOC-v1","cost-directive","score","answer_submitted","24","2026-09-05T14:09:37.921Z","2026-09-05 14:09:37","18392","2","43","accounting_economic_profit","LO3.4","definition","easy","1","1","3434","0","","","","","0","305","2","4","","","4","2","0.5","0","{""selectionReason"":""confirm"",""weaknessEstimate"":[{""key"":""ac_mc_mr_calculation"",""attempts"":1,""accuracy"":0},{""key"":""value_gap_opportunities"",""attempts"":1,""accuracy"":1},{""key"":""fixed_variable_costs"",""attempts"":1,""accuracy"":1},{""key"":""accounting_economic_profit"",""attempts"":1,""accuracy"":1}],""sourceEvent"":""question"",""sourceRunId"":""1788617359527-dhuei4"",""lifecycleReason"":"""",""acceptedAttempt"":true}","1788617359527-dhuei4","","","","","","","","","","","","","","","","","","","","","","","","","","","","","3434"
"296f6e84-0853-474b-8753-5ce3fda5636e","1ea528b8-7354-4571-b7a9-945fcf694038","d59f334b-72b3-4be1-ad44-c19a56d2b3d6","managerial-directorate-telemetry-poc","2026.09.05-poc2","1","phaseAnonymousTelemetryPOC-v1","cost-directive","score","answer_evaluated","25","2026-09-05T14:09:37.921Z","2026-09-05 14:09:37","18392","2","43","accounting_economic_profit","LO3.4","definition","easy","1","1","3434","0","","","","","0","305","2","4","","","4","2","0.5","0","{""selectionReason"":""confirm"",""weaknessEstimate"":[{""key"":""ac_mc_mr_calculation"",""attempts"":1,""accuracy"":0},{""key"":""value_gap_opportunities"",""attempts"":1,""accuracy"":1},{""key"":""fixed_variable_costs"",""attempts"":1,""accuracy"":1},{""key"":""accounting_economic_profit"",""attempts"":1,""accuracy"":1}],""sourceEvent"":""question"",""sourceRunId"":""1788617359527-dhuei4"",""lifecycleReason"":"""",""acceptedAttempt"":true}","1788617359527-dhuei4","","true","","","","","","","","","","","","","","","","","","","","","","","","","","","3434"
"af7647d9-8a88-4f30-8594-f2ef18d0cfb8","1ea528b8-7354-4571-b7a9-945fcf694038","d59f334b-72b3-4be1-ad44-c19a56d2b3d6","managerial-directorate-telemetry-poc","2026.09.05-poc2","1","phaseAnonymousTelemetryPOC-v1","cost-directive","score","feedback_shown","26","2026-09-05T14:09:37.921Z","2026-09-05 14:09:37","18392","2","43","accounting_economic_profit","LO3.4","definition","easy","1","1","3434","0","","","","","0","305","2","4","","","4","2","0.5","0","{""selectionReason"":""confirm"",""weaknessEstimate"":[{""key"":""ac_mc_mr_calculation"",""attempts"":1,""accuracy"":0},{""key"":""value_gap_opportunities"",""attempts"":1,""accuracy"":1},{""key"":""fixed_variable_costs"",""attempts"":1,""accuracy"":1},{""key"":""accounting_economic_profit"",""attempts"":1,""accuracy"":1}],""sourceEvent"":""question"",""sourceRunId"":""1788617359527-dhuei4"",""lifecycleReason"":"""",""acceptedAttempt"":true}","1788617359527-dhuei4","","","","","","","","","","","","","","","","","","","","","","","","","","","","","3434"
"6578d614-1249-499d-8167-acda83176faf","1ea528b8-7354-4571-b7a9-945fcf694038","d59f334b-72b3-4be1-ad44-c19a56d2b3d6","managerial-directorate-telemetry-poc","2026.09.05-poc2","1","phaseAnonymousTelemetryPOC-v1","cost-directive","score","score_changed","27","2026-09-05T14:09:37.921Z","2026-09-05 14:09:37","18392","2","43","accounting_economic_profit","LO3.4","definition","easy","1","1","3434","0","","","","","0","305","2","4","","","4","2","0.5","0","{""selectionReason"":""confirm"",""weaknessEstimate"":[{""key"":""ac_mc_mr_calculation"",""attempts"":1,""accuracy"":0},{""key"":""value_gap_opportunities"",""attempts"":1,""accuracy"":1},{""key"":""fixed_variable_costs"",""attempts"":1,""accuracy"":1},{""key"":""accounting_economic_profit"",""attempts"":1,""accuracy"":1}],""sourceEvent"":""question"",""sourceRunId"":""1788617359527-dhuei4"",""lifecycleReason"":"""",""acceptedAttempt"":true}","1788617359527-dhuei4","","","","","","","","","","","","","","","","","","","","","","","","","","","","","3434"
"44cf14c9-24c7-44fd-95da-0c81389e88b9","1ea528b8-7354-4571-b7a9-945fcf694038","d59f334b-72b3-4be1-ad44-c19a56d2b3d6","managerial-directorate-telemetry-poc","2026.09.05-poc2","1","phaseAnonymousTelemetryPOC-v1","cost-directive","score","streak_changed","28","2026-09-05T14:09:37.921Z","2026-09-05 14:09:37","18392","2","43","accounting_economic_profit","LO3.4","definition","easy","1","1","3434","0","","","","","0","305","2","4","","","4","2","0.5","0","{""selectionReason"":""confirm"",""weaknessEstimate"":[{""key"":""ac_mc_mr_calculation"",""attempts"":1,""accuracy"":0},{""key"":""value_gap_opportunities"",""attempts"":1,""accuracy"":1},{""key"":""fixed_variable_costs"",""attempts"":1,""accuracy"":1},{""key"":""accounting_economic_profit"",""attempts"":1,""accuracy"":1}],""sourceEvent"":""question"",""sourceRunId"":""1788617359527-dhuei4"",""lifecycleReason"":"""",""acceptedAttempt"":true}","1788617359527-dhuei4","","","","","","","","","","","","","","","","","","","","","","","","","","","","","3434"
"081688d0-bd7c-4ae9-9413-abf7af7262e4","1ea528b8-7354-4571-b7a9-945fcf694038","d59f334b-72b3-4be1-ad44-c19a56d2b3d6","managerial-directorate-telemetry-poc","2026.09.05-poc2","1","phaseAnonymousTelemetryPOC-v1","cost-directive","score","room_advanced","29","2026-09-05T14:09:40.463Z","2026-09-05 14:09:40","20935","3","83","minimum_efficient_scale","LO7.5","definition","easy","","","0","0","","","","","0","305","2","4","","","4","3","0.75","0","{""selectionReason"":""confirm"",""weaknessEstimate"":[{""key"":""ac_mc_mr_calculation"",""attempts"":1,""accuracy"":0},{""key"":""value_gap_opportunities"",""attempts"":1,""accuracy"":1},{""key"":""fixed_variable_costs"",""attempts"":1,""accuracy"":1},{""key"":""accounting_economic_profit"",""attempts"":1,""accuracy"":1}],""sourceEvent"":"""",""sourceRunId"":""1788617359527-dhuei4"",""lifecycleReason"":""""}","1788617359527-dhuei4","","","","","","","","","","","","","","","","","","","","","","","","","","","","","0"
"f1d776e0-e72d-4b53-b4b5-dbe925d4411b","1ea528b8-7354-4571-b7a9-945fcf694038","d59f334b-72b3-4be1-ad44-c19a56d2b3d6","managerial-directorate-telemetry-poc","2026.09.05-poc2","1","phaseAnonymousTelemetryPOC-v1","cost-directive","score","question_shown","30","2026-09-05T14:09:40.463Z","2026-09-05 14:09:40","20935","3","83","minimum_efficient_scale","LO7.5","definition","easy","","","0","0","","","","","0","305","2","4","","","4","3","0.75","0","{""selectionReason"":""confirm"",""weaknessEstimate"":[{""key"":""ac_mc_mr_calculation"",""attempts"":1,""accuracy"":0},{""key"":""value_gap_opportunities"",""attempts"":1,""accuracy"":1},{""key"":""fixed_variable_costs"",""attempts"":1,""accuracy"":1},{""key"":""accounting_economic_profit"",""attempts"":1,""accuracy"":1}],""sourceEvent"":"""",""sourceRunId"":""1788617359527-dhuei4"",""lifecycleReason"":""""}","1788617359527-dhuei4","","","","","","","","","","","","","","","","","","","","","","","","","","","","","0"
"93cabd6f-aede-4765-b4eb-dff3a14365c5","1ea528b8-7354-4571-b7a9-945fcf694038","d59f334b-72b3-4be1-ad44-c19a56d2b3d6","managerial-directorate-telemetry-poc","2026.09.05-poc2","1","phaseAnonymousTelemetryPOC-v1","cost-directive","score","answer_submitted","31","2026-09-05T14:09:45.653Z","2026-09-05 14:09:45","26124","3","83","minimum_efficient_scale","LO7.5","definition","easy","3","1","5192","0","","","","","0","465","3","5","","","5","3","0.6","0","{""selectionReason"":""confirm"",""weaknessEstimate"":[{""key"":""ac_mc_mr_calculation"",""attempts"":1,""accuracy"":0},{""key"":""value_gap_opportunities"",""attempts"":1,""accuracy"":1},{""key"":""fixed_variable_costs"",""attempts"":1,""accuracy"":1},{""key"":""accounting_economic_profit"",""attempts"":1,""accuracy"":1},{""key"":""minimum_efficient_scale"",""attempts"":1,""accuracy"":1}],""sourceEvent"":""question"",""sourceRunId"":""1788617359527-dhuei4"",""lifecycleReason"":"""",""acceptedAttempt"":true}","1788617359527-dhuei4","","","","","","","","","","","","","","","","","","","","","","","","","","","","","5192"
"e27ed848-c15c-4583-9734-76e0ef34dac5","1ea528b8-7354-4571-b7a9-945fcf694038","d59f334b-72b3-4be1-ad44-c19a56d2b3d6","managerial-directorate-telemetry-poc","2026.09.05-poc2","1","phaseAnonymousTelemetryPOC-v1","cost-directive","score","answer_evaluated","32","2026-09-05T14:09:45.653Z","2026-09-05 14:09:45","26124","3","83","minimum_efficient_scale","LO7.5","definition","easy","3","1","5192","0","","","","","0","465","3","5","","","5","3","0.6","0","{""selectionReason"":""confirm"",""weaknessEstimate"":[{""key"":""ac_mc_mr_calculation"",""attempts"":1,""accuracy"":0},{""key"":""value_gap_opportunities"",""attempts"":1,""accuracy"":1},{""key"":""fixed_variable_costs"",""attempts"":1,""accuracy"":1},{""key"":""accounting_economic_profit"",""attempts"":1,""accuracy"":1},{""key"":""minimum_efficient_scale"",""attempts"":1,""accuracy"":1}],""sourceEvent"":""question"",""sourceRunId"":""1788617359527-dhuei4"",""lifecycleReason"":"""",""acceptedAttempt"":true}","1788617359527-dhuei4","","true","","","","","","","","","","","","","","","","","","","","","","","","","","","5192"
"48b587d3-fb5d-45a1-bdb5-dbdd3363a653","1ea528b8-7354-4571-b7a9-945fcf694038","d59f334b-72b3-4be1-ad44-c19a56d2b3d6","managerial-directorate-telemetry-poc","2026.09.05-poc2","1","phaseAnonymousTelemetryPOC-v1","cost-directive","score","feedback_shown","33","2026-09-05T14:09:45.653Z","2026-09-05 14:09:45","26124","3","83","minimum_efficient_scale","LO7.5","definition","easy","3","1","5192","0","","","","","0","465","3","5","","","5","3","0.6","0","{""selectionReason"":""confirm"",""weaknessEstimate"":[{""key"":""ac_mc_mr_calculation"",""attempts"":1,""accuracy"":0},{""key"":""value_gap_opportunities"",""attempts"":1,""accuracy"":1},{""key"":""fixed_variable_costs"",""attempts"":1,""accuracy"":1},{""key"":""accounting_economic_profit"",""attempts"":1,""accuracy"":1},{""key"":""minimum_efficient_scale"",""attempts"":1,""accuracy"":1}],""sourceEvent"":""question"",""sourceRunId"":""1788617359527-dhuei4"",""lifecycleReason"":"""",""acceptedAttempt"":true}","1788617359527-dhuei4","","","","","","","","","","","","","","","","","","","","","","","","","","","","","5192"
"b881ab6e-4f09-43c1-b92c-e2d04a53072b","1ea528b8-7354-4571-b7a9-945fcf694038","d59f334b-72b3-4be1-ad44-c19a56d2b3d6","managerial-directorate-telemetry-poc","2026.09.05-poc2","1","phaseAnonymousTelemetryPOC-v1","cost-directive","score","score_changed","34","2026-09-05T14:09:45.653Z","2026-09-05 14:09:45","26124","3","83","minimum_efficient_scale","LO7.5","definition","easy","3","1","5192","0","","","","","0","465","3","5","","","5","3","0.6","0","{""selectionReason"":""confirm"",""weaknessEstimate"":[{""key"":""ac_mc_mr_calculation"",""attempts"":1,""accuracy"":0},{""key"":""value_gap_opportunities"",""attempts"":1,""accuracy"":1},{""key"":""fixed_variable_costs"",""attempts"":1,""accuracy"":1},{""key"":""accounting_economic_profit"",""attempts"":1,""accuracy"":1},{""key"":""minimum_efficient_scale"",""attempts"":1,""accuracy"":1}],""sourceEvent"":""question"",""sourceRunId"":""1788617359527-dhuei4"",""lifecycleReason"":"""",""acceptedAttempt"":true}","1788617359527-dhuei4","","","","","","","","","","","","","","","","","","","","","","","","","","","","","5192"
"57412bd3-b4c6-4ea8-af27-050030b340d1","1ea528b8-7354-4571-b7a9-945fcf694038","d59f334b-72b3-4be1-ad44-c19a56d2b3d6","managerial-directorate-telemetry-poc","2026.09.05-poc2","1","phaseAnonymousTelemetryPOC-v1","cost-directive","score","streak_changed","35","2026-09-05T14:09:45.653Z","2026-09-05 14:09:45","26124","3","83","minimum_efficient_scale","LO7.5","definition","easy","3","1","5192","0","","","","","0","465","3","5","","","5","3","0.6","0","{""selectionReason"":""confirm"",""weaknessEstimate"":[{""key"":""ac_mc_mr_calculation"",""attempts"":1,""accuracy"":0},{""key"":""value_gap_opportunities"",""attempts"":1,""accuracy"":1},{""key"":""fixed_variable_costs"",""attempts"":1,""accuracy"":1},{""key"":""accounting_economic_profit"",""attempts"":1,""accuracy"":1},{""key"":""minimum_efficient_scale"",""attempts"":1,""accuracy"":1}],""sourceEvent"":""question"",""sourceRunId"":""1788617359527-dhuei4"",""lifecycleReason"":"""",""acceptedAttempt"":true}","1788617359527-dhuei4","","","","","","","","","","","","","","","","","","","","","","","","","","","","","5192"
"89283005-e2d0-4593-968d-de5731cb27a5","1ea528b8-7354-4571-b7a9-945fcf694038","d59f334b-72b3-4be1-ad44-c19a56d2b3d6","managerial-directorate-telemetry-poc","2026.09.05-poc2","1","phaseAnonymousTelemetryPOC-v1","cost-directive","score","room_advanced","36","2026-09-05T14:09:48.212Z","2026-09-05 14:09:48","28684","4","30","organization_wealth_creation","LO2.5","application","easy","","","0","0","","","","","0","465","3","5","","","5","4","0.8","0","{""selectionReason"":""diversify"",""weaknessEstimate"":[{""key"":""ac_mc_mr_calculation"",""attempts"":1,""accuracy"":0},{""key"":""value_gap_opportunities"",""attempts"":1,""accuracy"":1},{""key"":""fixed_variable_costs"",""attempts"":1,""accuracy"":1},{""key"":""accounting_economic_profit"",""attempts"":1,""accuracy"":1},{""key"":""minimum_efficient_scale"",""attempts"":1,""accuracy"":1}],""sourceEvent"":"""",""sourceRunId"":""1788617359527-dhuei4"",""lifecycleReason"":""""}","1788617359527-dhuei4","","","","","","","","","","","","","","","","","","","","","","","","","","","","","0"
"f7152358-7b8f-4c11-855f-392b9be7fbc1","1ea528b8-7354-4571-b7a9-945fcf694038","d59f334b-72b3-4be1-ad44-c19a56d2b3d6","managerial-directorate-telemetry-poc","2026.09.05-poc2","1","phaseAnonymousTelemetryPOC-v1","cost-directive","score","question_shown","37","2026-09-05T14:09:48.212Z","2026-09-05 14:09:48","28684","4","30","organization_wealth_creation","LO2.5","application","easy","","","0","0","","","","","0","465","3","5","","","5","4","0.8","0","{""selectionReason"":""diversify"",""weaknessEstimate"":[{""key"":""ac_mc_mr_calculation"",""attempts"":1,""accuracy"":0},{""key"":""value_gap_opportunities"",""attempts"":1,""accuracy"":1},{""key"":""fixed_variable_costs"",""attempts"":1,""accuracy"":1},{""key"":""accounting_economic_profit"",""attempts"":1,""accuracy"":1},{""key"":""minimum_efficient_scale"",""attempts"":1,""accuracy"":1}],""sourceEvent"":"""",""sourceRunId"":""1788617359527-dhuei4"",""lifecycleReason"":""""}","1788617359527-dhuei4","","","","","","","","","","","","","","","","","","","","","","","","","","","","","0"
"462e2f9c-6036-44af-8015-437ef8aa9fe0","1ea528b8-7354-4571-b7a9-945fcf694038","d59f334b-72b3-4be1-ad44-c19a56d2b3d6","managerial-directorate-telemetry-poc","2026.09.05-poc2","1","phaseAnonymousTelemetryPOC-v1","cost-directive","score","answer_submitted","38","2026-09-05T14:09:49.100Z","2026-09-05 14:09:49","29572","4","30","organization_wealth_creation","LO2.5","application","easy","0","0","890","0","","","","","0","340","0","6","","","6","4","0.6666666666666666","0","{""selectionReason"":""diversify"",""weaknessEstimate"":[{""key"":""ac_mc_mr_calculation"",""attempts"":1,""accuracy"":0},{""key"":""organization_wealth_creation"",""attempts"":1,""accuracy"":0},{""key"":""value_gap_opportunities"",""attempts"":1,""accuracy"":1},{""key"":""fixed_variable_costs"",""attempts"":1,""accuracy"":1},{""key"":""accounting_economic_profit"",""attempts"":1,""accuracy"":1}],""sourceEvent"":""question"",""sourceRunId"":""1788617359527-dhuei4"",""lifecycleReason"":"""",""acceptedAttempt"":true}","1788617359527-dhuei4","","","","","","","","","","","","","","","","","","","","","","","","","","","","","890"
"dd585c67-cfb1-4535-9ddb-a9a94fc0ad46","1ea528b8-7354-4571-b7a9-945fcf694038","d59f334b-72b3-4be1-ad44-c19a56d2b3d6","managerial-directorate-telemetry-poc","2026.09.05-poc2","1","phaseAnonymousTelemetryPOC-v1","cost-directive","score","answer_evaluated","39","2026-09-05T14:09:49.100Z","2026-09-05 14:09:49","29572","4","30","organization_wealth_creation","LO2.5","application","easy","0","0","890","0","","","","","0","340","0","6","","","6","4","0.6666666666666666","0","{""selectionReason"":""diversify"",""weaknessEstimate"":[{""key"":""ac_mc_mr_calculation"",""attempts"":1,""accuracy"":0},{""key"":""organization_wealth_creation"",""attempts"":1,""accuracy"":0},{""key"":""value_gap_opportunities"",""attempts"":1,""accuracy"":1},{""key"":""fixed_variable_costs"",""attempts"":1,""accuracy"":1},{""key"":""accounting_economic_profit"",""attempts"":1,""accuracy"":1}],""sourceEvent"":""question"",""sourceRunId"":""1788617359527-dhuei4"",""lifecycleReason"":"""",""acceptedAttempt"":true}","1788617359527-dhuei4","","true","","","","","","","","","","","","","","","","","","","","","","","","","","","890"
"66fb4dd8-946f-4c8f-8d3d-f250908b6b4d","1ea528b8-7354-4571-b7a9-945fcf694038","d59f334b-72b3-4be1-ad44-c19a56d2b3d6","managerial-directorate-telemetry-poc","2026.09.05-poc2","1","phaseAnonymousTelemetryPOC-v1","cost-directive","score","feedback_shown","40","2026-09-05T14:09:49.101Z","2026-09-05 14:09:49","29572","4","30","organization_wealth_creation","LO2.5","application","easy","0","0","890","0","","","","","0","340","0","6","","","6","4","0.6666666666666666","0","{""selectionReason"":""diversify"",""weaknessEstimate"":[{""key"":""ac_mc_mr_calculation"",""attempts"":1,""accuracy"":0},{""key"":""organization_wealth_creation"",""attempts"":1,""accuracy"":0},{""key"":""value_gap_opportunities"",""attempts"":1,""accuracy"":1},{""key"":""fixed_variable_costs"",""attempts"":1,""accuracy"":1},{""key"":""accounting_economic_profit"",""attempts"":1,""accuracy"":1}],""sourceEvent"":""question"",""sourceRunId"":""1788617359527-dhuei4"",""lifecycleReason"":"""",""acceptedAttempt"":true}","1788617359527-dhuei4","","","","","","","","","","","","","","","","","","","","","","","","","","","","","890"
"1d2d8d69-aabb-42bc-9f20-e5bf7e07d887","1ea528b8-7354-4571-b7a9-945fcf694038","d59f334b-72b3-4be1-ad44-c19a56d2b3d6","managerial-directorate-telemetry-poc","2026.09.05-poc2","1","phaseAnonymousTelemetryPOC-v1","cost-directive","score","score_changed","41","2026-09-05T14:09:49.101Z","2026-09-05 14:09:49","29572","4","30","organization_wealth_creation","LO2.5","application","easy","0","0","890","0","","","","","0","340","0","6","","","6","4","0.6666666666666666","0","{""selectionReason"":""diversify"",""weaknessEstimate"":[{""key"":""ac_mc_mr_calculation"",""attempts"":1,""accuracy"":0},{""key"":""organization_wealth_creation"",""attempts"":1,""accuracy"":0},{""key"":""value_gap_opportunities"",""attempts"":1,""accuracy"":1},{""key"":""fixed_variable_costs"",""attempts"":1,""accuracy"":1},{""key"":""accounting_economic_profit"",""attempts"":1,""accuracy"":1}],""sourceEvent"":""question"",""sourceRunId"":""1788617359527-dhuei4"",""lifecycleReason"":"""",""acceptedAttempt"":true}","1788617359527-dhuei4","","","","","","","","","","","","","","","","","","","","","","","","","","","","","890"
"1337759c-d9e8-416e-8f66-fd83330c3d84","1ea528b8-7354-4571-b7a9-945fcf694038","d59f334b-72b3-4be1-ad44-c19a56d2b3d6","managerial-directorate-telemetry-poc","2026.09.05-poc2","1","phaseAnonymousTelemetryPOC-v1","cost-directive","score","streak_changed","42","2026-09-05T14:09:49.101Z","2026-09-05 14:09:49","29572","4","30","organization_wealth_creation","LO2.5","application","easy","0","0","890","0","","","","","0","340","0","6","","","6","4","0.6666666666666666","0","{""selectionReason"":""diversify"",""weaknessEstimate"":[{""key"":""ac_mc_mr_calculation"",""attempts"":1,""accuracy"":0},{""key"":""organization_wealth_creation"",""attempts"":1,""accuracy"":0},{""key"":""value_gap_opportunities"",""attempts"":1,""accuracy"":1},{""key"":""fixed_variable_costs"",""attempts"":1,""accuracy"":1},{""key"":""accounting_economic_profit"",""attempts"":1,""accuracy"":1}],""sourceEvent"":""question"",""sourceRunId"":""1788617359527-dhuei4"",""lifecycleReason"":"""",""acceptedAttempt"":true}","1788617359527-dhuei4","","","","","","","","","","","","","","","","","","","","","","","","","","","","","890"
"59a34fcd-4786-4880-8932-2865ff24a219","1ea528b8-7354-4571-b7a9-945fcf694038","d59f334b-72b3-4be1-ad44-c19a56d2b3d6","managerial-directorate-telemetry-poc","2026.09.05-poc2","1","phaseAnonymousTelemetryPOC-v1","cost-directive","score","question_shown","43","2026-09-05T14:09:51.229Z","2026-09-05 14:09:51","31701","3","48","fixed_cost_fallacy","LO3.5","identification","easy","","","0","0","","","","","0","340","0","6","","","6","4","0.6666666666666666","0","{""selectionReason"":""confirm"",""weaknessEstimate"":[{""key"":""ac_mc_mr_calculation"",""attempts"":1,""accuracy"":0},{""key"":""organization_wealth_creation"",""attempts"":1,""accuracy"":0},{""key"":""value_gap_opportunities"",""attempts"":1,""accuracy"":1},{""key"":""fixed_variable_costs"",""attempts"":1,""accuracy"":1},{""key"":""accounting_economic_profit"",""attempts"":1,""accuracy"":1}],""sourceEvent"":"""",""sourceRunId"":""1788617359527-dhuei4"",""lifecycleReason"":""""}","1788617359527-dhuei4","","","","","","","","","","","","","","","","","","","","","","","","","","","","","0"
"ec6d4481-a6cc-455d-aafe-5d8773b7dee7","1fe45e44-8ee0-4097-abd1-21fb876afd06","d59f334b-72b3-4be1-ad44-c19a56d2b3d6","managerial-directorate-telemetry-poc","2026.09.05-poc2","1","phaseAnonymousTelemetryPOC-v1","cost-directive","fadingFortune","mode_selected","1","2026-09-05T14:10:27.290Z","2026-09-05 14:10:27","0","0","","","","","","","","0","0","","","","","0","0","0","0","","","0","0","0","0","{""selectionReason"":""new-run"",""weaknessEstimate"":[],""sourceEvent"":""start"",""sourceRunId"":""1788617427289-m6shoj"",""lifecycleReason"":""""}","1788617427289-m6shoj","","","","","","","","","","","","","","","","","","","","","","","","","","","","","0"
"6ed5abd9-576b-4049-8855-9447c59f832e","1fe45e44-8ee0-4097-abd1-21fb876afd06","d59f334b-72b3-4be1-ad44-c19a56d2b3d6","managerial-directorate-telemetry-poc","2026.09.05-poc2","1","phaseAnonymousTelemetryPOC-v1","cost-directive","fadingFortune","run_started","2","2026-09-05T14:10:27.290Z","2026-09-05 14:10:27","0","0","","","","","","","","0","0","","","","","0","0","0","0","","","0","0","0","0","{""selectionReason"":""new-run"",""weaknessEstimate"":[],""sourceEvent"":""start"",""sourceRunId"":""1788617427289-m6shoj"",""lifecycleReason"":""""}","1788617427289-m6shoj","","","","","","","","","","","","","","","","","","","","","","","","","","","","","0"
"2b6a2cb2-efae-4cd7-8bdb-5db824f58711","1fe45e44-8ee0-4097-abd1-21fb876afd06","d59f334b-72b3-4be1-ad44-c19a56d2b3d6","managerial-directorate-telemetry-poc","2026.09.05-poc2","1","phaseAnonymousTelemetryPOC-v1","cost-directive","fadingFortune","question_shown","3","2026-09-05T14:10:27.304Z","2026-09-05 14:10:27","13","1","26","value_gap_opportunities","LO2.4","application","easy","","","0","0","","","","","0","0","0","0","","","0","0","0","0","{""selectionReason"":""fading-fortune"",""weaknessEstimate"":[],""sourceEvent"":"""",""sourceRunId"":""1788617427289-m6shoj"",""lifecycleReason"":""""}","1788617427289-m6shoj","","","","","","","","","","","","","","","","","","","","","","","","","","","","","0"
"5d5597ac-8494-44a4-acb4-8fea2895f609","1fe45e44-8ee0-4097-abd1-21fb876afd06","d59f334b-72b3-4be1-ad44-c19a56d2b3d6","managerial-directorate-telemetry-poc","2026.09.05-poc2","1","phaseAnonymousTelemetryPOC-v1","cost-directive","fadingFortune","question_shown","4","2026-09-05T14:10:27.304Z","2026-09-05 14:10:27","13","1","26","value_gap_opportunities","LO2.4","application","easy","","","0","0","","","","","0","0","0","0","","","0","0","0","0","{""selectionReason"":""fading-fortune"",""weaknessEstimate"":[],""sourceEvent"":"""",""sourceRunId"":""1788617427289-m6shoj"",""lifecycleReason"":""""}","1788617427289-m6shoj","","","","","","","","","","","","","","","","","","","","","","","","","","","","","0"
"383a60f7-cbf8-4582-a772-5009867522fb","1fe45e44-8ee0-4097-abd1-21fb876afd06","d59f334b-72b3-4be1-ad44-c19a56d2b3d6","managerial-directorate-telemetry-poc","2026.09.05-poc2","1","phaseAnonymousTelemetryPOC-v1","cost-directive","fadingFortune","answer_submitted","5","2026-09-05T14:10:28.947Z","2026-09-05 14:10:29","1656","1","26","value_gap_opportunities","LO2.4","application","easy","0","0","1655","0","","","","","0","0","0","1","","","1","0","0","0","{""selectionReason"":""fading-fortune"",""weaknessEstimate"":[{""key"":""value_gap_opportunities"",""attempts"":1,""accuracy"":0}],""sourceEvent"":""question"",""sourceRunId"":""1788617427289-m6shoj"",""lifecycleReason"":"""",""acceptedAttempt"":true}","1788617427289-m6shoj","","","","","","","","","","","","","","","","","","","","","","","","","","","","","1655"
"23e79bf8-8d0f-4c9e-b8f4-b35db2d4c7db","1fe45e44-8ee0-4097-abd1-21fb876afd06","d59f334b-72b3-4be1-ad44-c19a56d2b3d6","managerial-directorate-telemetry-poc","2026.09.05-poc2","1","phaseAnonymousTelemetryPOC-v1","cost-directive","fadingFortune","answer_evaluated","6","2026-09-05T14:10:28.947Z","2026-09-05 14:10:29","1656","1","26","value_gap_opportunities","LO2.4","application","easy","0","0","1655","0","","","","","0","0","0","1","","","1","0","0","0","{""selectionReason"":""fading-fortune"",""weaknessEstimate"":[{""key"":""value_gap_opportunities"",""attempts"":1,""accuracy"":0}],""sourceEvent"":""question"",""sourceRunId"":""1788617427289-m6shoj"",""lifecycleReason"":"""",""acceptedAttempt"":true}","1788617427289-m6shoj","","true","","","","","","","","","","","","","","","","","","","","","","","","","","","1655"
"87189afa-a45e-40da-b39f-4502dd6c92cc","1fe45e44-8ee0-4097-abd1-21fb876afd06","d59f334b-72b3-4be1-ad44-c19a56d2b3d6","managerial-directorate-telemetry-poc","2026.09.05-poc2","1","phaseAnonymousTelemetryPOC-v1","cost-directive","fadingFortune","feedback_shown","7","2026-09-05T14:10:28.947Z","2026-09-05 14:10:29","1656","1","26","value_gap_opportunities","LO2.4","application","easy","0","0","1655","0","","","","","0","0","0","1","","","1","0","0","0","{""selectionReason"":""fading-fortune"",""weaknessEstimate"":[{""key"":""value_gap_opportunities"",""attempts"":1,""accuracy"":0}],""sourceEvent"":""question"",""sourceRunId"":""1788617427289-m6shoj"",""lifecycleReason"":"""",""acceptedAttempt"":true}","1788617427289-m6shoj","","","","","","","","","","","","","","","","","","","","","","","","","","","","","1655"
"4783d91c-1659-405e-81ce-c124067ac9d0","1fe45e44-8ee0-4097-abd1-21fb876afd06","d59f334b-72b3-4be1-ad44-c19a56d2b3d6","managerial-directorate-telemetry-poc","2026.09.05-poc2","1","phaseAnonymousTelemetryPOC-v1","cost-directive","fadingFortune","score_changed","8","2026-09-05T14:10:28.947Z","2026-09-05 14:10:29","1656","1","26","value_gap_opportunities","LO2.4","application","easy","0","0","1655","0","","","","","0","0","0","1","","","1","0","0","0","{""selectionReason"":""fading-fortune"",""weaknessEstimate"":[{""key"":""value_gap_opportunities"",""attempts"":1,""accuracy"":0}],""sourceEvent"":""question"",""sourceRunId"":""1788617427289-m6shoj"",""lifecycleReason"":"""",""acceptedAttempt"":true}","1788617427289-m6shoj","","","","","","","","","","","","","","","","","","","","","","","","","","","","","1655"
"03496187-72ab-4be5-b8a5-2aae08e28e19","1fe45e44-8ee0-4097-abd1-21fb876afd06","d59f334b-72b3-4be1-ad44-c19a56d2b3d6","managerial-directorate-telemetry-poc","2026.09.05-poc2","1","phaseAnonymousTelemetryPOC-v1","cost-directive","fadingFortune","streak_changed","9","2026-09-05T14:10:28.948Z","2026-09-05 14:10:29","1656","1","26","value_gap_opportunities","LO2.4","application","easy","0","0","1655","0","","","","","0","0","0","1","","","1","0","0","0","{""selectionReason"":""fading-fortune"",""weaknessEstimate"":[{""key"":""value_gap_opportunities"",""attempts"":1,""accuracy"":0}],""sourceEvent"":""question"",""sourceRunId"":""1788617427289-m6shoj"",""lifecycleReason"":"""",""acceptedAttempt"":true}","1788617427289-m6shoj","","","","","","","","","","","","","","","","","","","","","","","","","","","","","1655"
"fb67ef9b-70e0-4581-ace7-190a69939c3e","1fe45e44-8ee0-4097-abd1-21fb876afd06","d59f334b-72b3-4be1-ad44-c19a56d2b3d6","managerial-directorate-telemetry-poc","2026.09.05-poc2","1","phaseAnonymousTelemetryPOC-v1","cost-directive","fadingFortune","room_advanced","10","2026-09-05T14:10:30.078Z","2026-09-05 14:10:30","2786","2","28","organization_wealth_creation","LO2.5","definition","easy","","","0","0","","","","","0","0","0","1","","","1","0","0","0","{""selectionReason"":""fading-fortune"",""weaknessEstimate"":[{""key"":""value_gap_opportunities"",""attempts"":1,""accuracy"":0}],""sourceEvent"":"""",""sourceRunId"":""1788617427289-m6shoj"",""lifecycleReason"":""""}","1788617427289-m6shoj","","","","","","","","","","","","","","","","","","","","","","","","","","","","","0"
"ae7301d7-3e5c-4698-bdc5-bd7149cc2907","1fe45e44-8ee0-4097-abd1-21fb876afd06","d59f334b-72b3-4be1-ad44-c19a56d2b3d6","managerial-directorate-telemetry-poc","2026.09.05-poc2","1","phaseAnonymousTelemetryPOC-v1","cost-directive","fadingFortune","question_shown","11","2026-09-05T14:10:30.078Z","2026-09-05 14:10:30","2787","2","28","organization_wealth_creation","LO2.5","definition","easy","","","0","0","","","","","0","0","0","1","","","1","0","0","0","{""selectionReason"":""fading-fortune"",""weaknessEstimate"":[{""key"":""value_gap_opportunities"",""attempts"":1,""accuracy"":0}],""sourceEvent"":"""",""sourceRunId"":""1788617427289-m6shoj"",""lifecycleReason"":""""}","1788617427289-m6shoj","","","","","","","","","","","","","","","","","","","","","","","","","","","","","0"
"e3704981-36f7-4a30-9832-0a448f34ac29","1fe45e44-8ee0-4097-abd1-21fb876afd06","d59f334b-72b3-4be1-ad44-c19a56d2b3d6","managerial-directorate-telemetry-poc","2026.09.05-poc2","1","phaseAnonymousTelemetryPOC-v1","cost-directive","fadingFortune","question_shown","12","2026-09-05T14:10:30.078Z","2026-09-05 14:10:30","2787","2","28","organization_wealth_creation","LO2.5","definition","easy","","","0","0","","","","","0","0","0","1","","","1","0","0","0","{""selectionReason"":""fading-fortune"",""weaknessEstimate"":[{""key"":""value_gap_opportunities"",""attempts"":1,""accuracy"":0}],""sourceEvent"":"""",""sourceRunId"":""1788617427289-m6shoj"",""lifecycleReason"":""""}","1788617427289-m6shoj","","","","","","","","","","","","","","","","","","","","","","","","","","","","","0"
"f1d565da-1582-4e4d-942e-cfef7f4fd84a","1fe45e44-8ee0-4097-abd1-21fb876afd06","d59f334b-72b3-4be1-ad44-c19a56d2b3d6","managerial-directorate-telemetry-poc","2026.09.05-poc2","1","phaseAnonymousTelemetryPOC-v1","cost-directive","fadingFortune","answer_submitted","13","2026-09-05T14:10:40.323Z","2026-09-05 14:10:40","13031","2","28","organization_wealth_creation","LO2.5","definition","easy","0","0","10248","0","","","","","0","0","0","2","","","2","0","0","0","{""selectionReason"":""fading-fortune"",""weaknessEstimate"":[{""key"":""value_gap_opportunities"",""attempts"":1,""accuracy"":0},{""key"":""organization_wealth_creation"",""attempts"":1,""accuracy"":0}],""sourceEvent"":""question"",""sourceRunId"":""1788617427289-m6shoj"",""lifecycleReason"":"""",""acceptedAttempt"":true}","1788617427289-m6shoj","","","","","","","","","","","","","","","","","","","","","","","","","","","","","10248"
"ee905136-ee26-4640-a746-88be5e30ccda","1fe45e44-8ee0-4097-abd1-21fb876afd06","d59f334b-72b3-4be1-ad44-c19a56d2b3d6","managerial-directorate-telemetry-poc","2026.09.05-poc2","1","phaseAnonymousTelemetryPOC-v1","cost-directive","fadingFortune","answer_evaluated","14","2026-09-05T14:10:40.323Z","2026-09-05 14:10:40","13031","2","28","organization_wealth_creation","LO2.5","definition","easy","0","0","10248","0","","","","","0","0","0","2","","","2","0","0","0","{""selectionReason"":""fading-fortune"",""weaknessEstimate"":[{""key"":""value_gap_opportunities"",""attempts"":1,""accuracy"":0},{""key"":""organization_wealth_creation"",""attempts"":1,""accuracy"":0}],""sourceEvent"":""question"",""sourceRunId"":""1788617427289-m6shoj"",""lifecycleReason"":"""",""acceptedAttempt"":true}","1788617427289-m6shoj","","true","","","","","","","","","","","","","","","","","","","","","","","","","","","10248"
"09278b63-2d27-4199-b4a4-022c3bf01018","1fe45e44-8ee0-4097-abd1-21fb876afd06","d59f334b-72b3-4be1-ad44-c19a56d2b3d6","managerial-directorate-telemetry-poc","2026.09.05-poc2","1","phaseAnonymousTelemetryPOC-v1","cost-directive","fadingFortune","feedback_shown","15","2026-09-05T14:10:40.323Z","2026-09-05 14:10:40","13031","2","28","organization_wealth_creation","LO2.5","definition","easy","0","0","10248","0","","","","","0","0","0","2","","","2","0","0","0","{""selectionReason"":""fading-fortune"",""weaknessEstimate"":[{""key"":""value_gap_opportunities"",""attempts"":1,""accuracy"":0},{""key"":""organization_wealth_creation"",""attempts"":1,""accuracy"":0}],""sourceEvent"":""question"",""sourceRunId"":""1788617427289-m6shoj"",""lifecycleReason"":"""",""acceptedAttempt"":true}","1788617427289-m6shoj","","","","","","","","","","","","","","","","","","","","","","","","","","","","","10248"
"dc8a5e07-f1f0-4898-a6cb-027b5880f23a","1fe45e44-8ee0-4097-abd1-21fb876afd06","d59f334b-72b3-4be1-ad44-c19a56d2b3d6","managerial-directorate-telemetry-poc","2026.09.05-poc2","1","phaseAnonymousTelemetryPOC-v1","cost-directive","fadingFortune","room_advanced","16","2026-09-05T14:10:41.127Z","2026-09-05 14:10:41","13836","3","39","fixed_variable_costs","LO3.3","definition","easy","","","0","0","","","","","0","0","0","2","","","2","0","0","0","{""selectionReason"":""fading-fortune"",""weaknessEstimate"":[{""key"":""value_gap_opportunities"",""attempts"":1,""accuracy"":0},{""key"":""organization_wealth_creation"",""attempts"":1,""accuracy"":0}],""sourceEvent"":"""",""sourceRunId"":""1788617427289-m6shoj"",""lifecycleReason"":""""}","1788617427289-m6shoj","","","","","","","","","","","","","","","","","","","","","","","","","","","","","0"
"618889c2-acb8-4840-b986-4f52c5bffc6e","1fe45e44-8ee0-4097-abd1-21fb876afd06","d59f334b-72b3-4be1-ad44-c19a56d2b3d6","managerial-directorate-telemetry-poc","2026.09.05-poc2","1","phaseAnonymousTelemetryPOC-v1","cost-directive","fadingFortune","question_shown","17","2026-09-05T14:10:41.127Z","2026-09-05 14:10:41","13836","3","39","fixed_variable_costs","LO3.3","definition","easy","","","0","0","","","","","0","0","0","2","","","2","0","0","0","{""selectionReason"":""fading-fortune"",""weaknessEstimate"":[{""key"":""value_gap_opportunities"",""attempts"":1,""accuracy"":0},{""key"":""organization_wealth_creation"",""attempts"":1,""accuracy"":0}],""sourceEvent"":"""",""sourceRunId"":""1788617427289-m6shoj"",""lifecycleReason"":""""}","1788617427289-m6shoj","","","","","","","","","","","","","","","","","","","","","","","","","","","","","0"
"5bde1eae-5a16-447f-95b6-091c9697cef4","1fe45e44-8ee0-4097-abd1-21fb876afd06","d59f334b-72b3-4be1-ad44-c19a56d2b3d6","managerial-directorate-telemetry-poc","2026.09.05-poc2","1","phaseAnonymousTelemetryPOC-v1","cost-directive","fadingFortune","question_shown","18","2026-09-05T14:10:41.127Z","2026-09-05 14:10:41","13836","3","39","fixed_variable_costs","LO3.3","definition","easy","","","0","0","","","","","0","0","0","2","","","2","0","0","0","{""selectionReason"":""fading-fortune"",""weaknessEstimate"":[{""key"":""value_gap_opportunities"",""attempts"":1,""accuracy"":0},{""key"":""organization_wealth_creation"",""attempts"":1,""accuracy"":0}],""sourceEvent"":"""",""sourceRunId"":""1788617427289-m6shoj"",""lifecycleReason"":""""}","1788617427289-m6shoj","","","","","","","","","","","","","","","","","","","","","","","","","","","","","0"
"1d746c1f-1590-4108-925a-cee44e6368ef","1fe45e44-8ee0-4097-abd1-21fb876afd06","d59f334b-72b3-4be1-ad44-c19a56d2b3d6","managerial-directorate-telemetry-poc","2026.09.05-poc2","1","phaseAnonymousTelemetryPOC-v1","cost-directive","fadingFortune","answer_submitted","19","2026-09-05T14:10:58.657Z","2026-09-05 14:10:58","31366","3","39","fixed_variable_costs","LO3.3","definition","easy","3","1","17540","0","","","","","0","50","1","3","","","3","0","0","0","{""selectionReason"":""fading-fortune"",""weaknessEstimate"":[{""key"":""value_gap_opportunities"",""attempts"":1,""accuracy"":0},{""key"":""organization_wealth_creation"",""attempts"":1,""accuracy"":0},{""key"":""fixed_variable_costs"",""attempts"":1,""accuracy"":1}],""sourceEvent"":""question"",""sourceRunId"":""1788617427289-m6shoj"",""lifecycleReason"":"""",""acceptedAttempt"":true}","1788617427289-m6shoj","","","","","","","","","","","","","","","","","","","","","","","","","","","","","17540"
"65f659fb-91b1-422c-bf22-f8216d54e2b1","1fe45e44-8ee0-4097-abd1-21fb876afd06","d59f334b-72b3-4be1-ad44-c19a56d2b3d6","managerial-directorate-telemetry-poc","2026.09.05-poc2","1","phaseAnonymousTelemetryPOC-v1","cost-directive","fadingFortune","answer_evaluated","20","2026-09-05T14:10:58.657Z","2026-09-05 14:10:58","31366","3","39","fixed_variable_costs","LO3.3","definition","easy","3","1","17540","0","","","","","0","50","1","3","","","3","0","0","0","{""selectionReason"":""fading-fortune"",""weaknessEstimate"":[{""key"":""value_gap_opportunities"",""attempts"":1,""accuracy"":0},{""key"":""organization_wealth_creation"",""attempts"":1,""accuracy"":0},{""key"":""fixed_variable_costs"",""attempts"":1,""accuracy"":1}],""sourceEvent"":""question"",""sourceRunId"":""1788617427289-m6shoj"",""lifecycleReason"":"""",""acceptedAttempt"":true}","1788617427289-m6shoj","","true","","","","","","","","","","","","","","","","","","","","","","","","","","","17540"
"0d18670e-938e-4b56-bd0a-b38f7dd18c31","1fe45e44-8ee0-4097-abd1-21fb876afd06","d59f334b-72b3-4be1-ad44-c19a56d2b3d6","managerial-directorate-telemetry-poc","2026.09.05-poc2","1","phaseAnonymousTelemetryPOC-v1","cost-directive","fadingFortune","feedback_shown","21","2026-09-05T14:10:58.657Z","2026-09-05 14:10:58","31366","3","39","fixed_variable_costs","LO3.3","definition","easy","3","1","17540","0","","","","","0","50","1","3","","","3","0","0","0","{""selectionReason"":""fading-fortune"",""weaknessEstimate"":[{""key"":""value_gap_opportunities"",""attempts"":1,""accuracy"":0},{""key"":""organization_wealth_creation"",""attempts"":1,""accuracy"":0},{""key"":""fixed_variable_costs"",""attempts"":1,""accuracy"":1}],""sourceEvent"":""question"",""sourceRunId"":""1788617427289-m6shoj"",""lifecycleReason"":"""",""acceptedAttempt"":true}","1788617427289-m6shoj","","","","","","","","","","","","","","","","","","","","","","","","","","","","","17540"
"39694aaf-2526-4e1e-b45c-cd10948ae0ca","1fe45e44-8ee0-4097-abd1-21fb876afd06","d59f334b-72b3-4be1-ad44-c19a56d2b3d6","managerial-directorate-telemetry-poc","2026.09.05-poc2","1","phaseAnonymousTelemetryPOC-v1","cost-directive","fadingFortune","score_changed","22","2026-09-05T14:10:58.657Z","2026-09-05 14:10:58","31366","3","39","fixed_variable_costs","LO3.3","definition","easy","3","1","17540","0","","","","","0","50","1","3","","","3","0","0","0","{""selectionReason"":""fading-fortune"",""weaknessEstimate"":[{""key"":""value_gap_opportunities"",""attempts"":1,""accuracy"":0},{""key"":""organization_wealth_creation"",""attempts"":1,""accuracy"":0},{""key"":""fixed_variable_costs"",""attempts"":1,""accuracy"":1}],""sourceEvent"":""question"",""sourceRunId"":""1788617427289-m6shoj"",""lifecycleReason"":"""",""acceptedAttempt"":true}","1788617427289-m6shoj","","","","","","","","","","","","","","","","","","","","","","","","","","","","","17540"
"e007732b-3f8c-4729-88c5-aac96bf873ed","1fe45e44-8ee0-4097-abd1-21fb876afd06","d59f334b-72b3-4be1-ad44-c19a56d2b3d6","managerial-directorate-telemetry-poc","2026.09.05-poc2","1","phaseAnonymousTelemetryPOC-v1","cost-directive","fadingFortune","streak_changed","23","2026-09-05T14:10:58.658Z","2026-09-05 14:10:58","31366","3","39","fixed_variable_costs","LO3.3","definition","easy","3","1","17540","0","","","","","0","50","1","3","","","3","0","0","0","{""selectionReason"":""fading-fortune"",""weaknessEstimate"":[{""key"":""value_gap_opportunities"",""attempts"":1,""accuracy"":0},{""key"":""organization_wealth_creation"",""attempts"":1,""accuracy"":0},{""key"":""fixed_variable_costs"",""attempts"":1,""accuracy"":1}],""sourceEvent"":""question"",""sourceRunId"":""1788617427289-m6shoj"",""lifecycleReason"":"""",""acceptedAttempt"":true}","1788617427289-m6shoj","","","","","","","","","","","","","","","","","","","","","","","","","","","","","17540"
"8d63d29f-f667-43d1-b50b-3a45b681d20b","1fe45e44-8ee0-4097-abd1-21fb876afd06","d59f334b-72b3-4be1-ad44-c19a56d2b3d6","managerial-directorate-telemetry-poc","2026.09.05-poc2","1","phaseAnonymousTelemetryPOC-v1","cost-directive","fadingFortune","room_advanced","24","2026-09-05T14:11:00.461Z","2026-09-05 14:11:00","33170","4","149","fixed_cost_fallacy","LO3.5","application","medium","","","0","0","","","","","0","0","1","3","","","3","1","0.3333333333333333","0","{""selectionReason"":""fading-fortune"",""weaknessEstimate"":[{""key"":""value_gap_opportunities"",""attempts"":1,""accuracy"":0},{""key"":""organization_wealth_creation"",""attempts"":1,""accuracy"":0},{""key"":""fixed_variable_costs"",""attempts"":1,""accuracy"":1}],""sourceEvent"":"""",""sourceRunId"":""1788617427289-m6shoj"",""lifecycleReason"":""""}","1788617427289-m6shoj","","","","","","","","","","","","","","","","","","","","","","","","","","","","","0"
"e5037e4a-ad2a-48c1-b5cf-ff6aa1a360ea","1fe45e44-8ee0-4097-abd1-21fb876afd06","d59f334b-72b3-4be1-ad44-c19a56d2b3d6","managerial-directorate-telemetry-poc","2026.09.05-poc2","1","phaseAnonymousTelemetryPOC-v1","cost-directive","fadingFortune","question_shown","25","2026-09-05T14:11:00.461Z","2026-09-05 14:11:00","33170","4","149","fixed_cost_fallacy","LO3.5","application","medium","","","0","0","","","","","0","0","1","3","","","3","1","0.3333333333333333","0","{""selectionReason"":""fading-fortune"",""weaknessEstimate"":[{""key"":""value_gap_opportunities"",""attempts"":1,""accuracy"":0},{""key"":""organization_wealth_creation"",""attempts"":1,""accuracy"":0},{""key"":""fixed_variable_costs"",""attempts"":1,""accuracy"":1}],""sourceEvent"":"""",""sourceRunId"":""1788617427289-m6shoj"",""lifecycleReason"":""""}","1788617427289-m6shoj","","","","","","","","","","","","","","","","","","","","","","","","","","","","","0"
"e187ca2f-27bc-415c-bfa2-45201dda5d8b","1fe45e44-8ee0-4097-abd1-21fb876afd06","d59f334b-72b3-4be1-ad44-c19a56d2b3d6","managerial-directorate-telemetry-poc","2026.09.05-poc2","1","phaseAnonymousTelemetryPOC-v1","cost-directive","fadingFortune","question_shown","26","2026-09-05T14:11:00.461Z","2026-09-05 14:11:00","33170","4","149","fixed_cost_fallacy","LO3.5","application","medium","","","0","0","","","","","0","0","1","3","","","3","1","0.3333333333333333","0","{""selectionReason"":""fading-fortune"",""weaknessEstimate"":[{""key"":""value_gap_opportunities"",""attempts"":1,""accuracy"":0},{""key"":""organization_wealth_creation"",""attempts"":1,""accuracy"":0},{""key"":""fixed_variable_costs"",""attempts"":1,""accuracy"":1}],""sourceEvent"":"""",""sourceRunId"":""1788617427289-m6shoj"",""lifecycleReason"":""""}","1788617427289-m6shoj","","","","","","","","","","","","","","","","","","","","","","","","","","","","","0"
"6686543d-5579-40d2-b810-f24813190a86","1fe45e44-8ee0-4097-abd1-21fb876afd06","d59f334b-72b3-4be1-ad44-c19a56d2b3d6","managerial-directorate-telemetry-poc","2026.09.05-poc2","1","phaseAnonymousTelemetryPOC-v1","cost-directive","fadingFortune","answer_submitted","27","2026-09-05T14:11:01.371Z","2026-09-05 14:11:01","34080","4","149","fixed_cost_fallacy","LO3.5","application","medium","0","0","911","0","","","","","0","50","0","4","","","4","1","0.25","0","{""selectionReason"":""fading-fortune"",""weaknessEstimate"":[{""key"":""value_gap_opportunities"",""attempts"":1,""accuracy"":0},{""key"":""organization_wealth_creation"",""attempts"":1,""accuracy"":0},{""key"":""fixed_cost_fallacy"",""attempts"":1,""accuracy"":0},{""key"":""fixed_variable_costs"",""attempts"":1,""accuracy"":1}],""sourceEvent"":""question"",""sourceRunId"":""1788617427289-m6shoj"",""lifecycleReason"":"""",""acceptedAttempt"":true}","1788617427289-m6shoj","","","","","","","","","","","","","","","","","","","","","","","","","","","","","911"
"d9e04013-a596-471d-8e49-1f57d760785b","1fe45e44-8ee0-4097-abd1-21fb876afd06","d59f334b-72b3-4be1-ad44-c19a56d2b3d6","managerial-directorate-telemetry-poc","2026.09.05-poc2","1","phaseAnonymousTelemetryPOC-v1","cost-directive","fadingFortune","answer_evaluated","28","2026-09-05T14:11:01.371Z","2026-09-05 14:11:01","34080","4","149","fixed_cost_fallacy","LO3.5","application","medium","0","0","911","0","","","","","0","50","0","4","","","4","1","0.25","0","{""selectionReason"":""fading-fortune"",""weaknessEstimate"":[{""key"":""value_gap_opportunities"",""attempts"":1,""accuracy"":0},{""key"":""organization_wealth_creation"",""attempts"":1,""accuracy"":0},{""key"":""fixed_cost_fallacy"",""attempts"":1,""accuracy"":0},{""key"":""fixed_variable_costs"",""attempts"":1,""accuracy"":1}],""sourceEvent"":""question"",""sourceRunId"":""1788617427289-m6shoj"",""lifecycleReason"":"""",""acceptedAttempt"":true}","1788617427289-m6shoj","","true","","","","","","","","","","","","","","","","","","","","","","","","","","","911"
"07774ec8-34a6-4cb2-9b79-cfc3d845760e","1fe45e44-8ee0-4097-abd1-21fb876afd06","d59f334b-72b3-4be1-ad44-c19a56d2b3d6","managerial-directorate-telemetry-poc","2026.09.05-poc2","1","phaseAnonymousTelemetryPOC-v1","cost-directive","fadingFortune","feedback_shown","29","2026-09-05T14:11:01.371Z","2026-09-05 14:11:01","34080","4","149","fixed_cost_fallacy","LO3.5","application","medium","0","0","911","0","","","","","0","50","0","4","","","4","1","0.25","0","{""selectionReason"":""fading-fortune"",""weaknessEstimate"":[{""key"":""value_gap_opportunities"",""attempts"":1,""accuracy"":0},{""key"":""organization_wealth_creation"",""attempts"":1,""accuracy"":0},{""key"":""fixed_cost_fallacy"",""attempts"":1,""accuracy"":0},{""key"":""fixed_variable_costs"",""attempts"":1,""accuracy"":1}],""sourceEvent"":""question"",""sourceRunId"":""1788617427289-m6shoj"",""lifecycleReason"":"""",""acceptedAttempt"":true}","1788617427289-m6shoj","","","","","","","","","","","","","","","","","","","","","","","","","","","","","911"
"7ccb836d-0ff0-4f13-9cd9-b61238ba524f","1fe45e44-8ee0-4097-abd1-21fb876afd06","d59f334b-72b3-4be1-ad44-c19a56d2b3d6","managerial-directorate-telemetry-poc","2026.09.05-poc2","1","phaseAnonymousTelemetryPOC-v1","cost-directive","fadingFortune","streak_changed","30","2026-09-05T14:11:01.371Z","2026-09-05 14:11:01","34080","4","149","fixed_cost_fallacy","LO3.5","application","medium","0","0","911","0","","","","","0","50","0","4","","","4","1","0.25","0","{""selectionReason"":""fading-fortune"",""weaknessEstimate"":[{""key"":""value_gap_opportunities"",""attempts"":1,""accuracy"":0},{""key"":""organization_wealth_creation"",""attempts"":1,""accuracy"":0},{""key"":""fixed_cost_fallacy"",""attempts"":1,""accuracy"":0},{""key"":""fixed_variable_costs"",""attempts"":1,""accuracy"":1}],""sourceEvent"":""question"",""sourceRunId"":""1788617427289-m6shoj"",""lifecycleReason"":"""",""acceptedAttempt"":true}","1788617427289-m6shoj","","","","","","","","","","","","","","","","","","","","","","","","","","","","","911"
"141d3ddc-ace7-4e57-a594-9f1184047d1f","1fe45e44-8ee0-4097-abd1-21fb876afd06","d59f334b-72b3-4be1-ad44-c19a56d2b3d6","managerial-directorate-telemetry-poc","2026.09.05-poc2","1","phaseAnonymousTelemetryPOC-v1","cost-directive","fadingFortune","room_advanced","31","2026-09-05T14:11:02.193Z","2026-09-05 14:11:02","34902","5","128","organization_wealth_creation","LO2.5","application","medium","","","0","0","","","","","0","0","0","4","","","4","1","0.25","0","{""selectionReason"":""fading-fortune"",""weaknessEstimate"":[{""key"":""value_gap_opportunities"",""attempts"":1,""accuracy"":0},{""key"":""organization_wealth_creation"",""attempts"":1,""accuracy"":0},{""key"":""fixed_cost_fallacy"",""attempts"":1,""accuracy"":0},{""key"":""fixed_variable_costs"",""attempts"":1,""accuracy"":1}],""sourceEvent"":"""",""sourceRunId"":""1788617427289-m6shoj"",""lifecycleReason"":""""}","1788617427289-m6shoj","","","","","","","","","","","","","","","","","","","","","","","","","","","","","0"
"cee99081-024f-4068-a60d-8aa9779f33dc","1fe45e44-8ee0-4097-abd1-21fb876afd06","d59f334b-72b3-4be1-ad44-c19a56d2b3d6","managerial-directorate-telemetry-poc","2026.09.05-poc2","1","phaseAnonymousTelemetryPOC-v1","cost-directive","fadingFortune","question_shown","32","2026-09-05T14:11:02.193Z","2026-09-05 14:11:02","34902","5","128","organization_wealth_creation","LO2.5","application","medium","","","0","0","","","","","0","0","0","4","","","4","1","0.25","0","{""selectionReason"":""fading-fortune"",""weaknessEstimate"":[{""key"":""value_gap_opportunities"",""attempts"":1,""accuracy"":0},{""key"":""organization_wealth_creation"",""attempts"":1,""accuracy"":0},{""key"":""fixed_cost_fallacy"",""attempts"":1,""accuracy"":0},{""key"":""fixed_variable_costs"",""attempts"":1,""accuracy"":1}],""sourceEvent"":"""",""sourceRunId"":""1788617427289-m6shoj"",""lifecycleReason"":""""}","1788617427289-m6shoj","","","","","","","","","","","","","","","","","","","","","","","","","","","","","0"
"af2baeaa-07c3-495f-8da7-e61fa63e5d3c","1fe45e44-8ee0-4097-abd1-21fb876afd06","d59f334b-72b3-4be1-ad44-c19a56d2b3d6","managerial-directorate-telemetry-poc","2026.09.05-poc2","1","phaseAnonymousTelemetryPOC-v1","cost-directive","fadingFortune","question_shown","33","2026-09-05T14:11:02.193Z","2026-09-05 14:11:02","34902","5","128","organization_wealth_creation","LO2.5","application","medium","","","0","0","","","","","0","0","0","4","","","4","1","0.25","0","{""selectionReason"":""fading-fortune"",""weaknessEstimate"":[{""key"":""value_gap_opportunities"",""attempts"":1,""accuracy"":0},{""key"":""organization_wealth_creation"",""attempts"":1,""accuracy"":0},{""key"":""fixed_cost_fallacy"",""attempts"":1,""accuracy"":0},{""key"":""fixed_variable_costs"",""attempts"":1,""accuracy"":1}],""sourceEvent"":"""",""sourceRunId"":""1788617427289-m6shoj"",""lifecycleReason"":""""}","1788617427289-m6shoj","","","","","","","","","","","","","","","","","","","","","","","","","","","","","0"
"2507376e-0919-4cc5-9834-31dcea700d98","1fe45e44-8ee0-4097-abd1-21fb876afd06","d59f334b-72b3-4be1-ad44-c19a56d2b3d6","managerial-directorate-telemetry-poc","2026.09.05-poc2","1","phaseAnonymousTelemetryPOC-v1","cost-directive","fadingFortune","answer_submitted","34","2026-09-05T14:11:03.148Z","2026-09-05 14:11:03","35857","5","128","organization_wealth_creation","LO2.5","application","medium","2","0","960","0","","","","","0","50","0","5","","","5","1","0.2","0","{""selectionReason"":""fading-fortune"",""weaknessEstimate"":[{""key"":""organization_wealth_creation"",""attempts"":2,""accuracy"":0},{""key"":""value_gap_opportunities"",""attempts"":1,""accuracy"":0},{""key"":""fixed_cost_fallacy"",""attempts"":1,""accuracy"":0},{""key"":""fixed_variable_costs"",""attempts"":1,""accuracy"":1}],""sourceEvent"":""question"",""sourceRunId"":""1788617427289-m6shoj"",""lifecycleReason"":"""",""acceptedAttempt"":true}","1788617427289-m6shoj","","","","","","","","","","","","","","","","","","","","","","","","","","","","","960"
"f62263d5-ee81-4eb8-8d12-da5fb682c79e","1fe45e44-8ee0-4097-abd1-21fb876afd06","d59f334b-72b3-4be1-ad44-c19a56d2b3d6","managerial-directorate-telemetry-poc","2026.09.05-poc2","1","phaseAnonymousTelemetryPOC-v1","cost-directive","fadingFortune","answer_evaluated","35","2026-09-05T14:11:03.148Z","2026-09-05 14:11:03","35857","5","128","organization_wealth_creation","LO2.5","application","medium","2","0","960","0","","","","","0","50","0","5","","","5","1","0.2","0","{""selectionReason"":""fading-fortune"",""weaknessEstimate"":[{""key"":""organization_wealth_creation"",""attempts"":2,""accuracy"":0},{""key"":""value_gap_opportunities"",""attempts"":1,""accuracy"":0},{""key"":""fixed_cost_fallacy"",""attempts"":1,""accuracy"":0},{""key"":""fixed_variable_costs"",""attempts"":1,""accuracy"":1}],""sourceEvent"":""question"",""sourceRunId"":""1788617427289-m6shoj"",""lifecycleReason"":"""",""acceptedAttempt"":true}","1788617427289-m6shoj","","true","","","","","","","","","","","","","","","","","","","","","","","","","","","960"
"86a02d41-ed98-4a4e-bf97-3a6c1560ad8a","1fe45e44-8ee0-4097-abd1-21fb876afd06","d59f334b-72b3-4be1-ad44-c19a56d2b3d6","managerial-directorate-telemetry-poc","2026.09.05-poc2","1","phaseAnonymousTelemetryPOC-v1","cost-directive","fadingFortune","feedback_shown","36","2026-09-05T14:11:03.148Z","2026-09-05 14:11:03","35857","5","128","organization_wealth_creation","LO2.5","application","medium","2","0","960","0","","","","","0","50","0","5","","","5","1","0.2","0","{""selectionReason"":""fading-fortune"",""weaknessEstimate"":[{""key"":""organization_wealth_creation"",""attempts"":2,""accuracy"":0},{""key"":""value_gap_opportunities"",""attempts"":1,""accuracy"":0},{""key"":""fixed_cost_fallacy"",""attempts"":1,""accuracy"":0},{""key"":""fixed_variable_costs"",""attempts"":1,""accuracy"":1}],""sourceEvent"":""question"",""sourceRunId"":""1788617427289-m6shoj"",""lifecycleReason"":"""",""acceptedAttempt"":true}","1788617427289-m6shoj","","","","","","","","","","","","","","","","","","","","","","","","","","","","","960"
"b9f85194-12bf-4159-8c94-77c55ca4f82c","1fe45e44-8ee0-4097-abd1-21fb876afd06","d59f334b-72b3-4be1-ad44-c19a56d2b3d6","managerial-directorate-telemetry-poc","2026.09.05-poc2","1","phaseAnonymousTelemetryPOC-v1","cost-directive","fadingFortune","room_advanced","37","2026-09-05T14:11:03.876Z","2026-09-05 14:11:03","36585","6","104","rational_actor_paradigm","LO1.2","application","medium","","","0","0","","","","","0","0","0","5","","","5","1","0.2","0","{""selectionReason"":""fading-fortune"",""weaknessEstimate"":[{""key"":""organization_wealth_creation"",""attempts"":2,""accuracy"":0},{""key"":""value_gap_opportunities"",""attempts"":1,""accuracy"":0},{""key"":""fixed_cost_fallacy"",""attempts"":1,""accuracy"":0},{""key"":""fixed_variable_costs"",""attempts"":1,""accuracy"":1}],""sourceEvent"":"""",""sourceRunId"":""1788617427289-m6shoj"",""lifecycleReason"":""""}","1788617427289-m6shoj","","","","","","","","","","","","","","","","","","","","","","","","","","","","","0"
"bd4ce05f-64da-4cbc-aa32-55d6c1c9e013","1fe45e44-8ee0-4097-abd1-21fb876afd06","d59f334b-72b3-4be1-ad44-c19a56d2b3d6","managerial-directorate-telemetry-poc","2026.09.05-poc2","1","phaseAnonymousTelemetryPOC-v1","cost-directive","fadingFortune","question_shown","38","2026-09-05T14:11:03.877Z","2026-09-05 14:11:03","36586","6","104","rational_actor_paradigm","LO1.2","application","medium","","","0","0","","","","","0","0","0","5","","","5","1","0.2","0","{""selectionReason"":""fading-fortune"",""weaknessEstimate"":[{""key"":""organization_wealth_creation"",""attempts"":2,""accuracy"":0},{""key"":""value_gap_opportunities"",""attempts"":1,""accuracy"":0},{""key"":""fixed_cost_fallacy"",""attempts"":1,""accuracy"":0},{""key"":""fixed_variable_costs"",""attempts"":1,""accuracy"":1}],""sourceEvent"":"""",""sourceRunId"":""1788617427289-m6shoj"",""lifecycleReason"":""""}","1788617427289-m6shoj","","","","","","","","","","","","","","","","","","","","","","","","","","","","","0"
"cfc4f74d-b436-4c33-ab74-e798a6cb92bf","1fe45e44-8ee0-4097-abd1-21fb876afd06","d59f334b-72b3-4be1-ad44-c19a56d2b3d6","managerial-directorate-telemetry-poc","2026.09.05-poc2","1","phaseAnonymousTelemetryPOC-v1","cost-directive","fadingFortune","question_shown","39","2026-09-05T14:11:03.877Z","2026-09-05 14:11:03","36586","6","104","rational_actor_paradigm","LO1.2","application","medium","","","0","0","","","","","0","0","0","5","","","5","1","0.2","0","{""selectionReason"":""fading-fortune"",""weaknessEstimate"":[{""key"":""organization_wealth_creation"",""attempts"":2,""accuracy"":0},{""key"":""value_gap_opportunities"",""attempts"":1,""accuracy"":0},{""key"":""fixed_cost_fallacy"",""attempts"":1,""accuracy"":0},{""key"":""fixed_variable_costs"",""attempts"":1,""accuracy"":1}],""sourceEvent"":"""",""sourceRunId"":""1788617427289-m6shoj"",""lifecycleReason"":""""}","1788617427289-m6shoj","","","","","","","","","","","","","","","","","","","","","","","","","","","","","0"
"0d092772-8ab1-45d2-b46f-d09dde988351","1fe45e44-8ee0-4097-abd1-21fb876afd06","d59f334b-72b3-4be1-ad44-c19a56d2b3d6","managerial-directorate-telemetry-poc","2026.09.05-poc2","1","phaseAnonymousTelemetryPOC-v1","cost-directive","fadingFortune","answer_submitted","40","2026-09-05T14:11:04.431Z","2026-09-05 14:11:04","37139","6","104","rational_actor_paradigm","LO1.2","application","medium","0","0","558","1","","","","","0","50","0","5","","","5","1","0.2","0","{""selectionReason"":""non-engaged"",""weaknessEstimate"":[{""key"":""organization_wealth_creation"",""attempts"":2,""accuracy"":0},{""key"":""value_gap_opportunities"",""attempts"":1,""accuracy"":0},{""key"":""fixed_cost_fallacy"",""attempts"":1,""accuracy"":0},{""key"":""fixed_variable_costs"",""attempts"":1,""accuracy"":1}],""sourceEvent"":""rapid_guessing"",""sourceRunId"":""1788617427289-m6shoj"",""lifecycleReason"":"""",""acceptedAttempt"":false}","1788617427289-m6shoj","","","","","","","","","","","","","","","","","","","","","","","","","","","","","558"
"f0bbb42f-adc2-4b1e-9b05-4e47c5a4eade","1fe45e44-8ee0-4097-abd1-21fb876afd06","d59f334b-72b3-4be1-ad44-c19a56d2b3d6","managerial-directorate-telemetry-poc","2026.09.05-poc2","1","phaseAnonymousTelemetryPOC-v1","cost-directive","fadingFortune","answer_evaluated","41","2026-09-05T14:11:04.431Z","2026-09-05 14:11:04","37139","6","104","rational_actor_paradigm","LO1.2","application","medium","0","0","558","1","","","","","0","50","0","5","","","5","1","0.2","0","{""selectionReason"":""non-engaged"",""weaknessEstimate"":[{""key"":""organization_wealth_creation"",""attempts"":2,""accuracy"":0},{""key"":""value_gap_opportunities"",""attempts"":1,""accuracy"":0},{""key"":""fixed_cost_fallacy"",""attempts"":1,""accuracy"":0},{""key"":""fixed_variable_costs"",""attempts"":1,""accuracy"":1}],""sourceEvent"":""rapid_guessing"",""sourceRunId"":""1788617427289-m6shoj"",""lifecycleReason"":"""",""acceptedAttempt"":false}","1788617427289-m6shoj","","false","","","","","","","","","","","","","","","","","","","","","","","","","","","558"
"4c452f15-a8c4-4987-a048-dd738ad624be","1fe45e44-8ee0-4097-abd1-21fb876afd06","d59f334b-72b3-4be1-ad44-c19a56d2b3d6","managerial-directorate-telemetry-poc","2026.09.05-poc2","1","phaseAnonymousTelemetryPOC-v1","cost-directive","fadingFortune","feedback_shown","42","2026-09-05T14:11:04.431Z","2026-09-05 14:11:04","37139","6","104","rational_actor_paradigm","LO1.2","application","medium","0","0","558","1","","","","","0","50","0","5","","","5","1","0.2","0","{""selectionReason"":""non-engaged"",""weaknessEstimate"":[{""key"":""organization_wealth_creation"",""attempts"":2,""accuracy"":0},{""key"":""value_gap_opportunities"",""attempts"":1,""accuracy"":0},{""key"":""fixed_cost_fallacy"",""attempts"":1,""accuracy"":0},{""key"":""fixed_variable_costs"",""attempts"":1,""accuracy"":1}],""sourceEvent"":""rapid_guessing"",""sourceRunId"":""1788617427289-m6shoj"",""lifecycleReason"":"""",""acceptedAttempt"":false}","1788617427289-m6shoj","","","","","","","","","","","","","","","","","","","","","","","","","","","","","558"
"d39c2ed8-713e-4153-82af-08bf92dc878a","1fe45e44-8ee0-4097-abd1-21fb876afd06","d59f334b-72b3-4be1-ad44-c19a56d2b3d6","managerial-directorate-telemetry-poc","2026.09.05-poc2","1","phaseAnonymousTelemetryPOC-v1","cost-directive","fadingFortune","rapid_guess_detected","43","2026-09-05T14:11:04.431Z","2026-09-05 14:11:04","37139","6","104","rational_actor_paradigm","LO1.2","application","medium","0","0","558","1","","","","","0","50","0","5","","","5","1","0.2","0","{""selectionReason"":""non-engaged"",""weaknessEstimate"":[{""key"":""organization_wealth_creation"",""attempts"":2,""accuracy"":0},{""key"":""value_gap_opportunities"",""attempts"":1,""accuracy"":0},{""key"":""fixed_cost_fallacy"",""attempts"":1,""accuracy"":0},{""key"":""fixed_variable_costs"",""attempts"":1,""accuracy"":1}],""sourceEvent"":""rapid_guessing"",""sourceRunId"":""1788617427289-m6shoj"",""lifecycleReason"":"""",""acceptedAttempt"":false}","1788617427289-m6shoj","","","","","","","","","","","","","","","","","","","","","","","","","","","","","558"
"d66d3db3-a306-4db2-98b1-8f5f7b2dc8c3","1fe45e44-8ee0-4097-abd1-21fb876afd06","d59f334b-72b3-4be1-ad44-c19a56d2b3d6","managerial-directorate-telemetry-poc","2026.09.05-poc2","1","phaseAnonymousTelemetryPOC-v1","cost-directive","fadingFortune","question_shown","44","2026-09-05T14:11:08.935Z","2026-09-05 14:11:09","41644","6","104","rational_actor_paradigm","LO1.2","application","medium","","","0","0","","","","","0","0","0","5","","","5","1","0.2","0","{""selectionReason"":""non-engaged"",""weaknessEstimate"":[{""key"":""organization_wealth_creation"",""attempts"":2,""accuracy"":0},{""key"":""value_gap_opportunities"",""attempts"":1,""accuracy"":0},{""key"":""fixed_cost_fallacy"",""attempts"":1,""accuracy"":0},{""key"":""fixed_variable_costs"",""attempts"":1,""accuracy"":1}],""sourceEvent"":"""",""sourceRunId"":""1788617427289-m6shoj"",""lifecycleReason"":""""}","1788617427289-m6shoj","","","","","","","","","","","","","","","","","","","","","","","","","","","","","0"
"317aee32-3fc3-42ba-87af-5f4c0b3bf98a","26f0265b-0d2c-4836-b79d-be8d34108673","d59f334b-72b3-4be1-ad44-c19a56d2b3d6","managerial-directorate-telemetry-poc","2026.09.05-poc2","1","phaseAnonymousTelemetryPOC-v1","cost-directive","riskReward","mode_selected","1","2026-09-05T14:10:17.918Z","2026-09-05 14:10:17","0","0","","","","","","","","0","0","","","","","0","0","0","0","","","0","0","0","0","{""selectionReason"":""new-run"",""weaknessEstimate"":[],""sourceEvent"":""start"",""sourceRunId"":""1788617417915-2mf8kl"",""lifecycleReason"":""""}","1788617417915-2mf8kl","","","","","","","","","","","","","","","","","","","","","","","","","","","","","0"
"3d963809-be4b-486d-b957-db0d6d7fd9bb","26f0265b-0d2c-4836-b79d-be8d34108673","d59f334b-72b3-4be1-ad44-c19a56d2b3d6","managerial-directorate-telemetry-poc","2026.09.05-poc2","1","phaseAnonymousTelemetryPOC-v1","cost-directive","riskReward","run_started","2","2026-09-05T14:10:17.918Z","2026-09-05 14:10:17","0","0","","","","","","","","0","0","","","","","0","0","0","0","","","0","0","0","0","{""selectionReason"":""new-run"",""weaknessEstimate"":[],""sourceEvent"":""start"",""sourceRunId"":""1788617417915-2mf8kl"",""lifecycleReason"":""""}","1788617417915-2mf8kl","","","","","","","","","","","","","","","","","","","","","","","","","","","","","0"
"744212b8-3206-40f5-b1af-7cbc5e7eda47","26f0265b-0d2c-4836-b79d-be8d34108673","d59f334b-72b3-4be1-ad44-c19a56d2b3d6","managerial-directorate-telemetry-poc","2026.09.05-poc2","1","phaseAnonymousTelemetryPOC-v1","cost-directive","riskReward","question_shown","3","2026-09-05T14:10:18.827Z","2026-09-05 14:10:18","908","1","38","relevant_costs_benefits","LO3.2","identification","easy","","","0","0","","","","","0","0","0","0","","","0","0","0","0","{""selectionReason"":""risk-reward"",""weaknessEstimate"":[],""sourceEvent"":"""",""sourceRunId"":""1788617417915-2mf8kl"",""lifecycleReason"":""""}","1788617417915-2mf8kl","","","","","","","","","","","","","","","","","","","","","","","","","","","","","0"
"da3a701d-dd74-4783-814f-d5249f36fc9a","26f0265b-0d2c-4836-b79d-be8d34108673","d59f334b-72b3-4be1-ad44-c19a56d2b3d6","managerial-directorate-telemetry-poc","2026.09.05-poc2","1","phaseAnonymousTelemetryPOC-v1","cost-directive","riskReward","question_shown","4","2026-09-05T14:10:18.828Z","2026-09-05 14:10:18","909","1","38","relevant_costs_benefits","LO3.2","identification","easy","","","0","0","","","","","0","0","0","0","","","0","0","0","0","{""selectionReason"":""risk-reward"",""weaknessEstimate"":[],""sourceEvent"":"""",""sourceRunId"":""1788617417915-2mf8kl"",""lifecycleReason"":""""}","1788617417915-2mf8kl","","","","","","","","","","","","","","","","","","","","","","","","","","","","","0"
"26d47d9b-8b16-4684-aebd-9262f0a787ed","26f0265b-0d2c-4836-b79d-be8d34108673","d59f334b-72b3-4be1-ad44-c19a56d2b3d6","managerial-directorate-telemetry-poc","2026.09.05-poc2","1","phaseAnonymousTelemetryPOC-v1","cost-directive","riskReward","answer_submitted","5","2026-09-05T14:10:19.473Z","2026-09-05 14:10:19","1553","1","38","relevant_costs_benefits","LO3.2","identification","easy","0","0","655","0","","","","","0","0","0","1","","","1","0","0","0","{""selectionReason"":""risk-reward"",""weaknessEstimate"":[{""key"":""relevant_costs_benefits"",""attempts"":1,""accuracy"":0}],""sourceEvent"":""question"",""sourceRunId"":""1788617417915-2mf8kl"",""lifecycleReason"":"""",""acceptedAttempt"":true}","1788617417915-2mf8kl","","","","","","","","","","","","","","","","","","","","","","","","","","","","","655"
"b18509c9-3cf2-4053-9ef4-5582b9e2de3c","26f0265b-0d2c-4836-b79d-be8d34108673","d59f334b-72b3-4be1-ad44-c19a56d2b3d6","managerial-directorate-telemetry-poc","2026.09.05-poc2","1","phaseAnonymousTelemetryPOC-v1","cost-directive","riskReward","answer_evaluated","6","2026-09-05T14:10:19.473Z","2026-09-05 14:10:19","1553","1","38","relevant_costs_benefits","LO3.2","identification","easy","0","0","655","0","","","","","0","0","0","1","","","1","0","0","0","{""selectionReason"":""risk-reward"",""weaknessEstimate"":[{""key"":""relevant_costs_benefits"",""attempts"":1,""accuracy"":0}],""sourceEvent"":""question"",""sourceRunId"":""1788617417915-2mf8kl"",""lifecycleReason"":"""",""acceptedAttempt"":true}","1788617417915-2mf8kl","","true","","","","","","","","","","","","","","","","","","","","","","","","","","","655"
"007f48a0-4a05-4cdb-8bb9-5c26f8bc599e","26f0265b-0d2c-4836-b79d-be8d34108673","d59f334b-72b3-4be1-ad44-c19a56d2b3d6","managerial-directorate-telemetry-poc","2026.09.05-poc2","1","phaseAnonymousTelemetryPOC-v1","cost-directive","riskReward","feedback_shown","7","2026-09-05T14:10:19.473Z","2026-09-05 14:10:19","1553","1","38","relevant_costs_benefits","LO3.2","identification","easy","0","0","655","0","","","","","0","0","0","1","","","1","0","0","0","{""selectionReason"":""risk-reward"",""weaknessEstimate"":[{""key"":""relevant_costs_benefits"",""attempts"":1,""accuracy"":0}],""sourceEvent"":""question"",""sourceRunId"":""1788617417915-2mf8kl"",""lifecycleReason"":"""",""acceptedAttempt"":true}","1788617417915-2mf8kl","","","","","","","","","","","","","","","","","","","","","","","","","","","","","655"
"a5d18b88-39dc-4881-9f13-d4f2b17bedea","26f0265b-0d2c-4836-b79d-be8d34108673","d59f334b-72b3-4be1-ad44-c19a56d2b3d6","managerial-directorate-telemetry-poc","2026.09.05-poc2","1","phaseAnonymousTelemetryPOC-v1","cost-directive","riskReward","score_changed","8","2026-09-05T14:10:19.473Z","2026-09-05 14:10:19","1553","1","38","relevant_costs_benefits","LO3.2","identification","easy","0","0","655","0","","","","","0","0","0","1","","","1","0","0","0","{""selectionReason"":""risk-reward"",""weaknessEstimate"":[{""key"":""relevant_costs_benefits"",""attempts"":1,""accuracy"":0}],""sourceEvent"":""question"",""sourceRunId"":""1788617417915-2mf8kl"",""lifecycleReason"":"""",""acceptedAttempt"":true}","1788617417915-2mf8kl","","","","","","","","","","","","","","","","","","","","","","","","","","","","","655"
"e9b2dbe4-3a84-4fa7-9ad0-1b667df04ba9","26f0265b-0d2c-4836-b79d-be8d34108673","d59f334b-72b3-4be1-ad44-c19a56d2b3d6","managerial-directorate-telemetry-poc","2026.09.05-poc2","1","phaseAnonymousTelemetryPOC-v1","cost-directive","riskReward","streak_changed","9","2026-09-05T14:10:19.473Z","2026-09-05 14:10:19","1553","1","38","relevant_costs_benefits","LO3.2","identification","easy","0","0","655","0","","","","","0","0","0","1","","","1","0","0","0","{""selectionReason"":""risk-reward"",""weaknessEstimate"":[{""key"":""relevant_costs_benefits"",""attempts"":1,""accuracy"":0}],""sourceEvent"":""question"",""sourceRunId"":""1788617417915-2mf8kl"",""lifecycleReason"":"""",""acceptedAttempt"":true}","1788617417915-2mf8kl","","","","","","","","","","","","","","","","","","","","","","","","","","","","","655"
"256caba4-3a0f-4301-95e1-4e874f4e27a7","26f0265b-0d2c-4836-b79d-be8d34108673","d59f334b-72b3-4be1-ad44-c19a56d2b3d6","managerial-directorate-telemetry-poc","2026.09.05-poc2","1","phaseAnonymousTelemetryPOC-v1","cost-directive","riskReward","run_completed","10","2026-09-05T14:10:19.473Z","2026-09-05 14:10:19","1554","1","0","relevant_costs_benefits","","","easy","","1","0","0","","","","","0","0","0","1","","riskReward_bust","1","0","0","0","{""selectionReason"":""risk-reward"",""weaknessEstimate"":[{""key"":""relevant_costs_benefits"",""attempts"":1,""accuracy"":0}],""sourceEvent"":""riskReward_bust"",""sourceRunId"":""1788617417915-2mf8kl"",""lifecycleReason"":""""}","1788617417915-2mf8kl","","","","","","","","","","","","","","","","","","","","","","","","","","","","","0"
"aa650bf3-547f-4d39-9b36-9a8aae3ab2b1","26f0265b-0d2c-4836-b79d-be8d34108673","d59f334b-72b3-4be1-ad44-c19a56d2b3d6","managerial-directorate-telemetry-poc","2026.09.05-poc2","1","phaseAnonymousTelemetryPOC-v1","cost-directive","riskReward","mastery_report_summary_emitted","11","2026-09-05T14:10:22.982Z","2026-09-05 14:10:23","1554","1","38","relevant_costs_benefits","LO3.2","identification","easy","","","0","0","","","","","0","0","0","1","","","1","0","0","0","{""selectionReason"":""risk-reward"",""weaknessEstimate"":[{""key"":""relevant_costs_benefits"",""attempts"":1,""accuracy"":0}],""sourceEvent"":"""",""sourceRunId"":""1788617417915-2mf8kl"",""lifecycleReason"":""""}","1788617417915-2mf8kl","","","","","","","","","","","","","","","","","","","","","","","","","","","","","0"
"a0f8de15-0dc8-42dd-a3a9-8b01b09ee5fb","4a0bd042-f845-4d03-8f4a-a8a110c8bb3a","d59f334b-72b3-4be1-ad44-c19a56d2b3d6","managerial-directorate-telemetry-poc","2026.09.05-poc2","1","phaseAnonymousTelemetryPOC-v1","cost-directive","riskReward","mode_selected","1","2026-09-05T14:09:57.685Z","2026-09-05 14:09:57","0","0","","","","","","","","0","0","","","","","0","0","0","0","","","0","0","0","0","{""selectionReason"":""new-run"",""weaknessEstimate"":[],""sourceEvent"":""start"",""sourceRunId"":""1788617397684-71azlp"",""lifecycleReason"":""""}","1788617397684-71azlp","","","","","","","","","","","","","","","","","","","","","","","","","","","","","0"
"cac5669b-d507-4b97-b65b-49897d849c5e","4a0bd042-f845-4d03-8f4a-a8a110c8bb3a","d59f334b-72b3-4be1-ad44-c19a56d2b3d6","managerial-directorate-telemetry-poc","2026.09.05-poc2","1","phaseAnonymousTelemetryPOC-v1","cost-directive","riskReward","run_started","2","2026-09-05T14:09:57.685Z","2026-09-05 14:09:57","0","0","","","","","","","","0","0","","","","","0","0","0","0","","","0","0","0","0","{""selectionReason"":""new-run"",""weaknessEstimate"":[],""sourceEvent"":""start"",""sourceRunId"":""1788617397684-71azlp"",""lifecycleReason"":""""}","1788617397684-71azlp","","","","","","","","","","","","","","","","","","","","","","","","","","","","","0"
"7d8a718b-e4c1-4ee6-9b3a-660839de63f7","4a0bd042-f845-4d03-8f4a-a8a110c8bb3a","d59f334b-72b3-4be1-ad44-c19a56d2b3d6","managerial-directorate-telemetry-poc","2026.09.05-poc2","1","phaseAnonymousTelemetryPOC-v1","cost-directive","riskReward","question_shown","3","2026-09-05T14:09:59.110Z","2026-09-05 14:09:59","1423","1","50","fixed_cost_fallacy","LO3.5","definition","easy","","","0","0","","","","","0","0","0","0","","","0","0","0","0","{""selectionReason"":""risk-reward"",""weaknessEstimate"":[],""sourceEvent"":"""",""sourceRunId"":""1788617397684-71azlp"",""lifecycleReason"":""""}","1788617397684-71azlp","","","","","","","","","","","","","","","","","","","","","","","","","","","","","0"
"9d79d796-0856-4ef2-b666-24b9517d635b","4a0bd042-f845-4d03-8f4a-a8a110c8bb3a","d59f334b-72b3-4be1-ad44-c19a56d2b3d6","managerial-directorate-telemetry-poc","2026.09.05-poc2","1","phaseAnonymousTelemetryPOC-v1","cost-directive","riskReward","question_shown","4","2026-09-05T14:09:59.110Z","2026-09-05 14:09:59","1424","1","50","fixed_cost_fallacy","LO3.5","definition","easy","","","0","0","","","","","0","0","0","0","","","0","0","0","0","{""selectionReason"":""risk-reward"",""weaknessEstimate"":[],""sourceEvent"":"""",""sourceRunId"":""1788617397684-71azlp"",""lifecycleReason"":""""}","1788617397684-71azlp","","","","","","","","","","","","","","","","","","","","","","","","","","","","","0"
"b65f5fa0-fa6a-4ac3-aec2-f82362567646","4a0bd042-f845-4d03-8f4a-a8a110c8bb3a","d59f334b-72b3-4be1-ad44-c19a56d2b3d6","managerial-directorate-telemetry-poc","2026.09.05-poc2","1","phaseAnonymousTelemetryPOC-v1","cost-directive","riskReward","answer_submitted","5","2026-09-05T14:09:59.997Z","2026-09-05 14:10:00","2311","1","50","fixed_cost_fallacy","LO3.5","definition","easy","2","1","899","0","","","","","0","1250","1","1","","","1","0","0","0","{""selectionReason"":""risk-reward"",""weaknessEstimate"":[{""key"":""fixed_cost_fallacy"",""attempts"":1,""accuracy"":1}],""sourceEvent"":""question"",""sourceRunId"":""1788617397684-71azlp"",""lifecycleReason"":"""",""acceptedAttempt"":true}","1788617397684-71azlp","","","","","","","","","","","","","","","","","","","","","","","","","","","","","899"
"1502fa03-de22-40ba-9688-d8a101530556","4a0bd042-f845-4d03-8f4a-a8a110c8bb3a","d59f334b-72b3-4be1-ad44-c19a56d2b3d6","managerial-directorate-telemetry-poc","2026.09.05-poc2","1","phaseAnonymousTelemetryPOC-v1","cost-directive","riskReward","answer_evaluated","6","2026-09-05T14:09:59.997Z","2026-09-05 14:10:00","2311","1","50","fixed_cost_fallacy","LO3.5","definition","easy","2","1","899","0","","","","","0","1250","1","1","","","1","0","0","0","{""selectionReason"":""risk-reward"",""weaknessEstimate"":[{""key"":""fixed_cost_fallacy"",""attempts"":1,""accuracy"":1}],""sourceEvent"":""question"",""sourceRunId"":""1788617397684-71azlp"",""lifecycleReason"":"""",""acceptedAttempt"":true}","1788617397684-71azlp","","true","","","","","","","","","","","","","","","","","","","","","","","","","","","899"
"0e2af660-b41a-4061-bce8-625ad14db229","4a0bd042-f845-4d03-8f4a-a8a110c8bb3a","d59f334b-72b3-4be1-ad44-c19a56d2b3d6","managerial-directorate-telemetry-poc","2026.09.05-poc2","1","phaseAnonymousTelemetryPOC-v1","cost-directive","riskReward","feedback_shown","7","2026-09-05T14:09:59.997Z","2026-09-05 14:10:00","2311","1","50","fixed_cost_fallacy","LO3.5","definition","easy","2","1","899","0","","","","","0","1250","1","1","","","1","0","0","0","{""selectionReason"":""risk-reward"",""weaknessEstimate"":[{""key"":""fixed_cost_fallacy"",""attempts"":1,""accuracy"":1}],""sourceEvent"":""question"",""sourceRunId"":""1788617397684-71azlp"",""lifecycleReason"":"""",""acceptedAttempt"":true}","1788617397684-71azlp","","","","","","","","","","","","","","","","","","","","","","","","","","","","","899"
"cb0eacb2-a733-478e-88df-42bd36513184","4a0bd042-f845-4d03-8f4a-a8a110c8bb3a","d59f334b-72b3-4be1-ad44-c19a56d2b3d6","managerial-directorate-telemetry-poc","2026.09.05-poc2","1","phaseAnonymousTelemetryPOC-v1","cost-directive","riskReward","score_changed","8","2026-09-05T14:09:59.997Z","2026-09-05 14:10:00","2311","1","50","fixed_cost_fallacy","LO3.5","definition","easy","2","1","899","0","","","","","0","1250","1","1","","","1","0","0","0","{""selectionReason"":""risk-reward"",""weaknessEstimate"":[{""key"":""fixed_cost_fallacy"",""attempts"":1,""accuracy"":1}],""sourceEvent"":""question"",""sourceRunId"":""1788617397684-71azlp"",""lifecycleReason"":"""",""acceptedAttempt"":true}","1788617397684-71azlp","","","","","","","","","","","","","","","","","","","","","","","","","","","","","899"
"b53bc29e-9c4d-4b6d-bbb5-92e31e2d4cbc","4a0bd042-f845-4d03-8f4a-a8a110c8bb3a","d59f334b-72b3-4be1-ad44-c19a56d2b3d6","managerial-directorate-telemetry-poc","2026.09.05-poc2","1","phaseAnonymousTelemetryPOC-v1","cost-directive","riskReward","streak_changed","9","2026-09-05T14:09:59.997Z","2026-09-05 14:10:00","2311","1","50","fixed_cost_fallacy","LO3.5","definition","easy","2","1","899","0","","","","","0","1250","1","1","","","1","0","0","0","{""selectionReason"":""risk-reward"",""weaknessEstimate"":[{""key"":""fixed_cost_fallacy"",""attempts"":1,""accuracy"":1}],""sourceEvent"":""question"",""sourceRunId"":""1788617397684-71azlp"",""lifecycleReason"":"""",""acceptedAttempt"":true}","1788617397684-71azlp","","","","","","","","","","","","","","","","","","","","","","","","","","","","","899"
"9de4ef56-6fd6-40fb-b512-70a847b77129","4a0bd042-f845-4d03-8f4a-a8a110c8bb3a","d59f334b-72b3-4be1-ad44-c19a56d2b3d6","managerial-directorate-telemetry-poc","2026.09.05-poc2","1","phaseAnonymousTelemetryPOC-v1","cost-directive","riskReward","room_advanced","10","2026-09-05T14:10:02.643Z","2026-09-05 14:10:02","4957","2","52","hidden_cost_fallacy","LO3.6","identification","easy","","","0","0","","","","","0","0","1","1","","","1","1","1","0","{""selectionReason"":""risk-reward"",""weaknessEstimate"":[{""key"":""fixed_cost_fallacy"",""attempts"":1,""accuracy"":1}],""sourceEvent"":"""",""sourceRunId"":""1788617397684-71azlp"",""lifecycleReason"":""""}","1788617397684-71azlp","","","","","","","","","","","","","","","","","","","","","","","","","","","","","0"
"29c033b6-e2e9-4486-ac77-739350586fca","4a0bd042-f845-4d03-8f4a-a8a110c8bb3a","d59f334b-72b3-4be1-ad44-c19a56d2b3d6","managerial-directorate-telemetry-poc","2026.09.05-poc2","1","phaseAnonymousTelemetryPOC-v1","cost-directive","riskReward","question_shown","11","2026-09-05T14:10:02.643Z","2026-09-05 14:10:02","4957","2","52","hidden_cost_fallacy","LO3.6","identification","easy","","","0","0","","","","","0","0","1","1","","","1","1","1","0","{""selectionReason"":""risk-reward"",""weaknessEstimate"":[{""key"":""fixed_cost_fallacy"",""attempts"":1,""accuracy"":1}],""sourceEvent"":"""",""sourceRunId"":""1788617397684-71azlp"",""lifecycleReason"":""""}","1788617397684-71azlp","","","","","","","","","","","","","","","","","","","","","","","","","","","","","0"
"90497736-ab62-4876-a1de-d734f09c4d52","4a0bd042-f845-4d03-8f4a-a8a110c8bb3a","d59f334b-72b3-4be1-ad44-c19a56d2b3d6","managerial-directorate-telemetry-poc","2026.09.05-poc2","1","phaseAnonymousTelemetryPOC-v1","cost-directive","riskReward","question_shown","12","2026-09-05T14:10:02.644Z","2026-09-05 14:10:02","4957","2","52","hidden_cost_fallacy","LO3.6","identification","easy","","","0","0","","","","","0","0","1","1","","","1","1","1","0","{""selectionReason"":""risk-reward"",""weaknessEstimate"":[{""key"":""fixed_cost_fallacy"",""attempts"":1,""accuracy"":1}],""sourceEvent"":"""",""sourceRunId"":""1788617397684-71azlp"",""lifecycleReason"":""""}","1788617397684-71azlp","","","","","","","","","","","","","","","","","","","","","","","","","","","","","0"
"57464932-015f-481a-969f-df99179d9425","4a0bd042-f845-4d03-8f4a-a8a110c8bb3a","d59f334b-72b3-4be1-ad44-c19a56d2b3d6","managerial-directorate-telemetry-poc","2026.09.05-poc2","1","phaseAnonymousTelemetryPOC-v1","cost-directive","riskReward","answer_submitted","13","2026-09-05T14:10:03.349Z","2026-09-05 14:10:03","5662","2","52","hidden_cost_fallacy","LO3.6","identification","easy","1","0","716","0","","","","","0","937","0","2","","","2","1","0.5","0","{""selectionReason"":""risk-reward"",""weaknessEstimate"":[{""key"":""hidden_cost_fallacy"",""attempts"":1,""accuracy"":0},{""key"":""fixed_cost_fallacy"",""attempts"":1,""accuracy"":1}],""sourceEvent"":""question"",""sourceRunId"":""1788617397684-71azlp"",""lifecycleReason"":"""",""acceptedAttempt"":true}","1788617397684-71azlp","","","","","","","","","","","","","","","","","","","","","","","","","","","","","716"
"dbc659c0-e188-4f4b-9ca6-6fe503899ee7","4a0bd042-f845-4d03-8f4a-a8a110c8bb3a","d59f334b-72b3-4be1-ad44-c19a56d2b3d6","managerial-directorate-telemetry-poc","2026.09.05-poc2","1","phaseAnonymousTelemetryPOC-v1","cost-directive","riskReward","answer_evaluated","14","2026-09-05T14:10:03.349Z","2026-09-05 14:10:03","5662","2","52","hidden_cost_fallacy","LO3.6","identification","easy","1","0","716","0","","","","","0","937","0","2","","","2","1","0.5","0","{""selectionReason"":""risk-reward"",""weaknessEstimate"":[{""key"":""hidden_cost_fallacy"",""attempts"":1,""accuracy"":0},{""key"":""fixed_cost_fallacy"",""attempts"":1,""accuracy"":1}],""sourceEvent"":""question"",""sourceRunId"":""1788617397684-71azlp"",""lifecycleReason"":"""",""acceptedAttempt"":true}","1788617397684-71azlp","","true","","","","","","","","","","","","","","","","","","","","","","","","","","","716"
"dbfacdb8-bb08-4e1d-a21e-a0c79c53d57d","4a0bd042-f845-4d03-8f4a-a8a110c8bb3a","d59f334b-72b3-4be1-ad44-c19a56d2b3d6","managerial-directorate-telemetry-poc","2026.09.05-poc2","1","phaseAnonymousTelemetryPOC-v1","cost-directive","riskReward","feedback_shown","15","2026-09-05T14:10:03.349Z","2026-09-05 14:10:03","5662","2","52","hidden_cost_fallacy","LO3.6","identification","easy","1","0","716","0","","","","","0","937","0","2","","","2","1","0.5","0","{""selectionReason"":""risk-reward"",""weaknessEstimate"":[{""key"":""hidden_cost_fallacy"",""attempts"":1,""accuracy"":0},{""key"":""fixed_cost_fallacy"",""attempts"":1,""accuracy"":1}],""sourceEvent"":""question"",""sourceRunId"":""1788617397684-71azlp"",""lifecycleReason"":"""",""acceptedAttempt"":true}","1788617397684-71azlp","","","","","","","","","","","","","","","","","","","","","","","","","","","","","716"
"ab1247cc-8164-4ec3-8e8d-a1ee1a0b00cb","4a0bd042-f845-4d03-8f4a-a8a110c8bb3a","d59f334b-72b3-4be1-ad44-c19a56d2b3d6","managerial-directorate-telemetry-poc","2026.09.05-poc2","1","phaseAnonymousTelemetryPOC-v1","cost-directive","riskReward","score_changed","16","2026-09-05T14:10:03.349Z","2026-09-05 14:10:03","5662","2","52","hidden_cost_fallacy","LO3.6","identification","easy","1","0","716","0","","","","","0","937","0","2","","","2","1","0.5","0","{""selectionReason"":""risk-reward"",""weaknessEstimate"":[{""key"":""hidden_cost_fallacy"",""attempts"":1,""accuracy"":0},{""key"":""fixed_cost_fallacy"",""attempts"":1,""accuracy"":1}],""sourceEvent"":""question"",""sourceRunId"":""1788617397684-71azlp"",""lifecycleReason"":"""",""acceptedAttempt"":true}","1788617397684-71azlp","","","","","","","","","","","","","","","","","","","","","","","","","","","","","716"
"51dd951b-3bcf-4a25-b48b-227a1bc9d8f2","4a0bd042-f845-4d03-8f4a-a8a110c8bb3a","d59f334b-72b3-4be1-ad44-c19a56d2b3d6","managerial-directorate-telemetry-poc","2026.09.05-poc2","1","phaseAnonymousTelemetryPOC-v1","cost-directive","riskReward","streak_changed","17","2026-09-05T14:10:03.349Z","2026-09-05 14:10:03","5662","2","52","hidden_cost_fallacy","LO3.6","identification","easy","1","0","716","0","","","","","0","937","0","2","","","2","1","0.5","0","{""selectionReason"":""risk-reward"",""weaknessEstimate"":[{""key"":""hidden_cost_fallacy"",""attempts"":1,""accuracy"":0},{""key"":""fixed_cost_fallacy"",""attempts"":1,""accuracy"":1}],""sourceEvent"":""question"",""sourceRunId"":""1788617397684-71azlp"",""lifecycleReason"":"""",""acceptedAttempt"":true}","1788617397684-71azlp","","","","","","","","","","","","","","","","","","","","","","","","","","","","","716"
"79932b0b-099b-44d5-8f18-4d1d4336cb2d","4a0bd042-f845-4d03-8f4a-a8a110c8bb3a","d59f334b-72b3-4be1-ad44-c19a56d2b3d6","managerial-directorate-telemetry-poc","2026.09.05-poc2","1","phaseAnonymousTelemetryPOC-v1","cost-directive","riskReward","room_advanced","18","2026-09-05T14:10:04.993Z","2026-09-05 14:10:05","7307","3","61","ac_mc_mr_calculation","LO4.2","calculation","easy","","","0","0","","","","","0","0","0","2","","","2","1","0.5","0","{""selectionReason"":""risk-reward"",""weaknessEstimate"":[{""key"":""hidden_cost_fallacy"",""attempts"":1,""accuracy"":0},{""key"":""fixed_cost_fallacy"",""attempts"":1,""accuracy"":1}],""sourceEvent"":"""",""sourceRunId"":""1788617397684-71azlp"",""lifecycleReason"":""""}","1788617397684-71azlp","","","","","","","","","","","","","","","","","","","","","","","","","","","","","0"
"90739426-1a0c-49d3-b9eb-368d0a64d43e","4a0bd042-f845-4d03-8f4a-a8a110c8bb3a","d59f334b-72b3-4be1-ad44-c19a56d2b3d6","managerial-directorate-telemetry-poc","2026.09.05-poc2","1","phaseAnonymousTelemetryPOC-v1","cost-directive","riskReward","question_shown","19","2026-09-05T14:10:04.993Z","2026-09-05 14:10:05","7307","3","61","ac_mc_mr_calculation","LO4.2","calculation","easy","","","0","0","","","","","0","0","0","2","","","2","1","0.5","0","{""selectionReason"":""risk-reward"",""weaknessEstimate"":[{""key"":""hidden_cost_fallacy"",""attempts"":1,""accuracy"":0},{""key"":""fixed_cost_fallacy"",""attempts"":1,""accuracy"":1}],""sourceEvent"":"""",""sourceRunId"":""1788617397684-71azlp"",""lifecycleReason"":""""}","1788617397684-71azlp","","","","","","","","","","","","","","","","","","","","","","","","","","","","","0"
"1044a355-3edb-4c50-8645-52cd38f2769d","4a0bd042-f845-4d03-8f4a-a8a110c8bb3a","d59f334b-72b3-4be1-ad44-c19a56d2b3d6","managerial-directorate-telemetry-poc","2026.09.05-poc2","1","phaseAnonymousTelemetryPOC-v1","cost-directive","riskReward","question_shown","20","2026-09-05T14:10:04.994Z","2026-09-05 14:10:05","7307","3","61","ac_mc_mr_calculation","LO4.2","calculation","easy","","","0","0","","","","","0","0","0","2","","","2","1","0.5","0","{""selectionReason"":""risk-reward"",""weaknessEstimate"":[{""key"":""hidden_cost_fallacy"",""attempts"":1,""accuracy"":0},{""key"":""fixed_cost_fallacy"",""attempts"":1,""accuracy"":1}],""sourceEvent"":"""",""sourceRunId"":""1788617397684-71azlp"",""lifecycleReason"":""""}","1788617397684-71azlp","","","","","","","","","","","","","","","","","","","","","","","","","","","","","0"
"81e12e33-0994-4b7e-874c-dd0a613618ae","4a0bd042-f845-4d03-8f4a-a8a110c8bb3a","d59f334b-72b3-4be1-ad44-c19a56d2b3d6","managerial-directorate-telemetry-poc","2026.09.05-poc2","1","phaseAnonymousTelemetryPOC-v1","cost-directive","riskReward","answer_submitted","21","2026-09-05T14:10:05.865Z","2026-09-05 14:10:05","8179","3","61","ac_mc_mr_calculation","LO4.2","calculation","easy","0","1","883","0","","","","","0","1031","1","3","","","3","1","0.3333333333333333","0","{""selectionReason"":""risk-reward"",""weaknessEstimate"":[{""key"":""hidden_cost_fallacy"",""attempts"":1,""accuracy"":0},{""key"":""fixed_cost_fallacy"",""attempts"":1,""accuracy"":1},{""key"":""ac_mc_mr_calculation"",""attempts"":1,""accuracy"":1}],""sourceEvent"":""question"",""sourceRunId"":""1788617397684-71azlp"",""lifecycleReason"":"""",""acceptedAttempt"":true}","1788617397684-71azlp","","","","","","","","","","","","","","","","","","","","","","","","","","","","","883"
"2a66c230-8ffc-4fd8-9ac0-d084ed3487dd","4a0bd042-f845-4d03-8f4a-a8a110c8bb3a","d59f334b-72b3-4be1-ad44-c19a56d2b3d6","managerial-directorate-telemetry-poc","2026.09.05-poc2","1","phaseAnonymousTelemetryPOC-v1","cost-directive","riskReward","answer_evaluated","22","2026-09-05T14:10:05.865Z","2026-09-05 14:10:05","8179","3","61","ac_mc_mr_calculation","LO4.2","calculation","easy","0","1","883","0","","","","","0","1031","1","3","","","3","1","0.3333333333333333","0","{""selectionReason"":""risk-reward"",""weaknessEstimate"":[{""key"":""hidden_cost_fallacy"",""attempts"":1,""accuracy"":0},{""key"":""fixed_cost_fallacy"",""attempts"":1,""accuracy"":1},{""key"":""ac_mc_mr_calculation"",""attempts"":1,""accuracy"":1}],""sourceEvent"":""question"",""sourceRunId"":""1788617397684-71azlp"",""lifecycleReason"":"""",""acceptedAttempt"":true}","1788617397684-71azlp","","true","","","","","","","","","","","","","","","","","","","","","","","","","","","883"
"f7704056-947b-44cf-984c-48262f2efb24","4a0bd042-f845-4d03-8f4a-a8a110c8bb3a","d59f334b-72b3-4be1-ad44-c19a56d2b3d6","managerial-directorate-telemetry-poc","2026.09.05-poc2","1","phaseAnonymousTelemetryPOC-v1","cost-directive","riskReward","feedback_shown","23","2026-09-05T14:10:05.865Z","2026-09-05 14:10:05","8179","3","61","ac_mc_mr_calculation","LO4.2","calculation","easy","0","1","883","0","","","","","0","1031","1","3","","","3","1","0.3333333333333333","0","{""selectionReason"":""risk-reward"",""weaknessEstimate"":[{""key"":""hidden_cost_fallacy"",""attempts"":1,""accuracy"":0},{""key"":""fixed_cost_fallacy"",""attempts"":1,""accuracy"":1},{""key"":""ac_mc_mr_calculation"",""attempts"":1,""accuracy"":1}],""sourceEvent"":""question"",""sourceRunId"":""1788617397684-71azlp"",""lifecycleReason"":"""",""acceptedAttempt"":true}","1788617397684-71azlp","","","","","","","","","","","","","","","","","","","","","","","","","","","","","883"
"b28ba929-d6f1-4898-a516-bf8b1b4164cb","4a0bd042-f845-4d03-8f4a-a8a110c8bb3a","d59f334b-72b3-4be1-ad44-c19a56d2b3d6","managerial-directorate-telemetry-poc","2026.09.05-poc2","1","phaseAnonymousTelemetryPOC-v1","cost-directive","riskReward","score_changed","24","2026-09-05T14:10:05.865Z","2026-09-05 14:10:05","8179","3","61","ac_mc_mr_calculation","LO4.2","calculation","easy","0","1","883","0","","","","","0","1031","1","3","","","3","1","0.3333333333333333","0","{""selectionReason"":""risk-reward"",""weaknessEstimate"":[{""key"":""hidden_cost_fallacy"",""attempts"":1,""accuracy"":0},{""key"":""fixed_cost_fallacy"",""attempts"":1,""accuracy"":1},{""key"":""ac_mc_mr_calculation"",""attempts"":1,""accuracy"":1}],""sourceEvent"":""question"",""sourceRunId"":""1788617397684-71azlp"",""lifecycleReason"":"""",""acceptedAttempt"":true}","1788617397684-71azlp","","","","","","","","","","","","","","","","","","","","","","","","","","","","","883"
"a6fca488-566c-4a54-8779-c714e770611d","4a0bd042-f845-4d03-8f4a-a8a110c8bb3a","d59f334b-72b3-4be1-ad44-c19a56d2b3d6","managerial-directorate-telemetry-poc","2026.09.05-poc2","1","phaseAnonymousTelemetryPOC-v1","cost-directive","riskReward","streak_changed","25","2026-09-05T14:10:05.865Z","2026-09-05 14:10:05","8179","3","61","ac_mc_mr_calculation","LO4.2","calculation","easy","0","1","883","0","","","","","0","1031","1","3","","","3","1","0.3333333333333333","0","{""selectionReason"":""risk-reward"",""weaknessEstimate"":[{""key"":""hidden_cost_fallacy"",""attempts"":1,""accuracy"":0},{""key"":""fixed_cost_fallacy"",""attempts"":1,""accuracy"":1},{""key"":""ac_mc_mr_calculation"",""attempts"":1,""accuracy"":1}],""sourceEvent"":""question"",""sourceRunId"":""1788617397684-71azlp"",""lifecycleReason"":"""",""acceptedAttempt"":true}","1788617397684-71azlp","","","","","","","","","","","","","","","","","","","","","","","","","","","","","883"
"77252800-b386-4bb8-8e5c-afa8cea39b94","4a0bd042-f845-4d03-8f4a-a8a110c8bb3a","d59f334b-72b3-4be1-ad44-c19a56d2b3d6","managerial-directorate-telemetry-poc","2026.09.05-poc2","1","phaseAnonymousTelemetryPOC-v1","cost-directive","riskReward","room_advanced","26","2026-09-05T14:10:08.976Z","2026-09-05 14:10:09","11290","4","107","incentive_system_design","LO1.3","application","medium","","","0","0","","","","","0","0","1","3","","","3","2","0.6666666666666666","0","{""selectionReason"":""risk-reward"",""weaknessEstimate"":[{""key"":""hidden_cost_fallacy"",""attempts"":1,""accuracy"":0},{""key"":""fixed_cost_fallacy"",""attempts"":1,""accuracy"":1},{""key"":""ac_mc_mr_calculation"",""attempts"":1,""accuracy"":1}],""sourceEvent"":"""",""sourceRunId"":""1788617397684-71azlp"",""lifecycleReason"":""""}","1788617397684-71azlp","","","","","","","","","","","","","","","","","","","","","","","","","","","","","0"
"19cea0c3-0895-4f95-9983-b62c55e04460","4a0bd042-f845-4d03-8f4a-a8a110c8bb3a","d59f334b-72b3-4be1-ad44-c19a56d2b3d6","managerial-directorate-telemetry-poc","2026.09.05-poc2","1","phaseAnonymousTelemetryPOC-v1","cost-directive","riskReward","question_shown","27","2026-09-05T14:10:08.977Z","2026-09-05 14:10:09","11291","4","107","incentive_system_design","LO1.3","application","medium","","","0","0","","","","","0","0","1","3","","","3","2","0.6666666666666666","0","{""selectionReason"":""risk-reward"",""weaknessEstimate"":[{""key"":""hidden_cost_fallacy"",""attempts"":1,""accuracy"":0},{""key"":""fixed_cost_fallacy"",""attempts"":1,""accuracy"":1},{""key"":""ac_mc_mr_calculation"",""attempts"":1,""accuracy"":1}],""sourceEvent"":"""",""sourceRunId"":""1788617397684-71azlp"",""lifecycleReason"":""""}","1788617397684-71azlp","","","","","","","","","","","","","","","","","","","","","","","","","","","","","0"
"a161bd91-4ff8-4564-8abb-f4ae7182a5db","4a0bd042-f845-4d03-8f4a-a8a110c8bb3a","d59f334b-72b3-4be1-ad44-c19a56d2b3d6","managerial-directorate-telemetry-poc","2026.09.05-poc2","1","phaseAnonymousTelemetryPOC-v1","cost-directive","riskReward","question_shown","28","2026-09-05T14:10:08.977Z","2026-09-05 14:10:09","11291","4","107","incentive_system_design","LO1.3","application","medium","","","0","0","","","","","0","0","1","3","","","3","2","0.6666666666666666","0","{""selectionReason"":""risk-reward"",""weaknessEstimate"":[{""key"":""hidden_cost_fallacy"",""attempts"":1,""accuracy"":0},{""key"":""fixed_cost_fallacy"",""attempts"":1,""accuracy"":1},{""key"":""ac_mc_mr_calculation"",""attempts"":1,""accuracy"":1}],""sourceEvent"":"""",""sourceRunId"":""1788617397684-71azlp"",""lifecycleReason"":""""}","1788617397684-71azlp","","","","","","","","","","","","","","","","","","","","","","","","","","","","","0"
"b9832279-c966-44ac-b9af-1c9acaa243fd","4a0bd042-f845-4d03-8f4a-a8a110c8bb3a","d59f334b-72b3-4be1-ad44-c19a56d2b3d6","managerial-directorate-telemetry-poc","2026.09.05-poc2","1","phaseAnonymousTelemetryPOC-v1","cost-directive","riskReward","answer_submitted","29","2026-09-05T14:10:09.707Z","2026-09-05 14:10:09","12021","4","107","incentive_system_design","LO1.3","application","medium","0","1","741","0","","","","","0","2062","2","4","","","4","2","0.5","0","{""selectionReason"":""risk-reward"",""weaknessEstimate"":[{""key"":""hidden_cost_fallacy"",""attempts"":1,""accuracy"":0},{""key"":""fixed_cost_fallacy"",""attempts"":1,""accuracy"":1},{""key"":""ac_mc_mr_calculation"",""attempts"":1,""accuracy"":1},{""key"":""incentive_system_design"",""attempts"":1,""accuracy"":1}],""sourceEvent"":""question"",""sourceRunId"":""1788617397684-71azlp"",""lifecycleReason"":"""",""acceptedAttempt"":true}","1788617397684-71azlp","","","","","","","","","","","","","","","","","","","","","","","","","","","","","741"
"a6481474-aeeb-4997-a410-51dd2bbb8004","4a0bd042-f845-4d03-8f4a-a8a110c8bb3a","d59f334b-72b3-4be1-ad44-c19a56d2b3d6","managerial-directorate-telemetry-poc","2026.09.05-poc2","1","phaseAnonymousTelemetryPOC-v1","cost-directive","riskReward","answer_evaluated","30","2026-09-05T14:10:09.707Z","2026-09-05 14:10:09","12021","4","107","incentive_system_design","LO1.3","application","medium","0","1","741","0","","","","","0","2062","2","4","","","4","2","0.5","0","{""selectionReason"":""risk-reward"",""weaknessEstimate"":[{""key"":""hidden_cost_fallacy"",""attempts"":1,""accuracy"":0},{""key"":""fixed_cost_fallacy"",""attempts"":1,""accuracy"":1},{""key"":""ac_mc_mr_calculation"",""attempts"":1,""accuracy"":1},{""key"":""incentive_system_design"",""attempts"":1,""accuracy"":1}],""sourceEvent"":""question"",""sourceRunId"":""1788617397684-71azlp"",""lifecycleReason"":"""",""acceptedAttempt"":true}","1788617397684-71azlp","","true","","","","","","","","","","","","","","","","","","","","","","","","","","","741"
"84172bb4-9016-40c3-ba0a-99c4c2b6416f","4a0bd042-f845-4d03-8f4a-a8a110c8bb3a","d59f334b-72b3-4be1-ad44-c19a56d2b3d6","managerial-directorate-telemetry-poc","2026.09.05-poc2","1","phaseAnonymousTelemetryPOC-v1","cost-directive","riskReward","feedback_shown","31","2026-09-05T14:10:09.707Z","2026-09-05 14:10:09","12021","4","107","incentive_system_design","LO1.3","application","medium","0","1","741","0","","","","","0","2062","2","4","","","4","2","0.5","0","{""selectionReason"":""risk-reward"",""weaknessEstimate"":[{""key"":""hidden_cost_fallacy"",""attempts"":1,""accuracy"":0},{""key"":""fixed_cost_fallacy"",""attempts"":1,""accuracy"":1},{""key"":""ac_mc_mr_calculation"",""attempts"":1,""accuracy"":1},{""key"":""incentive_system_design"",""attempts"":1,""accuracy"":1}],""sourceEvent"":""question"",""sourceRunId"":""1788617397684-71azlp"",""lifecycleReason"":"""",""acceptedAttempt"":true}","1788617397684-71azlp","","","","","","","","","","","","","","","","","","","","","","","","","","","","","741"
"68485f5a-be15-4beb-a73b-ab03ebf511c1","4a0bd042-f845-4d03-8f4a-a8a110c8bb3a","d59f334b-72b3-4be1-ad44-c19a56d2b3d6","managerial-directorate-telemetry-poc","2026.09.05-poc2","1","phaseAnonymousTelemetryPOC-v1","cost-directive","riskReward","score_changed","32","2026-09-05T14:10:09.707Z","2026-09-05 14:10:09","12021","4","107","incentive_system_design","LO1.3","application","medium","0","1","741","0","","","","","0","2062","2","4","","","4","2","0.5","0","{""selectionReason"":""risk-reward"",""weaknessEstimate"":[{""key"":""hidden_cost_fallacy"",""attempts"":1,""accuracy"":0},{""key"":""fixed_cost_fallacy"",""attempts"":1,""accuracy"":1},{""key"":""ac_mc_mr_calculation"",""attempts"":1,""accuracy"":1},{""key"":""incentive_system_design"",""attempts"":1,""accuracy"":1}],""sourceEvent"":""question"",""sourceRunId"":""1788617397684-71azlp"",""lifecycleReason"":"""",""acceptedAttempt"":true}","1788617397684-71azlp","","","","","","","","","","","","","","","","","","","","","","","","","","","","","741"
"97d46d10-073f-404f-b4e5-bb599fc5c785","4a0bd042-f845-4d03-8f4a-a8a110c8bb3a","d59f334b-72b3-4be1-ad44-c19a56d2b3d6","managerial-directorate-telemetry-poc","2026.09.05-poc2","1","phaseAnonymousTelemetryPOC-v1","cost-directive","riskReward","streak_changed","33","2026-09-05T14:10:09.707Z","2026-09-05 14:10:09","12021","4","107","incentive_system_design","LO1.3","application","medium","0","1","741","0","","","","","0","2062","2","4","","","4","2","0.5","0","{""selectionReason"":""risk-reward"",""weaknessEstimate"":[{""key"":""hidden_cost_fallacy"",""attempts"":1,""accuracy"":0},{""key"":""fixed_cost_fallacy"",""attempts"":1,""accuracy"":1},{""key"":""ac_mc_mr_calculation"",""attempts"":1,""accuracy"":1},{""key"":""incentive_system_design"",""attempts"":1,""accuracy"":1}],""sourceEvent"":""question"",""sourceRunId"":""1788617397684-71azlp"",""lifecycleReason"":"""",""acceptedAttempt"":true}","1788617397684-71azlp","","","","","","","","","","","","","","","","","","","","","","","","","","","","","741"
"c536e8d5-9468-4f6e-be90-cb598a1ca413","4a0bd042-f845-4d03-8f4a-a8a110c8bb3a","d59f334b-72b3-4be1-ad44-c19a56d2b3d6","managerial-directorate-telemetry-poc","2026.09.05-poc2","1","phaseAnonymousTelemetryPOC-v1","cost-directive","riskReward","room_advanced","34","2026-09-05T14:10:12.479Z","2026-09-05 14:10:12","14793","5","117","voluntary_transactions_surplus","LO2.1","calculation","medium","","","0","0","","","","","0","0","2","4","","","4","3","0.75","0","{""selectionReason"":""risk-reward"",""weaknessEstimate"":[{""key"":""hidden_cost_fallacy"",""attempts"":1,""accuracy"":0},{""key"":""fixed_cost_fallacy"",""attempts"":1,""accuracy"":1},{""key"":""ac_mc_mr_calculation"",""attempts"":1,""accuracy"":1},{""key"":""incentive_system_design"",""attempts"":1,""accuracy"":1}],""sourceEvent"":"""",""sourceRunId"":""1788617397684-71azlp"",""lifecycleReason"":""""}","1788617397684-71azlp","","","","","","","","","","","","","","","","","","","","","","","","","","","","","0"
"7743b2f2-31fc-4bc3-aff2-c6d335e9d540","4a0bd042-f845-4d03-8f4a-a8a110c8bb3a","d59f334b-72b3-4be1-ad44-c19a56d2b3d6","managerial-directorate-telemetry-poc","2026.09.05-poc2","1","phaseAnonymousTelemetryPOC-v1","cost-directive","riskReward","question_shown","35","2026-09-05T14:10:12.479Z","2026-09-05 14:10:12","14793","5","117","voluntary_transactions_surplus","LO2.1","calculation","medium","","","0","0","","","","","0","0","2","4","","","4","3","0.75","0","{""selectionReason"":""risk-reward"",""weaknessEstimate"":[{""key"":""hidden_cost_fallacy"",""attempts"":1,""accuracy"":0},{""key"":""fixed_cost_fallacy"",""attempts"":1,""accuracy"":1},{""key"":""ac_mc_mr_calculation"",""attempts"":1,""accuracy"":1},{""key"":""incentive_system_design"",""attempts"":1,""accuracy"":1}],""sourceEvent"":"""",""sourceRunId"":""1788617397684-71azlp"",""lifecycleReason"":""""}","1788617397684-71azlp","","","","","","","","","","","","","","","","","","","","","","","","","","","","","0"
"30d61a40-2568-4ca8-b2c8-a214e8e5850a","4a0bd042-f845-4d03-8f4a-a8a110c8bb3a","d59f334b-72b3-4be1-ad44-c19a56d2b3d6","managerial-directorate-telemetry-poc","2026.09.05-poc2","1","phaseAnonymousTelemetryPOC-v1","cost-directive","riskReward","question_shown","36","2026-09-05T14:10:12.480Z","2026-09-05 14:10:12","14794","5","117","voluntary_transactions_surplus","LO2.1","calculation","medium","","","0","0","","","","","0","0","2","4","","","4","3","0.75","0","{""selectionReason"":""risk-reward"",""weaknessEstimate"":[{""key"":""hidden_cost_fallacy"",""attempts"":1,""accuracy"":0},{""key"":""fixed_cost_fallacy"",""attempts"":1,""accuracy"":1},{""key"":""ac_mc_mr_calculation"",""attempts"":1,""accuracy"":1},{""key"":""incentive_system_design"",""attempts"":1,""accuracy"":1}],""sourceEvent"":"""",""sourceRunId"":""1788617397684-71azlp"",""lifecycleReason"":""""}","1788617397684-71azlp","","","","","","","","","","","","","","","","","","","","","","","","","","","","","0"
"97cd3e31-34d5-4e07-a539-cff7b53b73f6","4a0bd042-f845-4d03-8f4a-a8a110c8bb3a","d59f334b-72b3-4be1-ad44-c19a56d2b3d6","managerial-directorate-telemetry-poc","2026.09.05-poc2","1","phaseAnonymousTelemetryPOC-v1","cost-directive","riskReward","answer_submitted","37","2026-09-05T14:10:13.869Z","2026-09-05 14:10:13","16183","5","117","voluntary_transactions_surplus","LO2.1","calculation","medium","2","0","1402","0","","","","","0","0","0","5","","","5","3","0.6","0","{""selectionReason"":""risk-reward"",""weaknessEstimate"":[{""key"":""hidden_cost_fallacy"",""attempts"":1,""accuracy"":0},{""key"":""voluntary_transactions_surplus"",""attempts"":1,""accuracy"":0},{""key"":""fixed_cost_fallacy"",""attempts"":1,""accuracy"":1},{""key"":""ac_mc_mr_calculation"",""attempts"":1,""accuracy"":1},{""key"":""incentive_system_design"",""attempts"":1,""accuracy"":1}],""sourceEvent"":""question"",""sourceRunId"":""1788617397684-71azlp"",""lifecycleReason"":"""",""acceptedAttempt"":true}","1788617397684-71azlp","","","","","","","","","","","","","","","","","","","","","","","","","","","","","1402"
"e64199ab-3101-4978-b544-545c4ebc8a7a","4a0bd042-f845-4d03-8f4a-a8a110c8bb3a","d59f334b-72b3-4be1-ad44-c19a56d2b3d6","managerial-directorate-telemetry-poc","2026.09.05-poc2","1","phaseAnonymousTelemetryPOC-v1","cost-directive","riskReward","answer_evaluated","38","2026-09-05T14:10:13.870Z","2026-09-05 14:10:13","16183","5","117","voluntary_transactions_surplus","LO2.1","calculation","medium","2","0","1402","0","","","","","0","0","0","5","","","5","3","0.6","0","{""selectionReason"":""risk-reward"",""weaknessEstimate"":[{""key"":""hidden_cost_fallacy"",""attempts"":1,""accuracy"":0},{""key"":""voluntary_transactions_surplus"",""attempts"":1,""accuracy"":0},{""key"":""fixed_cost_fallacy"",""attempts"":1,""accuracy"":1},{""key"":""ac_mc_mr_calculation"",""attempts"":1,""accuracy"":1},{""key"":""incentive_system_design"",""attempts"":1,""accuracy"":1}],""sourceEvent"":""question"",""sourceRunId"":""1788617397684-71azlp"",""lifecycleReason"":"""",""acceptedAttempt"":true}","1788617397684-71azlp","","true","","","","","","","","","","","","","","","","","","","","","","","","","","","1402"
"d23a6061-6a99-413a-b9f3-34c5af071731","4a0bd042-f845-4d03-8f4a-a8a110c8bb3a","d59f334b-72b3-4be1-ad44-c19a56d2b3d6","managerial-directorate-telemetry-poc","2026.09.05-poc2","1","phaseAnonymousTelemetryPOC-v1","cost-directive","riskReward","feedback_shown","39","2026-09-05T14:10:13.870Z","2026-09-05 14:10:13","16183","5","117","voluntary_transactions_surplus","LO2.1","calculation","medium","2","0","1402","0","","","","","0","0","0","5","","","5","3","0.6","0","{""selectionReason"":""risk-reward"",""weaknessEstimate"":[{""key"":""hidden_cost_fallacy"",""attempts"":1,""accuracy"":0},{""key"":""voluntary_transactions_surplus"",""attempts"":1,""accuracy"":0},{""key"":""fixed_cost_fallacy"",""attempts"":1,""accuracy"":1},{""key"":""ac_mc_mr_calculation"",""attempts"":1,""accuracy"":1},{""key"":""incentive_system_design"",""attempts"":1,""accuracy"":1}],""sourceEvent"":""question"",""sourceRunId"":""1788617397684-71azlp"",""lifecycleReason"":"""",""acceptedAttempt"":true}","1788617397684-71azlp","","","","","","","","","","","","","","","","","","","","","","","","","","","","","1402"
"dccefd80-f5a2-40db-bdb3-8de6cc2082ca","4a0bd042-f845-4d03-8f4a-a8a110c8bb3a","d59f334b-72b3-4be1-ad44-c19a56d2b3d6","managerial-directorate-telemetry-poc","2026.09.05-poc2","1","phaseAnonymousTelemetryPOC-v1","cost-directive","riskReward","score_changed","40","2026-09-05T14:10:13.870Z","2026-09-05 14:10:13","16183","5","117","voluntary_transactions_surplus","LO2.1","calculation","medium","2","0","1402","0","","","","","0","0","0","5","","","5","3","0.6","0","{""selectionReason"":""risk-reward"",""weaknessEstimate"":[{""key"":""hidden_cost_fallacy"",""attempts"":1,""accuracy"":0},{""key"":""voluntary_transactions_surplus"",""attempts"":1,""accuracy"":0},{""key"":""fixed_cost_fallacy"",""attempts"":1,""accuracy"":1},{""key"":""ac_mc_mr_calculation"",""attempts"":1,""accuracy"":1},{""key"":""incentive_system_design"",""attempts"":1,""accuracy"":1}],""sourceEvent"":""question"",""sourceRunId"":""1788617397684-71azlp"",""lifecycleReason"":"""",""acceptedAttempt"":true}","1788617397684-71azlp","","","","","","","","","","","","","","","","","","","","","","","","","","","","","1402"
"08dd7838-7781-4160-ad45-6357340c8335","4a0bd042-f845-4d03-8f4a-a8a110c8bb3a","d59f334b-72b3-4be1-ad44-c19a56d2b3d6","managerial-directorate-telemetry-poc","2026.09.05-poc2","1","phaseAnonymousTelemetryPOC-v1","cost-directive","riskReward","streak_changed","41","2026-09-05T14:10:13.870Z","2026-09-05 14:10:13","16183","5","117","voluntary_transactions_surplus","LO2.1","calculation","medium","2","0","1402","0","","","","","0","0","0","5","","","5","3","0.6","0","{""selectionReason"":""risk-reward"",""weaknessEstimate"":[{""key"":""hidden_cost_fallacy"",""attempts"":1,""accuracy"":0},{""key"":""voluntary_transactions_surplus"",""attempts"":1,""accuracy"":0},{""key"":""fixed_cost_fallacy"",""attempts"":1,""accuracy"":1},{""key"":""ac_mc_mr_calculation"",""attempts"":1,""accuracy"":1},{""key"":""incentive_system_design"",""attempts"":1,""accuracy"":1}],""sourceEvent"":""question"",""sourceRunId"":""1788617397684-71azlp"",""lifecycleReason"":"""",""acceptedAttempt"":true}","1788617397684-71azlp","","","","","","","","","","","","","","","","","","","","","","","","","","","","","1402"
"3c606e28-f359-4222-badf-e3673fae1f1e","4a0bd042-f845-4d03-8f4a-a8a110c8bb3a","d59f334b-72b3-4be1-ad44-c19a56d2b3d6","managerial-directorate-telemetry-poc","2026.09.05-poc2","1","phaseAnonymousTelemetryPOC-v1","cost-directive","riskReward","run_completed","42","2026-09-05T14:10:13.870Z","2026-09-05 14:10:13","16184","5","0","voluntary_transactions_surplus","","","medium","","1","0","0","","","","","0","0","0","5","","riskReward_bust","5","3","0.6","0","{""selectionReason"":""risk-reward"",""weaknessEstimate"":[{""key"":""hidden_cost_fallacy"",""attempts"":1,""accuracy"":0},{""key"":""voluntary_transactions_surplus"",""attempts"":1,""accuracy"":0},{""key"":""fixed_cost_fallacy"",""attempts"":1,""accuracy"":1},{""key"":""ac_mc_mr_calculation"",""attempts"":1,""accuracy"":1},{""key"":""incentive_system_design"",""attempts"":1,""accuracy"":1}],""sourceEvent"":""riskReward_bust"",""sourceRunId"":""1788617397684-71azlp"",""lifecycleReason"":""""}","1788617397684-71azlp","","","","","","","","","","","","","","","","","","","","","","","","","","","","","0"
"f6ad81ec-e874-4fc7-a6d8-765af4ea7adc","a04ca883-354d-49ae-a110-d45301560b86","d59f334b-72b3-4be1-ad44-c19a56d2b3d6","managerial-directorate-telemetry-poc","2026.09.05-poc2","1","phaseAnonymousTelemetryPOC-v1","cost-directive","exam","mode_selected","1","2026-09-05T14:08:05.109Z","2026-09-05 14:08:05","0","0","","","","","","","","0","0","","","","","0","0","0","0","","","0","0","0","0","{""selectionReason"":""new-run"",""weaknessEstimate"":[],""sourceEvent"":""start"",""sourceRunId"":""1788617285108-mrwn1r"",""lifecycleReason"":""""}","1788617285108-mrwn1r","","","","","","","","","","","","","","","","","","","","","","","","","","","","","0"
"1aef7f9f-98a2-47ad-bfa7-7c539ebbd3a2","a04ca883-354d-49ae-a110-d45301560b86","d59f334b-72b3-4be1-ad44-c19a56d2b3d6","managerial-directorate-telemetry-poc","2026.09.05-poc2","1","phaseAnonymousTelemetryPOC-v1","cost-directive","exam","run_started","2","2026-09-05T14:08:05.109Z","2026-09-05 14:08:05","0","0","","","","","","","","0","0","","","","","0","0","0","0","","","0","0","0","0","{""selectionReason"":""new-run"",""weaknessEstimate"":[],""sourceEvent"":""start"",""sourceRunId"":""1788617285108-mrwn1r"",""lifecycleReason"":""""}","1788617285108-mrwn1r","","","","","","","","","","","","","","","","","","","","","","","","","","","","","0"
"e0c7fb99-a55d-4fb3-a3f3-4127dfa30368","a04ca883-354d-49ae-a110-d45301560b86","d59f334b-72b3-4be1-ad44-c19a56d2b3d6","managerial-directorate-telemetry-poc","2026.09.05-poc2","1","phaseAnonymousTelemetryPOC-v1","cost-directive","exam","question_shown","3","2026-09-05T14:08:05.123Z","2026-09-05 14:08:05","13","1","35","relevant_costs_benefits","LO3.2","definition","easy","","","0","0","","","","","0","0","0","0","","","0","0","0","0","{""selectionReason"":""support"",""weaknessEstimate"":[],""sourceEvent"":"""",""sourceRunId"":""1788617285108-mrwn1r"",""lifecycleReason"":""""}","1788617285108-mrwn1r","","","","","","","","","","","","","","","","","","","","","","","","","","","","","0"
"b160208c-f8e6-48de-8064-fdd6e9e7c0db","a04ca883-354d-49ae-a110-d45301560b86","d59f334b-72b3-4be1-ad44-c19a56d2b3d6","managerial-directorate-telemetry-poc","2026.09.05-poc2","1","phaseAnonymousTelemetryPOC-v1","cost-directive","exam","answer_submitted","4","2026-09-05T14:08:06.241Z","2026-09-05 14:08:06","1130","1","35","relevant_costs_benefits","LO3.2","definition","easy","0","0","1130","0","","","","","0","0","0","1","","","1","0","0","0","{""selectionReason"":""support"",""weaknessEstimate"":[{""key"":""relevant_costs_benefits"",""attempts"":1,""accuracy"":0}],""sourceEvent"":""question"",""sourceRunId"":""1788617285108-mrwn1r"",""lifecycleReason"":"""",""acceptedAttempt"":true}","1788617285108-mrwn1r","","","","","","","","","","","","","","","","","","","","","","","","","","","","","1130"
"51669eb9-aa10-4b20-a0f3-35bb80f5b552","a04ca883-354d-49ae-a110-d45301560b86","d59f334b-72b3-4be1-ad44-c19a56d2b3d6","managerial-directorate-telemetry-poc","2026.09.05-poc2","1","phaseAnonymousTelemetryPOC-v1","cost-directive","exam","answer_evaluated","5","2026-09-05T14:08:06.241Z","2026-09-05 14:08:06","1130","1","35","relevant_costs_benefits","LO3.2","definition","easy","0","0","1130","0","","","","","0","0","0","1","","","1","0","0","0","{""selectionReason"":""support"",""weaknessEstimate"":[{""key"":""relevant_costs_benefits"",""attempts"":1,""accuracy"":0}],""sourceEvent"":""question"",""sourceRunId"":""1788617285108-mrwn1r"",""lifecycleReason"":"""",""acceptedAttempt"":true}","1788617285108-mrwn1r","","true","","","","","","","","","","","","","","","","","","","","","","","","","","","1130"
"47a0f77b-43b6-400c-9d3f-56df5a383c70","a04ca883-354d-49ae-a110-d45301560b86","d59f334b-72b3-4be1-ad44-c19a56d2b3d6","managerial-directorate-telemetry-poc","2026.09.05-poc2","1","phaseAnonymousTelemetryPOC-v1","cost-directive","exam","feedback_shown","6","2026-09-05T14:08:06.241Z","2026-09-05 14:08:06","1130","1","35","relevant_costs_benefits","LO3.2","definition","easy","0","0","1130","0","","","","","0","0","0","1","","","1","0","0","0","{""selectionReason"":""support"",""weaknessEstimate"":[{""key"":""relevant_costs_benefits"",""attempts"":1,""accuracy"":0}],""sourceEvent"":""question"",""sourceRunId"":""1788617285108-mrwn1r"",""lifecycleReason"":"""",""acceptedAttempt"":true}","1788617285108-mrwn1r","","","","","","","","","","","","","","","","","","","","","","","","","","","","","1130"
"5004164c-bdff-432d-ac5a-49888235487f","a04ca883-354d-49ae-a110-d45301560b86","d59f334b-72b3-4be1-ad44-c19a56d2b3d6","managerial-directorate-telemetry-poc","2026.09.05-poc2","1","phaseAnonymousTelemetryPOC-v1","cost-directive","exam","streak_changed","7","2026-09-05T14:08:06.241Z","2026-09-05 14:08:06","1130","1","35","relevant_costs_benefits","LO3.2","definition","easy","0","0","1130","0","","","","","0","0","0","1","","","1","0","0","0","{""selectionReason"":""support"",""weaknessEstimate"":[{""key"":""relevant_costs_benefits"",""attempts"":1,""accuracy"":0}],""sourceEvent"":""question"",""sourceRunId"":""1788617285108-mrwn1r"",""lifecycleReason"":"""",""acceptedAttempt"":true}","1788617285108-mrwn1r","","","","","","","","","","","","","","","","","","","","","","","","","","","","","1130"
"28f73f12-eff8-4298-8f58-3cb0fc141440","a04ca883-354d-49ae-a110-d45301560b86","d59f334b-72b3-4be1-ad44-c19a56d2b3d6","managerial-directorate-telemetry-poc","2026.09.05-poc2","1","phaseAnonymousTelemetryPOC-v1","cost-directive","exam","question_shown","8","2026-09-05T14:08:07.044Z","2026-09-05 14:08:07","1934","1","27","value_gap_opportunities","LO2.4","identification","easy","","","0","0","","","","","0","0","0","1","","","1","0","0","0","{""selectionReason"":""repair"",""weaknessEstimate"":[{""key"":""relevant_costs_benefits"",""attempts"":1,""accuracy"":0}],""sourceEvent"":"""",""sourceRunId"":""1788617285108-mrwn1r"",""lifecycleReason"":""""}","1788617285108-mrwn1r","","","","","","","","","","","","","","","","","","","","","","","","","","","","","0"
"6bc58f96-f355-4ebe-b22f-827c14684908","a04ca883-354d-49ae-a110-d45301560b86","d59f334b-72b3-4be1-ad44-c19a56d2b3d6","managerial-directorate-telemetry-poc","2026.09.05-poc2","1","phaseAnonymousTelemetryPOC-v1","cost-directive","exam","answer_submitted","9","2026-09-05T14:08:07.747Z","2026-09-05 14:08:07","2637","1","27","value_gap_opportunities","LO2.4","identification","easy","1","0","714","0","","","","","0","0","0","2","","","2","0","0","0","{""selectionReason"":""repair"",""weaknessEstimate"":[{""key"":""relevant_costs_benefits"",""attempts"":1,""accuracy"":0},{""key"":""value_gap_opportunities"",""attempts"":1,""accuracy"":0}],""sourceEvent"":""question"",""sourceRunId"":""1788617285108-mrwn1r"",""lifecycleReason"":"""",""acceptedAttempt"":true}","1788617285108-mrwn1r","","","","","","","","","","","","","","","","","","","","","","","","","","","","","714"
"92c01a90-4938-4d1e-a43e-ad55e5b8ee9a","a04ca883-354d-49ae-a110-d45301560b86","d59f334b-72b3-4be1-ad44-c19a56d2b3d6","managerial-directorate-telemetry-poc","2026.09.05-poc2","1","phaseAnonymousTelemetryPOC-v1","cost-directive","exam","answer_evaluated","10","2026-09-05T14:08:07.747Z","2026-09-05 14:08:07","2637","1","27","value_gap_opportunities","LO2.4","identification","easy","1","0","714","0","","","","","0","0","0","2","","","2","0","0","0","{""selectionReason"":""repair"",""weaknessEstimate"":[{""key"":""relevant_costs_benefits"",""attempts"":1,""accuracy"":0},{""key"":""value_gap_opportunities"",""attempts"":1,""accuracy"":0}],""sourceEvent"":""question"",""sourceRunId"":""1788617285108-mrwn1r"",""lifecycleReason"":"""",""acceptedAttempt"":true}","1788617285108-mrwn1r","","true","","","","","","","","","","","","","","","","","","","","","","","","","","","714"
"a0c3ec97-6df0-415b-802b-a071e9722e1f","a04ca883-354d-49ae-a110-d45301560b86","d59f334b-72b3-4be1-ad44-c19a56d2b3d6","managerial-directorate-telemetry-poc","2026.09.05-poc2","1","phaseAnonymousTelemetryPOC-v1","cost-directive","exam","feedback_shown","11","2026-09-05T14:08:07.747Z","2026-09-05 14:08:07","2637","1","27","value_gap_opportunities","LO2.4","identification","easy","1","0","714","0","","","","","0","0","0","2","","","2","0","0","0","{""selectionReason"":""repair"",""weaknessEstimate"":[{""key"":""relevant_costs_benefits"",""attempts"":1,""accuracy"":0},{""key"":""value_gap_opportunities"",""attempts"":1,""accuracy"":0}],""sourceEvent"":""question"",""sourceRunId"":""1788617285108-mrwn1r"",""lifecycleReason"":"""",""acceptedAttempt"":true}","1788617285108-mrwn1r","","","","","","","","","","","","","","","","","","","","","","","","","","","","","714"
"81b2e0a2-9fce-4a57-b317-0fbd228d3241","a04ca883-354d-49ae-a110-d45301560b86","d59f334b-72b3-4be1-ad44-c19a56d2b3d6","managerial-directorate-telemetry-poc","2026.09.05-poc2","1","phaseAnonymousTelemetryPOC-v1","cost-directive","exam","question_shown","12","2026-09-05T14:08:08.494Z","2026-09-05 14:08:08","3384","1","25","value_gap_opportunities","LO2.4","definition","easy","","","0","0","","","","","0","0","0","2","","","2","0","0","0","{""selectionReason"":""repair"",""weaknessEstimate"":[{""key"":""relevant_costs_benefits"",""attempts"":1,""accuracy"":0},{""key"":""value_gap_opportunities"",""attempts"":1,""accuracy"":0}],""sourceEvent"":"""",""sourceRunId"":""1788617285108-mrwn1r"",""lifecycleReason"":""""}","1788617285108-mrwn1r","","","","","","","","","","","","","","","","","","","","","","","","","","","","","0"
"d12a936e-43b7-4ee3-b7dc-8d3a95846361","a04ca883-354d-49ae-a110-d45301560b86","d59f334b-72b3-4be1-ad44-c19a56d2b3d6","managerial-directorate-telemetry-poc","2026.09.05-poc2","1","phaseAnonymousTelemetryPOC-v1","cost-directive","exam","answer_submitted","13","2026-09-05T14:08:09.223Z","2026-09-05 14:08:09","4112","1","25","value_gap_opportunities","LO2.4","definition","easy","0","0","739","0","","","","","0","0","0","3","","","3","0","0","0","{""selectionReason"":""repair"",""weaknessEstimate"":[{""key"":""value_gap_opportunities"",""attempts"":2,""accuracy"":0},{""key"":""relevant_costs_benefits"",""attempts"":1,""accuracy"":0}],""sourceEvent"":""question"",""sourceRunId"":""1788617285108-mrwn1r"",""lifecycleReason"":"""",""acceptedAttempt"":true}","1788617285108-mrwn1r","","","","","","","","","","","","","","","","","","","","","","","","","","","","","739"
"34fa26a7-a4c8-4343-a5e6-723dca35dad6","a04ca883-354d-49ae-a110-d45301560b86","d59f334b-72b3-4be1-ad44-c19a56d2b3d6","managerial-directorate-telemetry-poc","2026.09.05-poc2","1","phaseAnonymousTelemetryPOC-v1","cost-directive","exam","answer_evaluated","14","2026-09-05T14:08:09.223Z","2026-09-05 14:08:09","4112","1","25","value_gap_opportunities","LO2.4","definition","easy","0","0","739","0","","","","","0","0","0","3","","","3","0","0","0","{""selectionReason"":""repair"",""weaknessEstimate"":[{""key"":""value_gap_opportunities"",""attempts"":2,""accuracy"":0},{""key"":""relevant_costs_benefits"",""attempts"":1,""accuracy"":0}],""sourceEvent"":""question"",""sourceRunId"":""1788617285108-mrwn1r"",""lifecycleReason"":"""",""acceptedAttempt"":true}","1788617285108-mrwn1r","","true","","","","","","","","","","","","","","","","","","","","","","","","","","","739"
"874b8ea0-aa94-44ef-8f3b-5d7c4821d57a","a04ca883-354d-49ae-a110-d45301560b86","d59f334b-72b3-4be1-ad44-c19a56d2b3d6","managerial-directorate-telemetry-poc","2026.09.05-poc2","1","phaseAnonymousTelemetryPOC-v1","cost-directive","exam","feedback_shown","15","2026-09-05T14:08:09.223Z","2026-09-05 14:08:09","4112","1","25","value_gap_opportunities","LO2.4","definition","easy","0","0","739","0","","","","","0","0","0","3","","","3","0","0","0","{""selectionReason"":""repair"",""weaknessEstimate"":[{""key"":""value_gap_opportunities"",""attempts"":2,""accuracy"":0},{""key"":""relevant_costs_benefits"",""attempts"":1,""accuracy"":0}],""sourceEvent"":""question"",""sourceRunId"":""1788617285108-mrwn1r"",""lifecycleReason"":"""",""acceptedAttempt"":true}","1788617285108-mrwn1r","","","","","","","","","","","","","","","","","","","","","","","","","","","","","739"
"6c314a09-6361-464f-895f-d2dc5c66de11","a04ca883-354d-49ae-a110-d45301560b86","d59f334b-72b3-4be1-ad44-c19a56d2b3d6","managerial-directorate-telemetry-poc","2026.09.05-poc2","1","phaseAnonymousTelemetryPOC-v1","cost-directive","exam","repair_triggered","16","2026-09-05T14:08:09.228Z","2026-09-05 14:08:09","4118","1","5034","value_gap_opportunities","LO2.4","repair","microSkillRepair","","","0","0","repair","","","","0","0","0","3","","","3","0","0","0","{""selectionReason"":""adaptive-repair"",""weaknessEstimate"":[{""key"":""value_gap_opportunities"",""attempts"":2,""accuracy"":0},{""key"":""relevant_costs_benefits"",""attempts"":1,""accuracy"":0}],""sourceEvent"":"""",""sourceRunId"":""1788617285108-mrwn1r"",""lifecycleReason"":""repair""}","1788617285108-mrwn1r","repair","","","","","","","","","","","","","","","","","","","","","","","","","","","","0"
"34eb355e-8944-46bc-b131-24a272415860","a04ca883-354d-49ae-a110-d45301560b86","d59f334b-72b3-4be1-ad44-c19a56d2b3d6","managerial-directorate-telemetry-poc","2026.09.05-poc2","1","phaseAnonymousTelemetryPOC-v1","cost-directive","exam","question_shown","17","2026-09-05T14:08:09.228Z","2026-09-05 14:08:09","4118","1","5034","value_gap_opportunities","LO2.4","repair","microSkillRepair","","","0","0","repair","","","","0","0","0","3","","","3","0","0","0","{""selectionReason"":""adaptive-repair"",""weaknessEstimate"":[{""key"":""value_gap_opportunities"",""attempts"":2,""accuracy"":0},{""key"":""relevant_costs_benefits"",""attempts"":1,""accuracy"":0}],""sourceEvent"":"""",""sourceRunId"":""1788617285108-mrwn1r"",""lifecycleReason"":""""}","1788617285108-mrwn1r","","","","","","","","","","","","","","","","","","","","","","","","","","","","","0"
"57770e1f-2a16-4444-bb38-79174c465ebe","a04ca883-354d-49ae-a110-d45301560b86","d59f334b-72b3-4be1-ad44-c19a56d2b3d6","managerial-directorate-telemetry-poc","2026.09.05-poc2","1","phaseAnonymousTelemetryPOC-v1","cost-directive","exam","repair_question_shown","18","2026-09-05T14:08:09.228Z","2026-09-05 14:08:09","4118","1","5034","value_gap_opportunities","LO2.4","repair","microSkillRepair","","","0","0","repair","","","","0","0","0","3","","","3","0","0","0","{""selectionReason"":""adaptive-repair"",""weaknessEstimate"":[{""key"":""value_gap_opportunities"",""attempts"":2,""accuracy"":0},{""key"":""relevant_costs_benefits"",""attempts"":1,""accuracy"":0}],""sourceEvent"":"""",""sourceRunId"":""1788617285108-mrwn1r"",""lifecycleReason"":""""}","1788617285108-mrwn1r","","","","","","","","","","","","","","","","","","","","","","","","","","","","","0"
"a2a247e1-b7e7-44b1-995e-7652d90515dc","a04ca883-354d-49ae-a110-d45301560b86","d59f334b-72b3-4be1-ad44-c19a56d2b3d6","managerial-directorate-telemetry-poc","2026.09.05-poc2","1","phaseAnonymousTelemetryPOC-v1","cost-directive","exam","answer_submitted","19","2026-09-05T14:08:15.730Z","2026-09-05 14:08:15","10620","1","5034","value_gap_opportunities","LO2.4","repair","microSkillRepair","3","1","6507","0","repair","","","","0","0","1","4","","","4","0","0","0","{""selectionReason"":""adaptive-repair"",""weaknessEstimate"":[{""key"":""relevant_costs_benefits"",""attempts"":1,""accuracy"":0},{""key"":""value_gap_opportunities"",""attempts"":3,""accuracy"":0.3333333333333333}],""sourceEvent"":""question"",""sourceRunId"":""1788617285108-mrwn1r"",""lifecycleReason"":"""",""acceptedAttempt"":true}","1788617285108-mrwn1r","","","","","","","","","","","","","","","","","","","","","","","","","","","","","6507"
"15c0a39a-10a0-42e4-921d-d542926f5a35","a04ca883-354d-49ae-a110-d45301560b86","d59f334b-72b3-4be1-ad44-c19a56d2b3d6","managerial-directorate-telemetry-poc","2026.09.05-poc2","1","phaseAnonymousTelemetryPOC-v1","cost-directive","exam","answer_evaluated","20","2026-09-05T14:08:15.730Z","2026-09-05 14:08:15","10620","1","5034","value_gap_opportunities","LO2.4","repair","microSkillRepair","3","1","6507","0","repair","","","","0","0","1","4","","","4","0","0","0","{""selectionReason"":""adaptive-repair"",""weaknessEstimate"":[{""key"":""relevant_costs_benefits"",""attempts"":1,""accuracy"":0},{""key"":""value_gap_opportunities"",""attempts"":3,""accuracy"":0.3333333333333333}],""sourceEvent"":""question"",""sourceRunId"":""1788617285108-mrwn1r"",""lifecycleReason"":"""",""acceptedAttempt"":true}","1788617285108-mrwn1r","","true","","","","","","","","","","","","","","","","","","","","","","","","","","","6507"
"48172bf6-e75a-4edb-a367-580d829a1285","a04ca883-354d-49ae-a110-d45301560b86","d59f334b-72b3-4be1-ad44-c19a56d2b3d6","managerial-directorate-telemetry-poc","2026.09.05-poc2","1","phaseAnonymousTelemetryPOC-v1","cost-directive","exam","feedback_shown","21","2026-09-05T14:08:15.730Z","2026-09-05 14:08:15","10620","1","5034","value_gap_opportunities","LO2.4","repair","microSkillRepair","3","1","6507","0","repair","","","","0","0","1","4","","","4","0","0","0","{""selectionReason"":""adaptive-repair"",""weaknessEstimate"":[{""key"":""relevant_costs_benefits"",""attempts"":1,""accuracy"":0},{""key"":""value_gap_opportunities"",""attempts"":3,""accuracy"":0.3333333333333333}],""sourceEvent"":""question"",""sourceRunId"":""1788617285108-mrwn1r"",""lifecycleReason"":"""",""acceptedAttempt"":true}","1788617285108-mrwn1r","","","","","","","","","","","","","","","","","","","","","","","","","","","","","6507"
"b39fda61-d03b-4a53-97c8-280de2dd5add","a04ca883-354d-49ae-a110-d45301560b86","d59f334b-72b3-4be1-ad44-c19a56d2b3d6","managerial-directorate-telemetry-poc","2026.09.05-poc2","1","phaseAnonymousTelemetryPOC-v1","cost-directive","exam","repair_question_answered","22","2026-09-05T14:08:15.730Z","2026-09-05 14:08:15","10620","1","5034","value_gap_opportunities","LO2.4","repair","microSkillRepair","3","1","6507","0","repair","","","","0","0","1","4","","","4","0","0","0","{""selectionReason"":""adaptive-repair"",""weaknessEstimate"":[{""key"":""relevant_costs_benefits"",""attempts"":1,""accuracy"":0},{""key"":""value_gap_opportunities"",""attempts"":3,""accuracy"":0.3333333333333333}],""sourceEvent"":""question"",""sourceRunId"":""1788617285108-mrwn1r"",""lifecycleReason"":"""",""acceptedAttempt"":true}","1788617285108-mrwn1r","","","","","","","","","","","","","","","","","","","","","","","","","","","","","6507"
"23624227-1145-4c2c-8790-8a07c9a367b2","a04ca883-354d-49ae-a110-d45301560b86","d59f334b-72b3-4be1-ad44-c19a56d2b3d6","managerial-directorate-telemetry-poc","2026.09.05-poc2","1","phaseAnonymousTelemetryPOC-v1","cost-directive","exam","streak_changed","23","2026-09-05T14:08:15.730Z","2026-09-05 14:08:15","10620","1","5034","value_gap_opportunities","LO2.4","repair","microSkillRepair","3","1","6507","0","repair","","","","0","0","1","4","","","4","0","0","0","{""selectionReason"":""adaptive-repair"",""weaknessEstimate"":[{""key"":""relevant_costs_benefits"",""attempts"":1,""accuracy"":0},{""key"":""value_gap_opportunities"",""attempts"":3,""accuracy"":0.3333333333333333}],""sourceEvent"":""question"",""sourceRunId"":""1788617285108-mrwn1r"",""lifecycleReason"":"""",""acceptedAttempt"":true}","1788617285108-mrwn1r","","","","","","","","","","","","","","","","","","","","","","","","","","","","","6507"
"9b3eb918-f53e-44e7-8c8c-a52af77c3760","a04ca883-354d-49ae-a110-d45301560b86","d59f334b-72b3-4be1-ad44-c19a56d2b3d6","managerial-directorate-telemetry-poc","2026.09.05-poc2","1","phaseAnonymousTelemetryPOC-v1","cost-directive","exam","adaptive_detour_ended","24","2026-09-05T14:08:15.745Z","2026-09-05 14:08:16","10635","1","6035","value_gap_opportunities","LO2.4","bridge","microSkillBridge","","","0","0","","bridge","","","0","0","1","4","","","4","1","0.25","0","{""selectionReason"":""adaptive-bridge"",""weaknessEstimate"":[{""key"":""relevant_costs_benefits"",""attempts"":1,""accuracy"":0},{""key"":""value_gap_opportunities"",""attempts"":3,""accuracy"":0.3333333333333333}],""sourceEvent"":"""",""sourceRunId"":""1788617285108-mrwn1r"",""lifecycleReason"":""repair""}","1788617285108-mrwn1r","repair","","","","","","","","","","","","","","","","","","","","","","","","","","","","0"
"a40189c9-ce4c-4429-9e83-bc8d0a2fc8c2","a04ca883-354d-49ae-a110-d45301560b86","d59f334b-72b3-4be1-ad44-c19a56d2b3d6","managerial-directorate-telemetry-poc","2026.09.05-poc2","1","phaseAnonymousTelemetryPOC-v1","cost-directive","exam","bridge_triggered","25","2026-09-05T14:08:15.745Z","2026-09-05 14:08:16","10635","1","6035","value_gap_opportunities","LO2.4","bridge","microSkillBridge","","","0","0","","bridge","","","0","0","1","4","","","4","1","0.25","0","{""selectionReason"":""adaptive-bridge"",""weaknessEstimate"":[{""key"":""relevant_costs_benefits"",""attempts"":1,""accuracy"":0},{""key"":""value_gap_opportunities"",""attempts"":3,""accuracy"":0.3333333333333333}],""sourceEvent"":"""",""sourceRunId"":""1788617285108-mrwn1r"",""lifecycleReason"":""bridge""}","1788617285108-mrwn1r","bridge","","","","","","","","","","","","","","","","","","","","","","","","","","","","0"
"826e4687-59eb-426d-881c-82b82d071587","a04ca883-354d-49ae-a110-d45301560b86","d59f334b-72b3-4be1-ad44-c19a56d2b3d6","managerial-directorate-telemetry-poc","2026.09.05-poc2","1","phaseAnonymousTelemetryPOC-v1","cost-directive","exam","question_shown","26","2026-09-05T14:08:15.745Z","2026-09-05 14:08:16","10635","1","6035","value_gap_opportunities","LO2.4","bridge","microSkillBridge","","","0","0","","bridge","","","0","0","1","4","","","4","1","0.25","0","{""selectionReason"":""adaptive-bridge"",""weaknessEstimate"":[{""key"":""relevant_costs_benefits"",""attempts"":1,""accuracy"":0},{""key"":""value_gap_opportunities"",""attempts"":3,""accuracy"":0.3333333333333333}],""sourceEvent"":"""",""sourceRunId"":""1788617285108-mrwn1r"",""lifecycleReason"":""""}","1788617285108-mrwn1r","","","","","","","","","","","","","","","","","","","","","","","","","","","","","0"
"719accc8-b5f6-41eb-acd0-837c0b5d3849","a04ca883-354d-49ae-a110-d45301560b86","d59f334b-72b3-4be1-ad44-c19a56d2b3d6","managerial-directorate-telemetry-poc","2026.09.05-poc2","1","phaseAnonymousTelemetryPOC-v1","cost-directive","exam","bridge_question_shown","27","2026-09-05T14:08:15.746Z","2026-09-05 14:08:16","10636","1","6035","value_gap_opportunities","LO2.4","bridge","microSkillBridge","","","0","0","","bridge","","","0","0","1","4","","","4","1","0.25","0","{""selectionReason"":""adaptive-bridge"",""weaknessEstimate"":[{""key"":""relevant_costs_benefits"",""attempts"":1,""accuracy"":0},{""key"":""value_gap_opportunities"",""attempts"":3,""accuracy"":0.3333333333333333}],""sourceEvent"":"""",""sourceRunId"":""1788617285108-mrwn1r"",""lifecycleReason"":""""}","1788617285108-mrwn1r","","","","","","","","","","","","","","","","","","","","","","","","","","","","","0"
"52ca2596-b880-4d97-aa87-86c9f8dc773a","a04ca883-354d-49ae-a110-d45301560b86","d59f334b-72b3-4be1-ad44-c19a56d2b3d6","managerial-directorate-telemetry-poc","2026.09.05-poc2","1","phaseAnonymousTelemetryPOC-v1","cost-directive","exam","answer_submitted","28","2026-09-05T14:08:22.235Z","2026-09-05 14:08:22","17124","1","6035","value_gap_opportunities","LO2.4","bridge","microSkillBridge","1","1","6503","0","","bridge","","","0","0","2","5","","","5","1","0.2","0","{""selectionReason"":""adaptive-bridge"",""weaknessEstimate"":[{""key"":""relevant_costs_benefits"",""attempts"":1,""accuracy"":0},{""key"":""value_gap_opportunities"",""attempts"":4,""accuracy"":0.5}],""sourceEvent"":""question"",""sourceRunId"":""1788617285108-mrwn1r"",""lifecycleReason"":"""",""acceptedAttempt"":true}","1788617285108-mrwn1r","","","","","","","","","","","","","","","","","","","","","","","","","","","","","6503"
"679d4a09-d6f1-441c-85c3-cda72676ca32","a04ca883-354d-49ae-a110-d45301560b86","d59f334b-72b3-4be1-ad44-c19a56d2b3d6","managerial-directorate-telemetry-poc","2026.09.05-poc2","1","phaseAnonymousTelemetryPOC-v1","cost-directive","exam","answer_evaluated","29","2026-09-05T14:08:22.235Z","2026-09-05 14:08:22","17124","1","6035","value_gap_opportunities","LO2.4","bridge","microSkillBridge","1","1","6503","0","","bridge","","","0","0","2","5","","","5","1","0.2","0","{""selectionReason"":""adaptive-bridge"",""weaknessEstimate"":[{""key"":""relevant_costs_benefits"",""attempts"":1,""accuracy"":0},{""key"":""value_gap_opportunities"",""attempts"":4,""accuracy"":0.5}],""sourceEvent"":""question"",""sourceRunId"":""1788617285108-mrwn1r"",""lifecycleReason"":"""",""acceptedAttempt"":true}","1788617285108-mrwn1r","","true","","","","","","","","","","","","","","","","","","","","","","","","","","","6503"
"5e965941-3979-4580-b433-1487aef96e5b","a04ca883-354d-49ae-a110-d45301560b86","d59f334b-72b3-4be1-ad44-c19a56d2b3d6","managerial-directorate-telemetry-poc","2026.09.05-poc2","1","phaseAnonymousTelemetryPOC-v1","cost-directive","exam","feedback_shown","30","2026-09-05T14:08:22.235Z","2026-09-05 14:08:22","17124","1","6035","value_gap_opportunities","LO2.4","bridge","microSkillBridge","1","1","6503","0","","bridge","","","0","0","2","5","","","5","1","0.2","0","{""selectionReason"":""adaptive-bridge"",""weaknessEstimate"":[{""key"":""relevant_costs_benefits"",""attempts"":1,""accuracy"":0},{""key"":""value_gap_opportunities"",""attempts"":4,""accuracy"":0.5}],""sourceEvent"":""question"",""sourceRunId"":""1788617285108-mrwn1r"",""lifecycleReason"":"""",""acceptedAttempt"":true}","1788617285108-mrwn1r","","","","","","","","","","","","","","","","","","","","","","","","","","","","","6503"
"6904c5ec-5369-40fe-8c24-90f2e99afdd4","a04ca883-354d-49ae-a110-d45301560b86","d59f334b-72b3-4be1-ad44-c19a56d2b3d6","managerial-directorate-telemetry-poc","2026.09.05-poc2","1","phaseAnonymousTelemetryPOC-v1","cost-directive","exam","bridge_question_answered","31","2026-09-05T14:08:22.235Z","2026-09-05 14:08:22","17124","1","6035","value_gap_opportunities","LO2.4","bridge","microSkillBridge","1","1","6503","0","","bridge","","","0","0","2","5","","","5","1","0.2","0","{""selectionReason"":""adaptive-bridge"",""weaknessEstimate"":[{""key"":""relevant_costs_benefits"",""attempts"":1,""accuracy"":0},{""key"":""value_gap_opportunities"",""attempts"":4,""accuracy"":0.5}],""sourceEvent"":""question"",""sourceRunId"":""1788617285108-mrwn1r"",""lifecycleReason"":"""",""acceptedAttempt"":true}","1788617285108-mrwn1r","","","","","","","","","","","","","","","","","","","","","","","","","","","","","6503"
"3a14551d-a3b2-4e6e-9334-a6358d45d461","a04ca883-354d-49ae-a110-d45301560b86","d59f334b-72b3-4be1-ad44-c19a56d2b3d6","managerial-directorate-telemetry-poc","2026.09.05-poc2","1","phaseAnonymousTelemetryPOC-v1","cost-directive","exam","streak_changed","32","2026-09-05T14:08:22.235Z","2026-09-05 14:08:22","17124","1","6035","value_gap_opportunities","LO2.4","bridge","microSkillBridge","1","1","6503","0","","bridge","","","0","0","2","5","","","5","1","0.2","0","{""selectionReason"":""adaptive-bridge"",""weaknessEstimate"":[{""key"":""relevant_costs_benefits"",""attempts"":1,""accuracy"":0},{""key"":""value_gap_opportunities"",""attempts"":4,""accuracy"":0.5}],""sourceEvent"":""question"",""sourceRunId"":""1788617285108-mrwn1r"",""lifecycleReason"":"""",""acceptedAttempt"":true}","1788617285108-mrwn1r","","","","","","","","","","","","","","","","","","","","","","","","","","","","","6503"
"5f07c495-cce8-42f6-81fd-c095273c271f","a04ca883-354d-49ae-a110-d45301560b86","d59f334b-72b3-4be1-ad44-c19a56d2b3d6","managerial-directorate-telemetry-poc","2026.09.05-poc2","1","phaseAnonymousTelemetryPOC-v1","cost-directive","exam","adaptive_detour_ended","33","2026-09-05T14:08:22.244Z","2026-09-05 14:08:22","17133","1","26","value_gap_opportunities","LO2.4","application","easy","","","0","0","","","retest","","0","0","2","5","","","5","2","0.4","0","{""selectionReason"":""adaptive-retest"",""weaknessEstimate"":[{""key"":""relevant_costs_benefits"",""attempts"":1,""accuracy"":0},{""key"":""value_gap_opportunities"",""attempts"":4,""accuracy"":0.5}],""sourceEvent"":"""",""sourceRunId"":""1788617285108-mrwn1r"",""lifecycleReason"":""bridge""}","1788617285108-mrwn1r","bridge","","","","","","","","","","","","","","","","","","","","","","","","","","","","0"
"84ed1fcc-f941-4607-8ac8-f651d45ffa3a","a04ca883-354d-49ae-a110-d45301560b86","d59f334b-72b3-4be1-ad44-c19a56d2b3d6","managerial-directorate-telemetry-poc","2026.09.05-poc2","1","phaseAnonymousTelemetryPOC-v1","cost-directive","exam","retest_triggered","34","2026-09-05T14:08:22.244Z","2026-09-05 14:08:22","17134","1","26","value_gap_opportunities","LO2.4","application","easy","","","0","0","","","retest","","0","0","2","5","","","5","2","0.4","0","{""selectionReason"":""adaptive-retest"",""weaknessEstimate"":[{""key"":""relevant_costs_benefits"",""attempts"":1,""accuracy"":0},{""key"":""value_gap_opportunities"",""attempts"":4,""accuracy"":0.5}],""sourceEvent"":"""",""sourceRunId"":""1788617285108-mrwn1r"",""lifecycleReason"":""retest""}","1788617285108-mrwn1r","retest","","","","","","","","","","","","","","","","","","","","","","","","","","","","0"
"d9cd8cc2-c395-4e20-920b-4c97474a7d01","a04ca883-354d-49ae-a110-d45301560b86","d59f334b-72b3-4be1-ad44-c19a56d2b3d6","managerial-directorate-telemetry-poc","2026.09.05-poc2","1","phaseAnonymousTelemetryPOC-v1","cost-directive","exam","question_shown","35","2026-09-05T14:08:22.244Z","2026-09-05 14:08:22","17134","1","26","value_gap_opportunities","LO2.4","application","easy","","","0","0","","","retest","","0","0","2","5","","","5","2","0.4","0","{""selectionReason"":""adaptive-retest"",""weaknessEstimate"":[{""key"":""relevant_costs_benefits"",""attempts"":1,""accuracy"":0},{""key"":""value_gap_opportunities"",""attempts"":4,""accuracy"":0.5}],""sourceEvent"":"""",""sourceRunId"":""1788617285108-mrwn1r"",""lifecycleReason"":""""}","1788617285108-mrwn1r","","","","","","","","","","","","","","","","","","","","","","","","","","","","","0"
"491cb22c-b51a-44be-8ec5-be02224ba683","a04ca883-354d-49ae-a110-d45301560b86","d59f334b-72b3-4be1-ad44-c19a56d2b3d6","managerial-directorate-telemetry-poc","2026.09.05-poc2","1","phaseAnonymousTelemetryPOC-v1","cost-directive","exam","retest_question_shown","36","2026-09-05T14:08:22.244Z","2026-09-05 14:08:22","17134","1","26","value_gap_opportunities","LO2.4","application","easy","","","0","0","","","retest","","0","0","2","5","","","5","2","0.4","0","{""selectionReason"":""adaptive-retest"",""weaknessEstimate"":[{""key"":""relevant_costs_benefits"",""attempts"":1,""accuracy"":0},{""key"":""value_gap_opportunities"",""attempts"":4,""accuracy"":0.5}],""sourceEvent"":"""",""sourceRunId"":""1788617285108-mrwn1r"",""lifecycleReason"":""""}","1788617285108-mrwn1r","","","","","","","","","","","","","","","","","","","","","","","","","","","","","0"
"56d62983-304b-4a86-991d-57fb1c8b1055","a04ca883-354d-49ae-a110-d45301560b86","d59f334b-72b3-4be1-ad44-c19a56d2b3d6","managerial-directorate-telemetry-poc","2026.09.05-poc2","1","phaseAnonymousTelemetryPOC-v1","cost-directive","exam","answer_submitted","37","2026-09-05T14:08:34.902Z","2026-09-05 14:08:34","29791","1","26","value_gap_opportunities","LO2.4","application","easy","3","1","12666","0","","","retest","","0","0","3","6","","","6","2","0.3333333333333333","0","{""selectionReason"":""adaptive-retest"",""weaknessEstimate"":[{""key"":""relevant_costs_benefits"",""attempts"":1,""accuracy"":0},{""key"":""value_gap_opportunities"",""attempts"":5,""accuracy"":0.6}],""sourceEvent"":""question"",""sourceRunId"":""1788617285108-mrwn1r"",""lifecycleReason"":"""",""acceptedAttempt"":true}","1788617285108-mrwn1r","","","","","","","","","","","","","","","","","","","","","","","","","","","","","12666"
"dc6412d6-6862-42fd-ad5d-3607d873177d","a04ca883-354d-49ae-a110-d45301560b86","d59f334b-72b3-4be1-ad44-c19a56d2b3d6","managerial-directorate-telemetry-poc","2026.09.05-poc2","1","phaseAnonymousTelemetryPOC-v1","cost-directive","exam","answer_evaluated","38","2026-09-05T14:08:34.902Z","2026-09-05 14:08:34","29791","1","26","value_gap_opportunities","LO2.4","application","easy","3","1","12666","0","","","retest","","0","0","3","6","","","6","2","0.3333333333333333","0","{""selectionReason"":""adaptive-retest"",""weaknessEstimate"":[{""key"":""relevant_costs_benefits"",""attempts"":1,""accuracy"":0},{""key"":""value_gap_opportunities"",""attempts"":5,""accuracy"":0.6}],""sourceEvent"":""question"",""sourceRunId"":""1788617285108-mrwn1r"",""lifecycleReason"":"""",""acceptedAttempt"":true}","1788617285108-mrwn1r","","true","","","","","","","","","","","","","","","","","","","","","","","","","","","12666"
"b4cfdeb5-e8af-41e1-a2d3-ccb5ef23aa3b","a04ca883-354d-49ae-a110-d45301560b86","d59f334b-72b3-4be1-ad44-c19a56d2b3d6","managerial-directorate-telemetry-poc","2026.09.05-poc2","1","phaseAnonymousTelemetryPOC-v1","cost-directive","exam","feedback_shown","39","2026-09-05T14:08:34.902Z","2026-09-05 14:08:34","29791","1","26","value_gap_opportunities","LO2.4","application","easy","3","1","12666","0","","","retest","","0","0","3","6","","","6","2","0.3333333333333333","0","{""selectionReason"":""adaptive-retest"",""weaknessEstimate"":[{""key"":""relevant_costs_benefits"",""attempts"":1,""accuracy"":0},{""key"":""value_gap_opportunities"",""attempts"":5,""accuracy"":0.6}],""sourceEvent"":""question"",""sourceRunId"":""1788617285108-mrwn1r"",""lifecycleReason"":"""",""acceptedAttempt"":true}","1788617285108-mrwn1r","","","","","","","","","","","","","","","","","","","","","","","","","","","","","12666"
"70663ca5-f1d4-482f-a16b-85cb2d5c19db","a04ca883-354d-49ae-a110-d45301560b86","d59f334b-72b3-4be1-ad44-c19a56d2b3d6","managerial-directorate-telemetry-poc","2026.09.05-poc2","1","phaseAnonymousTelemetryPOC-v1","cost-directive","exam","retest_question_answered","40","2026-09-05T14:08:34.902Z","2026-09-05 14:08:34","29791","1","26","value_gap_opportunities","LO2.4","application","easy","3","1","12666","0","","","retest","","0","0","3","6","","","6","2","0.3333333333333333","0","{""selectionReason"":""adaptive-retest"",""weaknessEstimate"":[{""key"":""relevant_costs_benefits"",""attempts"":1,""accuracy"":0},{""key"":""value_gap_opportunities"",""attempts"":5,""accuracy"":0.6}],""sourceEvent"":""question"",""sourceRunId"":""1788617285108-mrwn1r"",""lifecycleReason"":"""",""acceptedAttempt"":true}","1788617285108-mrwn1r","","","","","","","","","","","","","","","","","","","","","","","","","","","","","12666"
"936ad76f-e56b-4912-b225-7a15b02cde33","a04ca883-354d-49ae-a110-d45301560b86","d59f334b-72b3-4be1-ad44-c19a56d2b3d6","managerial-directorate-telemetry-poc","2026.09.05-poc2","1","phaseAnonymousTelemetryPOC-v1","cost-directive","exam","streak_changed","41","2026-09-05T14:08:34.902Z","2026-09-05 14:08:34","29791","1","26","value_gap_opportunities","LO2.4","application","easy","3","1","12666","0","","","retest","","0","0","3","6","","","6","2","0.3333333333333333","0","{""selectionReason"":""adaptive-retest"",""weaknessEstimate"":[{""key"":""relevant_costs_benefits"",""attempts"":1,""accuracy"":0},{""key"":""value_gap_opportunities"",""attempts"":5,""accuracy"":0.6}],""sourceEvent"":""question"",""sourceRunId"":""1788617285108-mrwn1r"",""lifecycleReason"":"""",""acceptedAttempt"":true}","1788617285108-mrwn1r","","","","","","","","","","","","","","","","","","","","","","","","","","","","","12666"
"de03367b-741d-44a3-b3cd-e51889c6f760","a04ca883-354d-49ae-a110-d45301560b86","d59f334b-72b3-4be1-ad44-c19a56d2b3d6","managerial-directorate-telemetry-poc","2026.09.05-poc2","1","phaseAnonymousTelemetryPOC-v1","cost-directive","exam","adaptive_detour_ended","42","2026-09-05T14:08:36.112Z","2026-09-05 14:08:36","31002","1","58","average_vs_marginal_cost","LO4.1","calculation","easy","","","0","0","","","","","0","0","3","6","","","6","3","0.5","0","{""selectionReason"":""repair"",""weaknessEstimate"":[{""key"":""relevant_costs_benefits"",""attempts"":1,""accuracy"":0},{""key"":""value_gap_opportunities"",""attempts"":5,""accuracy"":0.6}],""sourceEvent"":"""",""sourceRunId"":""1788617285108-mrwn1r"",""lifecycleReason"":""retest""}","1788617285108-mrwn1r","retest","","","","","","","","","","","","","","","","","","","","","","","","","","","","0"
"d93c4da7-0b9a-4595-a599-15a37617171b","a04ca883-354d-49ae-a110-d45301560b86","d59f334b-72b3-4be1-ad44-c19a56d2b3d6","managerial-directorate-telemetry-poc","2026.09.05-poc2","1","phaseAnonymousTelemetryPOC-v1","cost-directive","exam","question_shown","43","2026-09-05T14:08:36.112Z","2026-09-05 14:08:36","31002","1","58","average_vs_marginal_cost","LO4.1","calculation","easy","","","0","0","","","","","0","0","3","6","","","6","3","0.5","0","{""selectionReason"":""repair"",""weaknessEstimate"":[{""key"":""relevant_costs_benefits"",""attempts"":1,""accuracy"":0},{""key"":""value_gap_opportunities"",""attempts"":5,""accuracy"":0.6}],""sourceEvent"":"""",""sourceRunId"":""1788617285108-mrwn1r"",""lifecycleReason"":""""}","1788617285108-mrwn1r","","","","","","","","","","","","","","","","","","","","","","","","","","","","","0"
"0247be5e-9a7b-43d6-af0b-be2a108f5798","a04ca883-354d-49ae-a110-d45301560b86","d59f334b-72b3-4be1-ad44-c19a56d2b3d6","managerial-directorate-telemetry-poc","2026.09.05-poc2","1","phaseAnonymousTelemetryPOC-v1","cost-directive","exam","answer_submitted","44","2026-09-05T14:08:37.639Z","2026-09-05 14:08:37","32529","1","58","average_vs_marginal_cost","LO4.1","calculation","easy","0","1","1529","0","","","","","0","0","4","7","","","7","3","0.42857142857142855","0","{""selectionReason"":""repair"",""weaknessEstimate"":[{""key"":""relevant_costs_benefits"",""attempts"":1,""accuracy"":0},{""key"":""value_gap_opportunities"",""attempts"":5,""accuracy"":0.6},{""key"":""average_vs_marginal_cost"",""attempts"":1,""accuracy"":1}],""sourceEvent"":""question"",""sourceRunId"":""1788617285108-mrwn1r"",""lifecycleReason"":"""",""acceptedAttempt"":true}","1788617285108-mrwn1r","","","","","","","","","","","","","","","","","","","","","","","","","","","","","1529"
"c4971aa5-365d-4b77-80cb-b7b339c7d4de","a04ca883-354d-49ae-a110-d45301560b86","d59f334b-72b3-4be1-ad44-c19a56d2b3d6","managerial-directorate-telemetry-poc","2026.09.05-poc2","1","phaseAnonymousTelemetryPOC-v1","cost-directive","exam","answer_evaluated","45","2026-09-05T14:08:37.639Z","2026-09-05 14:08:37","32529","1","58","average_vs_marginal_cost","LO4.1","calculation","easy","0","1","1529","0","","","","","0","0","4","7","","","7","3","0.42857142857142855","0","{""selectionReason"":""repair"",""weaknessEstimate"":[{""key"":""relevant_costs_benefits"",""attempts"":1,""accuracy"":0},{""key"":""value_gap_opportunities"",""attempts"":5,""accuracy"":0.6},{""key"":""average_vs_marginal_cost"",""attempts"":1,""accuracy"":1}],""sourceEvent"":""question"",""sourceRunId"":""1788617285108-mrwn1r"",""lifecycleReason"":"""",""acceptedAttempt"":true}","1788617285108-mrwn1r","","true","","","","","","","","","","","","","","","","","","","","","","","","","","","1529"
"8a26a4be-0536-4d41-b038-d7de4c069d25","a04ca883-354d-49ae-a110-d45301560b86","d59f334b-72b3-4be1-ad44-c19a56d2b3d6","managerial-directorate-telemetry-poc","2026.09.05-poc2","1","phaseAnonymousTelemetryPOC-v1","cost-directive","exam","feedback_shown","46","2026-09-05T14:08:37.639Z","2026-09-05 14:08:37","32529","1","58","average_vs_marginal_cost","LO4.1","calculation","easy","0","1","1529","0","","","","","0","0","4","7","","","7","3","0.42857142857142855","0","{""selectionReason"":""repair"",""weaknessEstimate"":[{""key"":""relevant_costs_benefits"",""attempts"":1,""accuracy"":0},{""key"":""value_gap_opportunities"",""attempts"":5,""accuracy"":0.6},{""key"":""average_vs_marginal_cost"",""attempts"":1,""accuracy"":1}],""sourceEvent"":""question"",""sourceRunId"":""1788617285108-mrwn1r"",""lifecycleReason"":"""",""acceptedAttempt"":true}","1788617285108-mrwn1r","","","","","","","","","","","","","","","","","","","","","","","","","","","","","1529"
"02e38419-794d-4839-abcf-44dcc4b214bb","a04ca883-354d-49ae-a110-d45301560b86","d59f334b-72b3-4be1-ad44-c19a56d2b3d6","managerial-directorate-telemetry-poc","2026.09.05-poc2","1","phaseAnonymousTelemetryPOC-v1","cost-directive","exam","streak_changed","47","2026-09-05T14:08:37.639Z","2026-09-05 14:08:37","32529","1","58","average_vs_marginal_cost","LO4.1","calculation","easy","0","1","1529","0","","","","","0","0","4","7","","","7","3","0.42857142857142855","0","{""selectionReason"":""repair"",""weaknessEstimate"":[{""key"":""relevant_costs_benefits"",""attempts"":1,""accuracy"":0},{""key"":""value_gap_opportunities"",""attempts"":5,""accuracy"":0.6},{""key"":""average_vs_marginal_cost"",""attempts"":1,""accuracy"":1}],""sourceEvent"":""question"",""sourceRunId"":""1788617285108-mrwn1r"",""lifecycleReason"":"""",""acceptedAttempt"":true}","1788617285108-mrwn1r","","","","","","","","","","","","","","","","","","","","","","","","","","","","","1529"
"3128cac0-d3be-4804-a017-c5550ec4deaa","a04ca883-354d-49ae-a110-d45301560b86","d59f334b-72b3-4be1-ad44-c19a56d2b3d6","managerial-directorate-telemetry-poc","2026.09.05-poc2","1","phaseAnonymousTelemetryPOC-v1","cost-directive","exam","room_advanced","48","2026-09-05T14:08:39.445Z","2026-09-05 14:08:39","34335","2","59","ac_mc_mr_calculation","LO4.2","definition","easy","","","0","0","","","","","0","0","4","7","","","7","4","0.5714285714285714","0","{""selectionReason"":""repair"",""weaknessEstimate"":[{""key"":""relevant_costs_benefits"",""attempts"":1,""accuracy"":0},{""key"":""value_gap_opportunities"",""attempts"":5,""accuracy"":0.6},{""key"":""average_vs_marginal_cost"",""attempts"":1,""accuracy"":1}],""sourceEvent"":"""",""sourceRunId"":""1788617285108-mrwn1r"",""lifecycleReason"":""""}","1788617285108-mrwn1r","","","","","","","","","","","","","","","","","","","","","","","","","","","","","0"
"3b56f870-5a6d-4b33-98e3-310a3f45cf8f","a04ca883-354d-49ae-a110-d45301560b86","d59f334b-72b3-4be1-ad44-c19a56d2b3d6","managerial-directorate-telemetry-poc","2026.09.05-poc2","1","phaseAnonymousTelemetryPOC-v1","cost-directive","exam","question_shown","49","2026-09-05T14:08:39.445Z","2026-09-05 14:08:39","34335","2","59","ac_mc_mr_calculation","LO4.2","definition","easy","","","0","0","","","","","0","0","4","7","","","7","4","0.5714285714285714","0","{""selectionReason"":""repair"",""weaknessEstimate"":[{""key"":""relevant_costs_benefits"",""attempts"":1,""accuracy"":0},{""key"":""value_gap_opportunities"",""attempts"":5,""accuracy"":0.6},{""key"":""average_vs_marginal_cost"",""attempts"":1,""accuracy"":1}],""sourceEvent"":"""",""sourceRunId"":""1788617285108-mrwn1r"",""lifecycleReason"":""""}","1788617285108-mrwn1r","","","","","","","","","","","","","","","","","","","","","","","","","","","","","0"
"b1b5d954-f3b3-4b09-bb42-ce68e1c07e51","a04ca883-354d-49ae-a110-d45301560b86","d59f334b-72b3-4be1-ad44-c19a56d2b3d6","managerial-directorate-telemetry-poc","2026.09.05-poc2","1","phaseAnonymousTelemetryPOC-v1","cost-directive","exam","answer_submitted","50","2026-09-05T14:08:40.864Z","2026-09-05 14:08:40","35753","2","59","ac_mc_mr_calculation","LO4.2","definition","easy","0","0","1420","0","","","","","0","0","0","8","","","8","4","0.5","0","{""selectionReason"":""repair"",""weaknessEstimate"":[{""key"":""relevant_costs_benefits"",""attempts"":1,""accuracy"":0},{""key"":""ac_mc_mr_calculation"",""attempts"":1,""accuracy"":0},{""key"":""value_gap_opportunities"",""attempts"":5,""accuracy"":0.6},{""key"":""average_vs_marginal_cost"",""attempts"":1,""accuracy"":1}],""sourceEvent"":""question"",""sourceRunId"":""1788617285108-mrwn1r"",""lifecycleReason"":"""",""acceptedAttempt"":true}","1788617285108-mrwn1r","","","","","","","","","","","","","","","","","","","","","","","","","","","","","1420"
"4bbf12b3-4ea5-4996-8f8e-1386cb327962","a04ca883-354d-49ae-a110-d45301560b86","d59f334b-72b3-4be1-ad44-c19a56d2b3d6","managerial-directorate-telemetry-poc","2026.09.05-poc2","1","phaseAnonymousTelemetryPOC-v1","cost-directive","exam","answer_evaluated","51","2026-09-05T14:08:40.864Z","2026-09-05 14:08:40","35753","2","59","ac_mc_mr_calculation","LO4.2","definition","easy","0","0","1420","0","","","","","0","0","0","8","","","8","4","0.5","0","{""selectionReason"":""repair"",""weaknessEstimate"":[{""key"":""relevant_costs_benefits"",""attempts"":1,""accuracy"":0},{""key"":""ac_mc_mr_calculation"",""attempts"":1,""accuracy"":0},{""key"":""value_gap_opportunities"",""attempts"":5,""accuracy"":0.6},{""key"":""average_vs_marginal_cost"",""attempts"":1,""accuracy"":1}],""sourceEvent"":""question"",""sourceRunId"":""1788617285108-mrwn1r"",""lifecycleReason"":"""",""acceptedAttempt"":true}","1788617285108-mrwn1r","","true","","","","","","","","","","","","","","","","","","","","","","","","","","","1420"
"54718203-7c88-480f-96ae-8ccaa888d797","a04ca883-354d-49ae-a110-d45301560b86","d59f334b-72b3-4be1-ad44-c19a56d2b3d6","managerial-directorate-telemetry-poc","2026.09.05-poc2","1","phaseAnonymousTelemetryPOC-v1","cost-directive","exam","feedback_shown","52","2026-09-05T14:08:40.864Z","2026-09-05 14:08:40","35753","2","59","ac_mc_mr_calculation","LO4.2","definition","easy","0","0","1420","0","","","","","0","0","0","8","","","8","4","0.5","0","{""selectionReason"":""repair"",""weaknessEstimate"":[{""key"":""relevant_costs_benefits"",""attempts"":1,""accuracy"":0},{""key"":""ac_mc_mr_calculation"",""attempts"":1,""accuracy"":0},{""key"":""value_gap_opportunities"",""attempts"":5,""accuracy"":0.6},{""key"":""average_vs_marginal_cost"",""attempts"":1,""accuracy"":1}],""sourceEvent"":""question"",""sourceRunId"":""1788617285108-mrwn1r"",""lifecycleReason"":"""",""acceptedAttempt"":true}","1788617285108-mrwn1r","","","","","","","","","","","","","","","","","","","","","","","","","","","","","1420"
"e0210beb-956d-41b3-bf45-515c13fff6d9","a04ca883-354d-49ae-a110-d45301560b86","d59f334b-72b3-4be1-ad44-c19a56d2b3d6","managerial-directorate-telemetry-poc","2026.09.05-poc2","1","phaseAnonymousTelemetryPOC-v1","cost-directive","exam","streak_changed","53","2026-09-05T14:08:40.864Z","2026-09-05 14:08:40","35753","2","59","ac_mc_mr_calculation","LO4.2","definition","easy","0","0","1420","0","","","","","0","0","0","8","","","8","4","0.5","0","{""selectionReason"":""repair"",""weaknessEstimate"":[{""key"":""relevant_costs_benefits"",""attempts"":1,""accuracy"":0},{""key"":""ac_mc_mr_calculation"",""attempts"":1,""accuracy"":0},{""key"":""value_gap_opportunities"",""attempts"":5,""accuracy"":0.6},{""key"":""average_vs_marginal_cost"",""attempts"":1,""accuracy"":1}],""sourceEvent"":""question"",""sourceRunId"":""1788617285108-mrwn1r"",""lifecycleReason"":"""",""acceptedAttempt"":true}","1788617285108-mrwn1r","","","","","","","","","","","","","","","","","","","","","","","","","","","","","1420"
"7ecd20e7-d080-41eb-9156-b82ee468da83","a04ca883-354d-49ae-a110-d45301560b86","d59f334b-72b3-4be1-ad44-c19a56d2b3d6","managerial-directorate-telemetry-poc","2026.09.05-poc2","1","phaseAnonymousTelemetryPOC-v1","cost-directive","exam","question_shown","54","2026-09-05T14:08:41.612Z","2026-09-05 14:08:41","36501","1","28","organization_wealth_creation","LO2.5","definition","easy","","","0","0","","","","","0","0","0","8","","","8","4","0.5","0","{""selectionReason"":""repair"",""weaknessEstimate"":[{""key"":""relevant_costs_benefits"",""attempts"":1,""accuracy"":0},{""key"":""ac_mc_mr_calculation"",""attempts"":1,""accuracy"":0},{""key"":""value_gap_opportunities"",""attempts"":5,""accuracy"":0.6},{""key"":""average_vs_marginal_cost"",""attempts"":1,""accuracy"":1}],""sourceEvent"":"""",""sourceRunId"":""1788617285108-mrwn1r"",""lifecycleReason"":""""}","1788617285108-mrwn1r","","","","","","","","","","","","","","","","","","","","","","","","","","","","","0"
"1ae95360-65e7-4e2f-b5f6-64d7d39f88b2","a04ca883-354d-49ae-a110-d45301560b86","d59f334b-72b3-4be1-ad44-c19a56d2b3d6","managerial-directorate-telemetry-poc","2026.09.05-poc2","1","phaseAnonymousTelemetryPOC-v1","cost-directive","exam","run_completed","55","2026-09-05T14:08:43.722Z","2026-09-05 14:08:43","38610","1","0","organization_wealth_creation","","","easy","","0","0","0","","","","","0","0","0","8","","exam_ended_by_student","8","4","0.5","0","{""selectionReason"":""repair"",""weaknessEstimate"":[{""key"":""relevant_costs_benefits"",""attempts"":1,""accuracy"":0},{""key"":""ac_mc_mr_calculation"",""attempts"":1,""accuracy"":0},{""key"":""value_gap_opportunities"",""attempts"":5,""accuracy"":0.6},{""key"":""average_vs_marginal_cost"",""attempts"":1,""accuracy"":1}],""sourceEvent"":""exam_ended_by_student"",""sourceRunId"":""1788617285108-mrwn1r"",""lifecycleReason"":""""}","1788617285108-mrwn1r","","","","","","","","","","","","","","","","","","","","","","","","","","","","","0"
"8ef2ec32-f103-4c54-bb7f-0d3560a4ec17","a04ca883-354d-49ae-a110-d45301560b86","d59f334b-72b3-4be1-ad44-c19a56d2b3d6","managerial-directorate-telemetry-poc","2026.09.05-poc2","1","phaseAnonymousTelemetryPOC-v1","cost-directive","exam","mastery_report_summary_emitted","56","2026-09-05T14:08:43.769Z","2026-09-05 14:08:44","38610","1","28","organization_wealth_creation","LO2.5","definition","easy","","","0","0","","","","","0","0","0","8","","","8","4","0.5","0","{""selectionReason"":""repair"",""weaknessEstimate"":[{""key"":""relevant_costs_benefits"",""attempts"":1,""accuracy"":0},{""key"":""ac_mc_mr_calculation"",""attempts"":1,""accuracy"":0},{""key"":""value_gap_opportunities"",""attempts"":5,""accuracy"":0.6},{""key"":""average_vs_marginal_cost"",""attempts"":1,""accuracy"":1}],""sourceEvent"":"""",""sourceRunId"":""1788617285108-mrwn1r"",""lifecycleReason"":""""}","1788617285108-mrwn1r","","","","","","","","","","","","","","","","","","","","","","","","","","","","","0"
"f0a2d3bc-b623-4acd-9e87-2d7df2f0d088","c7a70537-8dda-451d-a38a-59f588950af5","d59f334b-72b3-4be1-ad44-c19a56d2b3d6","managerial-directorate-telemetry-poc","2026.09.05-poc2","1","phaseAnonymousTelemetryPOC-v1","cost-directive","exam","mode_selected","1","2026-09-05T14:08:50.582Z","2026-09-05 14:08:50","0","0","","","","","","","","0","0","","","","","0","0","0","0","","","0","0","0","0","{""selectionReason"":""new-run"",""weaknessEstimate"":[],""sourceEvent"":""start"",""sourceRunId"":""1788617330581-bufat2"",""lifecycleReason"":""""}","1788617330581-bufat2","","","","","","","","","","","","","","","","","","","","","","","","","","","","","0"
"28f83829-6f87-49d9-8234-7db63dbd6411","c7a70537-8dda-451d-a38a-59f588950af5","d59f334b-72b3-4be1-ad44-c19a56d2b3d6","managerial-directorate-telemetry-poc","2026.09.05-poc2","1","phaseAnonymousTelemetryPOC-v1","cost-directive","exam","run_started","2","2026-09-05T14:08:50.582Z","2026-09-05 14:08:50","0","0","","","","","","","","0","0","","","","","0","0","0","0","","","0","0","0","0","{""selectionReason"":""new-run"",""weaknessEstimate"":[],""sourceEvent"":""start"",""sourceRunId"":""1788617330581-bufat2"",""lifecycleReason"":""""}","1788617330581-bufat2","","","","","","","","","","","","","","","","","","","","","","","","","","","","","0"
"12a84f93-be9b-4d30-a8ce-4fc42f9713f7","c7a70537-8dda-451d-a38a-59f588950af5","d59f334b-72b3-4be1-ad44-c19a56d2b3d6","managerial-directorate-telemetry-poc","2026.09.05-poc2","1","phaseAnonymousTelemetryPOC-v1","cost-directive","exam","question_shown","3","2026-09-05T14:08:50.587Z","2026-09-05 14:08:50","5","1","45","accounting_economic_profit","LO3.4","calculation","easy","","","0","0","","","","","0","0","0","0","","","0","0","0","0","{""selectionReason"":""support"",""weaknessEstimate"":[],""sourceEvent"":"""",""sourceRunId"":""1788617330581-bufat2"",""lifecycleReason"":""""}","1788617330581-bufat2","","","","","","","","","","","","","","","","","","","","","","","","","","","","","0"
"ab7964f0-c998-457f-9217-ca0432542599","c7a70537-8dda-451d-a38a-59f588950af5","d59f334b-72b3-4be1-ad44-c19a56d2b3d6","managerial-directorate-telemetry-poc","2026.09.05-poc2","1","phaseAnonymousTelemetryPOC-v1","cost-directive","exam","answer_submitted","4","2026-09-05T14:08:51.585Z","2026-09-05 14:08:51","1003","1","45","accounting_economic_profit","LO3.4","calculation","easy","0","0","1002","0","","","","","0","0","0","1","","","1","0","0","0","{""selectionReason"":""support"",""weaknessEstimate"":[{""key"":""accounting_economic_profit"",""attempts"":1,""accuracy"":0}],""sourceEvent"":""question"",""sourceRunId"":""1788617330581-bufat2"",""lifecycleReason"":"""",""acceptedAttempt"":true}","1788617330581-bufat2","","","","","","","","","","","","","","","","","","","","","","","","","","","","","1002"
"f6e213df-1b40-4107-84a8-8c24474b486c","c7a70537-8dda-451d-a38a-59f588950af5","d59f334b-72b3-4be1-ad44-c19a56d2b3d6","managerial-directorate-telemetry-poc","2026.09.05-poc2","1","phaseAnonymousTelemetryPOC-v1","cost-directive","exam","answer_evaluated","5","2026-09-05T14:08:51.585Z","2026-09-05 14:08:51","1003","1","45","accounting_economic_profit","LO3.4","calculation","easy","0","0","1002","0","","","","","0","0","0","1","","","1","0","0","0","{""selectionReason"":""support"",""weaknessEstimate"":[{""key"":""accounting_economic_profit"",""attempts"":1,""accuracy"":0}],""sourceEvent"":""question"",""sourceRunId"":""1788617330581-bufat2"",""lifecycleReason"":"""",""acceptedAttempt"":true}","1788617330581-bufat2","","true","","","","","","","","","","","","","","","","","","","","","","","","","","","1002"
"51264cbb-d8b6-4e1a-abaa-94dbf2127d2f","c7a70537-8dda-451d-a38a-59f588950af5","d59f334b-72b3-4be1-ad44-c19a56d2b3d6","managerial-directorate-telemetry-poc","2026.09.05-poc2","1","phaseAnonymousTelemetryPOC-v1","cost-directive","exam","feedback_shown","6","2026-09-05T14:08:51.586Z","2026-09-05 14:08:51","1003","1","45","accounting_economic_profit","LO3.4","calculation","easy","0","0","1002","0","","","","","0","0","0","1","","","1","0","0","0","{""selectionReason"":""support"",""weaknessEstimate"":[{""key"":""accounting_economic_profit"",""attempts"":1,""accuracy"":0}],""sourceEvent"":""question"",""sourceRunId"":""1788617330581-bufat2"",""lifecycleReason"":"""",""acceptedAttempt"":true}","1788617330581-bufat2","","","","","","","","","","","","","","","","","","","","","","","","","","","","","1002"
"82deb1c5-235f-4f2c-ace1-f62a814fdb71","c7a70537-8dda-451d-a38a-59f588950af5","d59f334b-72b3-4be1-ad44-c19a56d2b3d6","managerial-directorate-telemetry-poc","2026.09.05-poc2","1","phaseAnonymousTelemetryPOC-v1","cost-directive","exam","streak_changed","7","2026-09-05T14:08:51.586Z","2026-09-05 14:08:51","1003","1","45","accounting_economic_profit","LO3.4","calculation","easy","0","0","1002","0","","","","","0","0","0","1","","","1","0","0","0","{""selectionReason"":""support"",""weaknessEstimate"":[{""key"":""accounting_economic_profit"",""attempts"":1,""accuracy"":0}],""sourceEvent"":""question"",""sourceRunId"":""1788617330581-bufat2"",""lifecycleReason"":"""",""acceptedAttempt"":true}","1788617330581-bufat2","","","","","","","","","","","","","","","","","","","","","","","","","","","","","1002"
"0775ea1c-21ff-4d16-a2ff-8fe6e1f52a56","c7a70537-8dda-451d-a38a-59f588950af5","d59f334b-72b3-4be1-ad44-c19a56d2b3d6","managerial-directorate-telemetry-poc","2026.09.05-poc2","1","phaseAnonymousTelemetryPOC-v1","cost-directive","exam","question_shown","8","2026-09-05T14:08:52.611Z","2026-09-05 14:08:52","2029","1","55","average_vs_marginal_cost","LO4.1","definition","easy","","","0","0","","","","","0","0","0","1","","","1","0","0","0","{""selectionReason"":""repair"",""weaknessEstimate"":[{""key"":""accounting_economic_profit"",""attempts"":1,""accuracy"":0}],""sourceEvent"":"""",""sourceRunId"":""1788617330581-bufat2"",""lifecycleReason"":""""}","1788617330581-bufat2","","","","","","","","","","","","","","","","","","","","","","","","","","","","","0"
"dbdafc32-0038-4871-adba-16fd16308b57","c7a70537-8dda-451d-a38a-59f588950af5","d59f334b-72b3-4be1-ad44-c19a56d2b3d6","managerial-directorate-telemetry-poc","2026.09.05-poc2","1","phaseAnonymousTelemetryPOC-v1","cost-directive","exam","answer_submitted","9","2026-09-05T14:08:53.265Z","2026-09-05 14:08:53","2683","1","55","average_vs_marginal_cost","LO4.1","definition","easy","1","0","666","0","","","","","0","0","0","2","","","2","0","0","0","{""selectionReason"":""repair"",""weaknessEstimate"":[{""key"":""accounting_economic_profit"",""attempts"":1,""accuracy"":0},{""key"":""average_vs_marginal_cost"",""attempts"":1,""accuracy"":0}],""sourceEvent"":""question"",""sourceRunId"":""1788617330581-bufat2"",""lifecycleReason"":"""",""acceptedAttempt"":true}","1788617330581-bufat2","","","","","","","","","","","","","","","","","","","","","","","","","","","","","666"
"61427f2e-2209-4673-bfd9-795fd140d7b3","c7a70537-8dda-451d-a38a-59f588950af5","d59f334b-72b3-4be1-ad44-c19a56d2b3d6","managerial-directorate-telemetry-poc","2026.09.05-poc2","1","phaseAnonymousTelemetryPOC-v1","cost-directive","exam","answer_evaluated","10","2026-09-05T14:08:53.265Z","2026-09-05 14:08:53","2683","1","55","average_vs_marginal_cost","LO4.1","definition","easy","1","0","666","0","","","","","0","0","0","2","","","2","0","0","0","{""selectionReason"":""repair"",""weaknessEstimate"":[{""key"":""accounting_economic_profit"",""attempts"":1,""accuracy"":0},{""key"":""average_vs_marginal_cost"",""attempts"":1,""accuracy"":0}],""sourceEvent"":""question"",""sourceRunId"":""1788617330581-bufat2"",""lifecycleReason"":"""",""acceptedAttempt"":true}","1788617330581-bufat2","","true","","","","","","","","","","","","","","","","","","","","","","","","","","","666"
"713125c7-4555-430b-b9d3-b108425aa2ea","c7a70537-8dda-451d-a38a-59f588950af5","d59f334b-72b3-4be1-ad44-c19a56d2b3d6","managerial-directorate-telemetry-poc","2026.09.05-poc2","1","phaseAnonymousTelemetryPOC-v1","cost-directive","exam","feedback_shown","11","2026-09-05T14:08:53.265Z","2026-09-05 14:08:53","2683","1","55","average_vs_marginal_cost","LO4.1","definition","easy","1","0","666","0","","","","","0","0","0","2","","","2","0","0","0","{""selectionReason"":""repair"",""weaknessEstimate"":[{""key"":""accounting_economic_profit"",""attempts"":1,""accuracy"":0},{""key"":""average_vs_marginal_cost"",""attempts"":1,""accuracy"":0}],""sourceEvent"":""question"",""sourceRunId"":""1788617330581-bufat2"",""lifecycleReason"":"""",""acceptedAttempt"":true}","1788617330581-bufat2","","","","","","","","","","","","","","","","","","","","","","","","","","","","","666"
"fa253fa3-5d65-49e2-b9f1-3bbb3f807c31","c7a70537-8dda-451d-a38a-59f588950af5","d59f334b-72b3-4be1-ad44-c19a56d2b3d6","managerial-directorate-telemetry-poc","2026.09.05-poc2","1","phaseAnonymousTelemetryPOC-v1","cost-directive","exam","question_shown","12","2026-09-05T14:08:53.960Z","2026-09-05 14:08:53","3378","1","83","minimum_efficient_scale","LO7.5","definition","easy","","","0","0","","","","","0","0","0","2","","","2","0","0","0","{""selectionReason"":""repair"",""weaknessEstimate"":[{""key"":""accounting_economic_profit"",""attempts"":1,""accuracy"":0},{""key"":""average_vs_marginal_cost"",""attempts"":1,""accuracy"":0}],""sourceEvent"":"""",""sourceRunId"":""1788617330581-bufat2"",""lifecycleReason"":""""}","1788617330581-bufat2","","","","","","","","","","","","","","","","","","","","","","","","","","","","","0"
"944208e8-2c6f-4505-be1e-22daf3123385","c7a70537-8dda-451d-a38a-59f588950af5","d59f334b-72b3-4be1-ad44-c19a56d2b3d6","managerial-directorate-telemetry-poc","2026.09.05-poc2","1","phaseAnonymousTelemetryPOC-v1","cost-directive","exam","answer_submitted","13","2026-09-05T14:08:54.554Z","2026-09-05 14:08:54","3972","1","83","minimum_efficient_scale","LO7.5","definition","easy","0","0","605","0","","","","","0","0","0","3","","","3","0","0","0","{""selectionReason"":""repair"",""weaknessEstimate"":[{""key"":""accounting_economic_profit"",""attempts"":1,""accuracy"":0},{""key"":""average_vs_marginal_cost"",""attempts"":1,""accuracy"":0},{""key"":""minimum_efficient_scale"",""attempts"":1,""accuracy"":0}],""sourceEvent"":""question"",""sourceRunId"":""1788617330581-bufat2"",""lifecycleReason"":"""",""acceptedAttempt"":true}","1788617330581-bufat2","","","","","","","","","","","","","","","","","","","","","","","","","","","","","605"
"d26e014c-dcb4-4931-833e-d0f50883cf8a","c7a70537-8dda-451d-a38a-59f588950af5","d59f334b-72b3-4be1-ad44-c19a56d2b3d6","managerial-directorate-telemetry-poc","2026.09.05-poc2","1","phaseAnonymousTelemetryPOC-v1","cost-directive","exam","answer_evaluated","14","2026-09-05T14:08:54.554Z","2026-09-05 14:08:54","3972","1","83","minimum_efficient_scale","LO7.5","definition","easy","0","0","605","0","","","","","0","0","0","3","","","3","0","0","0","{""selectionReason"":""repair"",""weaknessEstimate"":[{""key"":""accounting_economic_profit"",""attempts"":1,""accuracy"":0},{""key"":""average_vs_marginal_cost"",""attempts"":1,""accuracy"":0},{""key"":""minimum_efficient_scale"",""attempts"":1,""accuracy"":0}],""sourceEvent"":""question"",""sourceRunId"":""1788617330581-bufat2"",""lifecycleReason"":"""",""acceptedAttempt"":true}","1788617330581-bufat2","","true","","","","","","","","","","","","","","","","","","","","","","","","","","","605"
"8227c778-65a3-435f-b4b0-6503c1a9d33e","c7a70537-8dda-451d-a38a-59f588950af5","d59f334b-72b3-4be1-ad44-c19a56d2b3d6","managerial-directorate-telemetry-poc","2026.09.05-poc2","1","phaseAnonymousTelemetryPOC-v1","cost-directive","exam","feedback_shown","15","2026-09-05T14:08:54.555Z","2026-09-05 14:08:54","3972","1","83","minimum_efficient_scale","LO7.5","definition","easy","0","0","605","0","","","","","0","0","0","3","","","3","0","0","0","{""selectionReason"":""repair"",""weaknessEstimate"":[{""key"":""accounting_economic_profit"",""attempts"":1,""accuracy"":0},{""key"":""average_vs_marginal_cost"",""attempts"":1,""accuracy"":0},{""key"":""minimum_efficient_scale"",""attempts"":1,""accuracy"":0}],""sourceEvent"":""question"",""sourceRunId"":""1788617330581-bufat2"",""lifecycleReason"":"""",""acceptedAttempt"":true}","1788617330581-bufat2","","","","","","","","","","","","","","","","","","","","","","","","","","","","","605"
"652a70a3-89f9-4fa9-b5ba-085a67b0c12c","c7a70537-8dda-451d-a38a-59f588950af5","d59f334b-72b3-4be1-ad44-c19a56d2b3d6","managerial-directorate-telemetry-poc","2026.09.05-poc2","1","phaseAnonymousTelemetryPOC-v1","cost-directive","exam","question_shown","16","2026-09-05T14:08:55.210Z","2026-09-05 14:08:55","4628","1","56","average_vs_marginal_cost","LO4.1","definition","easy","","","0","0","","","","","0","0","0","3","","","3","0","0","0","{""selectionReason"":""repair"",""weaknessEstimate"":[{""key"":""accounting_economic_profit"",""attempts"":1,""accuracy"":0},{""key"":""average_vs_marginal_cost"",""attempts"":1,""accuracy"":0},{""key"":""minimum_efficient_scale"",""attempts"":1,""accuracy"":0}],""sourceEvent"":"""",""sourceRunId"":""1788617330581-bufat2"",""lifecycleReason"":""""}","1788617330581-bufat2","","","","","","","","","","","","","","","","","","","","","","","","","","","","","0"
"bad337d4-eeaa-4ac2-a903-9489a194ca95","c7a70537-8dda-451d-a38a-59f588950af5","d59f334b-72b3-4be1-ad44-c19a56d2b3d6","managerial-directorate-telemetry-poc","2026.09.05-poc2","1","phaseAnonymousTelemetryPOC-v1","cost-directive","exam","answer_submitted","17","2026-09-05T14:08:55.886Z","2026-09-05 14:08:55","5304","1","56","average_vs_marginal_cost","LO4.1","definition","easy","2","0","684","0","","","","","0","0","0","4","","","4","0","0","0","{""selectionReason"":""repair"",""weaknessEstimate"":[{""key"":""average_vs_marginal_cost"",""attempts"":2,""accuracy"":0},{""key"":""accounting_economic_profit"",""attempts"":1,""accuracy"":0},{""key"":""minimum_efficient_scale"",""attempts"":1,""accuracy"":0}],""sourceEvent"":""question"",""sourceRunId"":""1788617330581-bufat2"",""lifecycleReason"":"""",""acceptedAttempt"":true}","1788617330581-bufat2","","","","","","","","","","","","","","","","","","","","","","","","","","","","","684"
"d88a0b1e-8e0a-4b42-8a69-39d5e827867d","c7a70537-8dda-451d-a38a-59f588950af5","d59f334b-72b3-4be1-ad44-c19a56d2b3d6","managerial-directorate-telemetry-poc","2026.09.05-poc2","1","phaseAnonymousTelemetryPOC-v1","cost-directive","exam","answer_evaluated","18","2026-09-05T14:08:55.887Z","2026-09-05 14:08:55","5304","1","56","average_vs_marginal_cost","LO4.1","definition","easy","2","0","684","0","","","","","0","0","0","4","","","4","0","0","0","{""selectionReason"":""repair"",""weaknessEstimate"":[{""key"":""average_vs_marginal_cost"",""attempts"":2,""accuracy"":0},{""key"":""accounting_economic_profit"",""attempts"":1,""accuracy"":0},{""key"":""minimum_efficient_scale"",""attempts"":1,""accuracy"":0}],""sourceEvent"":""question"",""sourceRunId"":""1788617330581-bufat2"",""lifecycleReason"":"""",""acceptedAttempt"":true}","1788617330581-bufat2","","true","","","","","","","","","","","","","","","","","","","","","","","","","","","684"
"c5e5f4b9-fe76-4137-9726-ac1c2d1dbe2f","c7a70537-8dda-451d-a38a-59f588950af5","d59f334b-72b3-4be1-ad44-c19a56d2b3d6","managerial-directorate-telemetry-poc","2026.09.05-poc2","1","phaseAnonymousTelemetryPOC-v1","cost-directive","exam","feedback_shown","19","2026-09-05T14:08:55.887Z","2026-09-05 14:08:55","5304","1","56","average_vs_marginal_cost","LO4.1","definition","easy","2","0","684","0","","","","","0","0","0","4","","","4","0","0","0","{""selectionReason"":""repair"",""weaknessEstimate"":[{""key"":""average_vs_marginal_cost"",""attempts"":2,""accuracy"":0},{""key"":""accounting_economic_profit"",""attempts"":1,""accuracy"":0},{""key"":""minimum_efficient_scale"",""attempts"":1,""accuracy"":0}],""sourceEvent"":""question"",""sourceRunId"":""1788617330581-bufat2"",""lifecycleReason"":"""",""acceptedAttempt"":true}","1788617330581-bufat2","","","","","","","","","","","","","","","","","","","","","","","","","","","","","684"
"573e06a7-28e7-4baa-b5ef-5df3be08d977","c7a70537-8dda-451d-a38a-59f588950af5","d59f334b-72b3-4be1-ad44-c19a56d2b3d6","managerial-directorate-telemetry-poc","2026.09.05-poc2","1","phaseAnonymousTelemetryPOC-v1","cost-directive","exam","repair_triggered","20","2026-09-05T14:08:55.893Z","2026-09-05 14:08:56","5311","1","5065","average_vs_marginal_cost","LO4.1","repair","microSkillRepair","","","0","0","repair","","","","0","0","0","4","","","4","0","0","0","{""selectionReason"":""adaptive-repair"",""weaknessEstimate"":[{""key"":""average_vs_marginal_cost"",""attempts"":2,""accuracy"":0},{""key"":""accounting_economic_profit"",""attempts"":1,""accuracy"":0},{""key"":""minimum_efficient_scale"",""attempts"":1,""accuracy"":0}],""sourceEvent"":"""",""sourceRunId"":""1788617330581-bufat2"",""lifecycleReason"":""repair""}","1788617330581-bufat2","repair","","","","","","","","","","","","","","","","","","","","","","","","","","","","0"
"e935b93d-3e97-47a7-b1ca-f1bec116dc84","c7a70537-8dda-451d-a38a-59f588950af5","d59f334b-72b3-4be1-ad44-c19a56d2b3d6","managerial-directorate-telemetry-poc","2026.09.05-poc2","1","phaseAnonymousTelemetryPOC-v1","cost-directive","exam","question_shown","21","2026-09-05T14:08:55.894Z","2026-09-05 14:08:56","5312","1","5065","average_vs_marginal_cost","LO4.1","repair","microSkillRepair","","","0","0","repair","","","","0","0","0","4","","","4","0","0","0","{""selectionReason"":""adaptive-repair"",""weaknessEstimate"":[{""key"":""average_vs_marginal_cost"",""attempts"":2,""accuracy"":0},{""key"":""accounting_economic_profit"",""attempts"":1,""accuracy"":0},{""key"":""minimum_efficient_scale"",""attempts"":1,""accuracy"":0}],""sourceEvent"":"""",""sourceRunId"":""1788617330581-bufat2"",""lifecycleReason"":""""}","1788617330581-bufat2","","","","","","","","","","","","","","","","","","","","","","","","","","","","","0"
"7653f6b7-e5dc-4cec-9ff6-6718c9b10345","c7a70537-8dda-451d-a38a-59f588950af5","d59f334b-72b3-4be1-ad44-c19a56d2b3d6","managerial-directorate-telemetry-poc","2026.09.05-poc2","1","phaseAnonymousTelemetryPOC-v1","cost-directive","exam","repair_question_shown","22","2026-09-05T14:08:55.894Z","2026-09-05 14:08:56","5312","1","5065","average_vs_marginal_cost","LO4.1","repair","microSkillRepair","","","0","0","repair","","","","0","0","0","4","","","4","0","0","0","{""selectionReason"":""adaptive-repair"",""weaknessEstimate"":[{""key"":""average_vs_marginal_cost"",""attempts"":2,""accuracy"":0},{""key"":""accounting_economic_profit"",""attempts"":1,""accuracy"":0},{""key"":""minimum_efficient_scale"",""attempts"":1,""accuracy"":0}],""sourceEvent"":"""",""sourceRunId"":""1788617330581-bufat2"",""lifecycleReason"":""""}","1788617330581-bufat2","","","","","","","","","","","","","","","","","","","","","","","","","","","","","0"
"f2a016cb-c6f4-451d-baa7-1a893f044eb8","c7a70537-8dda-451d-a38a-59f588950af5","d59f334b-72b3-4be1-ad44-c19a56d2b3d6","managerial-directorate-telemetry-poc","2026.09.05-poc2","1","phaseAnonymousTelemetryPOC-v1","cost-directive","exam","answer_submitted","23","2026-09-05T14:08:57.835Z","2026-09-05 14:08:57","7253","1","5065","average_vs_marginal_cost","LO4.1","repair","microSkillRepair","0","0","1947","1","repair","","","","0","0","0","4","","","4","0","0","0","{""selectionReason"":""adaptive-repair"",""weaknessEstimate"":[{""key"":""average_vs_marginal_cost"",""attempts"":2,""accuracy"":0},{""key"":""accounting_economic_profit"",""attempts"":1,""accuracy"":0},{""key"":""minimum_efficient_scale"",""attempts"":1,""accuracy"":0}],""sourceEvent"":""rapid_guessing"",""sourceRunId"":""1788617330581-bufat2"",""lifecycleReason"":"""",""acceptedAttempt"":false}","1788617330581-bufat2","","","","","","","","","","","","","","","","","","","","","","","","","","","","","1947"
"d93ce235-1faa-423a-90ef-f925a97d3a70","c7a70537-8dda-451d-a38a-59f588950af5","d59f334b-72b3-4be1-ad44-c19a56d2b3d6","managerial-directorate-telemetry-poc","2026.09.05-poc2","1","phaseAnonymousTelemetryPOC-v1","cost-directive","exam","answer_evaluated","24","2026-09-05T14:08:57.835Z","2026-09-05 14:08:57","7253","1","5065","average_vs_marginal_cost","LO4.1","repair","microSkillRepair","0","0","1947","1","repair","","","","0","0","0","4","","","4","0","0","0","{""selectionReason"":""adaptive-repair"",""weaknessEstimate"":[{""key"":""average_vs_marginal_cost"",""attempts"":2,""accuracy"":0},{""key"":""accounting_economic_profit"",""attempts"":1,""accuracy"":0},{""key"":""minimum_efficient_scale"",""attempts"":1,""accuracy"":0}],""sourceEvent"":""rapid_guessing"",""sourceRunId"":""1788617330581-bufat2"",""lifecycleReason"":"""",""acceptedAttempt"":false}","1788617330581-bufat2","","false","","","","","","","","","","","","","","","","","","","","","","","","","","","1947"
"64ff27ae-1998-465d-9b00-a1fa8064e1a3","c7a70537-8dda-451d-a38a-59f588950af5","d59f334b-72b3-4be1-ad44-c19a56d2b3d6","managerial-directorate-telemetry-poc","2026.09.05-poc2","1","phaseAnonymousTelemetryPOC-v1","cost-directive","exam","feedback_shown","25","2026-09-05T14:08:57.836Z","2026-09-05 14:08:57","7253","1","5065","average_vs_marginal_cost","LO4.1","repair","microSkillRepair","0","0","1947","1","repair","","","","0","0","0","4","","","4","0","0","0","{""selectionReason"":""adaptive-repair"",""weaknessEstimate"":[{""key"":""average_vs_marginal_cost"",""attempts"":2,""accuracy"":0},{""key"":""accounting_economic_profit"",""attempts"":1,""accuracy"":0},{""key"":""minimum_efficient_scale"",""attempts"":1,""accuracy"":0}],""sourceEvent"":""rapid_guessing"",""sourceRunId"":""1788617330581-bufat2"",""lifecycleReason"":"""",""acceptedAttempt"":false}","1788617330581-bufat2","","","","","","","","","","","","","","","","","","","","","","","","","","","","","1947"
"fbded349-1a38-402c-af67-6fcbca5e48f3","c7a70537-8dda-451d-a38a-59f588950af5","d59f334b-72b3-4be1-ad44-c19a56d2b3d6","managerial-directorate-telemetry-poc","2026.09.05-poc2","1","phaseAnonymousTelemetryPOC-v1","cost-directive","exam","rapid_guess_detected","26","2026-09-05T14:08:57.836Z","2026-09-05 14:08:57","7253","1","5065","average_vs_marginal_cost","LO4.1","repair","microSkillRepair","0","0","1947","1","repair","","","","0","0","0","4","","","4","0","0","0","{""selectionReason"":""adaptive-repair"",""weaknessEstimate"":[{""key"":""average_vs_marginal_cost"",""attempts"":2,""accuracy"":0},{""key"":""accounting_economic_profit"",""attempts"":1,""accuracy"":0},{""key"":""minimum_efficient_scale"",""attempts"":1,""accuracy"":0}],""sourceEvent"":""rapid_guessing"",""sourceRunId"":""1788617330581-bufat2"",""lifecycleReason"":"""",""acceptedAttempt"":false}","1788617330581-bufat2","","","","","","","","","","","","","","","","","","","","","","","","","","","","","1947"
"c93937f4-cf0d-4edc-a80f-58c034356462","c7a70537-8dda-451d-a38a-59f588950af5","d59f334b-72b3-4be1-ad44-c19a56d2b3d6","managerial-directorate-telemetry-poc","2026.09.05-poc2","1","phaseAnonymousTelemetryPOC-v1","cost-directive","exam","repair_question_answered","27","2026-09-05T14:08:57.836Z","2026-09-05 14:08:57","7253","1","5065","average_vs_marginal_cost","LO4.1","repair","microSkillRepair","0","0","1947","1","repair","","","","0","0","0","4","","","4","0","0","0","{""selectionReason"":""adaptive-repair"",""weaknessEstimate"":[{""key"":""average_vs_marginal_cost"",""attempts"":2,""accuracy"":0},{""key"":""accounting_economic_profit"",""attempts"":1,""accuracy"":0},{""key"":""minimum_efficient_scale"",""attempts"":1,""accuracy"":0}],""sourceEvent"":""rapid_guessing"",""sourceRunId"":""1788617330581-bufat2"",""lifecycleReason"":"""",""acceptedAttempt"":false}","1788617330581-bufat2","","","","","","","","","","","","","","","","","","","","","","","","","","","","","1947"
"d5ee2573-8924-44ae-a319-118e53f2bb8e","c7a70537-8dda-451d-a38a-59f588950af5","d59f334b-72b3-4be1-ad44-c19a56d2b3d6","managerial-directorate-telemetry-poc","2026.09.05-poc2","1","phaseAnonymousTelemetryPOC-v1","cost-directive","exam","question_shown","28","2026-09-05T14:09:02.340Z","2026-09-05 14:09:02","11758","1","5065","average_vs_marginal_cost","LO4.1","repair","microSkillRepair","","","0","0","repair","","","","0","0","0","4","","","4","0","0","0","{""selectionReason"":""adaptive-repair"",""weaknessEstimate"":[{""key"":""average_vs_marginal_cost"",""attempts"":2,""accuracy"":0},{""key"":""accounting_economic_profit"",""attempts"":1,""accuracy"":0},{""key"":""minimum_efficient_scale"",""attempts"":1,""accuracy"":0}],""sourceEvent"":"""",""sourceRunId"":""1788617330581-bufat2"",""lifecycleReason"":""""}","1788617330581-bufat2","","","","","","","","","","","","","","","","","","","","","","","","","","","","","0"
"a1672bd6-2813-4bef-b55b-6e2e14319a53","c7a70537-8dda-451d-a38a-59f588950af5","d59f334b-72b3-4be1-ad44-c19a56d2b3d6","managerial-directorate-telemetry-poc","2026.09.05-poc2","1","phaseAnonymousTelemetryPOC-v1","cost-directive","exam","repair_question_shown","29","2026-09-05T14:09:02.340Z","2026-09-05 14:09:02","11758","1","5065","average_vs_marginal_cost","LO4.1","repair","microSkillRepair","","","0","0","repair","","","","0","0","0","4","","","4","0","0","0","{""selectionReason"":""adaptive-repair"",""weaknessEstimate"":[{""key"":""average_vs_marginal_cost"",""attempts"":2,""accuracy"":0},{""key"":""accounting_economic_profit"",""attempts"":1,""accuracy"":0},{""key"":""minimum_efficient_scale"",""attempts"":1,""accuracy"":0}],""sourceEvent"":"""",""sourceRunId"":""1788617330581-bufat2"",""lifecycleReason"":""""}","1788617330581-bufat2","","","","","","","","","","","","","","","","","","","","","","","","","","","","","0"
"e4433353-53c0-4629-804b-8f37840964c0","c7a70537-8dda-451d-a38a-59f588950af5","d59f334b-72b3-4be1-ad44-c19a56d2b3d6","managerial-directorate-telemetry-poc","2026.09.05-poc2","1","phaseAnonymousTelemetryPOC-v1","cost-directive","exam","run_completed","30","2026-09-05T14:09:04.232Z","2026-09-05 14:09:04","13649","1","0","average_vs_marginal_cost","","","microSkillRepair","","0","0","0","repair","","","","0","0","0","4","","exam_ended_by_student","4","0","0","0","{""selectionReason"":""adaptive-repair"",""weaknessEstimate"":[{""key"":""average_vs_marginal_cost"",""attempts"":2,""accuracy"":0},{""key"":""accounting_economic_profit"",""attempts"":1,""accuracy"":0},{""key"":""minimum_efficient_scale"",""attempts"":1,""accuracy"":0}],""sourceEvent"":""exam_ended_by_student"",""sourceRunId"":""1788617330581-bufat2"",""lifecycleReason"":""""}","1788617330581-bufat2","","","","","","","","","","","","","","","","","","","","","","","","","","","","","0"
"9dd64600-b727-442b-9947-569c67ee36f6","c7a70537-8dda-451d-a38a-59f588950af5","d59f334b-72b3-4be1-ad44-c19a56d2b3d6","managerial-directorate-telemetry-poc","2026.09.05-poc2","1","phaseAnonymousTelemetryPOC-v1","cost-directive","exam","mastery_report_summary_emitted","31","2026-09-05T14:09:04.247Z","2026-09-05 14:09:04","13649","1","5065","average_vs_marginal_cost","LO4.1","repair","microSkillRepair","","","0","0","repair","","","","0","0","0","4","","","4","0","0","0","{""selectionReason"":""adaptive-repair"",""weaknessEstimate"":[{""key"":""average_vs_marginal_cost"",""attempts"":2,""accuracy"":0},{""key"":""accounting_economic_profit"",""attempts"":1,""accuracy"":0},{""key"":""minimum_efficient_scale"",""attempts"":1,""accuracy"":0}],""sourceEvent"":"""",""sourceRunId"":""1788617330581-bufat2"",""lifecycleReason"":""""}","1788617330581-bufat2","","","","","","","","","","","","","","","","","","","","","","","","","","","","","0"
"617e5243-db8d-4f07-b417-4c14f0539582","e58fabca-9876-486d-8450-62a96d40014b","d59f334b-72b3-4be1-ad44-c19a56d2b3d6","managerial-directorate-telemetry-poc","2026.09.05-poc2","1","phaseAnonymousTelemetryPOC-v1","cost-directive","standard","mode_selected","1","2026-09-05T14:04:18.773Z","2026-09-05 14:04:19","0","0","","","","","","","","0","0","","","","","0","0","0","0","","","0","0","0","0","{""selectionReason"":""new-run"",""weaknessEstimate"":[],""sourceEvent"":""start"",""sourceRunId"":""1788617058772-0sqrcx"",""lifecycleReason"":""""}","1788617058772-0sqrcx","","","","","","","","","","","","","","","","","","","","","","","","","","","","","0"
"c20582ac-8e0a-446d-873c-66e57849d316","e58fabca-9876-486d-8450-62a96d40014b","d59f334b-72b3-4be1-ad44-c19a56d2b3d6","managerial-directorate-telemetry-poc","2026.09.05-poc2","1","phaseAnonymousTelemetryPOC-v1","cost-directive","standard","run_started","2","2026-09-05T14:04:18.773Z","2026-09-05 14:04:19","0","0","","","","","","","","0","0","","","","","0","0","0","0","","","0","0","0","0","{""selectionReason"":""new-run"",""weaknessEstimate"":[],""sourceEvent"":""start"",""sourceRunId"":""1788617058772-0sqrcx"",""lifecycleReason"":""""}","1788617058772-0sqrcx","","","","","","","","","","","","","","","","","","","","","","","","","","","","","0"
"451e1769-c104-4c30-97c0-c08463bce4f4","e58fabca-9876-486d-8450-62a96d40014b","d59f334b-72b3-4be1-ad44-c19a56d2b3d6","managerial-directorate-telemetry-poc","2026.09.05-poc2","1","phaseAnonymousTelemetryPOC-v1","cost-directive","standard","question_shown","3","2026-09-05T14:04:18.788Z","2026-09-05 14:04:19","13","1","12","organization_design_info_incentives","LO1.4","definition","easy","","","0","0","","","","","0","0","0","0","","","0","0","0","0","{""selectionReason"":""support"",""weaknessEstimate"":[],""sourceEvent"":"""",""sourceRunId"":""1788617058772-0sqrcx"",""lifecycleReason"":""""}","1788617058772-0sqrcx","","","","","","","","","","","","","","","","","","","","","","","","","","","","","0"
"cff02b38-de75-4170-8fd4-db6a4e771a79","e58fabca-9876-486d-8450-62a96d40014b","d59f334b-72b3-4be1-ad44-c19a56d2b3d6","managerial-directorate-telemetry-poc","2026.09.05-poc2","1","phaseAnonymousTelemetryPOC-v1","cost-directive","standard","answer_submitted","4","2026-09-05T14:04:21.572Z","2026-09-05 14:04:21","2797","1","12","organization_design_info_incentives","LO1.4","definition","easy","2","1","2792","0","","","","","0","0","1","1","","","1","0","0","0","{""selectionReason"":""support"",""weaknessEstimate"":[{""key"":""organization_design_info_incentives"",""attempts"":1,""accuracy"":1}],""sourceEvent"":""question"",""sourceRunId"":""1788617058772-0sqrcx"",""lifecycleReason"":"""",""acceptedAttempt"":true}","1788617058772-0sqrcx","","","","","","","","","","","","","","","","","","","","","","","","","","","","","2792"
"bf579fdf-b320-41e9-a8bd-146a2500d4ee","e58fabca-9876-486d-8450-62a96d40014b","d59f334b-72b3-4be1-ad44-c19a56d2b3d6","managerial-directorate-telemetry-poc","2026.09.05-poc2","1","phaseAnonymousTelemetryPOC-v1","cost-directive","standard","answer_evaluated","5","2026-09-05T14:04:21.572Z","2026-09-05 14:04:21","2797","1","12","organization_design_info_incentives","LO1.4","definition","easy","2","1","2792","0","","","","","0","0","1","1","","","1","0","0","0","{""selectionReason"":""support"",""weaknessEstimate"":[{""key"":""organization_design_info_incentives"",""attempts"":1,""accuracy"":1}],""sourceEvent"":""question"",""sourceRunId"":""1788617058772-0sqrcx"",""lifecycleReason"":"""",""acceptedAttempt"":true}","1788617058772-0sqrcx","","true","","","","","","","","","","","","","","","","","","","","","","","","","","","2792"
"29c7a293-f871-4739-b572-ff395220cecf","e58fabca-9876-486d-8450-62a96d40014b","d59f334b-72b3-4be1-ad44-c19a56d2b3d6","managerial-directorate-telemetry-poc","2026.09.05-poc2","1","phaseAnonymousTelemetryPOC-v1","cost-directive","standard","feedback_shown","6","2026-09-05T14:04:21.572Z","2026-09-05 14:04:21","2797","1","12","organization_design_info_incentives","LO1.4","definition","easy","2","1","2792","0","","","","","0","0","1","1","","","1","0","0","0","{""selectionReason"":""support"",""weaknessEstimate"":[{""key"":""organization_design_info_incentives"",""attempts"":1,""accuracy"":1}],""sourceEvent"":""question"",""sourceRunId"":""1788617058772-0sqrcx"",""lifecycleReason"":"""",""acceptedAttempt"":true}","1788617058772-0sqrcx","","","","","","","","","","","","","","","","","","","","","","","","","","","","","2792"
"cc101e98-4b3c-4418-b669-46583ee89272","e58fabca-9876-486d-8450-62a96d40014b","d59f334b-72b3-4be1-ad44-c19a56d2b3d6","managerial-directorate-telemetry-poc","2026.09.05-poc2","1","phaseAnonymousTelemetryPOC-v1","cost-directive","standard","streak_changed","7","2026-09-05T14:04:21.573Z","2026-09-05 14:04:21","2797","1","12","organization_design_info_incentives","LO1.4","definition","easy","2","1","2792","0","","","","","0","0","1","1","","","1","0","0","0","{""selectionReason"":""support"",""weaknessEstimate"":[{""key"":""organization_design_info_incentives"",""attempts"":1,""accuracy"":1}],""sourceEvent"":""question"",""sourceRunId"":""1788617058772-0sqrcx"",""lifecycleReason"":"""",""acceptedAttempt"":true}","1788617058772-0sqrcx","","","","","","","","","","","","","","","","","","","","","","","","","","","","","2792"
"09e42112-7c05-4ce5-b698-c1873ed10dab","e58fabca-9876-486d-8450-62a96d40014b","d59f334b-72b3-4be1-ad44-c19a56d2b3d6","managerial-directorate-telemetry-poc","2026.09.05-poc2","1","phaseAnonymousTelemetryPOC-v1","cost-directive","standard","room_advanced","8","2026-09-05T14:04:23.382Z","2026-09-05 14:04:23","4607","2","41","fixed_variable_costs","LO3.3","identification","easy","","","0","0","","","","","0","0","1","1","","","1","1","1","0","{""selectionReason"":""diversify"",""weaknessEstimate"":[{""key"":""organization_design_info_incentives"",""attempts"":1,""accuracy"":1}],""sourceEvent"":"""",""sourceRunId"":""1788617058772-0sqrcx"",""lifecycleReason"":""""}","1788617058772-0sqrcx","","","","","","","","","","","","","","","","","","","","","","","","","","","","","0"
"150755a4-8307-4c3a-a4cb-c762949a4376","e58fabca-9876-486d-8450-62a96d40014b","d59f334b-72b3-4be1-ad44-c19a56d2b3d6","managerial-directorate-telemetry-poc","2026.09.05-poc2","1","phaseAnonymousTelemetryPOC-v1","cost-directive","standard","question_shown","9","2026-09-05T14:04:23.382Z","2026-09-05 14:04:23","4607","2","41","fixed_variable_costs","LO3.3","identification","easy","","","0","0","","","","","0","0","1","1","","","1","1","1","0","{""selectionReason"":""diversify"",""weaknessEstimate"":[{""key"":""organization_design_info_incentives"",""attempts"":1,""accuracy"":1}],""sourceEvent"":"""",""sourceRunId"":""1788617058772-0sqrcx"",""lifecycleReason"":""""}","1788617058772-0sqrcx","","","","","","","","","","","","","","","","","","","","","","","","","","","","","0"
"3b9e00d7-a838-40ff-bc49-33d1bb5750a1","e58fabca-9876-486d-8450-62a96d40014b","d59f334b-72b3-4be1-ad44-c19a56d2b3d6","managerial-directorate-telemetry-poc","2026.09.05-poc2","1","phaseAnonymousTelemetryPOC-v1","cost-directive","standard","answer_submitted","10","2026-09-05T14:04:30.926Z","2026-09-05 14:04:31","12151","2","41","fixed_variable_costs","LO3.3","identification","easy","1","1","7548","0","","","","","0","0","2","2","","","2","1","0.5","0","{""selectionReason"":""diversify"",""weaknessEstimate"":[{""key"":""organization_design_info_incentives"",""attempts"":1,""accuracy"":1},{""key"":""fixed_variable_costs"",""attempts"":1,""accuracy"":1}],""sourceEvent"":""question"",""sourceRunId"":""1788617058772-0sqrcx"",""lifecycleReason"":"""",""acceptedAttempt"":true}","1788617058772-0sqrcx","","","","","","","","","","","","","","","","","","","","","","","","","","","","","7548"
"0a8c493b-e670-41c9-bb05-461a542b362b","e58fabca-9876-486d-8450-62a96d40014b","d59f334b-72b3-4be1-ad44-c19a56d2b3d6","managerial-directorate-telemetry-poc","2026.09.05-poc2","1","phaseAnonymousTelemetryPOC-v1","cost-directive","standard","answer_evaluated","11","2026-09-05T14:04:30.926Z","2026-09-05 14:04:31","12151","2","41","fixed_variable_costs","LO3.3","identification","easy","1","1","7548","0","","","","","0","0","2","2","","","2","1","0.5","0","{""selectionReason"":""diversify"",""weaknessEstimate"":[{""key"":""organization_design_info_incentives"",""attempts"":1,""accuracy"":1},{""key"":""fixed_variable_costs"",""attempts"":1,""accuracy"":1}],""sourceEvent"":""question"",""sourceRunId"":""1788617058772-0sqrcx"",""lifecycleReason"":"""",""acceptedAttempt"":true}","1788617058772-0sqrcx","","true","","","","","","","","","","","","","","","","","","","","","","","","","","","7548"
"baa619d0-a118-4643-8377-f97db68e209c","e58fabca-9876-486d-8450-62a96d40014b","d59f334b-72b3-4be1-ad44-c19a56d2b3d6","managerial-directorate-telemetry-poc","2026.09.05-poc2","1","phaseAnonymousTelemetryPOC-v1","cost-directive","standard","feedback_shown","12","2026-09-05T14:04:30.926Z","2026-09-05 14:04:31","12151","2","41","fixed_variable_costs","LO3.3","identification","easy","1","1","7548","0","","","","","0","0","2","2","","","2","1","0.5","0","{""selectionReason"":""diversify"",""weaknessEstimate"":[{""key"":""organization_design_info_incentives"",""attempts"":1,""accuracy"":1},{""key"":""fixed_variable_costs"",""attempts"":1,""accuracy"":1}],""sourceEvent"":""question"",""sourceRunId"":""1788617058772-0sqrcx"",""lifecycleReason"":"""",""acceptedAttempt"":true}","1788617058772-0sqrcx","","","","","","","","","","","","","","","","","","","","","","","","","","","","","7548"
"df51d34f-0f97-4db2-bd6f-b7ca12f0b561","e58fabca-9876-486d-8450-62a96d40014b","d59f334b-72b3-4be1-ad44-c19a56d2b3d6","managerial-directorate-telemetry-poc","2026.09.05-poc2","1","phaseAnonymousTelemetryPOC-v1","cost-directive","standard","streak_changed","13","2026-09-05T14:04:30.926Z","2026-09-05 14:04:31","12151","2","41","fixed_variable_costs","LO3.3","identification","easy","1","1","7548","0","","","","","0","0","2","2","","","2","1","0.5","0","{""selectionReason"":""diversify"",""weaknessEstimate"":[{""key"":""organization_design_info_incentives"",""attempts"":1,""accuracy"":1},{""key"":""fixed_variable_costs"",""attempts"":1,""accuracy"":1}],""sourceEvent"":""question"",""sourceRunId"":""1788617058772-0sqrcx"",""lifecycleReason"":"""",""acceptedAttempt"":true}","1788617058772-0sqrcx","","","","","","","","","","","","","","","","","","","","","","","","","","","","","7548"
"b92dacd0-e5ca-4f62-97da-da9722c0a048","e58fabca-9876-486d-8450-62a96d40014b","d59f334b-72b3-4be1-ad44-c19a56d2b3d6","managerial-directorate-telemetry-poc","2026.09.05-poc2","1","phaseAnonymousTelemetryPOC-v1","cost-directive","standard","room_advanced","14","2026-09-05T14:04:32.746Z","2026-09-05 14:04:32","13971","3","60","ac_mc_mr_calculation","LO4.2","calculation","easy","","","0","0","","","","","0","0","2","2","","","2","2","1","0","{""selectionReason"":""diversify"",""weaknessEstimate"":[{""key"":""organization_design_info_incentives"",""attempts"":1,""accuracy"":1},{""key"":""fixed_variable_costs"",""attempts"":1,""accuracy"":1}],""sourceEvent"":"""",""sourceRunId"":""1788617058772-0sqrcx"",""lifecycleReason"":""""}","1788617058772-0sqrcx","","","","","","","","","","","","","","","","","","","","","","","","","","","","","0"
"a953b09b-8f79-4a6a-8e9b-347050f9726c","e58fabca-9876-486d-8450-62a96d40014b","d59f334b-72b3-4be1-ad44-c19a56d2b3d6","managerial-directorate-telemetry-poc","2026.09.05-poc2","1","phaseAnonymousTelemetryPOC-v1","cost-directive","standard","question_shown","15","2026-09-05T14:04:32.746Z","2026-09-05 14:04:32","13971","3","60","ac_mc_mr_calculation","LO4.2","calculation","easy","","","0","0","","","","","0","0","2","2","","","2","2","1","0","{""selectionReason"":""diversify"",""weaknessEstimate"":[{""key"":""organization_design_info_incentives"",""attempts"":1,""accuracy"":1},{""key"":""fixed_variable_costs"",""attempts"":1,""accuracy"":1}],""sourceEvent"":"""",""sourceRunId"":""1788617058772-0sqrcx"",""lifecycleReason"":""""}","1788617058772-0sqrcx","","","","","","","","","","","","","","","","","","","","","","","","","","","","","0"
"bc3ca969-17ec-46b3-804a-2468e7ec34c1","e58fabca-9876-486d-8450-62a96d40014b","d59f334b-72b3-4be1-ad44-c19a56d2b3d6","managerial-directorate-telemetry-poc","2026.09.05-poc2","1","phaseAnonymousTelemetryPOC-v1","cost-directive","standard","answer_submitted","16","2026-09-05T14:04:38.247Z","2026-09-05 14:04:38","19472","3","60","ac_mc_mr_calculation","LO4.2","calculation","easy","3","1","5504","0","","","","","0","0","3","3","","","3","2","0.6666666666666666","0","{""selectionReason"":""diversify"",""weaknessEstimate"":[{""key"":""organization_design_info_incentives"",""attempts"":1,""accuracy"":1},{""key"":""fixed_variable_costs"",""attempts"":1,""accuracy"":1},{""key"":""ac_mc_mr_calculation"",""attempts"":1,""accuracy"":1}],""sourceEvent"":""question"",""sourceRunId"":""1788617058772-0sqrcx"",""lifecycleReason"":"""",""acceptedAttempt"":true}","1788617058772-0sqrcx","","","","","","","","","","","","","","","","","","","","","","","","","","","","","5504"
"05fe77a7-2698-4e65-96ac-8e2fd148180a","e58fabca-9876-486d-8450-62a96d40014b","d59f334b-72b3-4be1-ad44-c19a56d2b3d6","managerial-directorate-telemetry-poc","2026.09.05-poc2","1","phaseAnonymousTelemetryPOC-v1","cost-directive","standard","answer_evaluated","17","2026-09-05T14:04:38.247Z","2026-09-05 14:04:38","19472","3","60","ac_mc_mr_calculation","LO4.2","calculation","easy","3","1","5504","0","","","","","0","0","3","3","","","3","2","0.6666666666666666","0","{""selectionReason"":""diversify"",""weaknessEstimate"":[{""key"":""organization_design_info_incentives"",""attempts"":1,""accuracy"":1},{""key"":""fixed_variable_costs"",""attempts"":1,""accuracy"":1},{""key"":""ac_mc_mr_calculation"",""attempts"":1,""accuracy"":1}],""sourceEvent"":""question"",""sourceRunId"":""1788617058772-0sqrcx"",""lifecycleReason"":"""",""acceptedAttempt"":true}","1788617058772-0sqrcx","","true","","","","","","","","","","","","","","","","","","","","","","","","","","","5504"
"3be135c5-b43f-4fcc-b10f-5e42f9bec159","e58fabca-9876-486d-8450-62a96d40014b","d59f334b-72b3-4be1-ad44-c19a56d2b3d6","managerial-directorate-telemetry-poc","2026.09.05-poc2","1","phaseAnonymousTelemetryPOC-v1","cost-directive","standard","feedback_shown","18","2026-09-05T14:04:38.247Z","2026-09-05 14:04:38","19472","3","60","ac_mc_mr_calculation","LO4.2","calculation","easy","3","1","5504","0","","","","","0","0","3","3","","","3","2","0.6666666666666666","0","{""selectionReason"":""diversify"",""weaknessEstimate"":[{""key"":""organization_design_info_incentives"",""attempts"":1,""accuracy"":1},{""key"":""fixed_variable_costs"",""attempts"":1,""accuracy"":1},{""key"":""ac_mc_mr_calculation"",""attempts"":1,""accuracy"":1}],""sourceEvent"":""question"",""sourceRunId"":""1788617058772-0sqrcx"",""lifecycleReason"":"""",""acceptedAttempt"":true}","1788617058772-0sqrcx","","","","","","","","","","","","","","","","","","","","","","","","","","","","","5504"
"551ca16b-a4bc-4d09-a602-698e2d4b2177","e58fabca-9876-486d-8450-62a96d40014b","d59f334b-72b3-4be1-ad44-c19a56d2b3d6","managerial-directorate-telemetry-poc","2026.09.05-poc2","1","phaseAnonymousTelemetryPOC-v1","cost-directive","standard","streak_changed","19","2026-09-05T14:04:38.248Z","2026-09-05 14:04:38","19472","3","60","ac_mc_mr_calculation","LO4.2","calculation","easy","3","1","5504","0","","","","","0","0","3","3","","","3","2","0.6666666666666666","0","{""selectionReason"":""diversify"",""weaknessEstimate"":[{""key"":""organization_design_info_incentives"",""attempts"":1,""accuracy"":1},{""key"":""fixed_variable_costs"",""attempts"":1,""accuracy"":1},{""key"":""ac_mc_mr_calculation"",""attempts"":1,""accuracy"":1}],""sourceEvent"":""question"",""sourceRunId"":""1788617058772-0sqrcx"",""lifecycleReason"":"""",""acceptedAttempt"":true}","1788617058772-0sqrcx","","","","","","","","","","","","","","","","","","","","","","","","","","","","","5504"
"919190f6-ea59-4693-ad2f-64f8416c9a81","e58fabca-9876-486d-8450-62a96d40014b","d59f334b-72b3-4be1-ad44-c19a56d2b3d6","managerial-directorate-telemetry-poc","2026.09.05-poc2","1","phaseAnonymousTelemetryPOC-v1","cost-directive","standard","room_advanced","20","2026-09-05T14:04:40.064Z","2026-09-05 14:04:40","21289","4","63","mr_mc_extent_rule","LO4.3","definition","easy","","","0","0","","","","","0","0","3","3","","","3","3","1","0","{""selectionReason"":""diversify"",""weaknessEstimate"":[{""key"":""organization_design_info_incentives"",""attempts"":1,""accuracy"":1},{""key"":""fixed_variable_costs"",""attempts"":1,""accuracy"":1},{""key"":""ac_mc_mr_calculation"",""attempts"":1,""accuracy"":1}],""sourceEvent"":"""",""sourceRunId"":""1788617058772-0sqrcx"",""lifecycleReason"":""""}","1788617058772-0sqrcx","","","","","","","","","","","","","","","","","","","","","","","","","","","","","0"
"271c26d7-6de7-47d8-be71-8a5be3d8bb01","e58fabca-9876-486d-8450-62a96d40014b","d59f334b-72b3-4be1-ad44-c19a56d2b3d6","managerial-directorate-telemetry-poc","2026.09.05-poc2","1","phaseAnonymousTelemetryPOC-v1","cost-directive","standard","question_shown","21","2026-09-05T14:04:40.064Z","2026-09-05 14:04:40","21289","4","63","mr_mc_extent_rule","LO4.3","definition","easy","","","0","0","","","","","0","0","3","3","","","3","3","1","0","{""selectionReason"":""diversify"",""weaknessEstimate"":[{""key"":""organization_design_info_incentives"",""attempts"":1,""accuracy"":1},{""key"":""fixed_variable_costs"",""attempts"":1,""accuracy"":1},{""key"":""ac_mc_mr_calculation"",""attempts"":1,""accuracy"":1}],""sourceEvent"":"""",""sourceRunId"":""1788617058772-0sqrcx"",""lifecycleReason"":""""}","1788617058772-0sqrcx","","","","","","","","","","","","","","","","","","","","","","","","","","","","","0"
"1cfe6ddb-d6f9-451d-bedc-91f4709abc0e","e58fabca-9876-486d-8450-62a96d40014b","d59f334b-72b3-4be1-ad44-c19a56d2b3d6","managerial-directorate-telemetry-poc","2026.09.05-poc2","1","phaseAnonymousTelemetryPOC-v1","cost-directive","standard","answer_submitted","22","2026-09-05T14:04:51.655Z","2026-09-05 14:04:51","32879","4","63","mr_mc_extent_rule","LO4.3","definition","easy","2","1","11596","0","","","","","0","0","4","4","","","4","3","0.75","0","{""selectionReason"":""diversify"",""weaknessEstimate"":[{""key"":""organization_design_info_incentives"",""attempts"":1,""accuracy"":1},{""key"":""fixed_variable_costs"",""attempts"":1,""accuracy"":1},{""key"":""ac_mc_mr_calculation"",""attempts"":1,""accuracy"":1},{""key"":""mr_mc_extent_rule"",""attempts"":1,""accuracy"":1}],""sourceEvent"":""question"",""sourceRunId"":""1788617058772-0sqrcx"",""lifecycleReason"":"""",""acceptedAttempt"":true}","1788617058772-0sqrcx","","","","","","","","","","","","","","","","","","","","","","","","","","","","","11596"
"9f54ce34-e2ab-4bfe-a55c-ecca8c10dd41","e58fabca-9876-486d-8450-62a96d40014b","d59f334b-72b3-4be1-ad44-c19a56d2b3d6","managerial-directorate-telemetry-poc","2026.09.05-poc2","1","phaseAnonymousTelemetryPOC-v1","cost-directive","standard","answer_evaluated","23","2026-09-05T14:04:51.655Z","2026-09-05 14:04:51","32879","4","63","mr_mc_extent_rule","LO4.3","definition","easy","2","1","11596","0","","","","","0","0","4","4","","","4","3","0.75","0","{""selectionReason"":""diversify"",""weaknessEstimate"":[{""key"":""organization_design_info_incentives"",""attempts"":1,""accuracy"":1},{""key"":""fixed_variable_costs"",""attempts"":1,""accuracy"":1},{""key"":""ac_mc_mr_calculation"",""attempts"":1,""accuracy"":1},{""key"":""mr_mc_extent_rule"",""attempts"":1,""accuracy"":1}],""sourceEvent"":""question"",""sourceRunId"":""1788617058772-0sqrcx"",""lifecycleReason"":"""",""acceptedAttempt"":true}","1788617058772-0sqrcx","","true","","","","","","","","","","","","","","","","","","","","","","","","","","","11596"
"8bb0f672-9d91-4286-8557-46446350bfe5","e58fabca-9876-486d-8450-62a96d40014b","d59f334b-72b3-4be1-ad44-c19a56d2b3d6","managerial-directorate-telemetry-poc","2026.09.05-poc2","1","phaseAnonymousTelemetryPOC-v1","cost-directive","standard","feedback_shown","24","2026-09-05T14:04:51.655Z","2026-09-05 14:04:51","32879","4","63","mr_mc_extent_rule","LO4.3","definition","easy","2","1","11596","0","","","","","0","0","4","4","","","4","3","0.75","0","{""selectionReason"":""diversify"",""weaknessEstimate"":[{""key"":""organization_design_info_incentives"",""attempts"":1,""accuracy"":1},{""key"":""fixed_variable_costs"",""attempts"":1,""accuracy"":1},{""key"":""ac_mc_mr_calculation"",""attempts"":1,""accuracy"":1},{""key"":""mr_mc_extent_rule"",""attempts"":1,""accuracy"":1}],""sourceEvent"":""question"",""sourceRunId"":""1788617058772-0sqrcx"",""lifecycleReason"":"""",""acceptedAttempt"":true}","1788617058772-0sqrcx","","","","","","","","","","","","","","","","","","","","","","","","","","","","","11596"
"0a8a0198-3c97-41db-9c75-fa9ddc96b36d","e58fabca-9876-486d-8450-62a96d40014b","d59f334b-72b3-4be1-ad44-c19a56d2b3d6","managerial-directorate-telemetry-poc","2026.09.05-poc2","1","phaseAnonymousTelemetryPOC-v1","cost-directive","standard","streak_changed","25","2026-09-05T14:04:51.655Z","2026-09-05 14:04:51","32879","4","63","mr_mc_extent_rule","LO4.3","definition","easy","2","1","11596","0","","","","","0","0","4","4","","","4","3","0.75","0","{""selectionReason"":""diversify"",""weaknessEstimate"":[{""key"":""organization_design_info_incentives"",""attempts"":1,""accuracy"":1},{""key"":""fixed_variable_costs"",""attempts"":1,""accuracy"":1},{""key"":""ac_mc_mr_calculation"",""attempts"":1,""accuracy"":1},{""key"":""mr_mc_extent_rule"",""attempts"":1,""accuracy"":1}],""sourceEvent"":""question"",""sourceRunId"":""1788617058772-0sqrcx"",""lifecycleReason"":"""",""acceptedAttempt"":true}","1788617058772-0sqrcx","","","","","","","","","","","","","","","","","","","","","","","","","","","","","11596"
"dbd2c929-988e-4858-8ab6-aa19ecd389be","e58fabca-9876-486d-8450-62a96d40014b","d59f334b-72b3-4be1-ad44-c19a56d2b3d6","managerial-directorate-telemetry-poc","2026.09.05-poc2","1","phaseAnonymousTelemetryPOC-v1","cost-directive","standard","room_advanced","26","2026-09-05T14:04:53.464Z","2026-09-05 14:04:53","34689","5","74","cost_curves_contracts","LO7.2","application","easy","","","0","0","","","","","0","0","4","4","","","4","4","1","0","{""selectionReason"":""diversify"",""weaknessEstimate"":[{""key"":""organization_design_info_incentives"",""attempts"":1,""accuracy"":1},{""key"":""fixed_variable_costs"",""attempts"":1,""accuracy"":1},{""key"":""ac_mc_mr_calculation"",""attempts"":1,""accuracy"":1},{""key"":""mr_mc_extent_rule"",""attempts"":1,""accuracy"":1}],""sourceEvent"":"""",""sourceRunId"":""1788617058772-0sqrcx"",""lifecycleReason"":""""}","1788617058772-0sqrcx","","","","","","","","","","","","","","","","","","","","","","","","","","","","","0"
"8e3baa3b-a7d9-44bf-9068-72c47b9f6101","e58fabca-9876-486d-8450-62a96d40014b","d59f334b-72b3-4be1-ad44-c19a56d2b3d6","managerial-directorate-telemetry-poc","2026.09.05-poc2","1","phaseAnonymousTelemetryPOC-v1","cost-directive","standard","question_shown","27","2026-09-05T14:04:53.464Z","2026-09-05 14:04:53","34689","5","74","cost_curves_contracts","LO7.2","application","easy","","","0","0","","","","","0","0","4","4","","","4","4","1","0","{""selectionReason"":""diversify"",""weaknessEstimate"":[{""key"":""organization_design_info_incentives"",""attempts"":1,""accuracy"":1},{""key"":""fixed_variable_costs"",""attempts"":1,""accuracy"":1},{""key"":""ac_mc_mr_calculation"",""attempts"":1,""accuracy"":1},{""key"":""mr_mc_extent_rule"",""attempts"":1,""accuracy"":1}],""sourceEvent"":"""",""sourceRunId"":""1788617058772-0sqrcx"",""lifecycleReason"":""""}","1788617058772-0sqrcx","","","","","","","","","","","","","","","","","","","","","","","","","","","","","0"
"d133426a-4912-426f-828a-2f2c2fab2c79","e58fabca-9876-486d-8450-62a96d40014b","d59f334b-72b3-4be1-ad44-c19a56d2b3d6","managerial-directorate-telemetry-poc","2026.09.05-poc2","1","phaseAnonymousTelemetryPOC-v1","cost-directive","standard","answer_submitted","28","2026-09-05T14:04:59.216Z","2026-09-05 14:04:59","40441","5","74","cost_curves_contracts","LO7.2","application","easy","1","1","5756","0","","","","","0","0","5","5","","","5","4","0.8","0","{""selectionReason"":""diversify"",""weaknessEstimate"":[{""key"":""organization_design_info_incentives"",""attempts"":1,""accuracy"":1},{""key"":""fixed_variable_costs"",""attempts"":1,""accuracy"":1},{""key"":""ac_mc_mr_calculation"",""attempts"":1,""accuracy"":1},{""key"":""mr_mc_extent_rule"",""attempts"":1,""accuracy"":1},{""key"":""cost_curves_contracts"",""attempts"":1,""accuracy"":1}],""sourceEvent"":""question"",""sourceRunId"":""1788617058772-0sqrcx"",""lifecycleReason"":"""",""acceptedAttempt"":true}","1788617058772-0sqrcx","","","","","","","","","","","","","","","","","","","","","","","","","","","","","5756"
"28b2e40e-791e-4eaf-8036-d8e9e478aef6","e58fabca-9876-486d-8450-62a96d40014b","d59f334b-72b3-4be1-ad44-c19a56d2b3d6","managerial-directorate-telemetry-poc","2026.09.05-poc2","1","phaseAnonymousTelemetryPOC-v1","cost-directive","standard","answer_evaluated","29","2026-09-05T14:04:59.216Z","2026-09-05 14:04:59","40441","5","74","cost_curves_contracts","LO7.2","application","easy","1","1","5756","0","","","","","0","0","5","5","","","5","4","0.8","0","{""selectionReason"":""diversify"",""weaknessEstimate"":[{""key"":""organization_design_info_incentives"",""attempts"":1,""accuracy"":1},{""key"":""fixed_variable_costs"",""attempts"":1,""accuracy"":1},{""key"":""ac_mc_mr_calculation"",""attempts"":1,""accuracy"":1},{""key"":""mr_mc_extent_rule"",""attempts"":1,""accuracy"":1},{""key"":""cost_curves_contracts"",""attempts"":1,""accuracy"":1}],""sourceEvent"":""question"",""sourceRunId"":""1788617058772-0sqrcx"",""lifecycleReason"":"""",""acceptedAttempt"":true}","1788617058772-0sqrcx","","true","","","","","","","","","","","","","","","","","","","","","","","","","","","5756"
"2c98d0bf-d2f0-4bd6-9d34-fc2cfc9bc987","e58fabca-9876-486d-8450-62a96d40014b","d59f334b-72b3-4be1-ad44-c19a56d2b3d6","managerial-directorate-telemetry-poc","2026.09.05-poc2","1","phaseAnonymousTelemetryPOC-v1","cost-directive","standard","feedback_shown","30","2026-09-05T14:04:59.216Z","2026-09-05 14:04:59","40441","5","74","cost_curves_contracts","LO7.2","application","easy","1","1","5756","0","","","","","0","0","5","5","","","5","4","0.8","0","{""selectionReason"":""diversify"",""weaknessEstimate"":[{""key"":""organization_design_info_incentives"",""attempts"":1,""accuracy"":1},{""key"":""fixed_variable_costs"",""attempts"":1,""accuracy"":1},{""key"":""ac_mc_mr_calculation"",""attempts"":1,""accuracy"":1},{""key"":""mr_mc_extent_rule"",""attempts"":1,""accuracy"":1},{""key"":""cost_curves_contracts"",""attempts"":1,""accuracy"":1}],""sourceEvent"":""question"",""sourceRunId"":""1788617058772-0sqrcx"",""lifecycleReason"":"""",""acceptedAttempt"":true}","1788617058772-0sqrcx","","","","","","","","","","","","","","","","","","","","","","","","","","","","","5756"
"3e278425-5499-416a-80d3-504dbccb8cbb","e58fabca-9876-486d-8450-62a96d40014b","d59f334b-72b3-4be1-ad44-c19a56d2b3d6","managerial-directorate-telemetry-poc","2026.09.05-poc2","1","phaseAnonymousTelemetryPOC-v1","cost-directive","standard","streak_changed","31","2026-09-05T14:04:59.217Z","2026-09-05 14:04:59","40441","5","74","cost_curves_contracts","LO7.2","application","easy","1","1","5756","0","","","","","0","0","5","5","","","5","4","0.8","0","{""selectionReason"":""diversify"",""weaknessEstimate"":[{""key"":""organization_design_info_incentives"",""attempts"":1,""accuracy"":1},{""key"":""fixed_variable_costs"",""attempts"":1,""accuracy"":1},{""key"":""ac_mc_mr_calculation"",""attempts"":1,""accuracy"":1},{""key"":""mr_mc_extent_rule"",""attempts"":1,""accuracy"":1},{""key"":""cost_curves_contracts"",""attempts"":1,""accuracy"":1}],""sourceEvent"":""question"",""sourceRunId"":""1788617058772-0sqrcx"",""lifecycleReason"":"""",""acceptedAttempt"":true}","1788617058772-0sqrcx","","","","","","","","","","","","","","","","","","","","","","","","","","","","","5756"
"e646ad2c-dac4-4cc5-b622-945ee2b0516a","e58fabca-9876-486d-8450-62a96d40014b","d59f334b-72b3-4be1-ad44-c19a56d2b3d6","managerial-directorate-telemetry-poc","2026.09.05-poc2","1","phaseAnonymousTelemetryPOC-v1","cost-directive","standard","room_advanced","32","2026-09-05T14:05:01.028Z","2026-09-05 14:05:01","42253","6","174","incentive_compensation_effort","LO4.4","calculation","medium","","","0","0","","","","","0","0","5","5","","","5","5","1","0","{""selectionReason"":""diversify"",""weaknessEstimate"":[{""key"":""organization_design_info_incentives"",""attempts"":1,""accuracy"":1},{""key"":""fixed_variable_costs"",""attempts"":1,""accuracy"":1},{""key"":""ac_mc_mr_calculation"",""attempts"":1,""accuracy"":1},{""key"":""mr_mc_extent_rule"",""attempts"":1,""accuracy"":1},{""key"":""cost_curves_contracts"",""attempts"":1,""accuracy"":1}],""sourceEvent"":"""",""sourceRunId"":""1788617058772-0sqrcx"",""lifecycleReason"":""""}","1788617058772-0sqrcx","","","","","","","","","","","","","","","","","","","","","","","","","","","","","0"
"bf6b090e-fc49-4df4-9443-ef8e302c788a","e58fabca-9876-486d-8450-62a96d40014b","d59f334b-72b3-4be1-ad44-c19a56d2b3d6","managerial-directorate-telemetry-poc","2026.09.05-poc2","1","phaseAnonymousTelemetryPOC-v1","cost-directive","standard","question_shown","33","2026-09-05T14:05:01.029Z","2026-09-05 14:05:01","42253","6","174","incentive_compensation_effort","LO4.4","calculation","medium","","","0","0","","","","","0","0","5","5","","","5","5","1","0","{""selectionReason"":""diversify"",""weaknessEstimate"":[{""key"":""organization_design_info_incentives"",""attempts"":1,""accuracy"":1},{""key"":""fixed_variable_costs"",""attempts"":1,""accuracy"":1},{""key"":""ac_mc_mr_calculation"",""attempts"":1,""accuracy"":1},{""key"":""mr_mc_extent_rule"",""attempts"":1,""accuracy"":1},{""key"":""cost_curves_contracts"",""attempts"":1,""accuracy"":1}],""sourceEvent"":"""",""sourceRunId"":""1788617058772-0sqrcx"",""lifecycleReason"":""""}","1788617058772-0sqrcx","","","","","","","","","","","","","","","","","","","","","","","","","","","","","0"
"4613954b-0674-4e06-ab67-07b22527f3f3","e58fabca-9876-486d-8450-62a96d40014b","d59f334b-72b3-4be1-ad44-c19a56d2b3d6","managerial-directorate-telemetry-poc","2026.09.05-poc2","1","phaseAnonymousTelemetryPOC-v1","cost-directive","standard","answer_submitted","34","2026-09-05T14:05:08.349Z","2026-09-05 14:05:08","49574","6","174","incentive_compensation_effort","LO4.4","calculation","medium","3","1","7322","0","","","","","0","0","6","6","","","6","5","0.8333333333333334","0","{""selectionReason"":""diversify"",""weaknessEstimate"":[{""key"":""organization_design_info_incentives"",""attempts"":1,""accuracy"":1},{""key"":""fixed_variable_costs"",""attempts"":1,""accuracy"":1},{""key"":""ac_mc_mr_calculation"",""attempts"":1,""accuracy"":1},{""key"":""mr_mc_extent_rule"",""attempts"":1,""accuracy"":1},{""key"":""cost_curves_contracts"",""attempts"":1,""accuracy"":1}],""sourceEvent"":""question"",""sourceRunId"":""1788617058772-0sqrcx"",""lifecycleReason"":"""",""acceptedAttempt"":true}","1788617058772-0sqrcx","","","","","","","","","","","","","","","","","","","","","","","","","","","","","7322"
"aae5d2cd-33d8-451c-a095-70f7a48a8a22","e58fabca-9876-486d-8450-62a96d40014b","d59f334b-72b3-4be1-ad44-c19a56d2b3d6","managerial-directorate-telemetry-poc","2026.09.05-poc2","1","phaseAnonymousTelemetryPOC-v1","cost-directive","standard","answer_evaluated","35","2026-09-05T14:05:08.350Z","2026-09-05 14:05:08","49574","6","174","incentive_compensation_effort","LO4.4","calculation","medium","3","1","7322","0","","","","","0","0","6","6","","","6","5","0.8333333333333334","0","{""selectionReason"":""diversify"",""weaknessEstimate"":[{""key"":""organization_design_info_incentives"",""attempts"":1,""accuracy"":1},{""key"":""fixed_variable_costs"",""attempts"":1,""accuracy"":1},{""key"":""ac_mc_mr_calculation"",""attempts"":1,""accuracy"":1},{""key"":""mr_mc_extent_rule"",""attempts"":1,""accuracy"":1},{""key"":""cost_curves_contracts"",""attempts"":1,""accuracy"":1}],""sourceEvent"":""question"",""sourceRunId"":""1788617058772-0sqrcx"",""lifecycleReason"":"""",""acceptedAttempt"":true}","1788617058772-0sqrcx","","true","","","","","","","","","","","","","","","","","","","","","","","","","","","7322"
"c7094dd3-9233-42cc-8c39-d4201819a6f6","e58fabca-9876-486d-8450-62a96d40014b","d59f334b-72b3-4be1-ad44-c19a56d2b3d6","managerial-directorate-telemetry-poc","2026.09.05-poc2","1","phaseAnonymousTelemetryPOC-v1","cost-directive","standard","feedback_shown","36","2026-09-05T14:05:08.350Z","2026-09-05 14:05:08","49574","6","174","incentive_compensation_effort","LO4.4","calculation","medium","3","1","7322","0","","","","","0","0","6","6","","","6","5","0.8333333333333334","0","{""selectionReason"":""diversify"",""weaknessEstimate"":[{""key"":""organization_design_info_incentives"",""attempts"":1,""accuracy"":1},{""key"":""fixed_variable_costs"",""attempts"":1,""accuracy"":1},{""key"":""ac_mc_mr_calculation"",""attempts"":1,""accuracy"":1},{""key"":""mr_mc_extent_rule"",""attempts"":1,""accuracy"":1},{""key"":""cost_curves_contracts"",""attempts"":1,""accuracy"":1}],""sourceEvent"":""question"",""sourceRunId"":""1788617058772-0sqrcx"",""lifecycleReason"":"""",""acceptedAttempt"":true}","1788617058772-0sqrcx","","","","","","","","","","","","","","","","","","","","","","","","","","","","","7322"
"22d431fe-1445-428b-a343-71cbe4811db1","e58fabca-9876-486d-8450-62a96d40014b","d59f334b-72b3-4be1-ad44-c19a56d2b3d6","managerial-directorate-telemetry-poc","2026.09.05-poc2","1","phaseAnonymousTelemetryPOC-v1","cost-directive","standard","streak_changed","37","2026-09-05T14:05:08.350Z","2026-09-05 14:05:08","49574","6","174","incentive_compensation_effort","LO4.4","calculation","medium","3","1","7322","0","","","","","0","0","6","6","","","6","5","0.8333333333333334","0","{""selectionReason"":""diversify"",""weaknessEstimate"":[{""key"":""organization_design_info_incentives"",""attempts"":1,""accuracy"":1},{""key"":""fixed_variable_costs"",""attempts"":1,""accuracy"":1},{""key"":""ac_mc_mr_calculation"",""attempts"":1,""accuracy"":1},{""key"":""mr_mc_extent_rule"",""attempts"":1,""accuracy"":1},{""key"":""cost_curves_contracts"",""attempts"":1,""accuracy"":1}],""sourceEvent"":""question"",""sourceRunId"":""1788617058772-0sqrcx"",""lifecycleReason"":"""",""acceptedAttempt"":true}","1788617058772-0sqrcx","","","","","","","","","","","","","","","","","","","","","","","","","","","","","7322"
"aa21d793-ad86-4d0e-8efc-86f62fdf456a","e58fabca-9876-486d-8450-62a96d40014b","d59f334b-72b3-4be1-ad44-c19a56d2b3d6","managerial-directorate-telemetry-poc","2026.09.05-poc2","1","phaseAnonymousTelemetryPOC-v1","cost-directive","standard","room_advanced","38","2026-09-05T14:05:10.164Z","2026-09-05 14:05:10","51388","7","104","rational_actor_paradigm","LO1.2","application","medium","","","0","0","","","","","0","0","6","6","","","6","6","1","0","{""selectionReason"":""diversify"",""weaknessEstimate"":[{""key"":""organization_design_info_incentives"",""attempts"":1,""accuracy"":1},{""key"":""fixed_variable_costs"",""attempts"":1,""accuracy"":1},{""key"":""ac_mc_mr_calculation"",""attempts"":1,""accuracy"":1},{""key"":""mr_mc_extent_rule"",""attempts"":1,""accuracy"":1},{""key"":""cost_curves_contracts"",""attempts"":1,""accuracy"":1}],""sourceEvent"":"""",""sourceRunId"":""1788617058772-0sqrcx"",""lifecycleReason"":""""}","1788617058772-0sqrcx","","","","","","","","","","","","","","","","","","","","","","","","","","","","","0"
"88af102f-70f2-4088-85bc-c34fe4468996","e58fabca-9876-486d-8450-62a96d40014b","d59f334b-72b3-4be1-ad44-c19a56d2b3d6","managerial-directorate-telemetry-poc","2026.09.05-poc2","1","phaseAnonymousTelemetryPOC-v1","cost-directive","standard","question_shown","39","2026-09-05T14:05:10.164Z","2026-09-05 14:05:10","51389","7","104","rational_actor_paradigm","LO1.2","application","medium","","","0","0","","","","","0","0","6","6","","","6","6","1","0","{""selectionReason"":""diversify"",""weaknessEstimate"":[{""key"":""organization_design_info_incentives"",""attempts"":1,""accuracy"":1},{""key"":""fixed_variable_costs"",""attempts"":1,""accuracy"":1},{""key"":""ac_mc_mr_calculation"",""attempts"":1,""accuracy"":1},{""key"":""mr_mc_extent_rule"",""attempts"":1,""accuracy"":1},{""key"":""cost_curves_contracts"",""attempts"":1,""accuracy"":1}],""sourceEvent"":"""",""sourceRunId"":""1788617058772-0sqrcx"",""lifecycleReason"":""""}","1788617058772-0sqrcx","","","","","","","","","","","","","","","","","","","","","","","","","","","","","0"
"0b0802e4-6be9-434f-bcfe-008e22d3ba1b","e58fabca-9876-486d-8450-62a96d40014b","d59f334b-72b3-4be1-ad44-c19a56d2b3d6","managerial-directorate-telemetry-poc","2026.09.05-poc2","1","phaseAnonymousTelemetryPOC-v1","cost-directive","standard","answer_submitted","40","2026-09-05T14:05:20.071Z","2026-09-05 14:05:20","61296","7","104","rational_actor_paradigm","LO1.2","application","medium","3","1","9911","0","","","","","0","0","7","7","","","7","6","0.8571428571428571","0","{""selectionReason"":""diversify"",""weaknessEstimate"":[{""key"":""organization_design_info_incentives"",""attempts"":1,""accuracy"":1},{""key"":""fixed_variable_costs"",""attempts"":1,""accuracy"":1},{""key"":""ac_mc_mr_calculation"",""attempts"":1,""accuracy"":1},{""key"":""mr_mc_extent_rule"",""attempts"":1,""accuracy"":1},{""key"":""cost_curves_contracts"",""attempts"":1,""accuracy"":1}],""sourceEvent"":""question"",""sourceRunId"":""1788617058772-0sqrcx"",""lifecycleReason"":"""",""acceptedAttempt"":true}","1788617058772-0sqrcx","","","","","","","","","","","","","","","","","","","","","","","","","","","","","9911"
"615e5399-d5d6-4a17-bde2-9fc3d840762f","e58fabca-9876-486d-8450-62a96d40014b","d59f334b-72b3-4be1-ad44-c19a56d2b3d6","managerial-directorate-telemetry-poc","2026.09.05-poc2","1","phaseAnonymousTelemetryPOC-v1","cost-directive","standard","answer_evaluated","41","2026-09-05T14:05:20.071Z","2026-09-05 14:05:20","61296","7","104","rational_actor_paradigm","LO1.2","application","medium","3","1","9911","0","","","","","0","0","7","7","","","7","6","0.8571428571428571","0","{""selectionReason"":""diversify"",""weaknessEstimate"":[{""key"":""organization_design_info_incentives"",""attempts"":1,""accuracy"":1},{""key"":""fixed_variable_costs"",""attempts"":1,""accuracy"":1},{""key"":""ac_mc_mr_calculation"",""attempts"":1,""accuracy"":1},{""key"":""mr_mc_extent_rule"",""attempts"":1,""accuracy"":1},{""key"":""cost_curves_contracts"",""attempts"":1,""accuracy"":1}],""sourceEvent"":""question"",""sourceRunId"":""1788617058772-0sqrcx"",""lifecycleReason"":"""",""acceptedAttempt"":true}","1788617058772-0sqrcx","","true","","","","","","","","","","","","","","","","","","","","","","","","","","","9911"
"b2efa2f0-c812-4a9b-8a80-fc2f83feedcd","e58fabca-9876-486d-8450-62a96d40014b","d59f334b-72b3-4be1-ad44-c19a56d2b3d6","managerial-directorate-telemetry-poc","2026.09.05-poc2","1","phaseAnonymousTelemetryPOC-v1","cost-directive","standard","feedback_shown","42","2026-09-05T14:05:20.072Z","2026-09-05 14:05:20","61296","7","104","rational_actor_paradigm","LO1.2","application","medium","3","1","9911","0","","","","","0","0","7","7","","","7","6","0.8571428571428571","0","{""selectionReason"":""diversify"",""weaknessEstimate"":[{""key"":""organization_design_info_incentives"",""attempts"":1,""accuracy"":1},{""key"":""fixed_variable_costs"",""attempts"":1,""accuracy"":1},{""key"":""ac_mc_mr_calculation"",""attempts"":1,""accuracy"":1},{""key"":""mr_mc_extent_rule"",""attempts"":1,""accuracy"":1},{""key"":""cost_curves_contracts"",""attempts"":1,""accuracy"":1}],""sourceEvent"":""question"",""sourceRunId"":""1788617058772-0sqrcx"",""lifecycleReason"":"""",""acceptedAttempt"":true}","1788617058772-0sqrcx","","","","","","","","","","","","","","","","","","","","","","","","","","","","","9911"
"6af2f4db-0699-4a5d-bb37-76ec8defe4c4","e58fabca-9876-486d-8450-62a96d40014b","d59f334b-72b3-4be1-ad44-c19a56d2b3d6","managerial-directorate-telemetry-poc","2026.09.05-poc2","1","phaseAnonymousTelemetryPOC-v1","cost-directive","standard","streak_changed","43","2026-09-05T14:05:20.072Z","2026-09-05 14:05:20","61296","7","104","rational_actor_paradigm","LO1.2","application","medium","3","1","9911","0","","","","","0","0","7","7","","","7","6","0.8571428571428571","0","{""selectionReason"":""diversify"",""weaknessEstimate"":[{""key"":""organization_design_info_incentives"",""attempts"":1,""accuracy"":1},{""key"":""fixed_variable_costs"",""attempts"":1,""accuracy"":1},{""key"":""ac_mc_mr_calculation"",""attempts"":1,""accuracy"":1},{""key"":""mr_mc_extent_rule"",""attempts"":1,""accuracy"":1},{""key"":""cost_curves_contracts"",""attempts"":1,""accuracy"":1}],""sourceEvent"":""question"",""sourceRunId"":""1788617058772-0sqrcx"",""lifecycleReason"":"""",""acceptedAttempt"":true}","1788617058772-0sqrcx","","","","","","","","","","","","","","","","","","","","","","","","","","","","","9911"
"166debef-ee1f-4e94-a16a-d21641c3e916","e58fabca-9876-486d-8450-62a96d40014b","d59f334b-72b3-4be1-ad44-c19a56d2b3d6","managerial-directorate-telemetry-poc","2026.09.05-poc2","1","phaseAnonymousTelemetryPOC-v1","cost-directive","standard","room_advanced","44","2026-09-05T14:05:21.878Z","2026-09-05 14:05:21","63103","8","120","barriers_to_trade","LO2.2","application","medium","","","0","0","","","","","0","0","7","7","","","7","7","1","0","{""selectionReason"":""diversify"",""weaknessEstimate"":[{""key"":""organization_design_info_incentives"",""attempts"":1,""accuracy"":1},{""key"":""fixed_variable_costs"",""attempts"":1,""accuracy"":1},{""key"":""ac_mc_mr_calculation"",""attempts"":1,""accuracy"":1},{""key"":""mr_mc_extent_rule"",""attempts"":1,""accuracy"":1},{""key"":""cost_curves_contracts"",""attempts"":1,""accuracy"":1}],""sourceEvent"":"""",""sourceRunId"":""1788617058772-0sqrcx"",""lifecycleReason"":""""}","1788617058772-0sqrcx","","","","","","","","","","","","","","","","","","","","","","","","","","","","","0"
"05f1a05a-4268-491a-b07e-ca689cd89cc7","e58fabca-9876-486d-8450-62a96d40014b","d59f334b-72b3-4be1-ad44-c19a56d2b3d6","managerial-directorate-telemetry-poc","2026.09.05-poc2","1","phaseAnonymousTelemetryPOC-v1","cost-directive","standard","question_shown","45","2026-09-05T14:05:21.878Z","2026-09-05 14:05:21","63103","8","120","barriers_to_trade","LO2.2","application","medium","","","0","0","","","","","0","0","7","7","","","7","7","1","0","{""selectionReason"":""diversify"",""weaknessEstimate"":[{""key"":""organization_design_info_incentives"",""attempts"":1,""accuracy"":1},{""key"":""fixed_variable_costs"",""attempts"":1,""accuracy"":1},{""key"":""ac_mc_mr_calculation"",""attempts"":1,""accuracy"":1},{""key"":""mr_mc_extent_rule"",""attempts"":1,""accuracy"":1},{""key"":""cost_curves_contracts"",""attempts"":1,""accuracy"":1}],""sourceEvent"":"""",""sourceRunId"":""1788617058772-0sqrcx"",""lifecycleReason"":""""}","1788617058772-0sqrcx","","","","","","","","","","","","","","","","","","","","","","","","","","","","","0"
"9488624c-7d44-4e32-b6f8-8d1fbf3d2bf4","e58fabca-9876-486d-8450-62a96d40014b","d59f334b-72b3-4be1-ad44-c19a56d2b3d6","managerial-directorate-telemetry-poc","2026.09.05-poc2","1","phaseAnonymousTelemetryPOC-v1","cost-directive","standard","answer_submitted","46","2026-09-05T14:05:34.839Z","2026-09-05 14:05:34","76064","8","120","barriers_to_trade","LO2.2","application","medium","1","1","12963","0","","","","","0","0","8","8","","","8","7","0.875","0","{""selectionReason"":""diversify"",""weaknessEstimate"":[{""key"":""organization_design_info_incentives"",""attempts"":1,""accuracy"":1},{""key"":""fixed_variable_costs"",""attempts"":1,""accuracy"":1},{""key"":""ac_mc_mr_calculation"",""attempts"":1,""accuracy"":1},{""key"":""mr_mc_extent_rule"",""attempts"":1,""accuracy"":1},{""key"":""cost_curves_contracts"",""attempts"":1,""accuracy"":1}],""sourceEvent"":""question"",""sourceRunId"":""1788617058772-0sqrcx"",""lifecycleReason"":"""",""acceptedAttempt"":true}","1788617058772-0sqrcx","","","","","","","","","","","","","","","","","","","","","","","","","","","","","12963"
"a9fe92bc-40a7-42ca-9a82-243a2ab6c062","e58fabca-9876-486d-8450-62a96d40014b","d59f334b-72b3-4be1-ad44-c19a56d2b3d6","managerial-directorate-telemetry-poc","2026.09.05-poc2","1","phaseAnonymousTelemetryPOC-v1","cost-directive","standard","answer_evaluated","47","2026-09-05T14:05:34.839Z","2026-09-05 14:05:34","76064","8","120","barriers_to_trade","LO2.2","application","medium","1","1","12963","0","","","","","0","0","8","8","","","8","7","0.875","0","{""selectionReason"":""diversify"",""weaknessEstimate"":[{""key"":""organization_design_info_incentives"",""attempts"":1,""accuracy"":1},{""key"":""fixed_variable_costs"",""attempts"":1,""accuracy"":1},{""key"":""ac_mc_mr_calculation"",""attempts"":1,""accuracy"":1},{""key"":""mr_mc_extent_rule"",""attempts"":1,""accuracy"":1},{""key"":""cost_curves_contracts"",""attempts"":1,""accuracy"":1}],""sourceEvent"":""question"",""sourceRunId"":""1788617058772-0sqrcx"",""lifecycleReason"":"""",""acceptedAttempt"":true}","1788617058772-0sqrcx","","true","","","","","","","","","","","","","","","","","","","","","","","","","","","12963"
"39abaaca-888e-482f-b400-5fd93d494141","e58fabca-9876-486d-8450-62a96d40014b","d59f334b-72b3-4be1-ad44-c19a56d2b3d6","managerial-directorate-telemetry-poc","2026.09.05-poc2","1","phaseAnonymousTelemetryPOC-v1","cost-directive","standard","feedback_shown","48","2026-09-05T14:05:34.840Z","2026-09-05 14:05:34","76064","8","120","barriers_to_trade","LO2.2","application","medium","1","1","12963","0","","","","","0","0","8","8","","","8","7","0.875","0","{""selectionReason"":""diversify"",""weaknessEstimate"":[{""key"":""organization_design_info_incentives"",""attempts"":1,""accuracy"":1},{""key"":""fixed_variable_costs"",""attempts"":1,""accuracy"":1},{""key"":""ac_mc_mr_calculation"",""attempts"":1,""accuracy"":1},{""key"":""mr_mc_extent_rule"",""attempts"":1,""accuracy"":1},{""key"":""cost_curves_contracts"",""attempts"":1,""accuracy"":1}],""sourceEvent"":""question"",""sourceRunId"":""1788617058772-0sqrcx"",""lifecycleReason"":"""",""acceptedAttempt"":true}","1788617058772-0sqrcx","","","","","","","","","","","","","","","","","","","","","","","","","","","","","12963"
"f177d267-73c3-41b5-8b72-738c40669b5b","e58fabca-9876-486d-8450-62a96d40014b","d59f334b-72b3-4be1-ad44-c19a56d2b3d6","managerial-directorate-telemetry-poc","2026.09.05-poc2","1","phaseAnonymousTelemetryPOC-v1","cost-directive","standard","streak_changed","49","2026-09-05T14:05:34.840Z","2026-09-05 14:05:34","76064","8","120","barriers_to_trade","LO2.2","application","medium","1","1","12963","0","","","","","0","0","8","8","","","8","7","0.875","0","{""selectionReason"":""diversify"",""weaknessEstimate"":[{""key"":""organization_design_info_incentives"",""attempts"":1,""accuracy"":1},{""key"":""fixed_variable_costs"",""attempts"":1,""accuracy"":1},{""key"":""ac_mc_mr_calculation"",""attempts"":1,""accuracy"":1},{""key"":""mr_mc_extent_rule"",""attempts"":1,""accuracy"":1},{""key"":""cost_curves_contracts"",""attempts"":1,""accuracy"":1}],""sourceEvent"":""question"",""sourceRunId"":""1788617058772-0sqrcx"",""lifecycleReason"":"""",""acceptedAttempt"":true}","1788617058772-0sqrcx","","","","","","","","","","","","","","","","","","","","","","","","","","","","","12963"
"7f60d951-622c-480d-9410-ac0e4635ba7f","e58fabca-9876-486d-8450-62a96d40014b","d59f334b-72b3-4be1-ad44-c19a56d2b3d6","managerial-directorate-telemetry-poc","2026.09.05-poc2","1","phaseAnonymousTelemetryPOC-v1","cost-directive","standard","room_advanced","50","2026-09-05T14:05:36.664Z","2026-09-05 14:05:36","77889","9","247","fixed_variable_costs","LO3.3","calculation","hard","","","0","0","","","","","0","0","8","8","","","8","8","1","0","{""selectionReason"":""challenge"",""weaknessEstimate"":[{""key"":""organization_design_info_incentives"",""attempts"":1,""accuracy"":1},{""key"":""fixed_variable_costs"",""attempts"":1,""accuracy"":1},{""key"":""ac_mc_mr_calculation"",""attempts"":1,""accuracy"":1},{""key"":""mr_mc_extent_rule"",""attempts"":1,""accuracy"":1},{""key"":""cost_curves_contracts"",""attempts"":1,""accuracy"":1}],""sourceEvent"":"""",""sourceRunId"":""1788617058772-0sqrcx"",""lifecycleReason"":""""}","1788617058772-0sqrcx","","","","","","","","","","","","","","","","","","","","","","","","","","","","","0"
"8c749f05-d710-428d-878a-85ad23ebf8b6","e58fabca-9876-486d-8450-62a96d40014b","d59f334b-72b3-4be1-ad44-c19a56d2b3d6","managerial-directorate-telemetry-poc","2026.09.05-poc2","1","phaseAnonymousTelemetryPOC-v1","cost-directive","standard","question_shown","51","2026-09-05T14:05:36.665Z","2026-09-05 14:05:36","77890","9","247","fixed_variable_costs","LO3.3","calculation","hard","","","0","0","","","","","0","0","8","8","","","8","8","1","0","{""selectionReason"":""challenge"",""weaknessEstimate"":[{""key"":""organization_design_info_incentives"",""attempts"":1,""accuracy"":1},{""key"":""fixed_variable_costs"",""attempts"":1,""accuracy"":1},{""key"":""ac_mc_mr_calculation"",""attempts"":1,""accuracy"":1},{""key"":""mr_mc_extent_rule"",""attempts"":1,""accuracy"":1},{""key"":""cost_curves_contracts"",""attempts"":1,""accuracy"":1}],""sourceEvent"":"""",""sourceRunId"":""1788617058772-0sqrcx"",""lifecycleReason"":""""}","1788617058772-0sqrcx","","","","","","","","","","","","","","","","","","","","","","","","","","","","","0"
"d577a80a-23c8-4cb0-9b69-7bb4e5dc3a35","e58fabca-9876-486d-8450-62a96d40014b","d59f334b-72b3-4be1-ad44-c19a56d2b3d6","managerial-directorate-telemetry-poc","2026.09.05-poc2","1","phaseAnonymousTelemetryPOC-v1","cost-directive","standard","answer_submitted","52","2026-09-05T14:06:08.708Z","2026-09-05 14:06:08","109933","9","247","fixed_variable_costs","LO3.3","calculation","hard","2","1","32049","0","","","","","0","0","9","9","","","9","8","0.8888888888888888","0","{""selectionReason"":""challenge"",""weaknessEstimate"":[{""key"":""fixed_variable_costs"",""attempts"":2,""accuracy"":1},{""key"":""organization_design_info_incentives"",""attempts"":1,""accuracy"":1},{""key"":""ac_mc_mr_calculation"",""attempts"":1,""accuracy"":1},{""key"":""mr_mc_extent_rule"",""attempts"":1,""accuracy"":1},{""key"":""cost_curves_contracts"",""attempts"":1,""accuracy"":1}],""sourceEvent"":""question"",""sourceRunId"":""1788617058772-0sqrcx"",""lifecycleReason"":"""",""acceptedAttempt"":true}","1788617058772-0sqrcx","","","","","","","","","","","","","","","","","","","","","","","","","","","","","32049"
"57f02fb7-524b-4acc-bb3f-8cd1598b806f","e58fabca-9876-486d-8450-62a96d40014b","d59f334b-72b3-4be1-ad44-c19a56d2b3d6","managerial-directorate-telemetry-poc","2026.09.05-poc2","1","phaseAnonymousTelemetryPOC-v1","cost-directive","standard","answer_evaluated","53","2026-09-05T14:06:08.708Z","2026-09-05 14:06:08","109933","9","247","fixed_variable_costs","LO3.3","calculation","hard","2","1","32049","0","","","","","0","0","9","9","","","9","8","0.8888888888888888","0","{""selectionReason"":""challenge"",""weaknessEstimate"":[{""key"":""fixed_variable_costs"",""attempts"":2,""accuracy"":1},{""key"":""organization_design_info_incentives"",""attempts"":1,""accuracy"":1},{""key"":""ac_mc_mr_calculation"",""attempts"":1,""accuracy"":1},{""key"":""mr_mc_extent_rule"",""attempts"":1,""accuracy"":1},{""key"":""cost_curves_contracts"",""attempts"":1,""accuracy"":1}],""sourceEvent"":""question"",""sourceRunId"":""1788617058772-0sqrcx"",""lifecycleReason"":"""",""acceptedAttempt"":true}","1788617058772-0sqrcx","","true","","","","","","","","","","","","","","","","","","","","","","","","","","","32049"
"1a81dd21-94d3-470b-8ecc-e41b1423a488","e58fabca-9876-486d-8450-62a96d40014b","d59f334b-72b3-4be1-ad44-c19a56d2b3d6","managerial-directorate-telemetry-poc","2026.09.05-poc2","1","phaseAnonymousTelemetryPOC-v1","cost-directive","standard","feedback_shown","54","2026-09-05T14:06:08.708Z","2026-09-05 14:06:08","109933","9","247","fixed_variable_costs","LO3.3","calculation","hard","2","1","32049","0","","","","","0","0","9","9","","","9","8","0.8888888888888888","0","{""selectionReason"":""challenge"",""weaknessEstimate"":[{""key"":""fixed_variable_costs"",""attempts"":2,""accuracy"":1},{""key"":""organization_design_info_incentives"",""attempts"":1,""accuracy"":1},{""key"":""ac_mc_mr_calculation"",""attempts"":1,""accuracy"":1},{""key"":""mr_mc_extent_rule"",""attempts"":1,""accuracy"":1},{""key"":""cost_curves_contracts"",""attempts"":1,""accuracy"":1}],""sourceEvent"":""question"",""sourceRunId"":""1788617058772-0sqrcx"",""lifecycleReason"":"""",""acceptedAttempt"":true}","1788617058772-0sqrcx","","","","","","","","","","","","","","","","","","","","","","","","","","","","","32049"
"61f6f561-f48a-4158-b070-4279ed1fe34d","e58fabca-9876-486d-8450-62a96d40014b","d59f334b-72b3-4be1-ad44-c19a56d2b3d6","managerial-directorate-telemetry-poc","2026.09.05-poc2","1","phaseAnonymousTelemetryPOC-v1","cost-directive","standard","streak_changed","55","2026-09-05T14:06:08.708Z","2026-09-05 14:06:08","109933","9","247","fixed_variable_costs","LO3.3","calculation","hard","2","1","32049","0","","","","","0","0","9","9","","","9","8","0.8888888888888888","0","{""selectionReason"":""challenge"",""weaknessEstimate"":[{""key"":""fixed_variable_costs"",""attempts"":2,""accuracy"":1},{""key"":""organization_design_info_incentives"",""attempts"":1,""accuracy"":1},{""key"":""ac_mc_mr_calculation"",""attempts"":1,""accuracy"":1},{""key"":""mr_mc_extent_rule"",""attempts"":1,""accuracy"":1},{""key"":""cost_curves_contracts"",""attempts"":1,""accuracy"":1}],""sourceEvent"":""question"",""sourceRunId"":""1788617058772-0sqrcx"",""lifecycleReason"":"""",""acceptedAttempt"":true}","1788617058772-0sqrcx","","","","","","","","","","","","","","","","","","","","","","","","","","","","","32049"
"6e31f577-a3b4-46cd-92c2-9f834f87aae4","e58fabca-9876-486d-8450-62a96d40014b","d59f334b-72b3-4be1-ad44-c19a56d2b3d6","managerial-directorate-telemetry-poc","2026.09.05-poc2","1","phaseAnonymousTelemetryPOC-v1","cost-directive","standard","room_advanced","56","2026-09-05T14:06:10.522Z","2026-09-05 14:06:10","111747","10","2003","relevant_costs_benefits","LO3.2","boss_definition","easyBoss","","","0","0","","","","checkpoint-10","0","0","9","9","","","9","9","1","0","{""selectionReason"":""challenge"",""weaknessEstimate"":[{""key"":""fixed_variable_costs"",""attempts"":2,""accuracy"":1},{""key"":""organization_design_info_incentives"",""attempts"":1,""accuracy"":1},{""key"":""ac_mc_mr_calculation"",""attempts"":1,""accuracy"":1},{""key"":""mr_mc_extent_rule"",""attempts"":1,""accuracy"":1},{""key"":""cost_curves_contracts"",""attempts"":1,""accuracy"":1}],""sourceEvent"":"""",""sourceRunId"":""1788617058772-0sqrcx"",""lifecycleReason"":""""}","1788617058772-0sqrcx","","","","","","","","","","","","","","","","","","","","","","","","","","","","","0"
"5f1b3c52-cf73-4da5-a762-b360d91fa994","e58fabca-9876-486d-8450-62a96d40014b","d59f334b-72b3-4be1-ad44-c19a56d2b3d6","managerial-directorate-telemetry-poc","2026.09.05-poc2","1","phaseAnonymousTelemetryPOC-v1","cost-directive","standard","checkpoint_started","57","2026-09-05T14:06:10.522Z","2026-09-05 14:06:10","111747","10","2003","relevant_costs_benefits","LO3.2","boss_definition","easyBoss","","","0","0","","","","checkpoint-10","0","0","9","9","","","9","9","1","0","{""selectionReason"":""challenge"",""weaknessEstimate"":[{""key"":""fixed_variable_costs"",""attempts"":2,""accuracy"":1},{""key"":""organization_design_info_incentives"",""attempts"":1,""accuracy"":1},{""key"":""ac_mc_mr_calculation"",""attempts"":1,""accuracy"":1},{""key"":""mr_mc_extent_rule"",""attempts"":1,""accuracy"":1},{""key"":""cost_curves_contracts"",""attempts"":1,""accuracy"":1}],""sourceEvent"":"""",""sourceRunId"":""1788617058772-0sqrcx"",""lifecycleReason"":""""}","1788617058772-0sqrcx","","","","","","","","","","","","","","","","","","","","","","","","","","","","","0"
"84029eff-7c0a-4543-96a1-5110e1f79721","e58fabca-9876-486d-8450-62a96d40014b","d59f334b-72b3-4be1-ad44-c19a56d2b3d6","managerial-directorate-telemetry-poc","2026.09.05-poc2","1","phaseAnonymousTelemetryPOC-v1","cost-directive","standard","question_shown","58","2026-09-05T14:06:10.522Z","2026-09-05 14:06:10","111747","10","2003","relevant_costs_benefits","LO3.2","boss_definition","easyBoss","","","0","0","","","","checkpoint-10","0","0","9","9","","","9","9","1","0","{""selectionReason"":""challenge"",""weaknessEstimate"":[{""key"":""fixed_variable_costs"",""attempts"":2,""accuracy"":1},{""key"":""organization_design_info_incentives"",""attempts"":1,""accuracy"":1},{""key"":""ac_mc_mr_calculation"",""attempts"":1,""accuracy"":1},{""key"":""mr_mc_extent_rule"",""attempts"":1,""accuracy"":1},{""key"":""cost_curves_contracts"",""attempts"":1,""accuracy"":1}],""sourceEvent"":"""",""sourceRunId"":""1788617058772-0sqrcx"",""lifecycleReason"":""""}","1788617058772-0sqrcx","","","","","","","","","","","","","","","","","","","","","","","","","","","","","0"
"ba9e003b-cd1c-4b98-b483-9df459435719","e58fabca-9876-486d-8450-62a96d40014b","d59f334b-72b3-4be1-ad44-c19a56d2b3d6","managerial-directorate-telemetry-poc","2026.09.05-poc2","1","phaseAnonymousTelemetryPOC-v1","cost-directive","standard","boss_question_shown","59","2026-09-05T14:06:10.522Z","2026-09-05 14:06:10","111747","10","2003","relevant_costs_benefits","LO3.2","boss_definition","easyBoss","","","0","0","","","","checkpoint-10","0","0","9","9","","","9","9","1","0","{""selectionReason"":""challenge"",""weaknessEstimate"":[{""key"":""fixed_variable_costs"",""attempts"":2,""accuracy"":1},{""key"":""organization_design_info_incentives"",""attempts"":1,""accuracy"":1},{""key"":""ac_mc_mr_calculation"",""attempts"":1,""accuracy"":1},{""key"":""mr_mc_extent_rule"",""attempts"":1,""accuracy"":1},{""key"":""cost_curves_contracts"",""attempts"":1,""accuracy"":1}],""sourceEvent"":"""",""sourceRunId"":""1788617058772-0sqrcx"",""lifecycleReason"":""""}","1788617058772-0sqrcx","","","","","","","","","","","","","","","","","","","","","","","","","","","","","0"
"53159e97-6b6e-439d-adcb-c70bcf7aea7c","e58fabca-9876-486d-8450-62a96d40014b","d59f334b-72b3-4be1-ad44-c19a56d2b3d6","managerial-directorate-telemetry-poc","2026.09.05-poc2","1","phaseAnonymousTelemetryPOC-v1","cost-directive","standard","answer_submitted","60","2026-09-05T14:06:16.436Z","2026-09-05 14:06:16","117660","10","2003","relevant_costs_benefits","LO3.2","boss_definition","easyBoss","0","1","5917","0","","","","checkpoint-10","0","0","10","10","","","10","9","0.9","0","{""selectionReason"":""challenge"",""weaknessEstimate"":[{""key"":""fixed_variable_costs"",""attempts"":2,""accuracy"":1},{""key"":""organization_design_info_incentives"",""attempts"":1,""accuracy"":1},{""key"":""ac_mc_mr_calculation"",""attempts"":1,""accuracy"":1},{""key"":""mr_mc_extent_rule"",""attempts"":1,""accuracy"":1},{""key"":""cost_curves_contracts"",""attempts"":1,""accuracy"":1}],""sourceEvent"":""question"",""sourceRunId"":""1788617058772-0sqrcx"",""lifecycleReason"":"""",""acceptedAttempt"":true}","1788617058772-0sqrcx","","","","","","","","","","","","","","","","","","","","","","","","","","","","","5917"
"75557eef-ce24-42a8-b6e3-5996d03983df","e58fabca-9876-486d-8450-62a96d40014b","d59f334b-72b3-4be1-ad44-c19a56d2b3d6","managerial-directorate-telemetry-poc","2026.09.05-poc2","1","phaseAnonymousTelemetryPOC-v1","cost-directive","standard","answer_evaluated","61","2026-09-05T14:06:16.436Z","2026-09-05 14:06:16","117660","10","2003","relevant_costs_benefits","LO3.2","boss_definition","easyBoss","0","1","5917","0","","","","checkpoint-10","0","0","10","10","","","10","9","0.9","0","{""selectionReason"":""challenge"",""weaknessEstimate"":[{""key"":""fixed_variable_costs"",""attempts"":2,""accuracy"":1},{""key"":""organization_design_info_incentives"",""attempts"":1,""accuracy"":1},{""key"":""ac_mc_mr_calculation"",""attempts"":1,""accuracy"":1},{""key"":""mr_mc_extent_rule"",""attempts"":1,""accuracy"":1},{""key"":""cost_curves_contracts"",""attempts"":1,""accuracy"":1}],""sourceEvent"":""question"",""sourceRunId"":""1788617058772-0sqrcx"",""lifecycleReason"":"""",""acceptedAttempt"":true}","1788617058772-0sqrcx","","true","","","","","","","","","","","","","","","","","","","","","","","","","","","5917"
"865fb2d4-5215-4b20-85e8-9223b1cbb780","e58fabca-9876-486d-8450-62a96d40014b","d59f334b-72b3-4be1-ad44-c19a56d2b3d6","managerial-directorate-telemetry-poc","2026.09.05-poc2","1","phaseAnonymousTelemetryPOC-v1","cost-directive","standard","feedback_shown","62","2026-09-05T14:06:16.436Z","2026-09-05 14:06:16","117660","10","2003","relevant_costs_benefits","LO3.2","boss_definition","easyBoss","0","1","5917","0","","","","checkpoint-10","0","0","10","10","","","10","9","0.9","0","{""selectionReason"":""challenge"",""weaknessEstimate"":[{""key"":""fixed_variable_costs"",""attempts"":2,""accuracy"":1},{""key"":""organization_design_info_incentives"",""attempts"":1,""accuracy"":1},{""key"":""ac_mc_mr_calculation"",""attempts"":1,""accuracy"":1},{""key"":""mr_mc_extent_rule"",""attempts"":1,""accuracy"":1},{""key"":""cost_curves_contracts"",""attempts"":1,""accuracy"":1}],""sourceEvent"":""question"",""sourceRunId"":""1788617058772-0sqrcx"",""lifecycleReason"":"""",""acceptedAttempt"":true}","1788617058772-0sqrcx","","","","","","","","","","","","","","","","","","","","","","","","","","","","","5917"
"a734b24f-ad39-423e-b92e-1bac8264d990","e58fabca-9876-486d-8450-62a96d40014b","d59f334b-72b3-4be1-ad44-c19a56d2b3d6","managerial-directorate-telemetry-poc","2026.09.05-poc2","1","phaseAnonymousTelemetryPOC-v1","cost-directive","standard","boss_question_answered","63","2026-09-05T14:06:16.436Z","2026-09-05 14:06:16","117660","10","2003","relevant_costs_benefits","LO3.2","boss_definition","easyBoss","0","1","5917","0","","","","checkpoint-10","0","0","10","10","","","10","9","0.9","0","{""selectionReason"":""challenge"",""weaknessEstimate"":[{""key"":""fixed_variable_costs"",""attempts"":2,""accuracy"":1},{""key"":""organization_design_info_incentives"",""attempts"":1,""accuracy"":1},{""key"":""ac_mc_mr_calculation"",""attempts"":1,""accuracy"":1},{""key"":""mr_mc_extent_rule"",""attempts"":1,""accuracy"":1},{""key"":""cost_curves_contracts"",""attempts"":1,""accuracy"":1}],""sourceEvent"":""question"",""sourceRunId"":""1788617058772-0sqrcx"",""lifecycleReason"":"""",""acceptedAttempt"":true}","1788617058772-0sqrcx","","","","","","","","","","","","","","","","","","","","","","","","","","","","","5917"
"3ace118c-e1e9-4ced-b5f2-d5889f88e4df","e58fabca-9876-486d-8450-62a96d40014b","d59f334b-72b3-4be1-ad44-c19a56d2b3d6","managerial-directorate-telemetry-poc","2026.09.05-poc2","1","phaseAnonymousTelemetryPOC-v1","cost-directive","standard","streak_changed","64","2026-09-05T14:06:16.437Z","2026-09-05 14:06:16","117660","10","2003","relevant_costs_benefits","LO3.2","boss_definition","easyBoss","0","1","5917","0","","","","checkpoint-10","0","0","10","10","","","10","9","0.9","0","{""selectionReason"":""challenge"",""weaknessEstimate"":[{""key"":""fixed_variable_costs"",""attempts"":2,""accuracy"":1},{""key"":""organization_design_info_incentives"",""attempts"":1,""accuracy"":1},{""key"":""ac_mc_mr_calculation"",""attempts"":1,""accuracy"":1},{""key"":""mr_mc_extent_rule"",""attempts"":1,""accuracy"":1},{""key"":""cost_curves_contracts"",""attempts"":1,""accuracy"":1}],""sourceEvent"":""question"",""sourceRunId"":""1788617058772-0sqrcx"",""lifecycleReason"":"""",""acceptedAttempt"":true}","1788617058772-0sqrcx","","","","","","","","","","","","","","","","","","","","","","","","","","","","","5917"
"a4316f2d-3f9b-4114-b6ed-3ab994ab05c0","e58fabca-9876-486d-8450-62a96d40014b","d59f334b-72b3-4be1-ad44-c19a56d2b3d6","managerial-directorate-telemetry-poc","2026.09.05-poc2","1","phaseAnonymousTelemetryPOC-v1","cost-directive","standard","question_shown","65","2026-09-05T14:06:17.445Z","2026-09-05 14:06:17","118670","10","2005","relevant_costs_benefits","LO3.2","boss_trap","easyBoss","","","0","0","","","","checkpoint-10","0","0","10","10","","","10","10","1","0","{""selectionReason"":""challenge"",""weaknessEstimate"":[{""key"":""fixed_variable_costs"",""attempts"":2,""accuracy"":1},{""key"":""organization_design_info_incentives"",""attempts"":1,""accuracy"":1},{""key"":""ac_mc_mr_calculation"",""attempts"":1,""accuracy"":1},{""key"":""mr_mc_extent_rule"",""attempts"":1,""accuracy"":1},{""key"":""cost_curves_contracts"",""attempts"":1,""accuracy"":1}],""sourceEvent"":"""",""sourceRunId"":""1788617058772-0sqrcx"",""lifecycleReason"":""""}","1788617058772-0sqrcx","","","","","","","","","","","","","","","","","","","","","","","","","","","","","0"
"f8077a9c-2076-474c-a65d-9c4d5f2afcf2","e58fabca-9876-486d-8450-62a96d40014b","d59f334b-72b3-4be1-ad44-c19a56d2b3d6","managerial-directorate-telemetry-poc","2026.09.05-poc2","1","phaseAnonymousTelemetryPOC-v1","cost-directive","standard","boss_question_shown","66","2026-09-05T14:06:17.445Z","2026-09-05 14:06:17","118670","10","2005","relevant_costs_benefits","LO3.2","boss_trap","easyBoss","","","0","0","","","","checkpoint-10","0","0","10","10","","","10","10","1","0","{""selectionReason"":""challenge"",""weaknessEstimate"":[{""key"":""fixed_variable_costs"",""attempts"":2,""accuracy"":1},{""key"":""organization_design_info_incentives"",""attempts"":1,""accuracy"":1},{""key"":""ac_mc_mr_calculation"",""attempts"":1,""accuracy"":1},{""key"":""mr_mc_extent_rule"",""attempts"":1,""accuracy"":1},{""key"":""cost_curves_contracts"",""attempts"":1,""accuracy"":1}],""sourceEvent"":"""",""sourceRunId"":""1788617058772-0sqrcx"",""lifecycleReason"":""""}","1788617058772-0sqrcx","","","","","","","","","","","","","","","","","","","","","","","","","","","","","0"
"034e5089-a154-429d-b6cf-ebc5282ad3c1","e58fabca-9876-486d-8450-62a96d40014b","d59f334b-72b3-4be1-ad44-c19a56d2b3d6","managerial-directorate-telemetry-poc","2026.09.05-poc2","1","phaseAnonymousTelemetryPOC-v1","cost-directive","standard","answer_submitted","67","2026-09-05T14:06:31.166Z","2026-09-05 14:06:31","132390","10","2005","relevant_costs_benefits","LO3.2","boss_trap","easyBoss","2","1","13723","0","","","","checkpoint-10","0","0","11","11","","","11","10","0.9090909090909091","0","{""selectionReason"":""challenge"",""weaknessEstimate"":[{""key"":""fixed_variable_costs"",""attempts"":2,""accuracy"":1},{""key"":""relevant_costs_benefits"",""attempts"":2,""accuracy"":1},{""key"":""organization_design_info_incentives"",""attempts"":1,""accuracy"":1},{""key"":""ac_mc_mr_calculation"",""attempts"":1,""accuracy"":1},{""key"":""mr_mc_extent_rule"",""attempts"":1,""accuracy"":1}],""sourceEvent"":""question"",""sourceRunId"":""1788617058772-0sqrcx"",""lifecycleReason"":"""",""acceptedAttempt"":true}","1788617058772-0sqrcx","","","","","","","","","","","","","","","","","","","","","","","","","","","","","13723"
"10fad017-b6d6-4a1f-a0de-1aa45858ee16","e58fabca-9876-486d-8450-62a96d40014b","d59f334b-72b3-4be1-ad44-c19a56d2b3d6","managerial-directorate-telemetry-poc","2026.09.05-poc2","1","phaseAnonymousTelemetryPOC-v1","cost-directive","standard","answer_evaluated","68","2026-09-05T14:06:31.166Z","2026-09-05 14:06:31","132390","10","2005","relevant_costs_benefits","LO3.2","boss_trap","easyBoss","2","1","13723","0","","","","checkpoint-10","0","0","11","11","","","11","10","0.9090909090909091","0","{""selectionReason"":""challenge"",""weaknessEstimate"":[{""key"":""fixed_variable_costs"",""attempts"":2,""accuracy"":1},{""key"":""relevant_costs_benefits"",""attempts"":2,""accuracy"":1},{""key"":""organization_design_info_incentives"",""attempts"":1,""accuracy"":1},{""key"":""ac_mc_mr_calculation"",""attempts"":1,""accuracy"":1},{""key"":""mr_mc_extent_rule"",""attempts"":1,""accuracy"":1}],""sourceEvent"":""question"",""sourceRunId"":""1788617058772-0sqrcx"",""lifecycleReason"":"""",""acceptedAttempt"":true}","1788617058772-0sqrcx","","true","","","","","","","","","","","","","","","","","","","","","","","","","","","13723"
"10635c78-0ced-4d7c-9160-73541abbcf53","e58fabca-9876-486d-8450-62a96d40014b","d59f334b-72b3-4be1-ad44-c19a56d2b3d6","managerial-directorate-telemetry-poc","2026.09.05-poc2","1","phaseAnonymousTelemetryPOC-v1","cost-directive","standard","feedback_shown","69","2026-09-05T14:06:31.166Z","2026-09-05 14:06:31","132390","10","2005","relevant_costs_benefits","LO3.2","boss_trap","easyBoss","2","1","13723","0","","","","checkpoint-10","0","0","11","11","","","11","10","0.9090909090909091","0","{""selectionReason"":""challenge"",""weaknessEstimate"":[{""key"":""fixed_variable_costs"",""attempts"":2,""accuracy"":1},{""key"":""relevant_costs_benefits"",""attempts"":2,""accuracy"":1},{""key"":""organization_design_info_incentives"",""attempts"":1,""accuracy"":1},{""key"":""ac_mc_mr_calculation"",""attempts"":1,""accuracy"":1},{""key"":""mr_mc_extent_rule"",""attempts"":1,""accuracy"":1}],""sourceEvent"":""question"",""sourceRunId"":""1788617058772-0sqrcx"",""lifecycleReason"":"""",""acceptedAttempt"":true}","1788617058772-0sqrcx","","","","","","","","","","","","","","","","","","","","","","","","","","","","","13723"
"134e0f72-cc2c-467f-ad18-b73fdf3b090a","e58fabca-9876-486d-8450-62a96d40014b","d59f334b-72b3-4be1-ad44-c19a56d2b3d6","managerial-directorate-telemetry-poc","2026.09.05-poc2","1","phaseAnonymousTelemetryPOC-v1","cost-directive","standard","boss_question_answered","70","2026-09-05T14:06:31.167Z","2026-09-05 14:06:31","132390","10","2005","relevant_costs_benefits","LO3.2","boss_trap","easyBoss","2","1","13723","0","","","","checkpoint-10","0","0","11","11","","","11","10","0.9090909090909091","0","{""selectionReason"":""challenge"",""weaknessEstimate"":[{""key"":""fixed_variable_costs"",""attempts"":2,""accuracy"":1},{""key"":""relevant_costs_benefits"",""attempts"":2,""accuracy"":1},{""key"":""organization_design_info_incentives"",""attempts"":1,""accuracy"":1},{""key"":""ac_mc_mr_calculation"",""attempts"":1,""accuracy"":1},{""key"":""mr_mc_extent_rule"",""attempts"":1,""accuracy"":1}],""sourceEvent"":""question"",""sourceRunId"":""1788617058772-0sqrcx"",""lifecycleReason"":"""",""acceptedAttempt"":true}","1788617058772-0sqrcx","","","","","","","","","","","","","","","","","","","","","","","","","","","","","13723"
"53b6183f-198d-4c93-ae8d-7369bc997604","e58fabca-9876-486d-8450-62a96d40014b","d59f334b-72b3-4be1-ad44-c19a56d2b3d6","managerial-directorate-telemetry-poc","2026.09.05-poc2","1","phaseAnonymousTelemetryPOC-v1","cost-directive","standard","streak_changed","71","2026-09-05T14:06:31.167Z","2026-09-05 14:06:31","132390","10","2005","relevant_costs_benefits","LO3.2","boss_trap","easyBoss","2","1","13723","0","","","","checkpoint-10","0","0","11","11","","","11","10","0.9090909090909091","0","{""selectionReason"":""challenge"",""weaknessEstimate"":[{""key"":""fixed_variable_costs"",""attempts"":2,""accuracy"":1},{""key"":""relevant_costs_benefits"",""attempts"":2,""accuracy"":1},{""key"":""organization_design_info_incentives"",""attempts"":1,""accuracy"":1},{""key"":""ac_mc_mr_calculation"",""attempts"":1,""accuracy"":1},{""key"":""mr_mc_extent_rule"",""attempts"":1,""accuracy"":1}],""sourceEvent"":""question"",""sourceRunId"":""1788617058772-0sqrcx"",""lifecycleReason"":"""",""acceptedAttempt"":true}","1788617058772-0sqrcx","","","","","","","","","","","","","","","","","","","","","","","","","","","","","13723"
"b8c094ce-2aba-464a-8c38-81c43615d4a9","e58fabca-9876-486d-8450-62a96d40014b","d59f334b-72b3-4be1-ad44-c19a56d2b3d6","managerial-directorate-telemetry-poc","2026.09.05-poc2","1","phaseAnonymousTelemetryPOC-v1","cost-directive","standard","question_shown","72","2026-09-05T14:06:32.179Z","2026-09-05 14:06:32","133404","10","2004","relevant_costs_benefits","LO3.2","boss_calculation","easyBoss","","","0","0","","","","checkpoint-10","0","0","11","11","","","11","11","1","0","{""selectionReason"":""challenge"",""weaknessEstimate"":[{""key"":""fixed_variable_costs"",""attempts"":2,""accuracy"":1},{""key"":""relevant_costs_benefits"",""attempts"":2,""accuracy"":1},{""key"":""organization_design_info_incentives"",""attempts"":1,""accuracy"":1},{""key"":""ac_mc_mr_calculation"",""attempts"":1,""accuracy"":1},{""key"":""mr_mc_extent_rule"",""attempts"":1,""accuracy"":1}],""sourceEvent"":"""",""sourceRunId"":""1788617058772-0sqrcx"",""lifecycleReason"":""""}","1788617058772-0sqrcx","","","","","","","","","","","","","","","","","","","","","","","","","","","","","0"
"c29b6c08-849a-412e-a89f-dcf0f05279bb","e58fabca-9876-486d-8450-62a96d40014b","d59f334b-72b3-4be1-ad44-c19a56d2b3d6","managerial-directorate-telemetry-poc","2026.09.05-poc2","1","phaseAnonymousTelemetryPOC-v1","cost-directive","standard","boss_question_shown","73","2026-09-05T14:06:32.179Z","2026-09-05 14:06:32","133404","10","2004","relevant_costs_benefits","LO3.2","boss_calculation","easyBoss","","","0","0","","","","checkpoint-10","0","0","11","11","","","11","11","1","0","{""selectionReason"":""challenge"",""weaknessEstimate"":[{""key"":""fixed_variable_costs"",""attempts"":2,""accuracy"":1},{""key"":""relevant_costs_benefits"",""attempts"":2,""accuracy"":1},{""key"":""organization_design_info_incentives"",""attempts"":1,""accuracy"":1},{""key"":""ac_mc_mr_calculation"",""attempts"":1,""accuracy"":1},{""key"":""mr_mc_extent_rule"",""attempts"":1,""accuracy"":1}],""sourceEvent"":"""",""sourceRunId"":""1788617058772-0sqrcx"",""lifecycleReason"":""""}","1788617058772-0sqrcx","","","","","","","","","","","","","","","","","","","","","","","","","","","","","0"
"90c91505-67f9-4fca-b76c-447e1f7010a2","e58fabca-9876-486d-8450-62a96d40014b","d59f334b-72b3-4be1-ad44-c19a56d2b3d6","managerial-directorate-telemetry-poc","2026.09.05-poc2","1","phaseAnonymousTelemetryPOC-v1","cost-directive","standard","answer_submitted","74","2026-09-05T14:06:40.273Z","2026-09-05 14:06:40","141498","10","2004","relevant_costs_benefits","LO3.2","boss_calculation","easyBoss","1","1","8097","0","","","","checkpoint-10","0","0","12","12","","","12","11","0.9166666666666666","0","{""selectionReason"":""challenge"",""weaknessEstimate"":[{""key"":""relevant_costs_benefits"",""attempts"":3,""accuracy"":1},{""key"":""fixed_variable_costs"",""attempts"":2,""accuracy"":1},{""key"":""organization_design_info_incentives"",""attempts"":1,""accuracy"":1},{""key"":""ac_mc_mr_calculation"",""attempts"":1,""accuracy"":1},{""key"":""mr_mc_extent_rule"",""attempts"":1,""accuracy"":1}],""sourceEvent"":""question"",""sourceRunId"":""1788617058772-0sqrcx"",""lifecycleReason"":"""",""acceptedAttempt"":true}","1788617058772-0sqrcx","","","","","","","","","","","","","","","","","","","","","","","","","","","","","8097"
"1d11da5c-fdcd-4bf1-8e54-76c6421e29b8","e58fabca-9876-486d-8450-62a96d40014b","d59f334b-72b3-4be1-ad44-c19a56d2b3d6","managerial-directorate-telemetry-poc","2026.09.05-poc2","1","phaseAnonymousTelemetryPOC-v1","cost-directive","standard","answer_evaluated","75","2026-09-05T14:06:40.274Z","2026-09-05 14:06:40","141498","10","2004","relevant_costs_benefits","LO3.2","boss_calculation","easyBoss","1","1","8097","0","","","","checkpoint-10","0","0","12","12","","","12","11","0.9166666666666666","0","{""selectionReason"":""challenge"",""weaknessEstimate"":[{""key"":""relevant_costs_benefits"",""attempts"":3,""accuracy"":1},{""key"":""fixed_variable_costs"",""attempts"":2,""accuracy"":1},{""key"":""organization_design_info_incentives"",""attempts"":1,""accuracy"":1},{""key"":""ac_mc_mr_calculation"",""attempts"":1,""accuracy"":1},{""key"":""mr_mc_extent_rule"",""attempts"":1,""accuracy"":1}],""sourceEvent"":""question"",""sourceRunId"":""1788617058772-0sqrcx"",""lifecycleReason"":"""",""acceptedAttempt"":true}","1788617058772-0sqrcx","","true","","","","","","","","","","","","","","","","","","","","","","","","","","","8097"
"7936c2c4-bb25-4d32-ac07-612ff0f55b35","e58fabca-9876-486d-8450-62a96d40014b","d59f334b-72b3-4be1-ad44-c19a56d2b3d6","managerial-directorate-telemetry-poc","2026.09.05-poc2","1","phaseAnonymousTelemetryPOC-v1","cost-directive","standard","feedback_shown","76","2026-09-05T14:06:40.274Z","2026-09-05 14:06:40","141498","10","2004","relevant_costs_benefits","LO3.2","boss_calculation","easyBoss","1","1","8097","0","","","","checkpoint-10","0","0","12","12","","","12","11","0.9166666666666666","0","{""selectionReason"":""challenge"",""weaknessEstimate"":[{""key"":""relevant_costs_benefits"",""attempts"":3,""accuracy"":1},{""key"":""fixed_variable_costs"",""attempts"":2,""accuracy"":1},{""key"":""organization_design_info_incentives"",""attempts"":1,""accuracy"":1},{""key"":""ac_mc_mr_calculation"",""attempts"":1,""accuracy"":1},{""key"":""mr_mc_extent_rule"",""attempts"":1,""accuracy"":1}],""sourceEvent"":""question"",""sourceRunId"":""1788617058772-0sqrcx"",""lifecycleReason"":"""",""acceptedAttempt"":true}","1788617058772-0sqrcx","","","","","","","","","","","","","","","","","","","","","","","","","","","","","8097"
"753db4d3-12e8-4599-adab-03d1a1f27f8b","e58fabca-9876-486d-8450-62a96d40014b","d59f334b-72b3-4be1-ad44-c19a56d2b3d6","managerial-directorate-telemetry-poc","2026.09.05-poc2","1","phaseAnonymousTelemetryPOC-v1","cost-directive","standard","boss_question_answered","77","2026-09-05T14:06:40.274Z","2026-09-05 14:06:40","141498","10","2004","relevant_costs_benefits","LO3.2","boss_calculation","easyBoss","1","1","8097","0","","","","checkpoint-10","0","0","12","12","","","12","11","0.9166666666666666","0","{""selectionReason"":""challenge"",""weaknessEstimate"":[{""key"":""relevant_costs_benefits"",""attempts"":3,""accuracy"":1},{""key"":""fixed_variable_costs"",""attempts"":2,""accuracy"":1},{""key"":""organization_design_info_incentives"",""attempts"":1,""accuracy"":1},{""key"":""ac_mc_mr_calculation"",""attempts"":1,""accuracy"":1},{""key"":""mr_mc_extent_rule"",""attempts"":1,""accuracy"":1}],""sourceEvent"":""question"",""sourceRunId"":""1788617058772-0sqrcx"",""lifecycleReason"":"""",""acceptedAttempt"":true}","1788617058772-0sqrcx","","","","","","","","","","","","","","","","","","","","","","","","","","","","","8097"
"8d4cb5cc-763a-4ffe-b9dc-2f52e03de9e7","e58fabca-9876-486d-8450-62a96d40014b","d59f334b-72b3-4be1-ad44-c19a56d2b3d6","managerial-directorate-telemetry-poc","2026.09.05-poc2","1","phaseAnonymousTelemetryPOC-v1","cost-directive","standard","streak_changed","78","2026-09-05T14:06:40.274Z","2026-09-05 14:06:40","141498","10","2004","relevant_costs_benefits","LO3.2","boss_calculation","easyBoss","1","1","8097","0","","","","checkpoint-10","0","0","12","12","","","12","11","0.9166666666666666","0","{""selectionReason"":""challenge"",""weaknessEstimate"":[{""key"":""relevant_costs_benefits"",""attempts"":3,""accuracy"":1},{""key"":""fixed_variable_costs"",""attempts"":2,""accuracy"":1},{""key"":""organization_design_info_incentives"",""attempts"":1,""accuracy"":1},{""key"":""ac_mc_mr_calculation"",""attempts"":1,""accuracy"":1},{""key"":""mr_mc_extent_rule"",""attempts"":1,""accuracy"":1}],""sourceEvent"":""question"",""sourceRunId"":""1788617058772-0sqrcx"",""lifecycleReason"":"""",""acceptedAttempt"":true}","1788617058772-0sqrcx","","","","","","","","","","","","","","","","","","","","","","","","","","","","","8097"
"7cb037e9-c4de-4716-bda1-908c3ebd691b","e58fabca-9876-486d-8450-62a96d40014b","d59f334b-72b3-4be1-ad44-c19a56d2b3d6","managerial-directorate-telemetry-poc","2026.09.05-poc2","1","phaseAnonymousTelemetryPOC-v1","cost-directive","standard","checkpoint_completed","79","2026-09-05T14:06:40.277Z","2026-09-05 14:06:40","141501","10","2004","relevant_costs_benefits","LO3.2","boss_calculation","easyBoss","","","0","0","","","","checkpoint-10","0","0","12","12","","","12","12","1","0","{""selectionReason"":""challenge"",""weaknessEstimate"":[{""key"":""relevant_costs_benefits"",""attempts"":3,""accuracy"":1},{""key"":""fixed_variable_costs"",""attempts"":2,""accuracy"":1},{""key"":""organization_design_info_incentives"",""attempts"":1,""accuracy"":1},{""key"":""ac_mc_mr_calculation"",""attempts"":1,""accuracy"":1},{""key"":""mr_mc_extent_rule"",""attempts"":1,""accuracy"":1}],""sourceEvent"":""boss_defeated"",""sourceRunId"":""1788617058772-0sqrcx"",""lifecycleReason"":""""}","1788617058772-0sqrcx","","","","","","","","","","","","","","","","","","","","","","","","","","","","","0"
"12f2d605-f0b5-4a9e-89b4-489369c88e02","e58fabca-9876-486d-8450-62a96d40014b","d59f334b-72b3-4be1-ad44-c19a56d2b3d6","managerial-directorate-telemetry-poc","2026.09.05-poc2","1","phaseAnonymousTelemetryPOC-v1","cost-directive","standard","artifact_unlocked","80","2026-09-05T14:06:40.278Z","2026-09-05 14:06:40","141502","10","2004","relevant_costs_benefits","LO3.2","boss_calculation","easyBoss","","","0","0","","","","checkpoint-10","0","0","12","12","compass","","12","12","1","0","{""selectionReason"":""challenge"",""weaknessEstimate"":[{""key"":""relevant_costs_benefits"",""attempts"":3,""accuracy"":1},{""key"":""fixed_variable_costs"",""attempts"":2,""accuracy"":1},{""key"":""organization_design_info_incentives"",""attempts"":1,""accuracy"":1},{""key"":""ac_mc_mr_calculation"",""attempts"":1,""accuracy"":1},{""key"":""mr_mc_extent_rule"",""attempts"":1,""accuracy"":1}],""sourceEvent"":""artifact_unlocked"",""sourceRunId"":""1788617058772-0sqrcx"",""lifecycleReason"":"""",""artifactName"":""The Tradeoff Report"",""artifactSource"":""checkpoint"",""artifactAlreadyOwned"":true,""artifactOwnedBeforeRun"":true,""artifactNewlyEarned"":false}","1788617058772-0sqrcx","","","The Tradeoff Report","checkpoint","true","true","false","","","","","","","","","","","","","","","","","","","","","","0"
"e4b5eb89-04f6-4788-8127-d9b08f5b2cf9","e58fabca-9876-486d-8450-62a96d40014b","d59f334b-72b3-4be1-ad44-c19a56d2b3d6","managerial-directorate-telemetry-poc","2026.09.05-poc2","1","phaseAnonymousTelemetryPOC-v1","cost-directive","standard","room_advanced","81","2026-09-05T14:06:41.527Z","2026-09-05 14:06:41","142752","11","200","problem_solving_steps","LO1.1","application","hard","","","0","0","","","","","0","0","12","12","","","12","12","1","0","{""selectionReason"":""challenge"",""weaknessEstimate"":[{""key"":""relevant_costs_benefits"",""attempts"":3,""accuracy"":1},{""key"":""fixed_variable_costs"",""attempts"":2,""accuracy"":1},{""key"":""organization_design_info_incentives"",""attempts"":1,""accuracy"":1},{""key"":""ac_mc_mr_calculation"",""attempts"":1,""accuracy"":1},{""key"":""mr_mc_extent_rule"",""attempts"":1,""accuracy"":1}],""sourceEvent"":"""",""sourceRunId"":""1788617058772-0sqrcx"",""lifecycleReason"":""""}","1788617058772-0sqrcx","","","","","","","","","","","","","","","","","","","","","","","","","","","","","0"
"792d0053-712c-4fd5-b6a0-1df534e7ea9c","e58fabca-9876-486d-8450-62a96d40014b","d59f334b-72b3-4be1-ad44-c19a56d2b3d6","managerial-directorate-telemetry-poc","2026.09.05-poc2","1","phaseAnonymousTelemetryPOC-v1","cost-directive","standard","question_shown","82","2026-09-05T14:06:41.527Z","2026-09-05 14:06:41","142752","11","200","problem_solving_steps","LO1.1","application","hard","","","0","0","","","","","0","0","12","12","","","12","12","1","0","{""selectionReason"":""challenge"",""weaknessEstimate"":[{""key"":""relevant_costs_benefits"",""attempts"":3,""accuracy"":1},{""key"":""fixed_variable_costs"",""attempts"":2,""accuracy"":1},{""key"":""organization_design_info_incentives"",""attempts"":1,""accuracy"":1},{""key"":""ac_mc_mr_calculation"",""attempts"":1,""accuracy"":1},{""key"":""mr_mc_extent_rule"",""attempts"":1,""accuracy"":1}],""sourceEvent"":"""",""sourceRunId"":""1788617058772-0sqrcx"",""lifecycleReason"":""""}","1788617058772-0sqrcx","","","","","","","","","","","","","","","","","","","","","","","","","","","","","0"