Question ID,Topic,Patterns,Disposition,Rationale
ECON-SP-EASY-38,ad-as-equilibrium-and-output-gaps,visual,KEEP — natural or borderline,Valid attached graph or a conceptual/numerical use of the word; wording is natural in context. Exact stem exceptions and rationale are recorded in the visual allowlist.
ECON-SP-EASY-39,ad-as-equilibrium-and-output-gaps,visual,KEEP — natural or borderline,Valid attached graph or a conceptual/numerical use of the word; wording is natural in context. Exact stem exceptions and rationale are recorded in the visual allowlist.
PG3-MEQ-E-001,ad-as-equilibrium-and-output-gaps,visual,KEEP — natural or borderline,Valid attached graph or a conceptual/numerical use of the word; wording is natural in context. Exact stem exceptions and rationale are recorded in the visual allowlist.
PG3-MEQ-E-002,ad-as-equilibrium-and-output-gaps,visual,KEEP — natural or borderline,Valid attached graph or a conceptual/numerical use of the word; wording is natural in context. Exact stem exceptions and rationale are recorded in the visual allowlist.
ECON-SP-EASY-40,ad-as-equilibrium-and-output-gaps,visual,KEEP — natural or borderline,Valid attached graph or a conceptual/numerical use of the word; wording is natural in context. Exact stem exceptions and rationale are recorded in the visual allowlist.
ECON-SP-EASY-41,ad-as-equilibrium-and-output-gaps,visual,KEEP — natural or borderline,Valid attached graph or a conceptual/numerical use of the word; wording is natural in context. Exact stem exceptions and rationale are recorded in the visual allowlist.
ECON-SP-EASY-42,ad-as-equilibrium-and-output-gaps,visual,KEEP — natural or borderline,Valid attached graph or a conceptual/numerical use of the word; wording is natural in context. Exact stem exceptions and rationale are recorded in the visual allowlist.
ECON-SP-MEDIUM-128,ad-as-equilibrium-and-output-gaps,visual,KEEP — natural or borderline,Valid attached graph or a conceptual/numerical use of the word; wording is natural in context. Exact stem exceptions and rationale are recorded in the visual allowlist.
ECON-SP-MEDIUM-131,ad-as-equilibrium-and-output-gaps,visual,KEEP — natural or borderline,Valid attached graph or a conceptual/numerical use of the word; wording is natural in context. Exact stem exceptions and rationale are recorded in the visual allowlist.
ECON-SP-MEDIUM-132,ad-as-equilibrium-and-output-gaps,visual,KEEP — natural or borderline,Valid attached graph or a conceptual/numerical use of the word; wording is natural in context. Exact stem exceptions and rationale are recorded in the visual allowlist.
ECON-SP-MEDIUM-133,ad-as-equilibrium-and-output-gaps,visual,KEEP — natural or borderline,Valid attached graph or a conceptual/numerical use of the word; wording is natural in context. Exact stem exceptions and rationale are recorded in the visual allowlist.
ECON-SP-HARD-214,ad-as-equilibrium-and-output-gaps,visual,KEEP — natural or borderline,Valid attached graph or a conceptual/numerical use of the word; wording is natural in context. Exact stem exceptions and rationale are recorded in the visual allowlist.
PG3-MEQ-L-002,ad-as-equilibrium-and-output-gaps,visual; wrapper,KEEP — natural or borderline,"Retain the genuine claim/diagnosis, inference or evidence-comparison task, or ordinary reporting context; no high-confidence unnecessary wrapper identified."
P52B-S1-LRADJ-B1-001,ad-as-equilibrium-and-output-gaps,wrapper,KEEP — natural or borderline,"Retain the genuine claim/diagnosis, inference or evidence-comparison task, or ordinary reporting context; no high-confidence unnecessary wrapper identified."
ECON-SP-READ-AD-AS-EQUILIBRIUM-5086,ad-as-equilibrium-and-output-gaps,visual,KEEP — natural or borderline,Valid attached graph or a conceptual/numerical use of the word; wording is natural in context. Exact stem exceptions and rationale are recorded in the visual allowlist.
ECON-SP-IDENTIFY-NATURAL-OUTPUT-5076,ad-as-equilibrium-and-output-gaps,visual,KEEP — natural or borderline,Valid attached graph or a conceptual/numerical use of the word; wording is natural in context. Exact stem exceptions and rationale are recorded in the visual allowlist.
ECON-SP-EASY-36,aggregate-demand,visual,KEEP — natural or borderline,Valid attached graph or a conceptual/numerical use of the word; wording is natural in context. Exact stem exceptions and rationale are recorded in the visual allowlist.
PG3-AD-E-002,aggregate-demand,visual,KEEP — natural or borderline,Valid attached graph or a conceptual/numerical use of the word; wording is natural in context. Exact stem exceptions and rationale are recorded in the visual allowlist.
PG3-AD-M-003,aggregate-demand,visual,KEEP — natural or borderline,Valid attached graph or a conceptual/numerical use of the word; wording is natural in context. Exact stem exceptions and rationale are recorded in the visual allowlist.
PG3-AD-H-001,aggregate-demand,visual,KEEP — natural or borderline,Valid attached graph or a conceptual/numerical use of the word; wording is natural in context. Exact stem exceptions and rationale are recorded in the visual allowlist.
PG3-AD-H-002,aggregate-demand,visual,KEEP — natural or borderline,Valid attached graph or a conceptual/numerical use of the word; wording is natural in context. Exact stem exceptions and rationale are recorded in the visual allowlist.
P52A-AD-H-002,aggregate-demand,visual,KEEP — natural or borderline,Valid attached graph or a conceptual/numerical use of the word; wording is natural in context. Exact stem exceptions and rationale are recorded in the visual allowlist.
P52A-AD-EL-002,aggregate-demand,visual,KEEP — natural or borderline,Valid attached graph or a conceptual/numerical use of the word; wording is natural in context. Exact stem exceptions and rationale are recorded in the visual allowlist.
PG3-AD-EL-001,aggregate-demand,visual,KEEP — natural or borderline,Valid attached graph or a conceptual/numerical use of the word; wording is natural in context. Exact stem exceptions and rationale are recorded in the visual allowlist.
PG3-AD-L-001,aggregate-demand,visual,KEEP — natural or borderline,Valid attached graph or a conceptual/numerical use of the word; wording is natural in context. Exact stem exceptions and rationale are recorded in the visual allowlist.
PG3-AD-L-002,aggregate-demand,visual,KEEP — natural or borderline,Valid attached graph or a conceptual/numerical use of the word; wording is natural in context. Exact stem exceptions and rationale are recorded in the visual allowlist.
ECON-SP-READ-AD-AS-AXES-5085,aggregate-demand,visual,KEEP — natural or borderline,Valid attached graph or a conceptual/numerical use of the word; wording is natural in context. Exact stem exceptions and rationale are recorded in the visual allowlist.
P52A-BANK-B2-001,bank-balance-sheets-reserves-and-capital,wrapper,KEEP — natural or borderline,"Retain the genuine claim/diagnosis, inference or evidence-comparison task, or ordinary reporting context; no high-confidence unnecessary wrapper identified."
ECON-MG-MEDIUM-171,binding-price-ceilings,visual,KEEP — protected,Frozen Micro/shared content or protected Market Gate; detection only. Visual metadata verified separately.
ECON-MG-MEDIUM-172,binding-price-ceilings,visual,KEEP — protected,Frozen Micro/shared content or protected Market Gate; detection only. Visual metadata verified separately.
ECON-MG-MEDIUM-173,binding-price-ceilings,visual,KEEP — protected,Frozen Micro/shared content or protected Market Gate; detection only. Visual metadata verified separately.
ECON-MG-MEDIUM-179,binding-price-ceilings,visual,KEEP — protected,Frozen Micro/shared content or protected Market Gate; detection only. Visual metadata verified separately.
PG2-CEIL-M-002,binding-price-ceilings,visual,KEEP — protected,Frozen Micro/shared content or protected Market Gate; detection only. Visual metadata verified separately.
40021,binding-price-ceilings,visual,KEEP — protected,Frozen Micro/shared content or protected Market Gate; detection only. Visual metadata verified separately.
40022,binding-price-ceilings,visual,KEEP — protected,Frozen Micro/shared content or protected Market Gate; detection only. Visual metadata verified separately.
ECON-MG-HARD-266,binding-price-ceilings,visual,KEEP — protected,Frozen Micro/shared content or protected Market Gate; detection only. Visual metadata verified separately.
ECON-MG-HARD-270,binding-price-ceilings,visual,KEEP — protected,Frozen Micro/shared content or protected Market Gate; detection only. Visual metadata verified separately.
ECON-MG-HARD-273,binding-price-ceilings,visual,KEEP — protected,Frozen Micro/shared content or protected Market Gate; detection only. Visual metadata verified separately.
PG2-CEIL-H-001,binding-price-ceilings,visual,KEEP — protected,Frozen Micro/shared content or protected Market Gate; detection only. Visual metadata verified separately.
40024,binding-price-ceilings,visual,KEEP — protected,Frozen Micro/shared content or protected Market Gate; detection only. Visual metadata verified separately.
40025,binding-price-ceilings,visual,KEEP — protected,Frozen Micro/shared content or protected Market Gate; detection only. Visual metadata verified separately.
ECON-MG-LEGENDARY-9037,binding-price-ceilings,visual,KEEP — protected,Frozen Micro/shared content or protected Market Gate; detection only. Visual metadata verified separately.
ECON-MG-LEGENDARY-9039,binding-price-ceilings,visual,KEEP — protected,Frozen Micro/shared content or protected Market Gate; detection only. Visual metadata verified separately.
40023,binding-price-ceilings,visual,KEEP — protected,Frozen Micro/shared content or protected Market Gate; detection only. Visual metadata verified separately.
PG2-CEIL-EL-001,binding-price-ceilings,visual,KEEP — protected,Frozen Micro/shared content or protected Market Gate; detection only. Visual metadata verified separately.
ECON-MG-LEGENDARY-9035,binding-price-ceilings,visual,KEEP — protected,Frozen Micro/shared content or protected Market Gate; detection only. Visual metadata verified separately.
PG2-CEIL-L-001,binding-price-ceilings,visual,KEEP — protected,Frozen Micro/shared content or protected Market Gate; detection only. Visual metadata verified separately.
40026,binding-price-ceilings,visual; wrapper,KEEP — protected,Frozen Micro/shared content or protected Market Gate; detection only. Visual metadata verified separately.
ECON-MG-HARD-268,binding-price-ceilings,visual,KEEP — protected,Frozen Micro/shared content or protected Market Gate; detection only. Visual metadata verified separately.
ECON-MG-MEDIUM-174,binding-price-ceilings,visual,KEEP — protected,Frozen Micro/shared content or protected Market Gate; detection only. Visual metadata verified separately.
ECON-MG-FINALBOSS-4001,binding-price-ceilings,visual,KEEP — protected,Frozen Micro/shared content or protected Market Gate; detection only. Visual metadata verified separately.
ECON-MG-CEILING-SHORTAGE-CALCULATION-6027,binding-price-ceilings,wrapper,KEEP — protected,Frozen Micro/shared content or protected Market Gate; detection only. Visual metadata verified separately.
ECON-MG-MEDIUM-175,binding-price-floors,visual,KEEP — protected,Frozen Micro/shared content or protected Market Gate; detection only. Visual metadata verified separately.
ECON-MG-MEDIUM-176,binding-price-floors,visual,KEEP — protected,Frozen Micro/shared content or protected Market Gate; detection only. Visual metadata verified separately.
ECON-MG-MEDIUM-177,binding-price-floors,visual,KEEP — protected,Frozen Micro/shared content or protected Market Gate; detection only. Visual metadata verified separately.
PG2-FLR-M-001,binding-price-floors,visual,KEEP — protected,Frozen Micro/shared content or protected Market Gate; detection only. Visual metadata verified separately.
PG2-FLR-M-002,binding-price-floors,visual,KEEP — protected,Frozen Micro/shared content or protected Market Gate; detection only. Visual metadata verified separately.
40027,binding-price-floors,visual,KEEP — protected,Frozen Micro/shared content or protected Market Gate; detection only. Visual metadata verified separately.
40028,binding-price-floors,visual,KEEP — protected,Frozen Micro/shared content or protected Market Gate; detection only. Visual metadata verified separately.
ECON-MG-HARD-267,binding-price-floors,visual,KEEP — protected,Frozen Micro/shared content or protected Market Gate; detection only. Visual metadata verified separately.
ECON-MG-HARD-271,binding-price-floors,visual,KEEP — protected,Frozen Micro/shared content or protected Market Gate; detection only. Visual metadata verified separately.
ECON-MG-HARD-272,binding-price-floors,visual,KEEP — protected,Frozen Micro/shared content or protected Market Gate; detection only. Visual metadata verified separately.
PG2-FLR-H-001,binding-price-floors,visual,KEEP — protected,Frozen Micro/shared content or protected Market Gate; detection only. Visual metadata verified separately.
40030,binding-price-floors,visual,KEEP — protected,Frozen Micro/shared content or protected Market Gate; detection only. Visual metadata verified separately.
40031,binding-price-floors,visual,KEEP — protected,Frozen Micro/shared content or protected Market Gate; detection only. Visual metadata verified separately.
ECON-MG-LEGENDARY-9038,binding-price-floors,visual,KEEP — protected,Frozen Micro/shared content or protected Market Gate; detection only. Visual metadata verified separately.
40032,binding-price-floors,visual,KEEP — protected,Frozen Micro/shared content or protected Market Gate; detection only. Visual metadata verified separately.
PG2-FLR-EL-001,binding-price-floors,visual,KEEP — protected,Frozen Micro/shared content or protected Market Gate; detection only. Visual metadata verified separately.
40029,binding-price-floors,visual,KEEP — protected,Frozen Micro/shared content or protected Market Gate; detection only. Visual metadata verified separately.
ECON-MG-LEGENDARY-9036,binding-price-floors,visual,KEEP — protected,Frozen Micro/shared content or protected Market Gate; detection only. Visual metadata verified separately.
PG2-FLR-L-001,binding-price-floors,visual,KEEP — protected,Frozen Micro/shared content or protected Market Gate; detection only. Visual metadata verified separately.
ECON-MG-HARD-269,binding-price-floors,visual,KEEP — protected,Frozen Micro/shared content or protected Market Gate; detection only. Visual metadata verified separately.
ECON-MG-MEDIUM-178,binding-price-floors,visual,KEEP — protected,Frozen Micro/shared content or protected Market Gate; detection only. Visual metadata verified separately.
ECON-MG-FLOOR-SURPLUS-CALCULATION-6031,binding-price-floors,wrapper,KEEP — protected,Frozen Micro/shared content or protected Market Gate; detection only. Visual metadata verified separately.
43066,budget-accounting-and-public-saving,visual,KEEP — natural or borderline,Valid attached graph or a conceptual/numerical use of the word; wording is natural in context. Exact stem exceptions and rationale are recorded in the visual allowlist.
43068,budget-accounting-and-public-saving,visual,KEEP — natural or borderline,Valid attached graph or a conceptual/numerical use of the word; wording is natural in context. Exact stem exceptions and rationale are recorded in the visual allowlist.
43072,budget-accounting-and-public-saving,wrapper,EDIT,Ask for budget components without an invented accounting error.
PMOE-NCO-M-001,capital-flows-and-net-capital-outflow,notation,KEEP — natural or borderline,"A relevant formula, accounting identity, answer choice or worked feedback; the stem already states the economic situation or expressly asks for the formula."
PMOE-NCO-H-002,capital-flows-and-net-capital-outflow,rate,KEEP — natural or borderline,"The context identifies interest, inflation, unemployment or another non-exchange rate; no exchange-rate ambiguity requiring this repair."
PMOE-NCO-H-004,capital-flows-and-net-capital-outflow,notation,KEEP — natural or borderline,"A relevant formula, accounting identity, answer choice or worked feedback; the stem already states the economic situation or expressly asks for the formula."
PMOE-NCO-L-005,capital-flows-and-net-capital-outflow,rate,KEEP — natural or borderline,"The context identifies interest, inflation, unemployment or another non-exchange rate; no exchange-rate ambiguity requiring this repair."
PMOE-NCO-L-002,capital-flows-and-net-capital-outflow,wrapper,KEEP — natural or borderline,"Retain the genuine claim/diagnosis, inference or evidence-comparison task, or ordinary reporting context; no high-confidence unnecessary wrapper identified."
PMOE-NCO-L-006,capital-flows-and-net-capital-outflow,visual,KEEP — natural or borderline,Valid attached graph or a conceptual/numerical use of the word; wording is natural in context. Exact stem exceptions and rationale are recorded in the visual allowlist.
PMOE-NCO-B3-001,capital-flows-and-net-capital-outflow,notation; visual,EDIT,Remove the redundant incorrect report from an asset-flow calculation.
PMOE-NCO-LB-001,capital-flows-and-net-capital-outflow,wrapper,EDIT,Ask for the asset-purchase amount directly.
PMOE-NCO-R-001,capital-flows-and-net-capital-outflow,wrapper,KEEP — natural or borderline,"Retain the genuine claim/diagnosis, inference or evidence-comparison task, or ordinary reporting context; no high-confidence unnecessary wrapper identified."
PMOE-NCO-BR-001,capital-flows-and-net-capital-outflow,jargon; rate,EDIT,Spell out the foreign-exchange supply mechanism in ordinary economic language.
P52B-COMP-L-002,competitive-markets,wrapper,KEEP — protected,Frozen Micro/shared content or protected Market Gate; detection only. Visual metadata verified separately.
P52A-CPI-M-002,cpi-and-inflation-measurement,wrapper,EDIT,Ask for the inflation calculation and its correct base directly.
ECON-NL-LEGENDARY-9025,cpi-and-inflation-measurement,wrapper,KEEP — natural or borderline,"Retain the genuine claim/diagnosis, inference or evidence-comparison task, or ordinary reporting context; no high-confidence unnecessary wrapper identified."
ECON-NL-EASYBOSS-2018,cpi-and-inflation-measurement,wrapper,EDIT,The question asks for CPI and inflation; the invented report contributes no needed data.
ECON-NL-EASYBOSS-2021,cpi-and-inflation-measurement,wrapper,EDIT,Ask directly about nominal pay and purchasing power.
ECON-NL-EASYBOSS-2022,cpi-and-inflation-measurement,wrapper,EDIT,The question asks for CPI and inflation; the invented report contributes no needed data.
P52A-CPI-B2-001,cpi-and-inflation-measurement,wrapper,EDIT,Ask directly about nominal pay and purchasing power.
P52A-CPI-B2-002,cpi-and-inflation-measurement,wrapper,EDIT,The question asks for CPI and inflation; the invented report contributes no needed data.
P52A-CPI-B3-002,cpi-and-inflation-measurement,wrapper,EDIT,Ask directly about nominal pay and purchasing power.
ECON-EC-FINALBOSS-19000,cpi-and-inflation-measurement,wrapper,EDIT,The question asks for CPI and inflation; the invented report contributes no needed data.
ECON-EC-MEDIUMBOSS-18003,cpi-and-inflation-measurement,wrapper,EDIT,Ask directly about nominal pay and purchasing power.
P52A-CPI-LB-002,cpi-and-inflation-measurement,wrapper,KEEP — natural or borderline,"Retain the genuine claim/diagnosis, inference or evidence-comparison task, or ordinary reporting context; no high-confidence unnecessary wrapper identified."
PM2B2-BIAS-L-001,cpi-bias,wrapper,KEEP — natural or borderline,"Retain the genuine claim/diagnosis, inference or evidence-comparison task, or ordinary reporting context; no high-confidence unnecessary wrapper identified."
ECON-NL-ELITE-331,cpi-versus-gdp-deflator,wrapper,KEEP — natural or borderline,"Retain the genuine claim/diagnosis, inference or evidence-comparison task, or ordinary reporting context; no high-confidence unnecessary wrapper identified."
PM2B2-DEF-L-002,cpi-versus-gdp-deflator,wrapper,KEEP — natural or borderline,"Retain the genuine claim/diagnosis, inference or evidence-comparison task, or ordinary reporting context; no high-confidence unnecessary wrapper identified."
ECON-NL-EASYBOSS-2029,cpi-versus-gdp-deflator,wrapper,EDIT,Remove the unnecessary analyst from the two-index application.
PM2B2-DEF-FB-006,cpi-versus-gdp-deflator,wrapper,EDIT,Remove the unnecessary analyst from the two-index application.
PM2B2-DEF-MB-003,cpi-versus-gdp-deflator,wrapper,EDIT,Remove the unnecessary analyst from the two-index application.
ECON-EC-FINALBOSS-19007,cpi-versus-gdp-deflator,wrapper,EDIT,Remove the unnecessary analyst from the two-index application.
PM2B2-DEF-LB-001,cpi-versus-gdp-deflator,wrapper,KEEP — natural or borderline,"Retain the genuine claim/diagnosis, inference or evidence-comparison task, or ordinary reporting context; no high-confidence unnecessary wrapper identified."
43288,crowding-out-and-capital-formation,rate,KEEP — natural or borderline,"The context identifies interest, inflation, unemployment or another non-exchange rate; no exchange-rate ambiguity requiring this repair."
43292,crowding-out-and-capital-formation,rate,KEEP — natural or borderline,"The context identifies interest, inflation, unemployment or another non-exchange rate; no exchange-rate ambiguity requiring this repair."
43296,crowding-out-and-capital-formation,visual,KEEP — natural or borderline,Valid attached graph or a conceptual/numerical use of the word; wording is natural in context. Exact stem exceptions and rationale are recorded in the visual allowlist.
43300,crowding-out-and-capital-formation,rate,KEEP — natural or borderline,"The context identifies interest, inflation, unemployment or another non-exchange rate; no exchange-rate ambiguity requiring this repair."
43327,crowding-out-and-capital-formation,rate,KEEP — natural or borderline,"The context identifies interest, inflation, unemployment or another non-exchange rate; no exchange-rate ambiguity requiring this repair."
43286,crowding-out-and-capital-formation,visual,KEEP — natural or borderline,Valid attached graph or a conceptual/numerical use of the word; wording is natural in context. Exact stem exceptions and rationale are recorded in the visual allowlist.
43289,crowding-out-and-capital-formation,rate,KEEP — natural or borderline,"The context identifies interest, inflation, unemployment or another non-exchange rate; no exchange-rate ambiguity requiring this repair."
43291,crowding-out-and-capital-formation,visual,KEEP — natural or borderline,Valid attached graph or a conceptual/numerical use of the word; wording is natural in context. Exact stem exceptions and rationale are recorded in the visual allowlist.
43294,crowding-out-and-capital-formation,visual,KEEP — natural or borderline,Valid attached graph or a conceptual/numerical use of the word; wording is natural in context. Exact stem exceptions and rationale are recorded in the visual allowlist.
43298,crowding-out-and-capital-formation,visual,KEEP — natural or borderline,Valid attached graph or a conceptual/numerical use of the word; wording is natural in context. Exact stem exceptions and rationale are recorded in the visual allowlist.
43301,crowding-out-and-capital-formation,rate,KEEP — natural or borderline,"The context identifies interest, inflation, unemployment or another non-exchange rate; no exchange-rate ambiguity requiring this repair."
43303,crowding-out-and-capital-formation,rate,KEEP — natural or borderline,"The context identifies interest, inflation, unemployment or another non-exchange rate; no exchange-rate ambiguity requiring this repair."
43299,crowding-out-and-capital-formation,rate; visual,KEEP — natural or borderline,"The context identifies interest, inflation, unemployment or another non-exchange rate; no exchange-rate ambiguity requiring this repair."
43287,crowding-out-and-capital-formation,rate,KEEP — natural or borderline,"The context identifies interest, inflation, unemployment or another non-exchange rate; no exchange-rate ambiguity requiring this repair."
43290,crowding-out-and-capital-formation,rate,KEEP — natural or borderline,"The context identifies interest, inflation, unemployment or another non-exchange rate; no exchange-rate ambiguity requiring this repair."
43293,crowding-out-and-capital-formation,rate,KEEP — natural or borderline,"The context identifies interest, inflation, unemployment or another non-exchange rate; no exchange-rate ambiguity requiring this repair."
43302,crowding-out-and-capital-formation,rate,KEEP — natural or borderline,"The context identifies interest, inflation, unemployment or another non-exchange rate; no exchange-rate ambiguity requiring this repair."
43295,crowding-out-and-capital-formation,rate; wrapper,KEEP — natural or borderline,"Retain the genuine claim/diagnosis, inference or evidence-comparison task, or ordinary reporting context; no high-confidence unnecessary wrapper identified."
43297,crowding-out-and-capital-formation,rate; visual,KEEP — natural or borderline,"The context identifies interest, inflation, unemployment or another non-exchange rate; no exchange-rate ambiguity requiring this repair."
43118,debt-measures-burden-and-fiscal-data,visual; wrapper,EDIT,Ask directly about the difference between the two debt measures.
43120,debt-measures-burden-and-fiscal-data,visual,KEEP — natural or borderline,Valid attached graph or a conceptual/numerical use of the word; wording is natural in context. Exact stem exceptions and rationale are recorded in the visual allowlist.
43121,debt-measures-burden-and-fiscal-data,wrapper,KEEP — natural or borderline,"Retain the genuine claim/diagnosis, inference or evidence-comparison task, or ordinary reporting context; no high-confidence unnecessary wrapper identified."
43147,debt-measures-burden-and-fiscal-data,wrapper,KEEP — natural or borderline,"Retain the genuine claim/diagnosis, inference or evidence-comparison task, or ordinary reporting context; no high-confidence unnecessary wrapper identified."
43137,debt-measures-burden-and-fiscal-data,wrapper,KEEP — natural or borderline,"Retain the genuine claim/diagnosis, inference or evidence-comparison task, or ordinary reporting context; no high-confidence unnecessary wrapper identified."
43139,debt-measures-burden-and-fiscal-data,wrapper,EDIT,Name the requested ratio directly instead of describing a report.
43082,deficits-debt-and-government-borrowing,visual; wrapper,EDIT,Ask the stock-flow distinction directly.
43087,deficits-debt-and-government-borrowing,wrapper,KEEP — natural or borderline,"Retain the genuine claim/diagnosis, inference or evidence-comparison task, or ordinary reporting context; no high-confidence unnecessary wrapper identified."
43156,deficits-debt-and-government-borrowing,rate,KEEP — natural or borderline,"The context identifies interest, inflation, unemployment or another non-exchange rate; no exchange-rate ambiguity requiring this repair."
43088,deficits-debt-and-government-borrowing,wrapper,EDIT,Keep the two-year stock-flow calculation and ask it directly.
43157,deficits-debt-and-government-borrowing,wrapper,EDIT,Use an ordinary interpretation question for the primary budget balance.
43089,deficits-debt-and-government-borrowing,visual,KEEP — natural or borderline,Valid attached graph or a conceptual/numerical use of the word; wording is natural in context. Exact stem exceptions and rationale are recorded in the visual allowlist.
43158,deficits-debt-and-government-borrowing,rate,KEEP — natural or borderline,"The context identifies interest, inflation, unemployment or another non-exchange rate; no exchange-rate ambiguity requiring this repair."
ECON-MG-MEDIUM-167,demand,visual,KEEP — protected,Frozen Micro/shared content or protected Market Gate; detection only. Visual metadata verified separately.
PG1-DMD-M-001,demand,visual,KEEP — protected,Frozen Micro/shared content or protected Market Gate; detection only. Visual metadata verified separately.
PG1-DMD-M-003,demand,visual,KEEP — protected,Frozen Micro/shared content or protected Market Gate; detection only. Visual metadata verified separately.
PG1-DMD-M-004,demand,visual,KEEP — protected,Frozen Micro/shared content or protected Market Gate; detection only. Visual metadata verified separately.
PG1-DMD-M-005,demand,visual,KEEP — protected,Frozen Micro/shared content or protected Market Gate; detection only. Visual metadata verified separately.
PG1-DMD-M-006,demand,visual,KEEP — protected,Frozen Micro/shared content or protected Market Gate; detection only. Visual metadata verified separately.
ECON-MG-HARD-261,demand,visual,KEEP — protected,Frozen Micro/shared content or protected Market Gate; detection only. Visual metadata verified separately.
ECON-MG-HARD-262,demand,visual,KEEP — protected,Frozen Micro/shared content or protected Market Gate; detection only. Visual metadata verified separately.
PG1-DMD-H-001,demand,visual,KEEP — protected,Frozen Micro/shared content or protected Market Gate; detection only. Visual metadata verified separately.
PG1-DMD-H-002,demand,visual,KEEP — protected,Frozen Micro/shared content or protected Market Gate; detection only. Visual metadata verified separately.
PG1-DMD-H-003,demand,visual; wrapper,KEEP — protected,Frozen Micro/shared content or protected Market Gate; detection only. Visual metadata verified separately.
40010,demand,visual,KEEP — protected,Frozen Micro/shared content or protected Market Gate; detection only. Visual metadata verified separately.
ECON-MG-ELITE-339,demand,wrapper,KEEP — protected,Frozen Micro/shared content or protected Market Gate; detection only. Visual metadata verified separately.
PG1-DMD-EL-001,demand,visual,KEEP — protected,Frozen Micro/shared content or protected Market Gate; detection only. Visual metadata verified separately.
PG1-DMD-EL-002,demand,visual,KEEP — protected,Frozen Micro/shared content or protected Market Gate; detection only. Visual metadata verified separately.
PG1-DMD-L-001,demand,visual; wrapper,KEEP — protected,Frozen Micro/shared content or protected Market Gate; detection only. Visual metadata verified separately.
PG1-DMD-L-002,demand,visual,KEEP — protected,Frozen Micro/shared content or protected Market Gate; detection only. Visual metadata verified separately.
ECON-MG-LEGENDARY-9017,demand,visual,KEEP — protected,Frozen Micro/shared content or protected Market Gate; detection only. Visual metadata verified separately.
ECON-MG-LEGENDARYBOSS-9121,demand,wrapper,KEEP — protected,Frozen Micro/shared content or protected Market Gate; detection only. Visual metadata verified separately.
PG3-MEQ-E-003,demand-and-supply-shocks,visual,KEEP — natural or borderline,Valid attached graph or a conceptual/numerical use of the word; wording is natural in context. Exact stem exceptions and rationale are recorded in the visual allowlist.
ECON-SP-MEDIUM-129,demand-and-supply-shocks,visual,KEEP — natural or borderline,Valid attached graph or a conceptual/numerical use of the word; wording is natural in context. Exact stem exceptions and rationale are recorded in the visual allowlist.
ECON-SP-MEDIUM-130,demand-and-supply-shocks,visual,KEEP — natural or borderline,Valid attached graph or a conceptual/numerical use of the word; wording is natural in context. Exact stem exceptions and rationale are recorded in the visual allowlist.
ECON-SP-MEDIUM-134,demand-and-supply-shocks,visual,KEEP — natural or borderline,Valid attached graph or a conceptual/numerical use of the word; wording is natural in context. Exact stem exceptions and rationale are recorded in the visual allowlist.
PG3-MEQ-M-004,demand-and-supply-shocks,visual,KEEP — natural or borderline,Valid attached graph or a conceptual/numerical use of the word; wording is natural in context. Exact stem exceptions and rationale are recorded in the visual allowlist.
ECON-SP-HARD-211,demand-and-supply-shocks,visual,KEEP — natural or borderline,Valid attached graph or a conceptual/numerical use of the word; wording is natural in context. Exact stem exceptions and rationale are recorded in the visual allowlist.
ECON-SP-HARD-215,demand-and-supply-shocks,visual,KEEP — natural or borderline,Valid attached graph or a conceptual/numerical use of the word; wording is natural in context. Exact stem exceptions and rationale are recorded in the visual allowlist.
ECON-SP-ELITE-340,demand-and-supply-shocks,visual,KEEP — natural or borderline,Valid attached graph or a conceptual/numerical use of the word; wording is natural in context. Exact stem exceptions and rationale are recorded in the visual allowlist.
ECON-SP-HARD-212,demand-and-supply-shocks,visual,KEEP — natural or borderline,Valid attached graph or a conceptual/numerical use of the word; wording is natural in context. Exact stem exceptions and rationale are recorded in the visual allowlist.
ECON-SP-HARD-213,demand-and-supply-shocks,visual,KEEP — natural or borderline,Valid attached graph or a conceptual/numerical use of the word; wording is natural in context. Exact stem exceptions and rationale are recorded in the visual allowlist.
PG3-MEQ-L-003,demand-and-supply-shocks,visual,KEEP — natural or borderline,Valid attached graph or a conceptual/numerical use of the word; wording is natural in context. Exact stem exceptions and rationale are recorded in the visual allowlist.
ECON-SP-ELITE-309,demand-and-supply-shocks,visual,KEEP — natural or borderline,Valid attached graph or a conceptual/numerical use of the word; wording is natural in context. Exact stem exceptions and rationale are recorded in the visual allowlist.
ECON-SP-ELITE-312,demand-and-supply-shocks,visual,KEEP — natural or borderline,Valid attached graph or a conceptual/numerical use of the word; wording is natural in context. Exact stem exceptions and rationale are recorded in the visual allowlist.
ECON-SP-ELITE-339,demand-and-supply-shocks,visual,KEEP — natural or borderline,Valid attached graph or a conceptual/numerical use of the word; wording is natural in context. Exact stem exceptions and rationale are recorded in the visual allowlist.
ECON-SP-ELITE-341,demand-and-supply-shocks,visual,KEEP — natural or borderline,Valid attached graph or a conceptual/numerical use of the word; wording is natural in context. Exact stem exceptions and rationale are recorded in the visual allowlist.
ECON-SP-LEGENDARY-9038,demand-and-supply-shocks,wrapper,KEEP — natural or borderline,"Retain the genuine claim/diagnosis, inference or evidence-comparison task, or ordinary reporting context; no high-confidence unnecessary wrapper identified."
PG3-MEQ-L-004,demand-and-supply-shocks,visual,KEEP — natural or borderline,Valid attached graph or a conceptual/numerical use of the word; wording is natural in context. Exact stem exceptions and rationale are recorded in the visual allowlist.
P52B-S3-MEQS-B1-001,demand-and-supply-shocks,wrapper,KEEP — natural or borderline,"Retain the genuine claim/diagnosis, inference or evidence-comparison task, or ordinary reporting context; no high-confidence unnecessary wrapper identified."
P52B-S3-MEQS-B2-002,demand-and-supply-shocks,wrapper,KEEP — natural or borderline,"Retain the genuine claim/diagnosis, inference or evidence-comparison task, or ordinary reporting context; no high-confidence unnecessary wrapper identified."
ECON-SP-ELITE-302,deposit-creation-and-money-multiplier,rate,KEEP — natural or borderline,"The context identifies interest, inflation, unemployment or another non-exchange rate; no exchange-rate ambiguity requiring this repair."
LG-Q-303,deposit-creation-and-money-multiplier,wrapper,KEEP — natural or borderline,"Retain the genuine claim/diagnosis, inference or evidence-comparison task, or ordinary reporting context; no high-confidence unnecessary wrapper identified."
LG-Q-310,deposit-creation-and-money-multiplier,wrapper,KEEP — natural or borderline,"Retain the genuine claim/diagnosis, inference or evidence-comparison task, or ordinary reporting context; no high-confidence unnecessary wrapper identified."
LG-Q-9000,deposit-creation-and-money-multiplier,wrapper,KEEP — natural or borderline,"Retain the genuine claim/diagnosis, inference or evidence-comparison task, or ordinary reporting context; no high-confidence unnecessary wrapper identified."
LG-Q-9008,deposit-creation-and-money-multiplier,reciprocal; wrapper,KEEP — natural or borderline,"Retain the genuine claim/diagnosis, inference or evidence-comparison task, or ordinary reporting context; no high-confidence unnecessary wrapper identified."
ECON-SP-EASYBOSS-2011,deposit-creation-and-money-multiplier,textbook,EDIT,Name the simple deposit-expansion model and retain all of its stated assumptions.
ECON-SP-MEDIUM-157,disinflation-and-policy,visual,KEEP — natural or borderline,Valid attached graph or a conceptual/numerical use of the word; wording is natural in context. Exact stem exceptions and rationale are recorded in the visual allowlist.
ECON-SP-HARD-237,disinflation-and-policy,visual,KEEP — natural or borderline,Valid attached graph or a conceptual/numerical use of the word; wording is natural in context. Exact stem exceptions and rationale are recorded in the visual allowlist.
ECON-SP-ELITE-324,disinflation-and-policy,visual,KEEP — natural or borderline,Valid attached graph or a conceptual/numerical use of the word; wording is natural in context. Exact stem exceptions and rationale are recorded in the visual allowlist.
ECON-SP-LEGENDARY-9008,disinflation-and-policy,visual,KEEP — natural or borderline,Valid attached graph or a conceptual/numerical use of the word; wording is natural in context. Exact stem exceptions and rationale are recorded in the visual allowlist.
ECON-SP-LEGENDARY-9047,disinflation-and-policy,visual,KEEP — natural or borderline,Valid attached graph or a conceptual/numerical use of the word; wording is natural in context. Exact stem exceptions and rationale are recorded in the visual allowlist.
ECON-SP-MEDIUMBOSS-3009,disinflation-and-policy,wrapper,KEEP — natural or borderline,"Retain the genuine claim/diagnosis, inference or evidence-comparison task, or ordinary reporting context; no high-confidence unnecessary wrapper identified."
ECON-SP-MEDIUMBOSS-3010,disinflation-and-policy,visual,KEEP — natural or borderline,Valid attached graph or a conceptual/numerical use of the word; wording is natural in context. Exact stem exceptions and rationale are recorded in the visual allowlist.
PM2A-DIS-EB-014,disinflation-and-policy,wrapper,EDIT,Ask directly how the two inflation rates affect the price level.
ECON-NL-MEDIUMBOSS-3032,economic-growth-policy,wrapper,KEEP — natural or borderline,"Retain the genuine claim/diagnosis, inference or evidence-comparison task, or ordinary reporting context; no high-confidence unnecessary wrapper identified."
ECON-NL-MEDIUMBOSS-3033,economic-growth-policy,wrapper,KEEP — natural or borderline,"Retain the genuine claim/diagnosis, inference or evidence-comparison task, or ordinary reporting context; no high-confidence unnecessary wrapper identified."
PM2B3-POL-EB-003,economic-growth-policy,wrapper,KEEP — natural or borderline,"Retain the genuine claim/diagnosis, inference or evidence-comparison task, or ordinary reporting context; no high-confidence unnecessary wrapper identified."
PM2B3-POL-LB-001,economic-growth-policy,wrapper,KEEP — natural or borderline,"Retain the genuine claim/diagnosis, inference or evidence-comparison task, or ordinary reporting context; no high-confidence unnecessary wrapper identified."
P52B-EPOL-L-001,economist-policy-role,wrapper,KEEP — protected,Frozen Micro/shared content or protected Market Gate; detection only. Visual metadata verified separately.
P52B-EPOL-L-003,economist-policy-role,wrapper,KEEP — protected,Frozen Micro/shared content or protected Market Gate; detection only. Visual metadata verified separately.
LG-Q-9134,fiscal-multipliers-and-crowding-out,wrapper,KEEP — natural or borderline,"Retain the genuine claim/diagnosis, inference or evidence-comparison task, or ordinary reporting context; no high-confidence unnecessary wrapper identified."
ECON-SP-MEDIUM-151,fiscal-policy-and-aggregate-demand,visual,KEEP — natural or borderline,Valid attached graph or a conceptual/numerical use of the word; wording is natural in context. Exact stem exceptions and rationale are recorded in the visual allowlist.
ECON-SP-MEDIUM-152,fiscal-policy-and-aggregate-demand,visual,KEEP — natural or borderline,Valid attached graph or a conceptual/numerical use of the word; wording is natural in context. Exact stem exceptions and rationale are recorded in the visual allowlist.
P52A-FISCAD-LB-001,fiscal-policy-and-aggregate-demand,wrapper,KEEP — natural or borderline,"Retain the genuine claim/diagnosis, inference or evidence-comparison task, or ordinary reporting context; no high-confidence unnecessary wrapper identified."
P52A-FISCAD-LB-002,fiscal-policy-and-aggregate-demand,wrapper,KEEP — natural or borderline,"Retain the genuine claim/diagnosis, inference or evidence-comparison task, or ordinary reporting context; no high-confidence unnecessary wrapper identified."
LG-Q-72,fisher-effect,rate,KEEP — natural or borderline,"The context identifies interest, inflation, unemployment or another non-exchange rate; no exchange-rate ambiguity requiring this repair."
LG-Q-74,fisher-effect,rate,KEEP — natural or borderline,"The context identifies interest, inflation, unemployment or another non-exchange rate; no exchange-rate ambiguity requiring this repair."
PM2C2-FISH-E-002,fisher-effect,rate,KEEP — natural or borderline,"The context identifies interest, inflation, unemployment or another non-exchange rate; no exchange-rate ambiguity requiring this repair."
PM2C2-FISH-M-001,fisher-effect,rate,KEEP — natural or borderline,"The context identifies interest, inflation, unemployment or another non-exchange rate; no exchange-rate ambiguity requiring this repair."
PM2C2-FISH-M-002,fisher-effect,rate,KEEP — natural or borderline,"The context identifies interest, inflation, unemployment or another non-exchange rate; no exchange-rate ambiguity requiring this repair."
PM2C2-FISH-M-003,fisher-effect,rate,KEEP — natural or borderline,"The context identifies interest, inflation, unemployment or another non-exchange rate; no exchange-rate ambiguity requiring this repair."
PM2C2-FISH-H-001,fisher-effect,rate,KEEP — natural or borderline,"The context identifies interest, inflation, unemployment or another non-exchange rate; no exchange-rate ambiguity requiring this repair."
PM2C2-FISH-H-003,fisher-effect,rate,KEEP — natural or borderline,"The context identifies interest, inflation, unemployment or another non-exchange rate; no exchange-rate ambiguity requiring this repair."
PM2C2-FISH-L-002,fisher-effect,rate,KEEP — natural or borderline,"The context identifies interest, inflation, unemployment or another non-exchange rate; no exchange-rate ambiguity requiring this repair."
PM2C2-FISH-H-002,fisher-effect,rate,KEEP — natural or borderline,"The context identifies interest, inflation, unemployment or another non-exchange rate; no exchange-rate ambiguity requiring this repair."
PM2C2-FISH-H-004,fisher-effect,rate,KEEP — natural or borderline,"The context identifies interest, inflation, unemployment or another non-exchange rate; no exchange-rate ambiguity requiring this repair."
PM2C2-FISH-H-005,fisher-effect,rate,KEEP — natural or borderline,"The context identifies interest, inflation, unemployment or another non-exchange rate; no exchange-rate ambiguity requiring this repair."
LG-Q-341,fisher-effect,rate,KEEP — natural or borderline,"The context identifies interest, inflation, unemployment or another non-exchange rate; no exchange-rate ambiguity requiring this repair."
LG-Q-342,fisher-effect,rate,KEEP — natural or borderline,"The context identifies interest, inflation, unemployment or another non-exchange rate; no exchange-rate ambiguity requiring this repair."
LG-Q-9036,fisher-effect,rate,KEEP — natural or borderline,"The context identifies interest, inflation, unemployment or another non-exchange rate; no exchange-rate ambiguity requiring this repair."
LG-Q-9048,fisher-effect,rate,KEEP — natural or borderline,"The context identifies interest, inflation, unemployment or another non-exchange rate; no exchange-rate ambiguity requiring this repair."
LG-Q-9035,fisher-effect,rate,KEEP — natural or borderline,"The context identifies interest, inflation, unemployment or another non-exchange rate; no exchange-rate ambiguity requiring this repair."
LG-Q-9047,fisher-effect,rate; wrapper,KEEP — natural or borderline,"Retain the genuine claim/diagnosis, inference or evidence-comparison task, or ordinary reporting context; no high-confidence unnecessary wrapper identified."
ECON-SP-HARD-209,fisher-effect,rate,KEEP — natural or borderline,"The context identifies interest, inflation, unemployment or another non-exchange rate; no exchange-rate ambiguity requiring this repair."
ECON-SP-MEDIUM-115,fisher-effect,rate,KEEP — natural or borderline,"The context identifies interest, inflation, unemployment or another non-exchange rate; no exchange-rate ambiguity requiring this repair."
LG-Q-139,fisher-effect,rate,KEEP — natural or borderline,"The context identifies interest, inflation, unemployment or another non-exchange rate; no exchange-rate ambiguity requiring this repair."
LG-Q-242,fisher-effect,rate,KEEP — natural or borderline,"The context identifies interest, inflation, unemployment or another non-exchange rate; no exchange-rate ambiguity requiring this repair."
LG-Q-243,fisher-effect,rate,KEEP — natural or borderline,"The context identifies interest, inflation, unemployment or another non-exchange rate; no exchange-rate ambiguity requiring this repair."
LG-Q-3006,fisher-effect,rate,KEEP — natural or borderline,"The context identifies interest, inflation, unemployment or another non-exchange rate; no exchange-rate ambiguity requiring this repair."
LG-Q-3007,fisher-effect,rate,KEEP — natural or borderline,"The context identifies interest, inflation, unemployment or another non-exchange rate; no exchange-rate ambiguity requiring this repair."
LG-Q-3008,fisher-effect,rate,KEEP — natural or borderline,"The context identifies interest, inflation, unemployment or another non-exchange rate; no exchange-rate ambiguity requiring this repair."
PM2C2-FISH-EB-001,fisher-effect,rate,KEEP — natural or borderline,"The context identifies interest, inflation, unemployment or another non-exchange rate; no exchange-rate ambiguity requiring this repair."
PM2C2-FISH-EB-002,fisher-effect,rate,KEEP — natural or borderline,"The context identifies interest, inflation, unemployment or another non-exchange rate; no exchange-rate ambiguity requiring this repair."
PM2C2-FISH-EB-003,fisher-effect,rate,KEEP — natural or borderline,"The context identifies interest, inflation, unemployment or another non-exchange rate; no exchange-rate ambiguity requiring this repair."
PM2C2-FISH-FB-004,fisher-effect,rate,KEEP — natural or borderline,"The context identifies interest, inflation, unemployment or another non-exchange rate; no exchange-rate ambiguity requiring this repair."
PM2C2-FISH-FB-005,fisher-effect,rate,KEEP — natural or borderline,"The context identifies interest, inflation, unemployment or another non-exchange rate; no exchange-rate ambiguity requiring this repair."
PM2C2-FISH-FB-006,fisher-effect,rate,KEEP — natural or borderline,"The context identifies interest, inflation, unemployment or another non-exchange rate; no exchange-rate ambiguity requiring this repair."
LG-Q-9117,fisher-effect,rate,KEEP — natural or borderline,"The context identifies interest, inflation, unemployment or another non-exchange rate; no exchange-rate ambiguity requiring this repair."
LG-Q-9127,fisher-effect,rate,KEEP — natural or borderline,"The context identifies interest, inflation, unemployment or another non-exchange rate; no exchange-rate ambiguity requiring this repair."
LG-Q-9128,fisher-effect,rate,KEEP — natural or borderline,"The context identifies interest, inflation, unemployment or another non-exchange rate; no exchange-rate ambiguity requiring this repair."
ECON-SP-FISHER-EFFECT-5020,fisher-effect,rate,KEEP — natural or borderline,"The context identifies interest, inflation, unemployment or another non-exchange rate; no exchange-rate ambiguity requiring this repair."
ECON-SP-FISHER-EFFECT-6015,fisher-effect,rate,KEEP — natural or borderline,"The context identifies interest, inflation, unemployment or another non-exchange rate; no exchange-rate ambiguity requiring this repair."
LG-B-6013,fisher-effect,rate,KEEP — natural or borderline,"The context identifies interest, inflation, unemployment or another non-exchange rate; no exchange-rate ambiguity requiring this repair."
PM2C2-FISH-BR-001,fisher-effect,rate,KEEP — natural or borderline,"The context identifies interest, inflation, unemployment or another non-exchange rate; no exchange-rate ambiguity requiring this repair."
PMOE-FX-E-003,foreign-exchange-market,visual,KEEP — natural or borderline,Valid attached graph or a conceptual/numerical use of the word; wording is natural in context. Exact stem exceptions and rationale are recorded in the visual allowlist.
PMOE-FX-E-004,foreign-exchange-market,visual,KEEP — natural or borderline,Valid attached graph or a conceptual/numerical use of the word; wording is natural in context. Exact stem exceptions and rationale are recorded in the visual allowlist.
PMOE-FX-E-006,foreign-exchange-market,visual,EDIT,Replace an instruction to use an unattached dollar-market visual with a self-contained market scenario; preserve curve assumptions and exchange-rate direction.
PMOE-FX-M-001,foreign-exchange-market,rate; visual,KEEP — natural or borderline,"The context identifies interest, inflation, unemployment or another non-exchange rate; no exchange-rate ambiguity requiring this repair."
PMOE-FX-M-002,foreign-exchange-market,visual,KEEP — natural or borderline,Valid attached graph or a conceptual/numerical use of the word; wording is natural in context. Exact stem exceptions and rationale are recorded in the visual allowlist.
PMOE-FX-M-003,foreign-exchange-market,rate; visual,KEEP — natural or borderline,"The context identifies interest, inflation, unemployment or another non-exchange rate; no exchange-rate ambiguity requiring this repair."
PMOE-FX-H-001,foreign-exchange-market,rate; visual,KEEP — natural or borderline,"The context identifies interest, inflation, unemployment or another non-exchange rate; no exchange-rate ambiguity requiring this repair."
PMOE-FX-H-002,foreign-exchange-market,rate; visual,KEEP — natural or borderline,"The context identifies interest, inflation, unemployment or another non-exchange rate; no exchange-rate ambiguity requiring this repair."
PMOE-FX-H-003,foreign-exchange-market,visual,KEEP — natural or borderline,Valid attached graph or a conceptual/numerical use of the word; wording is natural in context. Exact stem exceptions and rationale are recorded in the visual allowlist.
PMOE-FX-H-004,foreign-exchange-market,visual,KEEP — natural or borderline,Valid attached graph or a conceptual/numerical use of the word; wording is natural in context. Exact stem exceptions and rationale are recorded in the visual allowlist.
PMOE-FX-H-005,foreign-exchange-market,rate; visual,EDIT,Replace an instruction to use an unattached dollar-market visual with a self-contained market scenario; preserve curve assumptions and exchange-rate direction.
PMOE-FX-H-006,foreign-exchange-market,rate; visual,EDIT,Replace an instruction to use an unattached dollar-market visual with a self-contained market scenario; preserve curve assumptions and exchange-rate direction.
PMOE-FX-EL-001,foreign-exchange-market,visual,EDIT,Replace an instruction to use an unattached dollar-market visual with a self-contained market scenario; preserve curve assumptions and exchange-rate direction.
PMOE-FX-EL-002,foreign-exchange-market,visual; wrapper,KEEP — natural or borderline,"Retain the genuine claim/diagnosis, inference or evidence-comparison task, or ordinary reporting context; no high-confidence unnecessary wrapper identified."
PMOE-FX-L-001,foreign-exchange-market,rate; visual,EDIT,Replace an instruction to use an unattached dollar-market visual with a self-contained market scenario; preserve curve assumptions and exchange-rate direction.
PMOE-FX-L-002,foreign-exchange-market,rate,KEEP — natural or borderline,"The context identifies interest, inflation, unemployment or another non-exchange rate; no exchange-rate ambiguity requiring this repair."
PMOE-FX-L-003,foreign-exchange-market,visual,KEEP — natural or borderline,Valid attached graph or a conceptual/numerical use of the word; wording is natural in context. Exact stem exceptions and rationale are recorded in the visual allowlist.
PMOE-FX-L-004,foreign-exchange-market,visual; wrapper,EDIT,Replace an instruction to use an unattached dollar-market visual with a self-contained market scenario; preserve curve assumptions and exchange-rate direction. Express the comparison at the original quantity in ordinary willingness-to-pay and willingness-to-sell terms.
PMOE-FX-L-005,foreign-exchange-market,rate,KEEP — natural or borderline,"The context identifies interest, inflation, unemployment or another non-exchange rate; no exchange-rate ambiguity requiring this repair."
PMOE-FX-L-006,foreign-exchange-market,rate; visual,EDIT,Keep the graph-reading and intermediate-equilibrium task; remove documentation about the asset from the explanation.
PMOE-FX-B1-001,foreign-exchange-market,visual,KEEP — natural or borderline,Valid attached graph or a conceptual/numerical use of the word; wording is natural in context. Exact stem exceptions and rationale are recorded in the visual allowlist.
PMOE-FX-B2-001,foreign-exchange-market,visual,KEEP — natural or borderline,Valid attached graph or a conceptual/numerical use of the word; wording is natural in context. Exact stem exceptions and rationale are recorded in the visual allowlist.
PMOE-FX-B3-001,foreign-exchange-market,visual,KEEP — natural or borderline,Valid attached graph or a conceptual/numerical use of the word; wording is natural in context. Exact stem exceptions and rationale are recorded in the visual allowlist.
PMOE-FX-B3-002,foreign-exchange-market,visual,EDIT,Replace an instruction to use an unattached dollar-market visual with a self-contained market scenario; preserve curve assumptions and exchange-rate direction. Remove a remaining vertical-axis reference from the text-only explanation.
PMOE-FX-B3-003,foreign-exchange-market,reciprocal; visual,KEEP — natural or borderline,Reciprocal describes a useful mathematical relationship outside the currency-quotation pattern; preserve the calculation.
PMOE-FX-LB-001,foreign-exchange-market,rate; visual,KEEP — natural or borderline,"The context identifies interest, inflation, unemployment or another non-exchange rate; no exchange-rate ambiguity requiring this repair."
PMOE-FX-LB-002,foreign-exchange-market,visual,EDIT,Replace an instruction to use an unattached dollar-market visual with a self-contained market scenario; preserve curve assumptions and exchange-rate direction. Use the economic variable name throughout the text-only answer choices. Explain excess demand and the information needed for exact changes directly.
PMOE-FX-R-001,foreign-exchange-market,wrapper,KEEP — natural or borderline,"Retain the genuine claim/diagnosis, inference or evidence-comparison task, or ordinary reporting context; no high-confidence unnecessary wrapper identified."
P75-TRADE-M-010,gains-from-trade,textbook,KEEP — protected,Frozen Micro/shared content or protected Market Gate; detection only. Visual metadata verified separately.
P75-TRADE-E-009,gains-from-trade,textbook; wrapper,KEEP — protected,Frozen Micro/shared content or protected Market Gate; detection only. Visual metadata verified separately.
P75-TRADE-L-018,gains-from-trade,wrapper,KEEP — protected,Frozen Micro/shared content or protected Market Gate; detection only. Visual metadata verified separately.
P75-TRADE-L-024,gains-from-trade,reciprocal,KEEP — protected,Frozen Micro/shared content or protected Market Gate; detection only. Visual metadata verified separately.
P75-TRADE-L-025,gains-from-trade,wrapper,KEEP — protected,Frozen Micro/shared content or protected Market Gate; detection only. Visual metadata verified separately.
P75-TRADE-EB-005,gains-from-trade,textbook,KEEP — protected,Frozen Micro/shared content or protected Market Gate; detection only. Visual metadata verified separately.
P75-TRADE-LB-005,gains-from-trade,rate,KEEP — protected,Frozen Micro/shared content or protected Market Gate; detection only. Visual metadata verified separately.
ECON-NL-LEGENDARY-9000,gdp-components,visual; wrapper,EDIT,Ask for investment and the treatment of inventories without a report or reconciliation wrapper.
ECON-EC-EASYBOSS-17019,gdp-components,wrapper,KEEP — natural or borderline,"Retain the genuine claim/diagnosis, inference or evidence-comparison task, or ordinary reporting context; no high-confidence unnecessary wrapper identified."
ECON-EC-EASYBOSS-17020,gdp-components,notation; wrapper,EDIT,"Ask for investment and net exports directly, preserving all data and choices."
ECON-NL-EASYBOSS-2009,gdp-components,wrapper,KEEP — natural or borderline,"Retain the genuine claim/diagnosis, inference or evidence-comparison task, or ordinary reporting context; no high-confidence unnecessary wrapper identified."
ECON-NL-EASYBOSS-2010,gdp-components,notation; wrapper,EDIT,"Ask for investment and net exports directly, preserving all data and choices."
PM2B1-GDPC-FB-004,gdp-components,wrapper,KEEP — natural or borderline,"Retain the genuine claim/diagnosis, inference or evidence-comparison task, or ordinary reporting context; no high-confidence unnecessary wrapper identified."
PM2B1-GDPC-FB-005,gdp-components,notation; wrapper,EDIT,"Ask for investment and net exports directly, preserving all data and choices."
ECON-NL-HARD-201,gdp-measurement,visual,KEEP — natural or borderline,Valid attached graph or a conceptual/numerical use of the word; wording is natural in context. Exact stem exceptions and rationale are recorded in the visual allowlist.
ECON-NL-LEGENDARY-9011,gdp-measurement,wrapper,EDIT,Ask directly for the contribution of the resale service and new inventory to GDP.
ECON-EC-EASYBOSS-17004,gdp-measurement,wrapper,EDIT,Ask for GDP and its relationship to value added directly.
ECON-EC-EASYBOSS-17010,gdp-measurement,wrapper,EDIT,Ask directly about current production and the later inventory sale.
ECON-EC-EASYBOSS-17014,gdp-measurement,wrapper,KEEP — natural or borderline,"Retain the genuine claim/diagnosis, inference or evidence-comparison task, or ordinary reporting context; no high-confidence unnecessary wrapper identified."
ECON-NL-EASYBOSS-2000,gdp-measurement,wrapper,EDIT,Ask for GDP and its relationship to value added directly.
ECON-NL-EASYBOSS-2002,gdp-measurement,wrapper,EDIT,Ask directly about current production and the later inventory sale.
ECON-NL-EASYBOSS-2005,gdp-measurement,wrapper,KEEP — natural or borderline,"Retain the genuine claim/diagnosis, inference or evidence-comparison task, or ordinary reporting context; no high-confidence unnecessary wrapper identified."
P52B-S3-GDPM-B2-001,gdp-measurement,wrapper,EDIT,Ask directly about current production and the later inventory sale.
P52B-S3-GDPM-B3-001,gdp-measurement,wrapper,KEEP — natural or borderline,"Retain the genuine claim/diagnosis, inference or evidence-comparison task, or ordinary reporting context; no high-confidence unnecessary wrapper identified."
P52B-S3-GDPM-B3-003,gdp-measurement,wrapper,EDIT,Ask for GDP and its relationship to value added directly.
ECON-MG-LEGENDARY-9043,incentives,wrapper,KEEP — protected,Frozen Micro/shared content or protected Market Gate; detection only. Visual metadata verified separately.
P74-INC-LB-004,incentives,wrapper,KEEP — protected,Frozen Micro/shared content or protected Market Gate; detection only. Visual metadata verified separately.
P74-INC-LB-009,incentives,wrapper,KEEP — protected,Frozen Micro/shared content or protected Market Gate; detection only. Visual metadata verified separately.
ECON-NL-EASY-34,indexing-and-real-values,visual,KEEP — natural or borderline,Valid attached graph or a conceptual/numerical use of the word; wording is natural in context. Exact stem exceptions and rationale are recorded in the visual allowlist.
LG-Q-244,inflation-costs,rate,KEEP — natural or borderline,"The context identifies interest, inflation, unemployment or another non-exchange rate; no exchange-rate ambiguity requiring this repair."
LG-Q-343,inflation-costs,rate,KEEP — natural or borderline,"The context identifies interest, inflation, unemployment or another non-exchange rate; no exchange-rate ambiguity requiring this repair."
LG-Q-344,inflation-costs,rate,KEEP — natural or borderline,"The context identifies interest, inflation, unemployment or another non-exchange rate; no exchange-rate ambiguity requiring this repair."
LG-Q-9037,inflation-costs,rate,KEEP — natural or borderline,"The context identifies interest, inflation, unemployment or another non-exchange rate; no exchange-rate ambiguity requiring this repair."
LG-Q-9038,inflation-costs,rate,KEEP — natural or borderline,"The context identifies interest, inflation, unemployment or another non-exchange rate; no exchange-rate ambiguity requiring this repair."
PM2C2-ICOST-EB-002,inflation-costs,wrapper,KEEP — natural or borderline,"Retain the genuine claim/diagnosis, inference or evidence-comparison task, or ordinary reporting context; no high-confidence unnecessary wrapper identified."
PM2C2-ICOST-FB-006,inflation-costs,wrapper,KEEP — natural or borderline,"Retain the genuine claim/diagnosis, inference or evidence-comparison task, or ordinary reporting context; no high-confidence unnecessary wrapper identified."
LG-Q-9119,inflation-costs,rate,KEEP — natural or borderline,"The context identifies interest, inflation, unemployment or another non-exchange rate; no exchange-rate ambiguity requiring this repair."
LG-Q-9125,inflation-costs,wrapper,KEEP — natural or borderline,"Retain the genuine claim/diagnosis, inference or evidence-comparison task, or ordinary reporting context; no high-confidence unnecessary wrapper identified."
PM2C2-ITAX-L-003,inflation-tax-and-deflation,rate,KEEP — natural or borderline,"The context identifies interest, inflation, unemployment or another non-exchange rate; no exchange-rate ambiguity requiring this repair."
PM2C2-ITAX-M-001,inflation-tax-and-deflation,rate,KEEP — natural or borderline,"The context identifies interest, inflation, unemployment or another non-exchange rate; no exchange-rate ambiguity requiring this repair."
LG-Q-348,inflation-tax-and-deflation,rate,KEEP — natural or borderline,"The context identifies interest, inflation, unemployment or another non-exchange rate; no exchange-rate ambiguity requiring this repair."
LG-Q-3013,inflation-tax-and-deflation,wrapper,KEEP — natural or borderline,"Retain the genuine claim/diagnosis, inference or evidence-comparison task, or ordinary reporting context; no high-confidence unnecessary wrapper identified."
LG-Q-3014,inflation-tax-and-deflation,reciprocal,KEEP — natural or borderline,Reciprocal describes a useful mathematical relationship outside the currency-quotation pattern; preserve the calculation.
PM2C2-ITAX-EB-002,inflation-tax-and-deflation,reciprocal,KEEP — natural or borderline,Reciprocal describes a useful mathematical relationship outside the currency-quotation pattern; preserve the calculation.
LG-Q-9124,inflation-tax-and-deflation,wrapper,KEEP — natural or borderline,"Retain the genuine claim/diagnosis, inference or evidence-comparison task, or ordinary reporting context; no high-confidence unnecessary wrapper identified."
PM2C2-ITAX-LB-001,inflation-tax-and-deflation,reciprocal,KEEP — natural or borderline,Reciprocal describes a useful mathematical relationship outside the currency-quotation pattern; preserve the calculation.
ECON-SP-ELITE-334,integrated-macroeconomic-analysis,wrapper,KEEP — natural or borderline,"Retain the genuine claim/diagnosis, inference or evidence-comparison task, or ordinary reporting context; no high-confidence unnecessary wrapper identified."
ECON-SP-ELITE-335,integrated-macroeconomic-analysis,wrapper,KEEP — natural or borderline,"Retain the genuine claim/diagnosis, inference or evidence-comparison task, or ordinary reporting context; no high-confidence unnecessary wrapper identified."
ECON-SP-LEGENDARY-9005,integrated-macroeconomic-analysis,wrapper,KEEP — natural or borderline,"Retain the genuine claim/diagnosis, inference or evidence-comparison task, or ordinary reporting context; no high-confidence unnecessary wrapper identified."
ECON-SP-LEGENDARY-9006,integrated-macroeconomic-analysis,wrapper,KEEP — natural or borderline,"Retain the genuine claim/diagnosis, inference or evidence-comparison task, or ordinary reporting context; no high-confidence unnecessary wrapper identified."
ECON-SP-LEGENDARY-9012,integrated-macroeconomic-analysis,wrapper,KEEP — natural or borderline,"Retain the genuine claim/diagnosis, inference or evidence-comparison task, or ordinary reporting context; no high-confidence unnecessary wrapper identified."
ECON-SP-LEGENDARY-9026,integrated-macroeconomic-analysis,rate,KEEP — natural or borderline,"The context identifies interest, inflation, unemployment or another non-exchange rate; no exchange-rate ambiguity requiring this repair."
ECON-SP-FINALBOSS-4005,integrated-macroeconomic-analysis,rate,KEEP — natural or borderline,"The context identifies interest, inflation, unemployment or another non-exchange rate; no exchange-rate ambiguity requiring this repair."
ECON-SP-FINALBOSS-4006,integrated-macroeconomic-analysis,visual; wrapper,KEEP — natural or borderline,"Retain the genuine claim/diagnosis, inference or evidence-comparison task, or ordinary reporting context; no high-confidence unnecessary wrapper identified."
ECON-SP-FINALBOSS-4007,integrated-macroeconomic-analysis,visual,KEEP — natural or borderline,Valid attached graph or a conceptual/numerical use of the word; wording is natural in context. Exact stem exceptions and rationale are recorded in the visual allowlist.
ECON-SP-FINALBOSS-4009,integrated-macroeconomic-analysis,visual,KEEP — natural or borderline,Valid attached graph or a conceptual/numerical use of the word; wording is natural in context. Exact stem exceptions and rationale are recorded in the visual allowlist.
ECON-SP-FINALBOSS-4011,integrated-macroeconomic-analysis,rate,KEEP — natural or borderline,"The context identifies interest, inflation, unemployment or another non-exchange rate; no exchange-rate ambiguity requiring this repair."
ECON-SP-FINALBOSS-4012,integrated-macroeconomic-analysis,rate,KEEP — natural or borderline,"The context identifies interest, inflation, unemployment or another non-exchange rate; no exchange-rate ambiguity requiring this repair."
ECON-SP-FINALBOSS-4016,integrated-macroeconomic-analysis,textbook,EDIT,Name the simplified banking framework while preserving its reserve-retention assumptions.
ECON-SP-FINALBOSS-4023,integrated-macroeconomic-analysis,rate; wrapper,EDIT,Remove an unnecessary incorrect forecast while preserving the quantity-equation and Fisher calculations.
ECON-SP-MEDIUMBOSS-3005,integrated-macroeconomic-analysis,wrapper,EDIT,Ask directly for real output after the nominal and price changes.
ECON-SP-LEGENDARYBOSS-9102,integrated-macroeconomic-analysis,visual,KEEP — natural or borderline,Valid attached graph or a conceptual/numerical use of the word; wording is natural in context. Exact stem exceptions and rationale are recorded in the visual allowlist.
ECON-SP-LEGENDARYBOSS-9103,integrated-macroeconomic-analysis,visual,KEEP — natural or borderline,Valid attached graph or a conceptual/numerical use of the word; wording is natural in context. Exact stem exceptions and rationale are recorded in the visual allowlist.
ECON-SP-LEGENDARYBOSS-9107,integrated-macroeconomic-analysis,visual,KEEP — natural or borderline,Valid attached graph or a conceptual/numerical use of the word; wording is natural in context. Exact stem exceptions and rationale are recorded in the visual allowlist.
ECON-SP-LEGENDARYBOSS-9108,integrated-macroeconomic-analysis,visual,KEEP — natural or borderline,Valid attached graph or a conceptual/numerical use of the word; wording is natural in context. Exact stem exceptions and rationale are recorded in the visual allowlist.
ECON-SP-LEGENDARYBOSS-9109,integrated-macroeconomic-analysis,visual; wrapper,KEEP — natural or borderline,"Retain the genuine claim/diagnosis, inference or evidence-comparison task, or ordinary reporting context; no high-confidence unnecessary wrapper identified."
ECON-SP-LEGENDARYBOSS-9115,integrated-macroeconomic-analysis,visual,KEEP — natural or borderline,Valid attached graph or a conceptual/numerical use of the word; wording is natural in context. Exact stem exceptions and rationale are recorded in the visual allowlist.
ECON-SP-LEGENDARYBOSS-9119,integrated-macroeconomic-analysis,rate,KEEP — natural or borderline,"The context identifies interest, inflation, unemployment or another non-exchange rate; no exchange-rate ambiguity requiring this repair."
PM2E-CH-LEG-002,integrated-macroeconomic-analysis,rate,KEEP — natural or borderline,"The context identifies interest, inflation, unemployment or another non-exchange rate; no exchange-rate ambiguity requiring this repair."
P62D-ITP-E-031,international-trade-and-trade-policy,visual,KEEP — protected,Frozen Micro/shared content or protected Market Gate; detection only. Visual metadata verified separately.
P62D-ITP-E-034,international-trade-and-trade-policy,visual,KEEP — protected,Frozen Micro/shared content or protected Market Gate; detection only. Visual metadata verified separately.
P62D-ITP-E-037,international-trade-and-trade-policy,visual,KEEP — protected,Frozen Micro/shared content or protected Market Gate; detection only. Visual metadata verified separately.
P62D-ITP-E-038,international-trade-and-trade-policy,visual,KEEP — protected,Frozen Micro/shared content or protected Market Gate; detection only. Visual metadata verified separately.
P62D-ITP-E-039,international-trade-and-trade-policy,visual,KEEP — protected,Frozen Micro/shared content or protected Market Gate; detection only. Visual metadata verified separately.
P62D-ITP-E-040,international-trade-and-trade-policy,visual,KEEP — protected,Frozen Micro/shared content or protected Market Gate; detection only. Visual metadata verified separately.
P62D-ITP-M-032,international-trade-and-trade-policy,visual,KEEP — protected,Frozen Micro/shared content or protected Market Gate; detection only. Visual metadata verified separately.
P62D-ITP-M-034,international-trade-and-trade-policy,visual,KEEP — protected,Frozen Micro/shared content or protected Market Gate; detection only. Visual metadata verified separately.
P62D-ITP-M-035,international-trade-and-trade-policy,visual,KEEP — protected,Frozen Micro/shared content or protected Market Gate; detection only. Visual metadata verified separately.
P62D-ITP-M-036,international-trade-and-trade-policy,visual,KEEP — protected,Frozen Micro/shared content or protected Market Gate; detection only. Visual metadata verified separately.
P62D-ITP-M-037,international-trade-and-trade-policy,visual,KEEP — protected,Frozen Micro/shared content or protected Market Gate; detection only. Visual metadata verified separately.
P62D-ITP-M-038,international-trade-and-trade-policy,visual,KEEP — protected,Frozen Micro/shared content or protected Market Gate; detection only. Visual metadata verified separately.
P62D-ITP-M-039,international-trade-and-trade-policy,visual,KEEP — protected,Frozen Micro/shared content or protected Market Gate; detection only. Visual metadata verified separately.
P62D-ITP-M-040,international-trade-and-trade-policy,visual,KEEP — protected,Frozen Micro/shared content or protected Market Gate; detection only. Visual metadata verified separately.
P62D-ITP-M-041,international-trade-and-trade-policy,visual,KEEP — protected,Frozen Micro/shared content or protected Market Gate; detection only. Visual metadata verified separately.
P62D-ITP-M-042,international-trade-and-trade-policy,visual,KEEP — protected,Frozen Micro/shared content or protected Market Gate; detection only. Visual metadata verified separately.
P62D-ITP-H-008,international-trade-and-trade-policy,visual,KEEP — protected,Frozen Micro/shared content or protected Market Gate; detection only. Visual metadata verified separately.
P62D-ITP-H-013,international-trade-and-trade-policy,visual,KEEP — protected,Frozen Micro/shared content or protected Market Gate; detection only. Visual metadata verified separately.
P62D-ITP-H-014,international-trade-and-trade-policy,visual,KEEP — protected,Frozen Micro/shared content or protected Market Gate; detection only. Visual metadata verified separately.
P62D-ITP-H-039,international-trade-and-trade-policy,visual,KEEP — protected,Frozen Micro/shared content or protected Market Gate; detection only. Visual metadata verified separately.
P62D-ITP-H-009,international-trade-and-trade-policy,visual,KEEP — protected,Frozen Micro/shared content or protected Market Gate; detection only. Visual metadata verified separately.
P62D-ITP-H-010,international-trade-and-trade-policy,visual,KEEP — protected,Frozen Micro/shared content or protected Market Gate; detection only. Visual metadata verified separately.
P62D-ITP-H-011,international-trade-and-trade-policy,visual,KEEP — protected,Frozen Micro/shared content or protected Market Gate; detection only. Visual metadata verified separately.
P62D-ITP-H-012,international-trade-and-trade-policy,visual,KEEP — protected,Frozen Micro/shared content or protected Market Gate; detection only. Visual metadata verified separately.
P62D-ITP-H-015,international-trade-and-trade-policy,visual,KEEP — protected,Frozen Micro/shared content or protected Market Gate; detection only. Visual metadata verified separately.
P62D-ITP-H-035,international-trade-and-trade-policy,visual,KEEP — protected,Frozen Micro/shared content or protected Market Gate; detection only. Visual metadata verified separately.
P62D-ITP-H-036,international-trade-and-trade-policy,visual,KEEP — protected,Frozen Micro/shared content or protected Market Gate; detection only. Visual metadata verified separately.
P62D-ITP-H-037,international-trade-and-trade-policy,visual,KEEP — protected,Frozen Micro/shared content or protected Market Gate; detection only. Visual metadata verified separately.
P62D-ITP-H-038,international-trade-and-trade-policy,visual,KEEP — protected,Frozen Micro/shared content or protected Market Gate; detection only. Visual metadata verified separately.
P62D-ITP-H-041,international-trade-and-trade-policy,visual,KEEP — protected,Frozen Micro/shared content or protected Market Gate; detection only. Visual metadata verified separately.
P62D-ITP-H-042,international-trade-and-trade-policy,visual,KEEP — protected,Frozen Micro/shared content or protected Market Gate; detection only. Visual metadata verified separately.
PMA-ITP-H-038,international-trade-and-trade-policy,visual,KEEP — protected,Frozen Micro/shared content or protected Market Gate; detection only. Visual metadata verified separately.
P62D-ITP-EL-037,international-trade-and-trade-policy,visual,KEEP — protected,Frozen Micro/shared content or protected Market Gate; detection only. Visual metadata verified separately.
P62D-ITP-EL-017,international-trade-and-trade-policy,wrapper,KEEP — protected,Frozen Micro/shared content or protected Market Gate; detection only. Visual metadata verified separately.
P62D-ITP-L-003,international-trade-and-trade-policy,wrapper,KEEP — protected,Frozen Micro/shared content or protected Market Gate; detection only. Visual metadata verified separately.
P62D-ITP-L-015,international-trade-and-trade-policy,wrapper,KEEP — protected,Frozen Micro/shared content or protected Market Gate; detection only. Visual metadata verified separately.
P62D-ITP-L-027,international-trade-and-trade-policy,wrapper,KEEP — protected,Frozen Micro/shared content or protected Market Gate; detection only. Visual metadata verified separately.
P62D-ITP-L-033,international-trade-and-trade-policy,wrapper,KEEP — protected,Frozen Micro/shared content or protected Market Gate; detection only. Visual metadata verified separately.
P62D-ITP-L-045,international-trade-and-trade-policy,wrapper,KEEP — protected,Frozen Micro/shared content or protected Market Gate; detection only. Visual metadata verified separately.
P62D-ITP-L-057,international-trade-and-trade-policy,wrapper,KEEP — protected,Frozen Micro/shared content or protected Market Gate; detection only. Visual metadata verified separately.
P62D-ITP-L-062,international-trade-and-trade-policy,wrapper,KEEP — protected,Frozen Micro/shared content or protected Market Gate; detection only. Visual metadata verified separately.
P62D-ITP-L-064,international-trade-and-trade-policy,wrapper,KEEP — protected,Frozen Micro/shared content or protected Market Gate; detection only. Visual metadata verified separately.
P62D-ITP-L-066,international-trade-and-trade-policy,wrapper,KEEP — protected,Frozen Micro/shared content or protected Market Gate; detection only. Visual metadata verified separately.
P62D-ITP-L-068,international-trade-and-trade-policy,wrapper,KEEP — protected,Frozen Micro/shared content or protected Market Gate; detection only. Visual metadata verified separately.
P62D-ITP-L-070,international-trade-and-trade-policy,wrapper,KEEP — protected,Frozen Micro/shared content or protected Market Gate; detection only. Visual metadata verified separately.
P62D-ITP-L-072,international-trade-and-trade-policy,wrapper,KEEP — protected,Frozen Micro/shared content or protected Market Gate; detection only. Visual metadata verified separately.
P62D-ITP-L-074,international-trade-and-trade-policy,wrapper,KEEP — protected,Frozen Micro/shared content or protected Market Gate; detection only. Visual metadata verified separately.
P62D-ITP-L-076,international-trade-and-trade-policy,wrapper,KEEP — protected,Frozen Micro/shared content or protected Market Gate; detection only. Visual metadata verified separately.
P62D-ITP-L-078,international-trade-and-trade-policy,wrapper,KEEP — protected,Frozen Micro/shared content or protected Market Gate; detection only. Visual metadata verified separately.
P62D-ITP-L-080,international-trade-and-trade-policy,wrapper,KEEP — protected,Frozen Micro/shared content or protected Market Gate; detection only. Visual metadata verified separately.
P62D-ITP-L-095,international-trade-and-trade-policy,visual,KEEP — protected,Frozen Micro/shared content or protected Market Gate; detection only. Visual metadata verified separately.
P62D-ITP-L-096,international-trade-and-trade-policy,visual,KEEP — protected,Frozen Micro/shared content or protected Market Gate; detection only. Visual metadata verified separately.
P62D-ITP-L-097,international-trade-and-trade-policy,visual,KEEP — protected,Frozen Micro/shared content or protected Market Gate; detection only. Visual metadata verified separately.
P62D-ITP-L-098,international-trade-and-trade-policy,visual,KEEP — protected,Frozen Micro/shared content or protected Market Gate; detection only. Visual metadata verified separately.
P62D-ITP-L-099,international-trade-and-trade-policy,visual,KEEP — protected,Frozen Micro/shared content or protected Market Gate; detection only. Visual metadata verified separately.
P62D-ITP-L-100,international-trade-and-trade-policy,visual,KEEP — protected,Frozen Micro/shared content or protected Market Gate; detection only. Visual metadata verified separately.
P62D-ITP-B2-037,international-trade-and-trade-policy,visual,KEEP — protected,Frozen Micro/shared content or protected Market Gate; detection only. Visual metadata verified separately.
P62D-ITP-B3-037,international-trade-and-trade-policy,notation,KEEP — protected,Frozen Micro/shared content or protected Market Gate; detection only. Visual metadata verified separately.
P62D-ITP-B3-039,international-trade-and-trade-policy,visual,KEEP — protected,Frozen Micro/shared content or protected Market Gate; detection only. Visual metadata verified separately.
P62D-ITP-B3-040,international-trade-and-trade-policy,visual,KEEP — protected,Frozen Micro/shared content or protected Market Gate; detection only. Visual metadata verified separately.
P62D-ITP-B3-041,international-trade-and-trade-policy,visual,KEEP — protected,Frozen Micro/shared content or protected Market Gate; detection only. Visual metadata verified separately.
P62D-ITP-B3-053,international-trade-and-trade-policy,visual; wrapper,KEEP — protected,Frozen Micro/shared content or protected Market Gate; detection only. Visual metadata verified separately.
P62D-ITP-B3-054,international-trade-and-trade-policy,visual,KEEP — protected,Frozen Micro/shared content or protected Market Gate; detection only. Visual metadata verified separately.
P62D-ITP-B3-055,international-trade-and-trade-policy,visual,KEEP — protected,Frozen Micro/shared content or protected Market Gate; detection only. Visual metadata verified separately.
PMOE-TX-E-004,international-transactions-and-identities,notation,KEEP — natural or borderline,"A relevant formula, accounting identity, answer choice or worked feedback; the stem already states the economic situation or expressly asks for the formula."
PMOE-TX-M-001,international-transactions-and-identities,notation,KEEP — natural or borderline,"A relevant formula, accounting identity, answer choice or worked feedback; the stem already states the economic situation or expressly asks for the formula."
PMOE-TX-M-004,international-transactions-and-identities,notation,KEEP — natural or borderline,"A relevant formula, accounting identity, answer choice or worked feedback; the stem already states the economic situation or expressly asks for the formula."
PMOE-TX-H-005,international-transactions-and-identities,notation,KEEP — natural or borderline,"A relevant formula, accounting identity, answer choice or worked feedback; the stem already states the economic situation or expressly asks for the formula."
PMOE-TX-H-001,international-transactions-and-identities,notation,KEEP — natural or borderline,"A relevant formula, accounting identity, answer choice or worked feedback; the stem already states the economic situation or expressly asks for the formula."
PMOE-TX-H-003,international-transactions-and-identities,wrapper,KEEP — natural or borderline,"Retain the genuine claim/diagnosis, inference or evidence-comparison task, or ordinary reporting context; no high-confidence unnecessary wrapper identified."
PMOE-TX-L-001,international-transactions-and-identities,wrapper,EDIT,Ask directly for GDP and saving changes; imported components still require separate accounting.
PMOE-TX-L-004,international-transactions-and-identities,visual,KEEP — natural or borderline,Valid attached graph or a conceptual/numerical use of the word; wording is natural in context. Exact stem exceptions and rationale are recorded in the visual allowlist.
PMOE-TX-L-005,international-transactions-and-identities,wrapper,EDIT,Replace reconciliation terminology with the actual private-saving and trade-balance questions.
PMOE-TX-L-006,international-transactions-and-identities,visual,KEEP — natural or borderline,Valid attached graph or a conceptual/numerical use of the word; wording is natural in context. Exact stem exceptions and rationale are recorded in the visual allowlist.
PMOE-TX-B1-002,international-transactions-and-identities,notation,KEEP — natural or borderline,"A relevant formula, accounting identity, answer choice or worked feedback; the stem already states the economic situation or expressly asks for the formula."
PMOE-TX-B3-001,international-transactions-and-identities,visual; wrapper,KEEP — natural or borderline,"Retain the genuine claim/diagnosis, inference or evidence-comparison task, or ordinary reporting context; no high-confidence unnecessary wrapper identified."
PMOE-TX-LB-001,international-transactions-and-identities,notation,KEEP — natural or borderline,"A relevant formula, accounting identity, answer choice or worked feedback; the stem already states the economic situation or expressly asks for the formula."
PMOE-TX-R-001,international-transactions-and-identities,wrapper,KEEP — natural or borderline,"Retain the genuine claim/diagnosis, inference or evidence-comparison task, or ordinary reporting context; no high-confidence unnecessary wrapper identified."
ECON-NL-FINALBOSS-4032,labor-market-institutions,wrapper,KEEP — natural or borderline,"Retain the genuine claim/diagnosis, inference or evidence-comparison task, or ordinary reporting context; no high-confidence unnecessary wrapper identified."
PM2B4-LMI-EB-001,labor-market-institutions,wrapper,KEEP — natural or borderline,"Retain the genuine claim/diagnosis, inference or evidence-comparison task, or ordinary reporting context; no high-confidence unnecessary wrapper identified."
PM2B1-GDPL-H-003,limits-of-gdp,wrapper,KEEP — natural or borderline,"Retain the genuine claim/diagnosis, inference or evidence-comparison task, or ordinary reporting context; no high-confidence unnecessary wrapper identified."
ECON-NL-LEGENDARY-9014,limits-of-gdp,visual,KEEP — natural or borderline,Valid attached graph or a conceptual/numerical use of the word; wording is natural in context. Exact stem exceptions and rationale are recorded in the visual allowlist.
ECON-EC-EASYBOSS-17017,limits-of-gdp,wrapper,EDIT,Ask directly what the output and omitted welfare evidence establish.
ECON-NL-EASYBOSS-2017,limits-of-gdp,wrapper,KEEP — natural or borderline,"Retain the genuine claim/diagnosis, inference or evidence-comparison task, or ordinary reporting context; no high-confidence unnecessary wrapper identified."
PM2B1-GDPL-FB-004,limits-of-gdp,wrapper,EDIT,Ask directly what the output and omitted welfare evidence establish.
PM2B1-GDPL-MB-001,limits-of-gdp,wrapper,EDIT,Ask directly what the output and omitted welfare evidence establish.
PM2B1-GDPL-LB-001,limits-of-gdp,wrapper,KEEP — natural or borderline,"Retain the genuine claim/diagnosis, inference or evidence-comparison task, or ordinary reporting context; no high-confidence unnecessary wrapper identified."
LG-Q-39,liquidity-preference-and-money-market,rate,KEEP — natural or borderline,"The context identifies interest, inflation, unemployment or another non-exchange rate; no exchange-rate ambiguity requiring this repair."
LG-Q-40,liquidity-preference-and-money-market,rate,KEEP — natural or borderline,"The context identifies interest, inflation, unemployment or another non-exchange rate; no exchange-rate ambiguity requiring this repair."
ECON-SP-MEDIUM-142,liquidity-preference-and-money-market,visual,KEEP — natural or borderline,Valid attached graph or a conceptual/numerical use of the word; wording is natural in context. Exact stem exceptions and rationale are recorded in the visual allowlist.
ECON-SP-MEDIUM-143,liquidity-preference-and-money-market,rate; visual,KEEP — natural or borderline,"The context identifies interest, inflation, unemployment or another non-exchange rate; no exchange-rate ambiguity requiring this repair."
ECON-SP-MEDIUM-144,liquidity-preference-and-money-market,visual,KEEP — natural or borderline,Valid attached graph or a conceptual/numerical use of the word; wording is natural in context. Exact stem exceptions and rationale are recorded in the visual allowlist.
PG4-MM-M-003,liquidity-preference-and-money-market,visual,KEEP — natural or borderline,Valid attached graph or a conceptual/numerical use of the word; wording is natural in context. Exact stem exceptions and rationale are recorded in the visual allowlist.
PG4-MM-M-004,liquidity-preference-and-money-market,visual,KEEP — natural or borderline,Valid attached graph or a conceptual/numerical use of the word; wording is natural in context. Exact stem exceptions and rationale are recorded in the visual allowlist.
ECON-SP-HARD-224,liquidity-preference-and-money-market,rate; visual,KEEP — natural or borderline,"The context identifies interest, inflation, unemployment or another non-exchange rate; no exchange-rate ambiguity requiring this repair."
ECON-SP-HARD-226,liquidity-preference-and-money-market,visual,KEEP — natural or borderline,Valid attached graph or a conceptual/numerical use of the word; wording is natural in context. Exact stem exceptions and rationale are recorded in the visual allowlist.
LG-Q-258,liquidity-preference-and-money-market,rate,KEEP — natural or borderline,"The context identifies interest, inflation, unemployment or another non-exchange rate; no exchange-rate ambiguity requiring this repair."
PG4-MM-H-001,liquidity-preference-and-money-market,rate,KEEP — natural or borderline,"The context identifies interest, inflation, unemployment or another non-exchange rate; no exchange-rate ambiguity requiring this repair."
PG4-MM-H-002,liquidity-preference-and-money-market,rate,KEEP — natural or borderline,"The context identifies interest, inflation, unemployment or another non-exchange rate; no exchange-rate ambiguity requiring this repair."
PG4-MM-H-003,liquidity-preference-and-money-market,rate,KEEP — natural or borderline,"The context identifies interest, inflation, unemployment or another non-exchange rate; no exchange-rate ambiguity requiring this repair."
ECON-SP-ELITE-316,liquidity-preference-and-money-market,visual,KEEP — natural or borderline,Valid attached graph or a conceptual/numerical use of the word; wording is natural in context. Exact stem exceptions and rationale are recorded in the visual allowlist.
ECON-SP-ELITE-317,liquidity-preference-and-money-market,visual,KEEP — natural or borderline,Valid attached graph or a conceptual/numerical use of the word; wording is natural in context. Exact stem exceptions and rationale are recorded in the visual allowlist.
PG4-MM-EL-004,liquidity-preference-and-money-market,rate,KEEP — natural or borderline,"The context identifies interest, inflation, unemployment or another non-exchange rate; no exchange-rate ambiguity requiring this repair."
LG-Q-259,liquidity-preference-and-money-market,rate,KEEP — natural or borderline,"The context identifies interest, inflation, unemployment or another non-exchange rate; no exchange-rate ambiguity requiring this repair."
PG4-MM-EL-002,liquidity-preference-and-money-market,visual,KEEP — natural or borderline,Valid attached graph or a conceptual/numerical use of the word; wording is natural in context. Exact stem exceptions and rationale are recorded in the visual allowlist.
PG4-MM-EL-003,liquidity-preference-and-money-market,visual,KEEP — natural or borderline,Valid attached graph or a conceptual/numerical use of the word; wording is natural in context. Exact stem exceptions and rationale are recorded in the visual allowlist.
PG4-MM-L-003,liquidity-preference-and-money-market,visual,KEEP — natural or borderline,Valid attached graph or a conceptual/numerical use of the word; wording is natural in context. Exact stem exceptions and rationale are recorded in the visual allowlist.
PM2C3-LPMM-L-002,liquidity-preference-and-money-market,rate; visual,KEEP — natural or borderline,"The context identifies interest, inflation, unemployment or another non-exchange rate; no exchange-rate ambiguity requiring this repair."
PM2C3-LPMM-L-003,liquidity-preference-and-money-market,visual,KEEP — natural or borderline,Valid attached graph or a conceptual/numerical use of the word; wording is natural in context. Exact stem exceptions and rationale are recorded in the visual allowlist.
PM2C3-LPMM-L-005,liquidity-preference-and-money-market,rate,KEEP — natural or borderline,"The context identifies interest, inflation, unemployment or another non-exchange rate; no exchange-rate ambiguity requiring this repair."
ECON-SP-LEGENDARY-9016,liquidity-preference-and-money-market,textbook,EDIT,Refer directly to the liquidity-preference model.
PG4-MM-EL-005,liquidity-preference-and-money-market,rate,KEEP — natural or borderline,"The context identifies interest, inflation, unemployment or another non-exchange rate; no exchange-rate ambiguity requiring this repair."
PG4-MM-L-004,liquidity-preference-and-money-market,visual,KEEP — natural or borderline,Valid attached graph or a conceptual/numerical use of the word; wording is natural in context. Exact stem exceptions and rationale are recorded in the visual allowlist.
PM2C3-LPMM-L-001,liquidity-preference-and-money-market,rate,KEEP — natural or borderline,"The context identifies interest, inflation, unemployment or another non-exchange rate; no exchange-rate ambiguity requiring this repair."
PM2C3-LPMM-L-007,liquidity-preference-and-money-market,rate; wrapper,KEEP — natural or borderline,"Retain the genuine claim/diagnosis, inference or evidence-comparison task, or ordinary reporting context; no high-confidence unnecessary wrapper identified."
LG-Q-4001,liquidity-preference-and-money-market,rate,KEEP — natural or borderline,"The context identifies interest, inflation, unemployment or another non-exchange rate; no exchange-rate ambiguity requiring this repair."
P52B-S3-LPMM-B1-003,liquidity-preference-and-money-market,rate; visual,KEEP — natural or borderline,"The context identifies interest, inflation, unemployment or another non-exchange rate; no exchange-rate ambiguity requiring this repair."
P52B-S3-LPMM-B2-002,liquidity-preference-and-money-market,wrapper,KEEP — natural or borderline,"Retain the genuine claim/diagnosis, inference or evidence-comparison task, or ordinary reporting context; no high-confidence unnecessary wrapper identified."
LG-Q-9130,liquidity-preference-and-money-market,wrapper,KEEP — natural or borderline,"Retain the genuine claim/diagnosis, inference or evidence-comparison task, or ordinary reporting context; no high-confidence unnecessary wrapper identified."
P52B-S3-LPMM-LB-001,liquidity-preference-and-money-market,wrapper,KEEP — natural or borderline,"Retain the genuine claim/diagnosis, inference or evidence-comparison task, or ordinary reporting context; no high-confidence unnecessary wrapper identified."
PM2C3-LPMM-LB-002,liquidity-preference-and-money-market,rate; visual,KEEP — natural or borderline,"The context identifies interest, inflation, unemployment or another non-exchange rate; no exchange-rate ambiguity requiring this repair."
LG-R-5040,liquidity-preference-and-money-market,rate; visual,EDIT,Ask conceptually about the money-demand curve without referring to an unattached diagram.
LG-B-6017,liquidity-preference-and-money-market,rate,KEEP — natural or borderline,"The context identifies interest, inflation, unemployment or another non-exchange rate; no exchange-rate ambiguity requiring this repair."
LG-B-6018,liquidity-preference-and-money-market,rate,KEEP — natural or borderline,"The context identifies interest, inflation, unemployment or another non-exchange rate; no exchange-rate ambiguity requiring this repair."
PM2C3-LPMM-BR-001,liquidity-preference-and-money-market,visual,KEEP — natural or borderline,Valid attached graph or a conceptual/numerical use of the word; wording is natural in context. Exact stem exceptions and rationale are recorded in the visual allowlist.
ECON-NL-MEDIUMBOSS-3002,living-standards-and-growth,visual,KEEP — natural or borderline,Valid attached graph or a conceptual/numerical use of the word; wording is natural in context. Exact stem exceptions and rationale are recorded in the visual allowlist.
ECON-NL-MEDIUMBOSS-3003,living-standards-and-growth,wrapper,KEEP — natural or borderline,"Retain the genuine claim/diagnosis, inference or evidence-comparison task, or ordinary reporting context; no high-confidence unnecessary wrapper identified."
ECON-NL-MEDIUMBOSS-3004,living-standards-and-growth,visual,KEEP — natural or borderline,Valid attached graph or a conceptual/numerical use of the word; wording is natural in context. Exact stem exceptions and rationale are recorded in the visual allowlist.
P52B-S2-LSG-B1-002,living-standards-and-growth,visual,KEEP — natural or borderline,Valid attached graph or a conceptual/numerical use of the word; wording is natural in context. Exact stem exceptions and rationale are recorded in the visual allowlist.
P52B-S2-LSG-B1-003,living-standards-and-growth,wrapper,KEEP — natural or borderline,"Retain the genuine claim/diagnosis, inference or evidence-comparison task, or ordinary reporting context; no high-confidence unnecessary wrapper identified."
P52B-S2-LSG-B3-001,living-standards-and-growth,visual,KEEP — natural or borderline,Valid attached graph or a conceptual/numerical use of the word; wording is natural in context. Exact stem exceptions and rationale are recorded in the visual allowlist.
ECON-EC-MEDIUMBOSS-18006,living-standards-and-growth,visual,KEEP — natural or borderline,Valid attached graph or a conceptual/numerical use of the word; wording is natural in context. Exact stem exceptions and rationale are recorded in the visual allowlist.
ECON-NL-LEGENDARYBOSS-9116,living-standards-and-growth,wrapper,KEEP — natural or borderline,"Retain the genuine claim/diagnosis, inference or evidence-comparison task, or ordinary reporting context; no high-confidence unnecessary wrapper identified."
ECON-NL-LEGENDARYBOSS-9117,living-standards-and-growth,visual,KEEP — natural or borderline,Valid attached graph or a conceptual/numerical use of the word; wording is natural in context. Exact stem exceptions and rationale are recorded in the visual allowlist.
43218,loanable-funds-equilibrium,visual,KEEP — natural or borderline,Valid attached graph or a conceptual/numerical use of the word; wording is natural in context. Exact stem exceptions and rationale are recorded in the visual allowlist.
43222,loanable-funds-equilibrium,visual,KEEP — natural or borderline,Valid attached graph or a conceptual/numerical use of the word; wording is natural in context. Exact stem exceptions and rationale are recorded in the visual allowlist.
43226,loanable-funds-equilibrium,rate; visual,KEEP — natural or borderline,"The context identifies interest, inflation, unemployment or another non-exchange rate; no exchange-rate ambiguity requiring this repair."
43244,loanable-funds-equilibrium,rate,KEEP — natural or borderline,"The context identifies interest, inflation, unemployment or another non-exchange rate; no exchange-rate ambiguity requiring this repair."
43223,loanable-funds-equilibrium,visual,KEEP — natural or borderline,Valid attached graph or a conceptual/numerical use of the word; wording is natural in context. Exact stem exceptions and rationale are recorded in the visual allowlist.
43242,loanable-funds-equilibrium,rate,KEEP — natural or borderline,"The context identifies interest, inflation, unemployment or another non-exchange rate; no exchange-rate ambiguity requiring this repair."
43246,loanable-funds-equilibrium,rate,KEEP — natural or borderline,"The context identifies interest, inflation, unemployment or another non-exchange rate; no exchange-rate ambiguity requiring this repair."
43221,loanable-funds-equilibrium,visual,KEEP — natural or borderline,Valid attached graph or a conceptual/numerical use of the word; wording is natural in context. Exact stem exceptions and rationale are recorded in the visual allowlist.
43224,loanable-funds-equilibrium,rate,KEEP — natural or borderline,"The context identifies interest, inflation, unemployment or another non-exchange rate; no exchange-rate ambiguity requiring this repair."
43238,loanable-funds-equilibrium,rate,KEEP — natural or borderline,"The context identifies interest, inflation, unemployment or another non-exchange rate; no exchange-rate ambiguity requiring this repair."
43241,loanable-funds-equilibrium,rate,KEEP — natural or borderline,"The context identifies interest, inflation, unemployment or another non-exchange rate; no exchange-rate ambiguity requiring this repair."
43229,loanable-funds-equilibrium,rate,KEEP — natural or borderline,"The context identifies interest, inflation, unemployment or another non-exchange rate; no exchange-rate ambiguity requiring this repair."
43243,loanable-funds-equilibrium,rate,KEEP — natural or borderline,"The context identifies interest, inflation, unemployment or another non-exchange rate; no exchange-rate ambiguity requiring this repair."
43217,loanable-funds-equilibrium,visual,KEEP — natural or borderline,Valid attached graph or a conceptual/numerical use of the word; wording is natural in context. Exact stem exceptions and rationale are recorded in the visual allowlist.
43219,loanable-funds-equilibrium,rate; visual,KEEP — natural or borderline,"The context identifies interest, inflation, unemployment or another non-exchange rate; no exchange-rate ambiguity requiring this repair."
43231,loanable-funds-equilibrium,notation; rate,KEEP — natural or borderline,"The context identifies interest, inflation, unemployment or another non-exchange rate; no exchange-rate ambiguity requiring this repair."
43245,loanable-funds-equilibrium,rate,KEEP — natural or borderline,"The context identifies interest, inflation, unemployment or another non-exchange rate; no exchange-rate ambiguity requiring this repair."
43248,loanable-funds-equilibrium,rate,KEEP — natural or borderline,"The context identifies interest, inflation, unemployment or another non-exchange rate; no exchange-rate ambiguity requiring this repair."
43250,loanable-funds-shifts,visual,KEEP — natural or borderline,Valid attached graph or a conceptual/numerical use of the word; wording is natural in context. Exact stem exceptions and rationale are recorded in the visual allowlist.
43254,loanable-funds-shifts,visual,KEEP — natural or borderline,Valid attached graph or a conceptual/numerical use of the word; wording is natural in context. Exact stem exceptions and rationale are recorded in the visual allowlist.
43258,loanable-funds-shifts,rate; visual,KEEP — natural or borderline,"The context identifies interest, inflation, unemployment or another non-exchange rate; no exchange-rate ambiguity requiring this repair."
43262,loanable-funds-shifts,visual,KEEP — natural or borderline,Valid attached graph or a conceptual/numerical use of the word; wording is natural in context. Exact stem exceptions and rationale are recorded in the visual allowlist.
43268,loanable-funds-shifts,visual,KEEP — natural or borderline,Valid attached graph or a conceptual/numerical use of the word; wording is natural in context. Exact stem exceptions and rationale are recorded in the visual allowlist.
43276,loanable-funds-shifts,rate,KEEP — natural or borderline,"The context identifies interest, inflation, unemployment or another non-exchange rate; no exchange-rate ambiguity requiring this repair."
43280,loanable-funds-shifts,rate,KEEP — natural or borderline,"The context identifies interest, inflation, unemployment or another non-exchange rate; no exchange-rate ambiguity requiring this repair."
43284,loanable-funds-shifts,rate,KEEP — natural or borderline,"The context identifies interest, inflation, unemployment or another non-exchange rate; no exchange-rate ambiguity requiring this repair."
43308,loanable-funds-shifts,visual,KEEP — natural or borderline,Valid attached graph or a conceptual/numerical use of the word; wording is natural in context. Exact stem exceptions and rationale are recorded in the visual allowlist.
43312,loanable-funds-shifts,visual,KEEP — natural or borderline,Valid attached graph or a conceptual/numerical use of the word; wording is natural in context. Exact stem exceptions and rationale are recorded in the visual allowlist.
43316,loanable-funds-shifts,rate,KEEP — natural or borderline,"The context identifies interest, inflation, unemployment or another non-exchange rate; no exchange-rate ambiguity requiring this repair."
43251,loanable-funds-shifts,rate; visual,KEEP — natural or borderline,"The context identifies interest, inflation, unemployment or another non-exchange rate; no exchange-rate ambiguity requiring this repair."
43253,loanable-funds-shifts,rate; visual,KEEP — natural or borderline,"The context identifies interest, inflation, unemployment or another non-exchange rate; no exchange-rate ambiguity requiring this repair."
43256,loanable-funds-shifts,visual,KEEP — natural or borderline,Valid attached graph or a conceptual/numerical use of the word; wording is natural in context. Exact stem exceptions and rationale are recorded in the visual allowlist.
43260,loanable-funds-shifts,rate; visual,KEEP — natural or borderline,"The context identifies interest, inflation, unemployment or another non-exchange rate; no exchange-rate ambiguity requiring this repair."
43263,loanable-funds-shifts,rate,KEEP — natural or borderline,"The context identifies interest, inflation, unemployment or another non-exchange rate; no exchange-rate ambiguity requiring this repair."
43265,loanable-funds-shifts,rate,KEEP — natural or borderline,"The context identifies interest, inflation, unemployment or another non-exchange rate; no exchange-rate ambiguity requiring this repair."
43270,loanable-funds-shifts,rate; visual,KEEP — natural or borderline,"The context identifies interest, inflation, unemployment or another non-exchange rate; no exchange-rate ambiguity requiring this repair."
43274,loanable-funds-shifts,visual,KEEP — natural or borderline,Valid attached graph or a conceptual/numerical use of the word; wording is natural in context. Exact stem exceptions and rationale are recorded in the visual allowlist.
43277,loanable-funds-shifts,visual,KEEP — natural or borderline,Valid attached graph or a conceptual/numerical use of the word; wording is natural in context. Exact stem exceptions and rationale are recorded in the visual allowlist.
43279,loanable-funds-shifts,visual,KEEP — natural or borderline,Valid attached graph or a conceptual/numerical use of the word; wording is natural in context. Exact stem exceptions and rationale are recorded in the visual allowlist.
43306,loanable-funds-shifts,visual,KEEP — natural or borderline,Valid attached graph or a conceptual/numerical use of the word; wording is natural in context. Exact stem exceptions and rationale are recorded in the visual allowlist.
43310,loanable-funds-shifts,rate; visual,KEEP — natural or borderline,"The context identifies interest, inflation, unemployment or another non-exchange rate; no exchange-rate ambiguity requiring this repair."
43313,loanable-funds-shifts,rate; visual,KEEP — natural or borderline,"The context identifies interest, inflation, unemployment or another non-exchange rate; no exchange-rate ambiguity requiring this repair."
43249,loanable-funds-shifts,visual,KEEP — natural or borderline,Valid attached graph or a conceptual/numerical use of the word; wording is natural in context. Exact stem exceptions and rationale are recorded in the visual allowlist.
43252,loanable-funds-shifts,rate,KEEP — natural or borderline,"The context identifies interest, inflation, unemployment or another non-exchange rate; no exchange-rate ambiguity requiring this repair."
43255,loanable-funds-shifts,rate; wrapper,KEEP — natural or borderline,"Retain the genuine claim/diagnosis, inference or evidence-comparison task, or ordinary reporting context; no high-confidence unnecessary wrapper identified."
43261,loanable-funds-shifts,visual; wrapper,KEEP — natural or borderline,"Retain the genuine claim/diagnosis, inference or evidence-comparison task, or ordinary reporting context; no high-confidence unnecessary wrapper identified."
43264,loanable-funds-shifts,rate,KEEP — natural or borderline,"The context identifies interest, inflation, unemployment or another non-exchange rate; no exchange-rate ambiguity requiring this repair."
43269,loanable-funds-shifts,rate,KEEP — natural or borderline,"The context identifies interest, inflation, unemployment or another non-exchange rate; no exchange-rate ambiguity requiring this repair."
43275,loanable-funds-shifts,rate,KEEP — natural or borderline,"The context identifies interest, inflation, unemployment or another non-exchange rate; no exchange-rate ambiguity requiring this repair."
43278,loanable-funds-shifts,rate; visual,KEEP — natural or borderline,"The context identifies interest, inflation, unemployment or another non-exchange rate; no exchange-rate ambiguity requiring this repair."
43281,loanable-funds-shifts,rate,KEEP — natural or borderline,"The context identifies interest, inflation, unemployment or another non-exchange rate; no exchange-rate ambiguity requiring this repair."
43305,loanable-funds-shifts,rate,KEEP — natural or borderline,"The context identifies interest, inflation, unemployment or another non-exchange rate; no exchange-rate ambiguity requiring this repair."
43317,loanable-funds-shifts,rate,KEEP — natural or borderline,"The context identifies interest, inflation, unemployment or another non-exchange rate; no exchange-rate ambiguity requiring this repair."
43271,loanable-funds-shifts,rate; visual,KEEP — natural or borderline,"The context identifies interest, inflation, unemployment or another non-exchange rate; no exchange-rate ambiguity requiring this repair."
43285,loanable-funds-shifts,rate,KEEP — natural or borderline,"The context identifies interest, inflation, unemployment or another non-exchange rate; no exchange-rate ambiguity requiring this repair."
43257,loanable-funds-shifts,rate; visual,KEEP — natural or borderline,"The context identifies interest, inflation, unemployment or another non-exchange rate; no exchange-rate ambiguity requiring this repair."
43307,loanable-funds-shifts,rate; visual,KEEP — natural or borderline,"The context identifies interest, inflation, unemployment or another non-exchange rate; no exchange-rate ambiguity requiring this repair."
43319,loanable-funds-shifts,rate,KEEP — natural or borderline,"The context identifies interest, inflation, unemployment or another non-exchange rate; no exchange-rate ambiguity requiring this repair."
43259,loanable-funds-shifts,rate; visual,KEEP — natural or borderline,"The context identifies interest, inflation, unemployment or another non-exchange rate; no exchange-rate ambiguity requiring this repair."
43273,loanable-funds-shifts,visual,KEEP — natural or borderline,Valid attached graph or a conceptual/numerical use of the word; wording is natural in context. Exact stem exceptions and rationale are recorded in the visual allowlist.
43309,loanable-funds-shifts,rate; visual,KEEP — natural or borderline,"The context identifies interest, inflation, unemployment or another non-exchange rate; no exchange-rate ambiguity requiring this repair."
P52A-AS-EL-001,long-run-aggregate-supply-and-potential-output,visual,KEEP — natural or borderline,Valid attached graph or a conceptual/numerical use of the word; wording is natural in context. Exact stem exceptions and rationale are recorded in the visual allowlist.
P52A-AS-L-003,long-run-aggregate-supply-and-potential-output,wrapper,KEEP — natural or borderline,"Retain the genuine claim/diagnosis, inference or evidence-comparison task, or ordinary reporting context; no high-confidence unnecessary wrapper identified."
ECON-SP-HARD-217,long-run-macroeconomic-self-adjustment,visual,KEEP — natural or borderline,Valid attached graph or a conceptual/numerical use of the word; wording is natural in context. Exact stem exceptions and rationale are recorded in the visual allowlist.
ECON-SP-ELITE-310,long-run-macroeconomic-self-adjustment,visual,KEEP — natural or borderline,Valid attached graph or a conceptual/numerical use of the word; wording is natural in context. Exact stem exceptions and rationale are recorded in the visual allowlist.
ECON-SP-ELITE-311,long-run-macroeconomic-self-adjustment,visual,KEEP — natural or borderline,Valid attached graph or a conceptual/numerical use of the word; wording is natural in context. Exact stem exceptions and rationale are recorded in the visual allowlist.
ECON-SP-LEGENDARY-9003,long-run-macroeconomic-self-adjustment,visual,KEEP — natural or borderline,Valid attached graph or a conceptual/numerical use of the word; wording is natural in context. Exact stem exceptions and rationale are recorded in the visual allowlist.
ECON-SP-EASY-65,long-run-phillips-curve,visual,KEEP — natural or borderline,Valid attached graph or a conceptual/numerical use of the word; wording is natural in context. Exact stem exceptions and rationale are recorded in the visual allowlist.
ECON-SP-EASY-71,long-run-phillips-curve,visual,KEEP — natural or borderline,Valid attached graph or a conceptual/numerical use of the word; wording is natural in context. Exact stem exceptions and rationale are recorded in the visual allowlist.
ECON-SP-EASY-72,long-run-phillips-curve,visual,KEEP — natural or borderline,Valid attached graph or a conceptual/numerical use of the word; wording is natural in context. Exact stem exceptions and rationale are recorded in the visual allowlist.
ECON-SP-MEDIUM-159,long-run-phillips-curve,visual,KEEP — natural or borderline,Valid attached graph or a conceptual/numerical use of the word; wording is natural in context. Exact stem exceptions and rationale are recorded in the visual allowlist.
ECON-SP-HARD-239,long-run-phillips-curve,visual,KEEP — natural or borderline,Valid attached graph or a conceptual/numerical use of the word; wording is natural in context. Exact stem exceptions and rationale are recorded in the visual allowlist.
PG5-PC-X-005,long-run-phillips-curve,visual,KEEP — natural or borderline,Valid attached graph or a conceptual/numerical use of the word; wording is natural in context. Exact stem exceptions and rationale are recorded in the visual allowlist.
PM2A-LRPC-H-008,long-run-phillips-curve,rate,KEEP — natural or borderline,"The context identifies interest, inflation, unemployment or another non-exchange rate; no exchange-rate ambiguity requiring this repair."
ECON-SP-ELITE-325,long-run-phillips-curve,visual,KEEP — natural or borderline,Valid attached graph or a conceptual/numerical use of the word; wording is natural in context. Exact stem exceptions and rationale are recorded in the visual allowlist.
PG5-PC-X-017,long-run-phillips-curve,visual,KEEP — natural or borderline,Valid attached graph or a conceptual/numerical use of the word; wording is natural in context. Exact stem exceptions and rationale are recorded in the visual allowlist.
PG5-PC-X-023,long-run-phillips-curve,visual,KEEP — natural or borderline,Valid attached graph or a conceptual/numerical use of the word; wording is natural in context. Exact stem exceptions and rationale are recorded in the visual allowlist.
ECON-SP-MEDIUMBOSS-3003,long-run-phillips-curve,rate,KEEP — natural or borderline,"The context identifies interest, inflation, unemployment or another non-exchange rate; no exchange-rate ambiguity requiring this repair."
PM2A-LRPC-EB-012,long-run-phillips-curve,visual,KEEP — natural or borderline,Valid attached graph or a conceptual/numerical use of the word; wording is natural in context. Exact stem exceptions and rationale are recorded in the visual allowlist.
PM2A-LRPC-EB-014,long-run-phillips-curve,wrapper,KEEP — natural or borderline,"Retain the genuine claim/diagnosis, inference or evidence-comparison task, or ordinary reporting context; no high-confidence unnecessary wrapper identified."
PM2A-LRPC-FB-017,long-run-phillips-curve,visual,KEEP — natural or borderline,Valid attached graph or a conceptual/numerical use of the word; wording is natural in context. Exact stem exceptions and rationale are recorded in the visual allowlist.
PM2A-LRPC-MB-015,long-run-phillips-curve,wrapper,KEEP — natural or borderline,"Retain the genuine claim/diagnosis, inference or evidence-comparison task, or ordinary reporting context; no high-confidence unnecessary wrapper identified."
P52A-MARG-EL-003,marginal-analysis,visual,KEEP — protected,Frozen Micro/shared content or protected Market Gate; detection only. Visual metadata verified separately.
ECON-MG-MEDIUM-160,market-equilibrium,visual,KEEP — protected,Frozen Micro/shared content or protected Market Gate; detection only. Visual metadata verified separately.
ECON-MG-MEDIUM-161,market-equilibrium,visual,KEEP — protected,Frozen Micro/shared content or protected Market Gate; detection only. Visual metadata verified separately.
ECON-MG-MEDIUM-162,market-equilibrium,visual,KEEP — protected,Frozen Micro/shared content or protected Market Gate; detection only. Visual metadata verified separately.
ECON-MG-MEDIUM-163,market-equilibrium,visual,KEEP — protected,Frozen Micro/shared content or protected Market Gate; detection only. Visual metadata verified separately.
ECON-MG-MEDIUM-164,market-equilibrium,visual,KEEP — protected,Frozen Micro/shared content or protected Market Gate; detection only. Visual metadata verified separately.
ECON-MG-MEDIUM-165,market-equilibrium,visual,KEEP — protected,Frozen Micro/shared content or protected Market Gate; detection only. Visual metadata verified separately.
ECON-MG-MEDIUM-168,market-equilibrium,visual,KEEP — protected,Frozen Micro/shared content or protected Market Gate; detection only. Visual metadata verified separately.
ECON-MG-MEDIUM-170,market-equilibrium,visual,KEEP — protected,Frozen Micro/shared content or protected Market Gate; detection only. Visual metadata verified separately.
PG1-EQ-M-002,market-equilibrium,visual,KEEP — protected,Frozen Micro/shared content or protected Market Gate; detection only. Visual metadata verified separately.
PG1-EQ-M-003,market-equilibrium,visual,KEEP — protected,Frozen Micro/shared content or protected Market Gate; detection only. Visual metadata verified separately.
PG1-EQ-M-004,market-equilibrium,visual,KEEP — protected,Frozen Micro/shared content or protected Market Gate; detection only. Visual metadata verified separately.
PG1-EQ-H-002,market-equilibrium,visual,KEEP — protected,Frozen Micro/shared content or protected Market Gate; detection only. Visual metadata verified separately.
40019,market-equilibrium,visual,KEEP — protected,Frozen Micro/shared content or protected Market Gate; detection only. Visual metadata verified separately.
ECON-MG-HARD-224,market-equilibrium,wrapper,KEEP — protected,Frozen Micro/shared content or protected Market Gate; detection only. Visual metadata verified separately.
ECON-MG-HARD-260,market-equilibrium,visual,KEEP — protected,Frozen Micro/shared content or protected Market Gate; detection only. Visual metadata verified separately.
ECON-MG-HARD-264,market-equilibrium,visual,KEEP — protected,Frozen Micro/shared content or protected Market Gate; detection only. Visual metadata verified separately.
ECON-MG-HARD-265,market-equilibrium,visual,KEEP — protected,Frozen Micro/shared content or protected Market Gate; detection only. Visual metadata verified separately.
PG1-EQ-H-001,market-equilibrium,visual,KEEP — protected,Frozen Micro/shared content or protected Market Gate; detection only. Visual metadata verified separately.
40012,market-equilibrium,visual,KEEP — protected,Frozen Micro/shared content or protected Market Gate; detection only. Visual metadata verified separately.
ECON-MG-LEGENDARY-9015,market-equilibrium,visual,KEEP — protected,Frozen Micro/shared content or protected Market Gate; detection only. Visual metadata verified separately.
ECON-MG-LEGENDARY-9016,market-equilibrium,visual,KEEP — protected,Frozen Micro/shared content or protected Market Gate; detection only. Visual metadata verified separately.
ECON-MG-LEGENDARY-9018,market-equilibrium,visual,KEEP — protected,Frozen Micro/shared content or protected Market Gate; detection only. Visual metadata verified separately.
PG1-EQ-EL-001,market-equilibrium,visual,KEEP — protected,Frozen Micro/shared content or protected Market Gate; detection only. Visual metadata verified separately.
PG1-EQ-EL-002,market-equilibrium,visual,KEEP — protected,Frozen Micro/shared content or protected Market Gate; detection only. Visual metadata verified separately.
40013,market-equilibrium,visual,KEEP — protected,Frozen Micro/shared content or protected Market Gate; detection only. Visual metadata verified separately.
40016,market-equilibrium,visual,KEEP — protected,Frozen Micro/shared content or protected Market Gate; detection only. Visual metadata verified separately.
40017,market-equilibrium,visual,KEEP — protected,Frozen Micro/shared content or protected Market Gate; detection only. Visual metadata verified separately.
40020,market-equilibrium,visual,KEEP — protected,Frozen Micro/shared content or protected Market Gate; detection only. Visual metadata verified separately.
ECON-MG-LEGENDARY-9019,market-equilibrium,visual; wrapper,KEEP — protected,Frozen Micro/shared content or protected Market Gate; detection only. Visual metadata verified separately.
ECON-MG-LEGENDARY-9027,market-equilibrium,wrapper,KEEP — protected,Frozen Micro/shared content or protected Market Gate; detection only. Visual metadata verified separately.
PG1-EQ-L-002,market-equilibrium,visual,KEEP — protected,Frozen Micro/shared content or protected Market Gate; detection only. Visual metadata verified separately.
40014,market-equilibrium,visual; wrapper,KEEP — protected,Frozen Micro/shared content or protected Market Gate; detection only. Visual metadata verified separately.
ECON-MG-MEDIUMBOSS-3009,market-equilibrium,wrapper,KEEP — protected,Frozen Micro/shared content or protected Market Gate; detection only. Visual metadata verified separately.
ECON-MG-LEGENDARYBOSS-9129,market-equilibrium,wrapper,KEEP — protected,Frozen Micro/shared content or protected Market Gate; detection only. Visual metadata verified separately.
ECON-MG-EASY-30,micro-versus-macro,wrapper,KEEP — protected,Frozen Micro/shared content or protected Market Gate; detection only. Visual metadata verified separately.
P77-MVM-E-006,micro-versus-macro,wrapper,KEEP — natural or borderline,"Retain the genuine claim/diagnosis, inference or evidence-comparison task, or ordinary reporting context; no high-confidence unnecessary wrapper identified."
ECON-MG-MEDIUM-116,micro-versus-macro,wrapper,KEEP — protected,Frozen Micro/shared content or protected Market Gate; detection only. Visual metadata verified separately.
P52B-MVM-M-002,micro-versus-macro,wrapper,KEEP — natural or borderline,"Retain the genuine claim/diagnosis, inference or evidence-comparison task, or ordinary reporting context; no high-confidence unnecessary wrapper identified."
P77-MVM-H-013,micro-versus-macro,rate,KEEP — natural or borderline,"The context identifies interest, inflation, unemployment or another non-exchange rate; no exchange-rate ambiguity requiring this repair."
P77-MVM-EL-015,micro-versus-macro,wrapper,KEEP — natural or borderline,"Retain the genuine claim/diagnosis, inference or evidence-comparison task, or ordinary reporting context; no high-confidence unnecessary wrapper identified."
P77-MVM-L-016,micro-versus-macro,wrapper,KEEP — natural or borderline,"Retain the genuine claim/diagnosis, inference or evidence-comparison task, or ordinary reporting context; no high-confidence unnecessary wrapper identified."
P77-MVM-L-018,micro-versus-macro,wrapper,KEEP — natural or borderline,"Retain the genuine claim/diagnosis, inference or evidence-comparison task, or ordinary reporting context; no high-confidence unnecessary wrapper identified."
P77-MVM-L-022,micro-versus-macro,wrapper,KEEP — natural or borderline,"Retain the genuine claim/diagnosis, inference or evidence-comparison task, or ordinary reporting context; no high-confidence unnecessary wrapper identified."
P77-MVM-EASYB-024,micro-versus-macro,wrapper,KEEP — natural or borderline,"Retain the genuine claim/diagnosis, inference or evidence-comparison task, or ordinary reporting context; no high-confidence unnecessary wrapper identified."
P77-MVM-LB-035,micro-versus-macro,wrapper,KEEP — natural or borderline,"Retain the genuine claim/diagnosis, inference or evidence-comparison task, or ordinary reporting context; no high-confidence unnecessary wrapper identified."
ECON-MG-CORE-MICRO-MACRO-30012,micro-versus-macro,wrapper,KEEP — protected,Frozen Micro/shared content or protected Market Gate; detection only. Visual metadata verified separately.
P76-MODL-E-006,models-and-assumptions,visual,KEEP — natural or borderline,Valid attached graph or a conceptual/numerical use of the word; wording is natural in context. Exact stem exceptions and rationale are recorded in the visual allowlist.
P52B-MODL-M-001,models-and-assumptions,wrapper,KEEP — natural or borderline,"Retain the genuine claim/diagnosis, inference or evidence-comparison task, or ordinary reporting context; no high-confidence unnecessary wrapper identified."
P52B-MODL-H-001,models-and-assumptions,visual,KEEP — natural or borderline,Valid attached graph or a conceptual/numerical use of the word; wording is natural in context. Exact stem exceptions and rationale are recorded in the visual allowlist.
P76-MODL-H-008,models-and-assumptions,visual,KEEP — natural or borderline,Valid attached graph or a conceptual/numerical use of the word; wording is natural in context. Exact stem exceptions and rationale are recorded in the visual allowlist.
P76-MODL-EB-003,models-and-assumptions,visual,KEEP — natural or borderline,Valid attached graph or a conceptual/numerical use of the word; wording is natural in context. Exact stem exceptions and rationale are recorded in the visual allowlist.
P52B-MODL-R-002,models-and-assumptions,visual,KEEP — natural or borderline,Valid attached graph or a conceptual/numerical use of the word; wording is natural in context. Exact stem exceptions and rationale are recorded in the visual allowlist.
ECON-MG-LEGENDARY-9086,models-and-assumptions,visual,KEEP — protected,Frozen Micro/shared content or protected Market Gate; detection only. Visual metadata verified separately.
P76-MODL-BR-003,models-and-assumptions,wrapper,KEEP — natural or borderline,"Retain the genuine claim/diagnosis, inference or evidence-comparison task, or ordinary reporting context; no high-confidence unnecessary wrapper identified."
LG-Q-2012,monetary-control-limits,notation; reciprocal; wrapper,EDIT,Spell out the reserve ratio before asking about the shortfall from the model’s maximum.
PM2C1-MCL-FB-006,monetary-control-limits,notation; reciprocal; wrapper,EDIT,Spell out the reserve ratio before asking about the shortfall from the model’s maximum.
LG-Q-9106,monetary-control-limits,notation; reciprocal; wrapper,EDIT,Spell out the reserve ratio before asking about the shortfall from the model’s maximum.
ECON-SP-LIMITS-OF-MONETARY-CONTROL-6008,monetary-control-limits,wrapper,EDIT,Ask about the expected deposit creation without introducing an analyst.
ECON-SP-LEGENDARY-9051,monetary-neutrality,wrapper,KEEP — natural or borderline,"Retain the genuine claim/diagnosis, inference or evidence-comparison task, or ordinary reporting context; no high-confidence unnecessary wrapper identified."
LG-Q-336,monetary-neutrality,reciprocal; visual,KEEP — natural or borderline,Reciprocal describes a useful mathematical relationship outside the currency-quotation pattern; preserve the calculation.
PM2C2-NEUT-EB-003,monetary-neutrality,wrapper,KEEP — natural or borderline,"Retain the genuine claim/diagnosis, inference or evidence-comparison task, or ordinary reporting context; no high-confidence unnecessary wrapper identified."
LG-Q-9115,monetary-neutrality,reciprocal; visual,KEEP — natural or borderline,Reciprocal describes a useful mathematical relationship outside the currency-quotation pattern; preserve the calculation.
ECON-SP-EASY-11,monetary-policy-tools,rate,KEEP — natural or borderline,"The context identifies interest, inflation, unemployment or another non-exchange rate; no exchange-rate ambiguity requiring this repair."
ECON-SP-EASY-49,monetary-policy-transmission,rate; visual,KEEP — natural or borderline,"The context identifies interest, inflation, unemployment or another non-exchange rate; no exchange-rate ambiguity requiring this repair."
ECON-SP-EASY-50,monetary-policy-transmission,visual,KEEP — natural or borderline,Valid attached graph or a conceptual/numerical use of the word; wording is natural in context. Exact stem exceptions and rationale are recorded in the visual allowlist.
PG4-MPT-E-002,monetary-policy-transmission,visual,KEEP — natural or borderline,Valid attached graph or a conceptual/numerical use of the word; wording is natural in context. Exact stem exceptions and rationale are recorded in the visual allowlist.
ECON-SP-MEDIUM-140,monetary-policy-transmission,visual,KEEP — natural or borderline,Valid attached graph or a conceptual/numerical use of the word; wording is natural in context. Exact stem exceptions and rationale are recorded in the visual allowlist.
ECON-SP-MEDIUM-141,monetary-policy-transmission,visual,KEEP — natural or borderline,Valid attached graph or a conceptual/numerical use of the word; wording is natural in context. Exact stem exceptions and rationale are recorded in the visual allowlist.
LG-Q-161,monetary-policy-transmission,rate,KEEP — natural or borderline,"The context identifies interest, inflation, unemployment or another non-exchange rate; no exchange-rate ambiguity requiring this repair."
PG4-MPT-M-001,monetary-policy-transmission,rate,KEEP — natural or borderline,"The context identifies interest, inflation, unemployment or another non-exchange rate; no exchange-rate ambiguity requiring this repair."
PG4-MPT-M-002,monetary-policy-transmission,visual,KEEP — natural or borderline,Valid attached graph or a conceptual/numerical use of the word; wording is natural in context. Exact stem exceptions and rationale are recorded in the visual allowlist.
PG4-MPT-M-003,monetary-policy-transmission,rate,KEEP — natural or borderline,"The context identifies interest, inflation, unemployment or another non-exchange rate; no exchange-rate ambiguity requiring this repair."
PG4-MPT-M-004,monetary-policy-transmission,visual,KEEP — natural or borderline,Valid attached graph or a conceptual/numerical use of the word; wording is natural in context. Exact stem exceptions and rationale are recorded in the visual allowlist.
ECON-SP-HARD-225,monetary-policy-transmission,visual,KEEP — natural or borderline,Valid attached graph or a conceptual/numerical use of the word; wording is natural in context. Exact stem exceptions and rationale are recorded in the visual allowlist.
ECON-SP-HARD-227,monetary-policy-transmission,rate; visual,KEEP — natural or borderline,"The context identifies interest, inflation, unemployment or another non-exchange rate; no exchange-rate ambiguity requiring this repair."
LG-Q-265,monetary-policy-transmission,rate,KEEP — natural or borderline,"The context identifies interest, inflation, unemployment or another non-exchange rate; no exchange-rate ambiguity requiring this repair."
LG-Q-9060,monetary-policy-transmission,visual,KEEP — natural or borderline,Valid attached graph or a conceptual/numerical use of the word; wording is natural in context. Exact stem exceptions and rationale are recorded in the visual allowlist.
LG-Q-9062,monetary-policy-transmission,visual,KEEP — natural or borderline,Valid attached graph or a conceptual/numerical use of the word; wording is natural in context. Exact stem exceptions and rationale are recorded in the visual allowlist.
LG-Q-261,monetary-policy-transmission,rate,KEEP — natural or borderline,"The context identifies interest, inflation, unemployment or another non-exchange rate; no exchange-rate ambiguity requiring this repair."
LG-Q-262,monetary-policy-transmission,rate,KEEP — natural or borderline,"The context identifies interest, inflation, unemployment or another non-exchange rate; no exchange-rate ambiguity requiring this repair."
LG-Q-9051,monetary-policy-transmission,visual,KEEP — natural or borderline,Valid attached graph or a conceptual/numerical use of the word; wording is natural in context. Exact stem exceptions and rationale are recorded in the visual allowlist.
LG-Q-9052,monetary-policy-transmission,visual,KEEP — natural or borderline,Valid attached graph or a conceptual/numerical use of the word; wording is natural in context. Exact stem exceptions and rationale are recorded in the visual allowlist.
LG-Q-9056,monetary-policy-transmission,rate,KEEP — natural or borderline,"The context identifies interest, inflation, unemployment or another non-exchange rate; no exchange-rate ambiguity requiring this repair."
LG-Q-9061,monetary-policy-transmission,visual,KEEP — natural or borderline,Valid attached graph or a conceptual/numerical use of the word; wording is natural in context. Exact stem exceptions and rationale are recorded in the visual allowlist.
PG4-MPT-L-002,monetary-policy-transmission,rate; visual,KEEP — natural or borderline,"The context identifies interest, inflation, unemployment or another non-exchange rate; no exchange-rate ambiguity requiring this repair."
ECON-SP-LEGENDARY-9052,monetary-policy-transmission,textbook; wrapper,EDIT,Name the scarce-reserves framework itself. Keep the short-run model qualification in the feedback.
PG4-MPT-L-001,monetary-policy-transmission,visual,KEEP — natural or borderline,Valid attached graph or a conceptual/numerical use of the word; wording is natural in context. Exact stem exceptions and rationale are recorded in the visual allowlist.
LG-Q-9138,monetary-policy-transmission,visual,KEEP — natural or borderline,Valid attached graph or a conceptual/numerical use of the word; wording is natural in context. Exact stem exceptions and rationale are recorded in the visual allowlist.
PM2C3-MPTX-R-001,monetary-policy-transmission,rate,KEEP — natural or borderline,"The context identifies interest, inflation, unemployment or another non-exchange rate; no exchange-rate ambiguity requiring this repair."
ECON-SP-MONETARY-POLICY-TRANSMISSION-6031,monetary-policy-transmission,textbook,EDIT,Name the scarce-reserves framework itself.
LG-B-6019,monetary-policy-transmission,textbook,EDIT,Name the scarce-reserves framework itself.
LG-B-6020,monetary-policy-transmission,textbook,EDIT,Name the scarce-reserves framework itself.
P52B-S3-MFM-B2-001,money-functions-and-measures,wrapper,KEEP — natural or borderline,"Retain the genuine claim/diagnosis, inference or evidence-comparison task, or ordinary reporting context; no high-confidence unnecessary wrapper identified."
P52B-S3-MFM-B2-002,money-functions-and-measures,wrapper,EDIT,Ask for the monetary aggregates directly; retain the current-definition convention and all component values.
P52B-S3-MFM-B3-002,money-functions-and-measures,wrapper,KEEP — natural or borderline,"Retain the genuine claim/diagnosis, inference or evidence-comparison task, or ordinary reporting context; no high-confidence unnecessary wrapper identified."
P52B-S3-MFM-B3-003,money-functions-and-measures,wrapper,EDIT,Ask for the monetary aggregates directly; retain the current-definition convention and all component values.
P52B-S3-MFM-LB-002,money-functions-and-measures,wrapper,KEEP — natural or borderline,"Retain the genuine claim/diagnosis, inference or evidence-comparison task, or ordinary reporting context; no high-confidence unnecessary wrapper identified."
P52B-S1-NRU-M-003,natural-rate-of-unemployment,rate,KEEP — natural or borderline,"The context identifies interest, inflation, unemployment or another non-exchange rate; no exchange-rate ambiguity requiring this repair."
PM2B4-NRU-H-003,natural-rate-of-unemployment,rate,KEEP — natural or borderline,"The context identifies interest, inflation, unemployment or another non-exchange rate; no exchange-rate ambiguity requiring this repair."
ECON-NL-LEGENDARY-9085,natural-rate-of-unemployment,rate,KEEP — natural or borderline,"The context identifies interest, inflation, unemployment or another non-exchange rate; no exchange-rate ambiguity requiring this repair."
ECON-NL-FINALBOSS-4033,natural-rate-of-unemployment,rate; wrapper,KEEP — natural or borderline,"Retain the genuine claim/diagnosis, inference or evidence-comparison task, or ordinary reporting context; no high-confidence unnecessary wrapper identified."
PM2B4-NRU-EB-001,natural-rate-of-unemployment,rate,KEEP — natural or borderline,"The context identifies interest, inflation, unemployment or another non-exchange rate; no exchange-rate ambiguity requiring this repair."
PM2B4-NRU-EB-003,natural-rate-of-unemployment,rate,KEEP — natural or borderline,"The context identifies interest, inflation, unemployment or another non-exchange rate; no exchange-rate ambiguity requiring this repair."
ECON-NL-LEGENDARYBOSS-9130,natural-rate-of-unemployment,rate; wrapper,KEEP — natural or borderline,"Retain the genuine claim/diagnosis, inference or evidence-comparison task, or ordinary reporting context; no high-confidence unnecessary wrapper identified."
PMOE-NER-E-004,nominal-exchange-rates,reciprocal,EDIT,"Ask the currency conversion directly, preserving 1/2 and all choices."
PMOE-NER-M-002,nominal-exchange-rates,reciprocal,KEEP — natural or borderline,Reciprocal describes a useful mathematical relationship outside the currency-quotation pattern; preserve the calculation.
PMOE-NER-M-005,nominal-exchange-rates,reciprocal,KEEP — natural or borderline,Reciprocal describes a useful mathematical relationship outside the currency-quotation pattern; preserve the calculation.
PMOE-NER-M-006,nominal-exchange-rates,rate,KEEP — natural or borderline,"The context identifies interest, inflation, unemployment or another non-exchange rate; no exchange-rate ambiguity requiring this repair."
PMOE-NER-H-001,nominal-exchange-rates,reciprocal,EDIT,Make the distractor’s currency units explicit.
PMOE-NER-H-002,nominal-exchange-rates,reciprocal,KEEP — natural or borderline,Reciprocal describes a useful mathematical relationship outside the currency-quotation pattern; preserve the calculation.
PMOE-NER-EL-001,nominal-exchange-rates,reciprocal,KEEP — natural or borderline,Reciprocal describes a useful mathematical relationship outside the currency-quotation pattern; preserve the calculation.
PMOE-NER-EL-002,nominal-exchange-rates,reciprocal,KEEP — natural or borderline,Reciprocal describes a useful mathematical relationship outside the currency-quotation pattern; preserve the calculation.
PMOE-NER-L-004,nominal-exchange-rates,reciprocal,KEEP — natural or borderline,Reciprocal describes a useful mathematical relationship outside the currency-quotation pattern; preserve the calculation.
PMOE-NER-L-005,nominal-exchange-rates,reciprocal; wrapper,KEEP — natural or borderline,"Retain the genuine claim/diagnosis, inference or evidence-comparison task, or ordinary reporting context; no high-confidence unnecessary wrapper identified."
PMOE-NER-B2-001,nominal-exchange-rates,rate,KEEP — natural or borderline,"The context identifies interest, inflation, unemployment or another non-exchange rate; no exchange-rate ambiguity requiring this repair."
PMOE-NER-B2-002,nominal-exchange-rates,reciprocal,EDIT,Ask for domestic currency bought with one unit of foreign currency.
PMOE-NER-B3-002,nominal-exchange-rates,rate; reciprocal,EDIT,Preserve the three linked percentage comparisons while naming both currencies’ purchasing power.
PMOE-NER-B3-003,nominal-exchange-rates,reciprocal,EDIT,Name the currency being valued rather than asking for reciprocal terms.
PMOE-NER-LB-002,nominal-exchange-rates,wrapper,KEEP — natural or borderline,"Retain the genuine claim/diagnosis, inference or evidence-comparison task, or ordinary reporting context; no high-confidence unnecessary wrapper identified."
PMOE-NER-R-001,nominal-exchange-rates,reciprocal,KEEP — natural or borderline,Reciprocal describes a useful mathematical relationship outside the currency-quotation pattern; preserve the calculation.
PMOE-NER-BR-001,nominal-exchange-rates,rate,EDIT,Specify exchange rate rather than the potentially ambiguous nominal or real rate.
PMOE-POL-E-003,open-economy-policy-transmission,rate,KEEP — natural or borderline,"The context identifies interest, inflation, unemployment or another non-exchange rate; no exchange-rate ambiguity requiring this repair."
PMOE-POL-M-001,open-economy-policy-transmission,rate,EDIT,Name the applicable model instead of attributing the mechanism to a textbook.
PMOE-POL-M-003,open-economy-policy-transmission,visual,KEEP — natural or borderline,Valid attached graph or a conceptual/numerical use of the word; wording is natural in context. Exact stem exceptions and rationale are recorded in the visual allowlist.
PMOE-POL-H-001,open-economy-policy-transmission,jargon; rate,EDIT,Spell out the foreign-exchange supply mechanism in ordinary economic language.
PMOE-POL-H-002,open-economy-policy-transmission,rate; textbook,EDIT,Name the long-run open-economy framework used by the saving-investment and exchange-rate argument.
PMOE-POL-EL-002,open-economy-policy-transmission,rate,KEEP — natural or borderline,"The context identifies interest, inflation, unemployment or another non-exchange rate; no exchange-rate ambiguity requiring this repair."
PMOE-POL-L-002,open-economy-policy-transmission,jargon,EDIT,Spell out the foreign-exchange supply mechanism in ordinary economic language.
PMOE-POL-L-003,open-economy-policy-transmission,visual; wrapper,EDIT,Retain the intentional consistency test while simplifying its calculation clause.
PMOE-POL-L-006,open-economy-policy-transmission,rate,KEEP — natural or borderline,"The context identifies interest, inflation, unemployment or another non-exchange rate; no exchange-rate ambiguity requiring this repair."
PMOE-POL-B2-001,open-economy-policy-transmission,rate; visual,KEEP — natural or borderline,"The context identifies interest, inflation, unemployment or another non-exchange rate; no exchange-rate ambiguity requiring this repair."
PMOE-POL-B2-002,open-economy-policy-transmission,textbook,EDIT,Name the long-run open-economy framework used by the saving-investment and exchange-rate argument. Use the faculty-supplied direct construction for the quota task.
PMOE-POL-B3-001,open-economy-policy-transmission,jargon,EDIT,Spell out the foreign-exchange supply mechanism in ordinary economic language.
PMOE-POL-B3-002,open-economy-policy-transmission,jargon,EDIT,Spell out the foreign-exchange supply mechanism in ordinary economic language.
PMOE-POL-LB-001,open-economy-policy-transmission,jargon; wrapper,EDIT,"Ask for the saving change and supply of dollars directly, retaining both linked tasks."
PMOE-POL-R-001,open-economy-policy-transmission,rate,KEEP — natural or borderline,"The context identifies interest, inflation, unemployment or another non-exchange rate; no exchange-rate ambiguity requiring this repair."
PMOE-POL-BR-001,open-economy-policy-transmission,wrapper,KEEP — natural or borderline,"Retain the genuine claim/diagnosis, inference or evidence-comparison task, or ordinary reporting context; no high-confidence unnecessary wrapper identified."
ECON-SP-EASY-68,phillips-curve-expectations,visual,KEEP — natural or borderline,Valid attached graph or a conceptual/numerical use of the word; wording is natural in context. Exact stem exceptions and rationale are recorded in the visual allowlist.
ECON-SP-EASY-70,phillips-curve-expectations,visual,KEEP — natural or borderline,Valid attached graph or a conceptual/numerical use of the word; wording is natural in context. Exact stem exceptions and rationale are recorded in the visual allowlist.
ECON-SP-MEDIUM-156,phillips-curve-expectations,visual,KEEP — natural or borderline,Valid attached graph or a conceptual/numerical use of the word; wording is natural in context. Exact stem exceptions and rationale are recorded in the visual allowlist.
ECON-SP-MEDIUM-158,phillips-curve-expectations,visual,KEEP — natural or borderline,Valid attached graph or a conceptual/numerical use of the word; wording is natural in context. Exact stem exceptions and rationale are recorded in the visual allowlist.
ECON-SP-MEDIUM-161,phillips-curve-expectations,visual,KEEP — natural or borderline,Valid attached graph or a conceptual/numerical use of the word; wording is natural in context. Exact stem exceptions and rationale are recorded in the visual allowlist.
ECON-SP-HARD-240,phillips-curve-expectations,visual,KEEP — natural or borderline,Valid attached graph or a conceptual/numerical use of the word; wording is natural in context. Exact stem exceptions and rationale are recorded in the visual allowlist.
ECON-SP-HARD-242,phillips-curve-expectations,visual,KEEP — natural or borderline,Valid attached graph or a conceptual/numerical use of the word; wording is natural in context. Exact stem exceptions and rationale are recorded in the visual allowlist.
ECON-SP-HARD-243,phillips-curve-expectations,visual,KEEP — natural or borderline,Valid attached graph or a conceptual/numerical use of the word; wording is natural in context. Exact stem exceptions and rationale are recorded in the visual allowlist.
ECON-SP-HARD-244,phillips-curve-expectations,visual,KEEP — natural or borderline,Valid attached graph or a conceptual/numerical use of the word; wording is natural in context. Exact stem exceptions and rationale are recorded in the visual allowlist.
PG5-PC-H-004,phillips-curve-expectations,visual,KEEP — natural or borderline,Valid attached graph or a conceptual/numerical use of the word; wording is natural in context. Exact stem exceptions and rationale are recorded in the visual allowlist.
ECON-SP-ELITE-326,phillips-curve-expectations,visual,KEEP — natural or borderline,Valid attached graph or a conceptual/numerical use of the word; wording is natural in context. Exact stem exceptions and rationale are recorded in the visual allowlist.
ECON-SP-ELITE-327,phillips-curve-expectations,visual,KEEP — natural or borderline,Valid attached graph or a conceptual/numerical use of the word; wording is natural in context. Exact stem exceptions and rationale are recorded in the visual allowlist.
ECON-SP-ELITE-350,phillips-curve-expectations,visual,KEEP — natural or borderline,Valid attached graph or a conceptual/numerical use of the word; wording is natural in context. Exact stem exceptions and rationale are recorded in the visual allowlist.
ECON-SP-LEGENDARY-9009,phillips-curve-expectations,visual,KEEP — natural or borderline,Valid attached graph or a conceptual/numerical use of the word; wording is natural in context. Exact stem exceptions and rationale are recorded in the visual allowlist.
ECON-SP-HARD-236,phillips-curve-expectations,visual,KEEP — natural or borderline,Valid attached graph or a conceptual/numerical use of the word; wording is natural in context. Exact stem exceptions and rationale are recorded in the visual allowlist.
ECON-SP-LEGENDARY-9048,phillips-curve-expectations,visual,KEEP — natural or borderline,Valid attached graph or a conceptual/numerical use of the word; wording is natural in context. Exact stem exceptions and rationale are recorded in the visual allowlist.
PG5-PC-L-006,phillips-curve-expectations,visual,KEEP — natural or borderline,Valid attached graph or a conceptual/numerical use of the word; wording is natural in context. Exact stem exceptions and rationale are recorded in the visual allowlist.
PG5-PC-L-018,phillips-curve-expectations,visual,KEEP — natural or borderline,Valid attached graph or a conceptual/numerical use of the word; wording is natural in context. Exact stem exceptions and rationale are recorded in the visual allowlist.
PG5-PC-L-024,phillips-curve-expectations,visual,KEEP — natural or borderline,Valid attached graph or a conceptual/numerical use of the word; wording is natural in context. Exact stem exceptions and rationale are recorded in the visual allowlist.
P77-PVN-M-010,positive-versus-normative-analysis,wrapper,KEEP — protected,Frozen Micro/shared content or protected Market Gate; detection only. Visual metadata verified separately.
ECON-MG-HARD-210,positive-versus-normative-analysis,wrapper,KEEP — protected,Frozen Micro/shared content or protected Market Gate; detection only. Visual metadata verified separately.
P77-PVN-EL-022,positive-versus-normative-analysis,wrapper,KEEP — protected,Frozen Micro/shared content or protected Market Gate; detection only. Visual metadata verified separately.
ECON-MG-LEGENDARY-9078,positive-versus-normative-analysis,wrapper,KEEP — protected,Frozen Micro/shared content or protected Market Gate; detection only. Visual metadata verified separately.
ECON-MG-LEGENDARY-9081,positive-versus-normative-analysis,wrapper,KEEP — protected,Frozen Micro/shared content or protected Market Gate; detection only. Visual metadata verified separately.
P77-PVN-L-024,positive-versus-normative-analysis,wrapper,KEEP — protected,Frozen Micro/shared content or protected Market Gate; detection only. Visual metadata verified separately.
P77-PVN-L-026,positive-versus-normative-analysis,wrapper,KEEP — protected,Frozen Micro/shared content or protected Market Gate; detection only. Visual metadata verified separately.
P77-PVN-L-027,positive-versus-normative-analysis,wrapper,KEEP — protected,Frozen Micro/shared content or protected Market Gate; detection only. Visual metadata verified separately.
P77-PVN-FINALB-031,positive-versus-normative-analysis,wrapper,KEEP — protected,Frozen Micro/shared content or protected Market Gate; detection only. Visual metadata verified separately.
ECON-MG-LEGENDARYBOSS-9120,positive-versus-normative-analysis,wrapper,KEEP — protected,Frozen Micro/shared content or protected Market Gate; detection only. Visual metadata verified separately.
ECON-MG-POSITIVE-VS-NORMATIVE-6023,positive-versus-normative-analysis,wrapper,KEEP — protected,Frozen Micro/shared content or protected Market Gate; detection only. Visual metadata verified separately.
ECON-MG-MEDIUM-150,production-possibilities-frontier,visual,KEEP — protected,Frozen Micro/shared content or protected Market Gate; detection only. Visual metadata verified separately.
ECON-MG-MEDIUM-151,production-possibilities-frontier,visual,KEEP — protected,Frozen Micro/shared content or protected Market Gate; detection only. Visual metadata verified separately.
ECON-MG-MEDIUM-152,production-possibilities-frontier,visual,KEEP — protected,Frozen Micro/shared content or protected Market Gate; detection only. Visual metadata verified separately.
ECON-MG-MEDIUM-157,production-possibilities-frontier,visual,KEEP — protected,Frozen Micro/shared content or protected Market Gate; detection only. Visual metadata verified separately.
ECON-MG-MEDIUM-158,production-possibilities-frontier,visual,KEEP — protected,Frozen Micro/shared content or protected Market Gate; detection only. Visual metadata verified separately.
40000,production-possibilities-frontier,visual,KEEP — protected,Frozen Micro/shared content or protected Market Gate; detection only. Visual metadata verified separately.
40002,production-possibilities-frontier,visual,KEEP — protected,Frozen Micro/shared content or protected Market Gate; detection only. Visual metadata verified separately.
ECON-MG-HARD-253,production-possibilities-frontier,visual,KEEP — protected,Frozen Micro/shared content or protected Market Gate; detection only. Visual metadata verified separately.
ECON-MG-HARD-254,production-possibilities-frontier,visual,KEEP — protected,Frozen Micro/shared content or protected Market Gate; detection only. Visual metadata verified separately.
ECON-MG-HARD-256,production-possibilities-frontier,visual,KEEP — protected,Frozen Micro/shared content or protected Market Gate; detection only. Visual metadata verified separately.
ECON-MG-HARD-257,production-possibilities-frontier,visual,KEEP — protected,Frozen Micro/shared content or protected Market Gate; detection only. Visual metadata verified separately.
40001,production-possibilities-frontier,visual,KEEP — protected,Frozen Micro/shared content or protected Market Gate; detection only. Visual metadata verified separately.
40003,production-possibilities-frontier,visual,KEEP — protected,Frozen Micro/shared content or protected Market Gate; detection only. Visual metadata verified separately.
ECON-MG-LEGENDARY-9004,production-possibilities-frontier,visual,KEEP — protected,Frozen Micro/shared content or protected Market Gate; detection only. Visual metadata verified separately.
40004,production-possibilities-frontier,visual,KEEP — protected,Frozen Micro/shared content or protected Market Gate; detection only. Visual metadata verified separately.
ECON-EC-LEGENDARY-14007,production-possibilities-frontier,visual,KEEP — protected,Frozen Micro/shared content or protected Market Gate; detection only. Visual metadata verified separately.
ECON-MG-LEGENDARY-9000,production-possibilities-frontier,visual; wrapper,KEEP — protected,Frozen Micro/shared content or protected Market Gate; detection only. Visual metadata verified separately.
ECON-MG-LEGENDARY-9001,production-possibilities-frontier,visual; wrapper,KEEP — protected,Frozen Micro/shared content or protected Market Gate; detection only. Visual metadata verified separately.
ECON-MG-LEGENDARY-9003,production-possibilities-frontier,visual,KEEP — protected,Frozen Micro/shared content or protected Market Gate; detection only. Visual metadata verified separately.
ECON-MG-LEGENDARY-9006,production-possibilities-frontier,wrapper,KEEP — protected,Frozen Micro/shared content or protected Market Gate; detection only. Visual metadata verified separately.
40005,production-possibilities-frontier,visual,KEEP — protected,Frozen Micro/shared content or protected Market Gate; detection only. Visual metadata verified separately.
ECON-MG-HARD-250,production-possibilities-frontier,visual,KEEP — protected,Frozen Micro/shared content or protected Market Gate; detection only. Visual metadata verified separately.
ECON-MG-HARD-251,production-possibilities-frontier,visual,KEEP — protected,Frozen Micro/shared content or protected Market Gate; detection only. Visual metadata verified separately.
ECON-MG-HARD-252,production-possibilities-frontier,visual,KEEP — protected,Frozen Micro/shared content or protected Market Gate; detection only. Visual metadata verified separately.
ECON-MG-HARD-255,production-possibilities-frontier,visual,KEEP — protected,Frozen Micro/shared content or protected Market Gate; detection only. Visual metadata verified separately.
ECON-MG-MEDIUM-153,production-possibilities-frontier,visual,KEEP — protected,Frozen Micro/shared content or protected Market Gate; detection only. Visual metadata verified separately.
ECON-MG-MEDIUM-154,production-possibilities-frontier,visual,KEEP — protected,Frozen Micro/shared content or protected Market Gate; detection only. Visual metadata verified separately.
ECON-MG-MEDIUM-155,production-possibilities-frontier,visual,KEEP — protected,Frozen Micro/shared content or protected Market Gate; detection only. Visual metadata verified separately.
ECON-MG-MEDIUM-156,production-possibilities-frontier,visual,KEEP — protected,Frozen Micro/shared content or protected Market Gate; detection only. Visual metadata verified separately.
ECON-MG-LEGENDARYBOSS-9115,production-possibilities-frontier,wrapper,KEEP — protected,Frozen Micro/shared content or protected Market Gate; detection only. Visual metadata verified separately.
ECON-MG-LEGENDARYBOSS-9116,production-possibilities-frontier,wrapper,KEEP — protected,Frozen Micro/shared content or protected Market Gate; detection only. Visual metadata verified separately.
P77-PPF-LB-007,production-possibilities-frontier,wrapper,KEEP — protected,Frozen Micro/shared content or protected Market Gate; detection only. Visual metadata verified separately.
PM2B3-PROD-E-001,productivity-measurement,visual,KEEP — natural or borderline,Valid attached graph or a conceptual/numerical use of the word; wording is natural in context. Exact stem exceptions and rationale are recorded in the visual allowlist.
PM2B3-PROD-M-001,productivity-measurement,visual,KEEP — natural or borderline,Valid attached graph or a conceptual/numerical use of the word; wording is natural in context. Exact stem exceptions and rationale are recorded in the visual allowlist.
PM2B3-PROD-L-001,productivity-measurement,visual,KEEP — natural or borderline,Valid attached graph or a conceptual/numerical use of the word; wording is natural in context. Exact stem exceptions and rationale are recorded in the visual allowlist.
ECON-NL-MEDIUMBOSS-3009,productivity-measurement,visual,KEEP — natural or borderline,Valid attached graph or a conceptual/numerical use of the word; wording is natural in context. Exact stem exceptions and rationale are recorded in the visual allowlist.
PM2B3-PROD-EB-002,productivity-measurement,wrapper,EDIT,Ask directly for output growth when employment is fixed.
PM2B3-PROD-FB-005,productivity-measurement,visual,KEEP — natural or borderline,Valid attached graph or a conceptual/numerical use of the word; wording is natural in context. Exact stem exceptions and rationale are recorded in the visual allowlist.
PM2B3-PROD-LB-002,productivity-measurement,wrapper,KEEP — natural or borderline,"Retain the genuine claim/diagnosis, inference or evidence-comparison task, or ordinary reporting context; no high-confidence unnecessary wrapper identified."
LG-Q-9029,quantity-theory-of-money,visual; wrapper,KEEP — natural or borderline,"Retain the genuine claim/diagnosis, inference or evidence-comparison task, or ordinary reporting context; no high-confidence unnecessary wrapper identified."
LG-Q-3001,quantity-theory-of-money,wrapper,EDIT,Ask directly for real output and the meaning of nominal spending.
P52B-S4-QTM-B1-003,quantity-theory-of-money,wrapper,EDIT,Ask directly for real output and the meaning of nominal spending.
P52B-S4-QTM-B3-001,quantity-theory-of-money,notation,EDIT,Ask the implied price-level change directly.
LG-Q-9126,quantity-theory-of-money,reciprocal,KEEP — natural or borderline,Reciprocal describes a useful mathematical relationship outside the currency-quotation pattern; preserve the calculation.
ECON-SP-VALUE-OF-MONEY-6012,quantity-theory-of-money,notation,KEEP — natural or borderline,"A relevant formula, accounting identity, answer choice or worked feedback; the stem already states the economic situation or expressly asks for the formula."
LG-B-6009,quantity-theory-of-money,reciprocal,KEEP — natural or borderline,Reciprocal describes a useful mathematical relationship outside the currency-quotation pattern; preserve the calculation.
PMOE-RER-E-003,real-exchange-rates-and-purchasing-power,notation,KEEP — natural or borderline,"A relevant formula, accounting identity, answer choice or worked feedback; the stem already states the economic situation or expressly asks for the formula."
PMOE-RER-E-005,real-exchange-rates-and-purchasing-power,notation,KEEP — natural or borderline,"A relevant formula, accounting identity, answer choice or worked feedback; the stem already states the economic situation or expressly asks for the formula."
PMOE-RER-M-002,real-exchange-rates-and-purchasing-power,notation; rate,EDIT,Specify exchange rate rather than the potentially ambiguous nominal or real rate.
PMOE-RER-M-004,real-exchange-rates-and-purchasing-power,rate,EDIT,Specify exchange rate rather than the potentially ambiguous nominal or real rate.
PMOE-RER-M-005,real-exchange-rates-and-purchasing-power,rate,EDIT,Specify exchange rate rather than the potentially ambiguous nominal or real rate.
PMOE-RER-H-001,real-exchange-rates-and-purchasing-power,rate,EDIT,Specify exchange rate rather than the potentially ambiguous nominal or real rate.
PMOE-RER-H-003,real-exchange-rates-and-purchasing-power,rate,KEEP — natural or borderline,"The context identifies interest, inflation, unemployment or another non-exchange rate; no exchange-rate ambiguity requiring this repair."
PMOE-RER-H-002,real-exchange-rates-and-purchasing-power,notation; rate,EDIT,Specify exchange rate rather than the potentially ambiguous nominal or real rate.
PMOE-RER-L-005,real-exchange-rates-and-purchasing-power,rate,EDIT,Specify exchange rate rather than the potentially ambiguous nominal or real rate.
PMOE-RER-EL-001,real-exchange-rates-and-purchasing-power,rate,EDIT,Specify exchange rate rather than the potentially ambiguous nominal or real rate.
PMOE-RER-L-001,real-exchange-rates-and-purchasing-power,rate,EDIT,Specify exchange rate rather than the potentially ambiguous nominal or real rate.
PMOE-RER-L-003,real-exchange-rates-and-purchasing-power,rate,KEEP — natural or borderline,"The context identifies interest, inflation, unemployment or another non-exchange rate; no exchange-rate ambiguity requiring this repair."
PMOE-RER-L-004,real-exchange-rates-and-purchasing-power,reciprocal; wrapper,KEEP — natural or borderline,"Retain the genuine claim/diagnosis, inference or evidence-comparison task, or ordinary reporting context; no high-confidence unnecessary wrapper identified."
PMOE-RER-L-006,real-exchange-rates-and-purchasing-power,reciprocal,KEEP — natural or borderline,Reciprocal describes a useful mathematical relationship outside the currency-quotation pattern; preserve the calculation.
PMOE-RER-B1-002,real-exchange-rates-and-purchasing-power,notation; rate,EDIT,Specify exchange rate rather than the potentially ambiguous nominal or real rate.
PMOE-RER-B2-001,real-exchange-rates-and-purchasing-power,notation,EDIT,Introduce the currency conversion in ordinary language before the formula.
PMOE-RER-B3-001,real-exchange-rates-and-purchasing-power,rate; wrapper,EDIT,Specify exchange rate rather than the potentially ambiguous nominal or real rate. Follow the direct approximate-change family structure; preserve the competitiveness interpretation and arithmetic.
PMOE-RER-B3-002,real-exchange-rates-and-purchasing-power,rate,EDIT,Specify exchange rate rather than the potentially ambiguous nominal or real rate. State the quotation convention explicitly so the direction of the nominal exchange-rate change is clear.
PMOE-RER-LB-001,real-exchange-rates-and-purchasing-power,rate; reciprocal,EDIT,Specify exchange rate rather than the potentially ambiguous nominal or real rate. Retain the intentional exact two-period calculation but name the economic variables.
PMOE-RER-LB-002,real-exchange-rates-and-purchasing-power,rate,EDIT,Specify exchange rate rather than the potentially ambiguous nominal or real rate.
PMOE-RER-R-001,real-exchange-rates-and-purchasing-power,notation; wrapper,KEEP — natural or borderline,"Retain the genuine claim/diagnosis, inference or evidence-comparison task, or ordinary reporting context; no high-confidence unnecessary wrapper identified."
PM2B1-RNGDP-H-002,real-versus-nominal-gdp,wrapper,KEEP — natural or borderline,"Retain the genuine claim/diagnosis, inference or evidence-comparison task, or ordinary reporting context; no high-confidence unnecessary wrapper identified."
ECON-NL-ELITE-315,real-versus-nominal-gdp,wrapper,EDIT,Ask directly for the price change and real production change.
ECON-NL-LEGENDARY-9007,real-versus-nominal-gdp,wrapper,EDIT,Retain the inverse quantity calculation and ask for nominal GDP directly.
P52B-S4-IEA-L-001,real-versus-nominal-gdp,rate,KEEP — natural or borderline,"The context identifies interest, inflation, unemployment or another non-exchange rate; no exchange-rate ambiguity requiring this repair."
ECON-NL-EASYBOSS-2012,real-versus-nominal-gdp,wrapper,EDIT,Ask for real GDP and its valuation directly.
PM2B1-RNGDP-FB-004,real-versus-nominal-gdp,wrapper,EDIT,Ask for real GDP and its valuation directly.
PM2B1-RNGDP-MB-001,real-versus-nominal-gdp,wrapper,KEEP — natural or borderline,"Retain the genuine claim/diagnosis, inference or evidence-comparison task, or ordinary reporting context; no high-confidence unnecessary wrapper identified."
PM2B1-RNGDP-MB-002,real-versus-nominal-gdp,wrapper,EDIT,Ask for real GDP and its valuation directly.
ECON-NL-LEGENDARYBOSS-9103,real-versus-nominal-gdp,wrapper,KEEP — natural or borderline,"Retain the genuine claim/diagnosis, inference or evidence-comparison task, or ordinary reporting context; no high-confidence unnecessary wrapper identified."
ECON-NL-LEGENDARYBOSS-9104,real-versus-nominal-gdp,wrapper,KEEP — natural or borderline,"Retain the genuine claim/diagnosis, inference or evidence-comparison task, or ordinary reporting context; no high-confidence unnecessary wrapper identified."
PM2B1-RNGDP-LB-001,real-versus-nominal-gdp,wrapper,KEEP — natural or borderline,"Retain the genuine claim/diagnosis, inference or evidence-comparison task, or ordinary reporting context; no high-confidence unnecessary wrapper identified."
ECON-NL-EASY-38,real-versus-nominal-interest-rates,rate,KEEP — natural or borderline,"The context identifies interest, inflation, unemployment or another non-exchange rate; no exchange-rate ambiguity requiring this repair."
ECON-NL-EASY-40,real-versus-nominal-interest-rates,rate,KEEP — natural or borderline,"The context identifies interest, inflation, unemployment or another non-exchange rate; no exchange-rate ambiguity requiring this repair."
PM2B2-RNI-E-001,real-versus-nominal-interest-rates,rate,KEEP — natural or borderline,"The context identifies interest, inflation, unemployment or another non-exchange rate; no exchange-rate ambiguity requiring this repair."
PM2B2-RNI-E-002,real-versus-nominal-interest-rates,rate,KEEP — natural or borderline,"The context identifies interest, inflation, unemployment or another non-exchange rate; no exchange-rate ambiguity requiring this repair."
ECON-NL-HARD-239,real-versus-nominal-interest-rates,rate,KEEP — natural or borderline,"The context identifies interest, inflation, unemployment or another non-exchange rate; no exchange-rate ambiguity requiring this repair."
P52B-S1-RNI-M-001,real-versus-nominal-interest-rates,rate,KEEP — natural or borderline,"The context identifies interest, inflation, unemployment or another non-exchange rate; no exchange-rate ambiguity requiring this repair."
PM2B2-RNI-M-001,real-versus-nominal-interest-rates,rate,KEEP — natural or borderline,"The context identifies interest, inflation, unemployment or another non-exchange rate; no exchange-rate ambiguity requiring this repair."
ECON-NL-LEGENDARY-9042,real-versus-nominal-interest-rates,visual,KEEP — natural or borderline,Valid attached graph or a conceptual/numerical use of the word; wording is natural in context. Exact stem exceptions and rationale are recorded in the visual allowlist.
PM2B2-RNI-H-002,real-versus-nominal-interest-rates,rate,KEEP — natural or borderline,"The context identifies interest, inflation, unemployment or another non-exchange rate; no exchange-rate ambiguity requiring this repair."
PM2B2-RNI-H-003,real-versus-nominal-interest-rates,rate,KEEP — natural or borderline,"The context identifies interest, inflation, unemployment or another non-exchange rate; no exchange-rate ambiguity requiring this repair."
ECON-NL-ELITE-337,real-versus-nominal-interest-rates,rate,KEEP — natural or borderline,"The context identifies interest, inflation, unemployment or another non-exchange rate; no exchange-rate ambiguity requiring this repair."
ECON-NL-ELITE-338,real-versus-nominal-interest-rates,rate,KEEP — natural or borderline,"The context identifies interest, inflation, unemployment or another non-exchange rate; no exchange-rate ambiguity requiring this repair."
ECON-NL-LEGENDARY-9039,real-versus-nominal-interest-rates,rate,KEEP — natural or borderline,"The context identifies interest, inflation, unemployment or another non-exchange rate; no exchange-rate ambiguity requiring this repair."
PM2B2-RNI-L-001,real-versus-nominal-interest-rates,rate,KEEP — natural or borderline,"The context identifies interest, inflation, unemployment or another non-exchange rate; no exchange-rate ambiguity requiring this repair."
ECON-NL-LEGENDARY-9038,real-versus-nominal-interest-rates,rate,KEEP — natural or borderline,"The context identifies interest, inflation, unemployment or another non-exchange rate; no exchange-rate ambiguity requiring this repair."
ECON-NL-LEGENDARY-9040,real-versus-nominal-interest-rates,rate,KEEP — natural or borderline,"The context identifies interest, inflation, unemployment or another non-exchange rate; no exchange-rate ambiguity requiring this repair."
ECON-NL-HARD-236,real-versus-nominal-interest-rates,rate,KEEP — natural or borderline,"The context identifies interest, inflation, unemployment or another non-exchange rate; no exchange-rate ambiguity requiring this repair."
ECON-NL-EASYBOSS-2033,real-versus-nominal-interest-rates,wrapper,KEEP — natural or borderline,"Retain the genuine claim/diagnosis, inference or evidence-comparison task, or ordinary reporting context; no high-confidence unnecessary wrapper identified."
PM2B2-RNI-FB-004,real-versus-nominal-interest-rates,wrapper,KEEP — natural or borderline,"Retain the genuine claim/diagnosis, inference or evidence-comparison task, or ordinary reporting context; no high-confidence unnecessary wrapper identified."
PM2B2-RNI-FB-006,real-versus-nominal-interest-rates,rate,KEEP — natural or borderline,"The context identifies interest, inflation, unemployment or another non-exchange rate; no exchange-rate ambiguity requiring this repair."
PM2B2-RNI-MB-001,real-versus-nominal-interest-rates,wrapper,KEEP — natural or borderline,"Retain the genuine claim/diagnosis, inference or evidence-comparison task, or ordinary reporting context; no high-confidence unnecessary wrapper identified."
ECON-EC-FINALBOSS-19004,real-versus-nominal-interest-rates,rate,KEEP — natural or borderline,"The context identifies interest, inflation, unemployment or another non-exchange rate; no exchange-rate ambiguity requiring this repair."
ECON-EC-FINALBOSS-19005,real-versus-nominal-interest-rates,rate,KEEP — natural or borderline,"The context identifies interest, inflation, unemployment or another non-exchange rate; no exchange-rate ambiguity requiring this repair."
ECON-EC-MEDIUMBOSS-18005,real-versus-nominal-interest-rates,rate,KEEP — natural or borderline,"The context identifies interest, inflation, unemployment or another non-exchange rate; no exchange-rate ambiguity requiring this repair."
ECON-NL-LEGENDARYBOSS-9114,real-versus-nominal-interest-rates,rate,KEEP — natural or borderline,"The context identifies interest, inflation, unemployment or another non-exchange rate; no exchange-rate ambiguity requiring this repair."
PM2B2-RNI-LB-001,real-versus-nominal-interest-rates,rate,KEEP — natural or borderline,"The context identifies interest, inflation, unemployment or another non-exchange rate; no exchange-rate ambiguity requiring this repair."
PM2B2-RNI-LB-002,real-versus-nominal-interest-rates,rate,KEEP — natural or borderline,"The context identifies interest, inflation, unemployment or another non-exchange rate; no exchange-rate ambiguity requiring this repair."
ECON-EC-LEGENDARYBOSS-20003,real-versus-nominal-interest-rates,wrapper,KEEP — natural or borderline,"Retain the genuine claim/diagnosis, inference or evidence-comparison task, or ordinary reporting context; no high-confidence unnecessary wrapper identified."
ECON-EC-LEGENDARYBOSS-20005,real-versus-nominal-interest-rates,rate,KEEP — natural or borderline,"The context identifies interest, inflation, unemployment or another non-exchange rate; no exchange-rate ambiguity requiring this repair."
ECON-NL-REAL-INTEREST-RATE-6015,real-versus-nominal-interest-rates,rate,KEEP — natural or borderline,"The context identifies interest, inflation, unemployment or another non-exchange rate; no exchange-rate ambiguity requiring this repair."
PM2A-SAC-E-002,sacrifice-ratio,wrapper,KEEP — natural or borderline,"Retain the genuine claim/diagnosis, inference or evidence-comparison task, or ordinary reporting context; no high-confidence unnecessary wrapper identified."
ECON-SP-LEGENDARY-9020,sacrifice-ratio,wrapper,KEEP — natural or borderline,"Retain the genuine claim/diagnosis, inference or evidence-comparison task, or ordinary reporting context; no high-confidence unnecessary wrapper identified."
ECON-SP-MEDIUMBOSS-3012,sacrifice-ratio,wrapper,EDIT,Ask for the sacrifice ratio and correct denominator directly.
PM2A-SAC-EB-018,sacrifice-ratio,wrapper,EDIT,Ask for the sacrifice ratio and correct denominator directly.
PM2A-SAC-LB-025,sacrifice-ratio,wrapper,KEEP — natural or borderline,"Retain the genuine claim/diagnosis, inference or evidence-comparison task, or ordinary reporting context; no high-confidence unnecessary wrapper identified."
43208,saving-and-investment-identities,notation,KEEP — natural or borderline,"A relevant formula, accounting identity, answer choice or worked feedback; the stem already states the economic situation or expressly asks for the formula."
43207,saving-and-investment-identities,rate,KEEP — natural or borderline,"The context identifies interest, inflation, unemployment or another non-exchange rate; no exchange-rate ambiguity requiring this repair."
43210,saving-and-investment-identities,rate,KEEP — natural or borderline,"The context identifies interest, inflation, unemployment or another non-exchange rate; no exchange-rate ambiguity requiring this repair."
43213,saving-and-investment-identities,rate,KEEP — natural or borderline,"The context identifies interest, inflation, unemployment or another non-exchange rate; no exchange-rate ambiguity requiring this repair."
43189,saving-and-investment-identities,rate,KEEP — natural or borderline,"The context identifies interest, inflation, unemployment or another non-exchange rate; no exchange-rate ambiguity requiring this repair."
43203,saving-and-investment-identities,rate,KEEP — natural or borderline,"The context identifies interest, inflation, unemployment or another non-exchange rate; no exchange-rate ambiguity requiring this repair."
43170,saving-and-investment-identities,rate,KEEP — natural or borderline,"The context identifies interest, inflation, unemployment or another non-exchange rate; no exchange-rate ambiguity requiring this repair."
43174,saving-and-investment-identities,rate,KEEP — natural or borderline,"The context identifies interest, inflation, unemployment or another non-exchange rate; no exchange-rate ambiguity requiring this repair."
43179,saving-and-investment-identities,rate,KEEP — natural or borderline,"The context identifies interest, inflation, unemployment or another non-exchange rate; no exchange-rate ambiguity requiring this repair."
43186,saving-and-investment-identities,rate,KEEP — natural or borderline,"The context identifies interest, inflation, unemployment or another non-exchange rate; no exchange-rate ambiguity requiring this repair."
43187,saving-and-investment-identities,rate,KEEP — natural or borderline,"The context identifies interest, inflation, unemployment or another non-exchange rate; no exchange-rate ambiguity requiring this repair."
43177,saving-and-investment-identities,wrapper,KEEP — natural or borderline,"Retain the genuine claim/diagnosis, inference or evidence-comparison task, or ordinary reporting context; no high-confidence unnecessary wrapper identified."
ECON-SP-EASY-37,short-run-aggregate-supply,visual,KEEP — natural or borderline,Valid attached graph or a conceptual/numerical use of the word; wording is natural in context. Exact stem exceptions and rationale are recorded in the visual allowlist.
PG3-AS-E-002,short-run-aggregate-supply,visual,KEEP — natural or borderline,Valid attached graph or a conceptual/numerical use of the word; wording is natural in context. Exact stem exceptions and rationale are recorded in the visual allowlist.
PG3-AS-M-003,short-run-aggregate-supply,visual,KEEP — natural or borderline,Valid attached graph or a conceptual/numerical use of the word; wording is natural in context. Exact stem exceptions and rationale are recorded in the visual allowlist.
PG3-AS-M-004,short-run-aggregate-supply,visual,KEEP — natural or borderline,Valid attached graph or a conceptual/numerical use of the word; wording is natural in context. Exact stem exceptions and rationale are recorded in the visual allowlist.
PG3-AS-H-001,short-run-aggregate-supply,visual,KEEP — natural or borderline,Valid attached graph or a conceptual/numerical use of the word; wording is natural in context. Exact stem exceptions and rationale are recorded in the visual allowlist.
PG3-AS-H-002,short-run-aggregate-supply,visual,KEEP — natural or borderline,Valid attached graph or a conceptual/numerical use of the word; wording is natural in context. Exact stem exceptions and rationale are recorded in the visual allowlist.
PG3-AS-EL-002,short-run-aggregate-supply,visual,KEEP — natural or borderline,Valid attached graph or a conceptual/numerical use of the word; wording is natural in context. Exact stem exceptions and rationale are recorded in the visual allowlist.
P52A-AS-B2-003,short-run-aggregate-supply,wrapper,KEEP — natural or borderline,"Retain the genuine claim/diagnosis, inference or evidence-comparison task, or ordinary reporting context; no high-confidence unnecessary wrapper identified."
P52A-AS-B3-003,short-run-aggregate-supply,wrapper,KEEP — natural or borderline,"Retain the genuine claim/diagnosis, inference or evidence-comparison task, or ordinary reporting context; no high-confidence unnecessary wrapper identified."
ECON-SP-EASY-66,short-run-phillips-curve,visual,KEEP — natural or borderline,Valid attached graph or a conceptual/numerical use of the word; wording is natural in context. Exact stem exceptions and rationale are recorded in the visual allowlist.
ECON-SP-EASY-67,short-run-phillips-curve,visual,KEEP — natural or borderline,Valid attached graph or a conceptual/numerical use of the word; wording is natural in context. Exact stem exceptions and rationale are recorded in the visual allowlist.
PG5-PC-E-019,short-run-phillips-curve,visual,KEEP — natural or borderline,Valid attached graph or a conceptual/numerical use of the word; wording is natural in context. Exact stem exceptions and rationale are recorded in the visual allowlist.
ECON-SP-MEDIUM-155,short-run-phillips-curve,visual,KEEP — natural or borderline,Valid attached graph or a conceptual/numerical use of the word; wording is natural in context. Exact stem exceptions and rationale are recorded in the visual allowlist.
ECON-SP-MEDIUM-160,short-run-phillips-curve,visual,KEEP — natural or borderline,Valid attached graph or a conceptual/numerical use of the word; wording is natural in context. Exact stem exceptions and rationale are recorded in the visual allowlist.
PG5-PC-M-015,short-run-phillips-curve,visual,KEEP — natural or borderline,Valid attached graph or a conceptual/numerical use of the word; wording is natural in context. Exact stem exceptions and rationale are recorded in the visual allowlist.
ECON-SP-HARD-238,short-run-phillips-curve,visual,KEEP — natural or borderline,Valid attached graph or a conceptual/numerical use of the word; wording is natural in context. Exact stem exceptions and rationale are recorded in the visual allowlist.
ECON-SP-HARD-241,short-run-phillips-curve,visual,KEEP — natural or borderline,Valid attached graph or a conceptual/numerical use of the word; wording is natural in context. Exact stem exceptions and rationale are recorded in the visual allowlist.
ECON-SP-ELITE-323,short-run-phillips-curve,visual,KEEP — natural or borderline,Valid attached graph or a conceptual/numerical use of the word; wording is natural in context. Exact stem exceptions and rationale are recorded in the visual allowlist.
ECON-SP-ELITE-348,short-run-phillips-curve,rate,KEEP — natural or borderline,"The context identifies interest, inflation, unemployment or another non-exchange rate; no exchange-rate ambiguity requiring this repair."
ECON-SP-LEGENDARY-9007,short-run-phillips-curve,visual,KEEP — natural or borderline,Valid attached graph or a conceptual/numerical use of the word; wording is natural in context. Exact stem exceptions and rationale are recorded in the visual allowlist.
ECON-SP-LEGENDARY-9046,short-run-phillips-curve,rate,KEEP — natural or borderline,"The context identifies interest, inflation, unemployment or another non-exchange rate; no exchange-rate ambiguity requiring this repair."
P52B-S2-SRPC-B2-001,short-run-phillips-curve,wrapper,KEEP — natural or borderline,"Retain the genuine claim/diagnosis, inference or evidence-comparison task, or ordinary reporting context; no high-confidence unnecessary wrapper identified."
PM2A-SRPC-FB-012,short-run-phillips-curve,wrapper,KEEP — natural or borderline,"Retain the genuine claim/diagnosis, inference or evidence-comparison task, or ordinary reporting context; no high-confidence unnecessary wrapper identified."
ECON-SP-NATURAL-RATE-HYPOTHESIS-5052,short-run-phillips-curve,visual,KEEP — natural or borderline,Valid attached graph or a conceptual/numerical use of the word; wording is natural in context. Exact stem exceptions and rationale are recorded in the visual allowlist.
ECON-NL-LEGENDARY-9058,sources-of-productivity,wrapper,KEEP — natural or borderline,"Retain the genuine claim/diagnosis, inference or evidence-comparison task, or ordinary reporting context; no high-confidence unnecessary wrapper identified."
ECON-NL-MEDIUMBOSS-3019,sources-of-productivity,wrapper,EDIT,Remove the unnecessary analyst attribution before the causal and productivity comparison.
ECON-NL-MEDIUMBOSS-3020,sources-of-productivity,wrapper,KEEP — natural or borderline,"Retain the genuine claim/diagnosis, inference or evidence-comparison task, or ordinary reporting context; no high-confidence unnecessary wrapper identified."
ECON-NL-MEDIUMBOSS-3024,sources-of-productivity,wrapper,EDIT,Ask directly for the productivity change.
ECON-NL-MEDIUMBOSS-3025,sources-of-productivity,wrapper,KEEP — natural or borderline,"Retain the genuine claim/diagnosis, inference or evidence-comparison task, or ordinary reporting context; no high-confidence unnecessary wrapper identified."
PM2B3-SRC-FB-005,sources-of-productivity,wrapper,EDIT,Ask directly for the output comparison after productivity and hours change.
PM2B3-SRC-FB-006,sources-of-productivity,wrapper,KEEP — natural or borderline,"Retain the genuine claim/diagnosis, inference or evidence-comparison task, or ordinary reporting context; no high-confidence unnecessary wrapper identified."
ECON-EC-FINALBOSS-19010,sources-of-productivity,wrapper,KEEP — natural or borderline,"Retain the genuine claim/diagnosis, inference or evidence-comparison task, or ordinary reporting context; no high-confidence unnecessary wrapper identified."
ECON-SP-HARD-234,stabilization-policy,rate,KEEP — natural or borderline,"The context identifies interest, inflation, unemployment or another non-exchange rate; no exchange-rate ambiguity requiring this repair."
LG-Q-9057,stabilization-policy,visual,KEEP — natural or borderline,Valid attached graph or a conceptual/numerical use of the word; wording is natural in context. Exact stem exceptions and rationale are recorded in the visual allowlist.
LG-Q-9063,stabilization-policy,visual,KEEP — natural or borderline,Valid attached graph or a conceptual/numerical use of the word; wording is natural in context. Exact stem exceptions and rationale are recorded in the visual allowlist.
LG-Q-9071,stabilization-policy,visual,KEEP — natural or borderline,Valid attached graph or a conceptual/numerical use of the word; wording is natural in context. Exact stem exceptions and rationale are recorded in the visual allowlist.
LG-Q-9058,stabilization-policy,visual,KEEP — natural or borderline,Valid attached graph or a conceptual/numerical use of the word; wording is natural in context. Exact stem exceptions and rationale are recorded in the visual allowlist.
LG-Q-9065,stabilization-policy,visual,KEEP — natural or borderline,Valid attached graph or a conceptual/numerical use of the word; wording is natural in context. Exact stem exceptions and rationale are recorded in the visual allowlist.
PG2-STX-E-001,statutory-versus-economic-tax-incidence,visual,KEEP — protected,Frozen Micro/shared content or protected Market Gate; detection only. Visual metadata verified separately.
PG2-STX-M-001,statutory-versus-economic-tax-incidence,visual,KEEP — protected,Frozen Micro/shared content or protected Market Gate; detection only. Visual metadata verified separately.
ECON-MG-HARD-282,statutory-versus-economic-tax-incidence,visual,KEEP — protected,Frozen Micro/shared content or protected Market Gate; detection only. Visual metadata verified separately.
PG2-STX-H-001,statutory-versus-economic-tax-incidence,visual,KEEP — protected,Frozen Micro/shared content or protected Market Gate; detection only. Visual metadata verified separately.
PG2-STX-EL-001,statutory-versus-economic-tax-incidence,visual,KEEP — protected,Frozen Micro/shared content or protected Market Gate; detection only. Visual metadata verified separately.
40046,statutory-versus-economic-tax-incidence,visual,KEEP — protected,Frozen Micro/shared content or protected Market Gate; detection only. Visual metadata verified separately.
PG2-STX-L-001,statutory-versus-economic-tax-incidence,visual,KEEP — protected,Frozen Micro/shared content or protected Market Gate; detection only. Visual metadata verified separately.
ECON-MG-FINALBOSS-4018,statutory-versus-economic-tax-incidence,visual,KEEP — protected,Frozen Micro/shared content or protected Market Gate; detection only. Visual metadata verified separately.
ECON-MG-LEGENDARYBOSS-9140,statutory-versus-economic-tax-incidence,wrapper,KEEP — protected,Frozen Micro/shared content or protected Market Gate; detection only. Visual metadata verified separately.
ECON-MG-MEDIUM-166,supply,visual,KEEP — protected,Frozen Micro/shared content or protected Market Gate; detection only. Visual metadata verified separately.
PG1-SUP-M-001,supply,visual,KEEP — protected,Frozen Micro/shared content or protected Market Gate; detection only. Visual metadata verified separately.
PG1-SUP-M-003,supply,visual,KEEP — protected,Frozen Micro/shared content or protected Market Gate; detection only. Visual metadata verified separately.
PG1-SUP-M-005,supply,visual,KEEP — protected,Frozen Micro/shared content or protected Market Gate; detection only. Visual metadata verified separately.
40006,supply,visual,KEEP — protected,Frozen Micro/shared content or protected Market Gate; detection only. Visual metadata verified separately.
40008,supply,visual,KEEP — protected,Frozen Micro/shared content or protected Market Gate; detection only. Visual metadata verified separately.
ECON-MG-HARD-263,supply,visual,KEEP — protected,Frozen Micro/shared content or protected Market Gate; detection only. Visual metadata verified separately.
PG1-SUP-H-001,supply,visual,KEEP — protected,Frozen Micro/shared content or protected Market Gate; detection only. Visual metadata verified separately.
PG1-SUP-H-002,supply,visual,KEEP — protected,Frozen Micro/shared content or protected Market Gate; detection only. Visual metadata verified separately.
PG1-SUP-H-003,supply,visual,KEEP — protected,Frozen Micro/shared content or protected Market Gate; detection only. Visual metadata verified separately.
40007,supply,visual,KEEP — protected,Frozen Micro/shared content or protected Market Gate; detection only. Visual metadata verified separately.
PG1-SUP-L-002,supply,visual,KEEP — protected,Frozen Micro/shared content or protected Market Gate; detection only. Visual metadata verified separately.
PG1-SUP-L-003,supply,visual,KEEP — protected,Frozen Micro/shared content or protected Market Gate; detection only. Visual metadata verified separately.
ECON-MG-LEGENDARYBOSS-9126,supply,wrapper,KEEP — protected,Frozen Micro/shared content or protected Market Gate; detection only. Visual metadata verified separately.
ECON-MG-MEDIUM-188,tax-incidence,visual,KEEP — protected,Frozen Micro/shared content or protected Market Gate; detection only. Visual metadata verified separately.
ECON-MG-HARD-281,tax-incidence,visual,KEEP — protected,Frozen Micro/shared content or protected Market Gate; detection only. Visual metadata verified separately.
40037,tax-incidence,visual,KEEP — protected,Frozen Micro/shared content or protected Market Gate; detection only. Visual metadata verified separately.
40035,tax-incidence,visual,KEEP — protected,Frozen Micro/shared content or protected Market Gate; detection only. Visual metadata verified separately.
40038,tax-incidence,visual,KEEP — protected,Frozen Micro/shared content or protected Market Gate; detection only. Visual metadata verified separately.
40043,tax-incidence,visual,KEEP — protected,Frozen Micro/shared content or protected Market Gate; detection only. Visual metadata verified separately.
40044,tax-incidence,visual,KEEP — protected,Frozen Micro/shared content or protected Market Gate; detection only. Visual metadata verified separately.
ECON-MG-LEGENDARY-9056,tax-incidence,visual,KEEP — protected,Frozen Micro/shared content or protected Market Gate; detection only. Visual metadata verified separately.
40047,tax-incidence,visual,KEEP — protected,Frozen Micro/shared content or protected Market Gate; detection only. Visual metadata verified separately.
ECON-MG-HARD-275,tax-incidence,visual,KEEP — protected,Frozen Micro/shared content or protected Market Gate; detection only. Visual metadata verified separately.
ECON-MG-HARD-276,tax-incidence,visual,KEEP — protected,Frozen Micro/shared content or protected Market Gate; detection only. Visual metadata verified separately.
ECON-MG-HARD-277,tax-incidence,visual,KEEP — protected,Frozen Micro/shared content or protected Market Gate; detection only. Visual metadata verified separately.
ECON-MG-HARD-278,tax-incidence,visual,KEEP — protected,Frozen Micro/shared content or protected Market Gate; detection only. Visual metadata verified separately.
ECON-MG-HARD-279,tax-incidence,visual,KEEP — protected,Frozen Micro/shared content or protected Market Gate; detection only. Visual metadata verified separately.
ECON-MG-MEDIUM-184,tax-incidence,visual,KEEP — protected,Frozen Micro/shared content or protected Market Gate; detection only. Visual metadata verified separately.
ECON-MG-MEDIUM-185,tax-incidence,visual,KEEP — protected,Frozen Micro/shared content or protected Market Gate; detection only. Visual metadata verified separately.
ECON-NL-HARD-262,unemployment-measurement,rate,KEEP — natural or borderline,"The context identifies interest, inflation, unemployment or another non-exchange rate; no exchange-rate ambiguity requiring this repair."
ECON-NL-HARD-263,unemployment-measurement,rate,KEEP — natural or borderline,"The context identifies interest, inflation, unemployment or another non-exchange rate; no exchange-rate ambiguity requiring this repair."
ECON-NL-ELITE-363,unemployment-measurement,rate,KEEP — natural or borderline,"The context identifies interest, inflation, unemployment or another non-exchange rate; no exchange-rate ambiguity requiring this repair."
ECON-NL-LEGENDARY-9068,unemployment-measurement,wrapper,KEEP — natural or borderline,"Retain the genuine claim/diagnosis, inference or evidence-comparison task, or ordinary reporting context; no high-confidence unnecessary wrapper identified."
ECON-NL-LEGENDARY-9081,unemployment-measurement,wrapper,EDIT,Present the labor-market observations directly.
ECON-NL-FINALBOSS-4002,unemployment-measurement,rate,KEEP — natural or borderline,"The context identifies interest, inflation, unemployment or another non-exchange rate; no exchange-rate ambiguity requiring this repair."
ECON-NL-FINALBOSS-4004,unemployment-measurement,wrapper,EDIT,"Ask for the two official labor-market rates directly, retaining the active-search distinction."
P52B-S4-UNEM-B1-001,unemployment-measurement,wrapper,EDIT,"Ask for the two official labor-market rates directly, retaining the active-search distinction."
P52B-S4-UNEM-B2-002,unemployment-measurement,rate,KEEP — natural or borderline,"The context identifies interest, inflation, unemployment or another non-exchange rate; no exchange-rate ambiguity requiring this repair."
ECON-EC-FINALBOSS-19022,unemployment-measurement,wrapper,EDIT,"Ask for the two official labor-market rates directly, retaining the active-search distinction."
ECON-EC-MEDIUMBOSS-18009,unemployment-measurement,rate,KEEP — natural or borderline,"The context identifies interest, inflation, unemployment or another non-exchange rate; no exchange-rate ambiguity requiring this repair."
ECON-EC-MEDIUMBOSS-18010,unemployment-measurement,wrapper,EDIT,"Ask for the two official labor-market rates directly, retaining the active-search distinction."
ECON-NL-LEGENDARYBOSS-9126,unemployment-measurement,rate,KEEP — natural or borderline,"The context identifies interest, inflation, unemployment or another non-exchange rate; no exchange-rate ambiguity requiring this repair."
ECON-EC-LEGENDARYBOSS-20006,unemployment-measurement,rate,KEEP — natural or borderline,"The context identifies interest, inflation, unemployment or another non-exchange rate; no exchange-rate ambiguity requiring this repair."
PM2B4-UTYPE-L-001,unemployment-types,wrapper,KEEP — natural or borderline,"Retain the genuine claim/diagnosis, inference or evidence-comparison task, or ordinary reporting context; no high-confidence unnecessary wrapper identified."
ECON-NL-LEGENDARY-9074,unemployment-types,wrapper,KEEP — natural or borderline,"Retain the genuine claim/diagnosis, inference or evidence-comparison task, or ordinary reporting context; no high-confidence unnecessary wrapper identified."
ECON-NL-FINALBOSS-4009,unemployment-types,rate,KEEP — natural or borderline,"The context identifies interest, inflation, unemployment or another non-exchange rate; no exchange-rate ambiguity requiring this repair."
ECON-NL-FINALBOSS-4010,unemployment-types,wrapper,KEEP — natural or borderline,"Retain the genuine claim/diagnosis, inference or evidence-comparison task, or ordinary reporting context; no high-confidence unnecessary wrapper identified."
ECON-NL-FINALBOSS-4036,unemployment-types,rate; wrapper,KEEP — natural or borderline,"Retain the genuine claim/diagnosis, inference or evidence-comparison task, or ordinary reporting context; no high-confidence unnecessary wrapper identified."
PM2B4-UTYPE-EB-002,unemployment-types,wrapper,KEEP — natural or borderline,"Retain the genuine claim/diagnosis, inference or evidence-comparison task, or ordinary reporting context; no high-confidence unnecessary wrapper identified."
PM2B4-UTYPE-MB-006,unemployment-types,rate,KEEP — natural or borderline,"The context identifies interest, inflation, unemployment or another non-exchange rate; no exchange-rate ambiguity requiring this repair."
PM2B4-UTYPE-LB-002,unemployment-types,wrapper,KEEP — natural or borderline,"Retain the genuine claim/diagnosis, inference or evidence-comparison task, or ordinary reporting context; no high-confidence unnecessary wrapper identified."
