"Area","Scope","Concept ID","Topic","Mode currently blocked","Pool needed","Eligible now","Minimum required","Additional questions needed","Integration-only topic"
"micro","concept","applications-of-elasticity","Applications of Elasticity","Standard Campaign","easyBoss","1","3","2","false"
"micro","concept","applications-of-elasticity","Applications of Elasticity","Exam Drill","easyBoss","1","3","2","false"
"micro","concept","applications-of-elasticity","Applications of Elasticity","Score Attack","easyBoss","1","3","2","false"
"micro","concept","applications-of-elasticity","Applications of Elasticity","Trial by Graph","graphSafe","0","10","10","false"
"micro","concept","average-costs","Average Costs: AFC, AVC & ATC","Standard Campaign","easyBoss","0","3","3","false"
"micro","concept","average-costs","Average Costs: AFC, AVC & ATC","Standard Campaign","finalBoss","0","3","3","false"
"micro","concept","average-costs","Average Costs: AFC, AVC & ATC","Exam Drill","easyBoss","0","3","3","false"
"micro","concept","average-costs","Average Costs: AFC, AVC & ATC","Exam Drill","finalBoss","0","3","3","false"
"micro","concept","average-costs","Average Costs: AFC, AVC & ATC","Legendary Mode","legendaryBoss","0","3","3","false"
"micro","concept","average-costs","Average Costs: AFC, AVC & ATC","Score Attack","easyBoss","0","3","3","false"
"micro","concept","average-costs","Average Costs: AFC, AVC & ATC","Score Attack","finalBoss","0","3","3","false"
"micro","concept","binding-price-ceilings","Price Ceilings","Standard Campaign","easyBoss","0","3","3","false"
"micro","concept","binding-price-ceilings","Price Ceilings","Standard Campaign","mediumBoss","0","3","3","false"
"micro","concept","binding-price-ceilings","Price Ceilings","Exam Drill","easyBoss","0","3","3","false"
"micro","concept","binding-price-ceilings","Price Ceilings","Exam Drill","mediumBoss","0","3","3","false"
"micro","concept","binding-price-ceilings","Price Ceilings","Legendary Mode","legendary","5","6","1","false"
"micro","concept","binding-price-ceilings","Price Ceilings","Legendary Mode","legendaryBoss","2","3","1","false"
"micro","concept","binding-price-ceilings","Price Ceilings","Score Attack","easyBoss","0","3","3","false"
"micro","concept","binding-price-ceilings","Price Ceilings","Score Attack","mediumBoss","0","3","3","false"
"micro","concept","binding-price-floors","Price Floors","Standard Campaign","easyBoss","0","3","3","false"
"micro","concept","binding-price-floors","Price Floors","Standard Campaign","mediumBoss","0","3","3","false"
"micro","concept","binding-price-floors","Price Floors","Exam Drill","easyBoss","0","3","3","false"
"micro","concept","binding-price-floors","Price Floors","Exam Drill","mediumBoss","0","3","3","false"
"micro","concept","binding-price-floors","Price Floors","Legendary Mode","legendary","4","6","2","false"
"micro","concept","binding-price-floors","Price Floors","Score Attack","easyBoss","0","3","3","false"
"micro","concept","binding-price-floors","Price Floors","Score Attack","mediumBoss","0","3","3","false"
"micro","concept","competitive-efficiency-limits","Competitive Efficiency & Model Limits","Standard Campaign","easy","5","6","1","false"
"micro","concept","competitive-efficiency-limits","Competitive Efficiency & Model Limits","Standard Campaign","easyBoss","0","3","3","false"
"micro","concept","competitive-efficiency-limits","Competitive Efficiency & Model Limits","Standard Campaign","mediumBoss","0","3","3","false"
"micro","concept","competitive-efficiency-limits","Competitive Efficiency & Model Limits","Timed Trial","easy","5","6","1","false"
"micro","concept","competitive-efficiency-limits","Competitive Efficiency & Model Limits","Exam Drill","easy","5","6","1","false"
"micro","concept","competitive-efficiency-limits","Competitive Efficiency & Model Limits","Exam Drill","easyBoss","0","3","3","false"
"micro","concept","competitive-efficiency-limits","Competitive Efficiency & Model Limits","Exam Drill","mediumBoss","0","3","3","false"
"micro","concept","competitive-efficiency-limits","Competitive Efficiency & Model Limits","Unlimited Practice","easy","5","6","1","false"
"micro","concept","competitive-efficiency-limits","Competitive Efficiency & Model Limits","Score Attack","easy","5","6","1","false"
"micro","concept","competitive-efficiency-limits","Competitive Efficiency & Model Limits","Score Attack","easyBoss","0","3","3","false"
"micro","concept","competitive-efficiency-limits","Competitive Efficiency & Model Limits","Score Attack","mediumBoss","0","3","3","false"
"micro","concept","competitive-efficiency-limits","Competitive Efficiency & Model Limits","Trial by Graph","graphSafe","3","10","7","false"
"micro","concept","competitive-entry-exit-long-run","Entry, Exit & Long-Run Equilibrium","Standard Campaign","easyBoss","0","3","3","false"
"micro","concept","competitive-entry-exit-long-run","Entry, Exit & Long-Run Equilibrium","Standard Campaign","mediumBoss","0","3","3","false"
"micro","concept","competitive-entry-exit-long-run","Entry, Exit & Long-Run Equilibrium","Exam Drill","easyBoss","0","3","3","false"
"micro","concept","competitive-entry-exit-long-run","Entry, Exit & Long-Run Equilibrium","Exam Drill","mediumBoss","0","3","3","false"
"micro","concept","competitive-entry-exit-long-run","Entry, Exit & Long-Run Equilibrium","Legendary Mode","legendary","2","6","4","false"
"micro","concept","competitive-entry-exit-long-run","Entry, Exit & Long-Run Equilibrium","Score Attack","easyBoss","0","3","3","false"
"micro","concept","competitive-entry-exit-long-run","Entry, Exit & Long-Run Equilibrium","Score Attack","mediumBoss","0","3","3","false"
"micro","concept","competitive-industry-cost-conditions","Long-Run Industry Supply & Cost Conditions","Standard Campaign","easy","5","6","1","false"
"micro","concept","competitive-industry-cost-conditions","Long-Run Industry Supply & Cost Conditions","Standard Campaign","easyBoss","0","3","3","false"
"micro","concept","competitive-industry-cost-conditions","Long-Run Industry Supply & Cost Conditions","Standard Campaign","mediumBoss","0","3","3","false"
"micro","concept","competitive-industry-cost-conditions","Long-Run Industry Supply & Cost Conditions","Timed Trial","easy","5","6","1","false"
"micro","concept","competitive-industry-cost-conditions","Long-Run Industry Supply & Cost Conditions","Exam Drill","easy","5","6","1","false"
"micro","concept","competitive-industry-cost-conditions","Long-Run Industry Supply & Cost Conditions","Exam Drill","easyBoss","0","3","3","false"
"micro","concept","competitive-industry-cost-conditions","Long-Run Industry Supply & Cost Conditions","Exam Drill","mediumBoss","0","3","3","false"
"micro","concept","competitive-industry-cost-conditions","Long-Run Industry Supply & Cost Conditions","Unlimited Practice","easy","5","6","1","false"
"micro","concept","competitive-industry-cost-conditions","Long-Run Industry Supply & Cost Conditions","Score Attack","easy","5","6","1","false"
"micro","concept","competitive-industry-cost-conditions","Long-Run Industry Supply & Cost Conditions","Score Attack","easyBoss","0","3","3","false"
"micro","concept","competitive-industry-cost-conditions","Long-Run Industry Supply & Cost Conditions","Score Attack","mediumBoss","0","3","3","false"
"micro","concept","competitive-industry-cost-conditions","Long-Run Industry Supply & Cost Conditions","Trial by Graph","graphSafe","4","10","6","false"
"micro","concept","competitive-market-price-taking-revenue","Market Structure, Price Taking & Firm Revenue","Standard Campaign","hard","5","6","1","false"
"micro","concept","competitive-market-price-taking-revenue","Market Structure, Price Taking & Firm Revenue","Standard Campaign","mediumBoss","0","3","3","false"
"micro","concept","competitive-market-price-taking-revenue","Market Structure, Price Taking & Firm Revenue","Standard Campaign","finalBoss","0","3","3","false"
"micro","concept","competitive-market-price-taking-revenue","Market Structure, Price Taking & Firm Revenue","Timed Trial","hard","5","6","1","false"
"micro","concept","competitive-market-price-taking-revenue","Market Structure, Price Taking & Firm Revenue","Exam Drill","hard","5","6","1","false"
"micro","concept","competitive-market-price-taking-revenue","Market Structure, Price Taking & Firm Revenue","Exam Drill","mediumBoss","0","3","3","false"
"micro","concept","competitive-market-price-taking-revenue","Market Structure, Price Taking & Firm Revenue","Exam Drill","finalBoss","0","3","3","false"
"micro","concept","competitive-market-price-taking-revenue","Market Structure, Price Taking & Firm Revenue","Unlimited Practice","hard","5","6","1","false"
"micro","concept","competitive-market-price-taking-revenue","Market Structure, Price Taking & Firm Revenue","Legendary Mode","legendary","0","6","6","false"
"micro","concept","competitive-market-price-taking-revenue","Market Structure, Price Taking & Firm Revenue","Legendary Mode","legendaryBoss","0","3","3","false"
"micro","concept","competitive-market-price-taking-revenue","Market Structure, Price Taking & Firm Revenue","Score Attack","hard","5","6","1","false"
"micro","concept","competitive-market-price-taking-revenue","Market Structure, Price Taking & Firm Revenue","Score Attack","mediumBoss","0","3","3","false"
"micro","concept","competitive-market-price-taking-revenue","Market Structure, Price Taking & Firm Revenue","Score Attack","finalBoss","0","3","3","false"
"micro","concept","competitive-market-price-taking-revenue","Market Structure, Price Taking & Firm Revenue","Trial by Graph","graphSafe","8","10","2","false"
"micro","concept","competitive-markets","Competitive Markets","Standard Campaign","easy","4","6","2","false"
"micro","concept","competitive-markets","Competitive Markets","Standard Campaign","hard","5","6","1","false"
"micro","concept","competitive-markets","Competitive Markets","Standard Campaign","finalBoss","0","3","3","false"
"micro","concept","competitive-markets","Competitive Markets","Timed Trial","easy","4","6","2","false"
"micro","concept","competitive-markets","Competitive Markets","Timed Trial","hard","5","6","1","false"
"micro","concept","competitive-markets","Competitive Markets","Exam Drill","easy","4","6","2","false"
"micro","concept","competitive-markets","Competitive Markets","Exam Drill","hard","5","6","1","false"
"micro","concept","competitive-markets","Competitive Markets","Exam Drill","finalBoss","0","3","3","false"
"micro","concept","competitive-markets","Competitive Markets","Quiz","easy","4","5","1","false"
"micro","concept","competitive-markets","Competitive Markets","Unlimited Practice","easy","4","6","2","false"
"micro","concept","competitive-markets","Competitive Markets","Unlimited Practice","hard","5","6","1","false"
"micro","concept","competitive-markets","Competitive Markets","Legendary Mode","legendary","1","6","5","false"
"micro","concept","competitive-markets","Competitive Markets","Legendary Mode","legendaryBoss","0","3","3","false"
"micro","concept","competitive-markets","Competitive Markets","Score Attack","easy","4","6","2","false"
"micro","concept","competitive-markets","Competitive Markets","Score Attack","hard","5","6","1","false"
"micro","concept","competitive-markets","Competitive Markets","Score Attack","finalBoss","0","3","3","false"
"micro","concept","competitive-markets","Competitive Markets","Trial by Graph","graphSafe","0","10","10","false"
"micro","concept","competitive-output-choice","Profit-Maximizing Output & the MR = MC Rule","Standard Campaign","mediumBoss","0","3","3","false"
"micro","concept","competitive-output-choice","Profit-Maximizing Output & the MR = MC Rule","Standard Campaign","finalBoss","1","3","2","false"
"micro","concept","competitive-output-choice","Profit-Maximizing Output & the MR = MC Rule","Exam Drill","mediumBoss","0","3","3","false"
"micro","concept","competitive-output-choice","Profit-Maximizing Output & the MR = MC Rule","Exam Drill","finalBoss","1","3","2","false"
"micro","concept","competitive-output-choice","Profit-Maximizing Output & the MR = MC Rule","Legendary Mode","legendary","0","6","6","false"
"micro","concept","competitive-output-choice","Profit-Maximizing Output & the MR = MC Rule","Score Attack","mediumBoss","0","3","3","false"
"micro","concept","competitive-output-choice","Profit-Maximizing Output & the MR = MC Rule","Score Attack","finalBoss","1","3","2","false"
"micro","concept","competitive-profit-loss","Profit, Loss & Break-Even","Standard Campaign","easyBoss","2","3","1","false"
"micro","concept","competitive-profit-loss","Profit, Loss & Break-Even","Standard Campaign","finalBoss","0","3","3","false"
"micro","concept","competitive-profit-loss","Profit, Loss & Break-Even","Exam Drill","easyBoss","2","3","1","false"
"micro","concept","competitive-profit-loss","Profit, Loss & Break-Even","Exam Drill","finalBoss","0","3","3","false"
"micro","concept","competitive-profit-loss","Profit, Loss & Break-Even","Legendary Mode","legendaryBoss","2","3","1","false"
"micro","concept","competitive-profit-loss","Profit, Loss & Break-Even","Score Attack","easyBoss","2","3","1","false"
"micro","concept","competitive-profit-loss","Profit, Loss & Break-Even","Score Attack","finalBoss","0","3","3","false"
"micro","concept","competitive-short-run-supply","Short-Run Supply & Cost Shifts","Standard Campaign","easyBoss","0","3","3","false"
"micro","concept","competitive-short-run-supply","Short-Run Supply & Cost Shifts","Standard Campaign","finalBoss","0","3","3","false"
"micro","concept","competitive-short-run-supply","Short-Run Supply & Cost Shifts","Exam Drill","easyBoss","0","3","3","false"
"micro","concept","competitive-short-run-supply","Short-Run Supply & Cost Shifts","Exam Drill","finalBoss","0","3","3","false"
"micro","concept","competitive-short-run-supply","Short-Run Supply & Cost Shifts","Legendary Mode","legendary","0","6","6","false"
"micro","concept","competitive-short-run-supply","Short-Run Supply & Cost Shifts","Legendary Mode","legendaryBoss","1","3","2","false"
"micro","concept","competitive-short-run-supply","Short-Run Supply & Cost Shifts","Score Attack","easyBoss","0","3","3","false"
"micro","concept","competitive-short-run-supply","Short-Run Supply & Cost Shifts","Score Attack","finalBoss","0","3","3","false"
"micro","concept","competitive-short-run-supply","Short-Run Supply & Cost Shifts","Trial by Graph","graphSafe","6","10","4","false"
"micro","concept","competitive-shutdown","Shutdown & Short-Run Loss Minimization","Standard Campaign","easyBoss","0","3","3","false"
"micro","concept","competitive-shutdown","Shutdown & Short-Run Loss Minimization","Standard Campaign","finalBoss","0","3","3","false"
"micro","concept","competitive-shutdown","Shutdown & Short-Run Loss Minimization","Exam Drill","easyBoss","0","3","3","false"
"micro","concept","competitive-shutdown","Shutdown & Short-Run Loss Minimization","Exam Drill","finalBoss","0","3","3","false"
"micro","concept","competitive-shutdown","Shutdown & Short-Run Loss Minimization","Score Attack","easyBoss","0","3","3","false"
"micro","concept","competitive-shutdown","Shutdown & Short-Run Loss Minimization","Score Attack","finalBoss","0","3","3","false"
"micro","concept","consumer-choice","Consumer Choice","Legendary Mode","legendary","0","6","6","false"
"micro","concept","consumer-surplus","Consumer Surplus & Willingness to Pay","Standard Campaign","finalBoss","0","3","3","false"
"micro","concept","consumer-surplus","Consumer Surplus & Willingness to Pay","Exam Drill","finalBoss","0","3","3","false"
"micro","concept","consumer-surplus","Consumer Surplus & Willingness to Pay","Legendary Mode","legendary","2","6","4","false"
"micro","concept","consumer-surplus","Consumer Surplus & Willingness to Pay","Legendary Mode","legendaryBoss","1","3","2","false"
"micro","concept","consumer-surplus","Consumer Surplus & Willingness to Pay","Score Attack","finalBoss","0","3","3","false"
"micro","concept","cost-components-schedules","Cost Components & Cost Schedules","Standard Campaign","easyBoss","0","3","3","false"
"micro","concept","cost-components-schedules","Cost Components & Cost Schedules","Standard Campaign","mediumBoss","2","3","1","false"
"micro","concept","cost-components-schedules","Cost Components & Cost Schedules","Standard Campaign","finalBoss","0","3","3","false"
"micro","concept","cost-components-schedules","Cost Components & Cost Schedules","Exam Drill","easyBoss","0","3","3","false"
"micro","concept","cost-components-schedules","Cost Components & Cost Schedules","Exam Drill","mediumBoss","2","3","1","false"
"micro","concept","cost-components-schedules","Cost Components & Cost Schedules","Exam Drill","finalBoss","0","3","3","false"
"micro","concept","cost-components-schedules","Cost Components & Cost Schedules","Score Attack","easyBoss","0","3","3","false"
"micro","concept","cost-components-schedules","Cost Components & Cost Schedules","Score Attack","mediumBoss","2","3","1","false"
"micro","concept","cost-components-schedules","Cost Components & Cost Schedules","Score Attack","finalBoss","0","3","3","false"
"micro","concept","cost-components-schedules","Cost Components & Cost Schedules","Trial by Graph","graphSafe","8","10","2","false"
"micro","concept","cross-price-elasticity-of-demand","Cross-Price Elasticity of Demand","Standard Campaign","easy","5","6","1","false"
"micro","concept","cross-price-elasticity-of-demand","Cross-Price Elasticity of Demand","Standard Campaign","hard","0","6","6","false"
"micro","concept","cross-price-elasticity-of-demand","Cross-Price Elasticity of Demand","Standard Campaign","easyBoss","2","3","1","false"
"micro","concept","cross-price-elasticity-of-demand","Cross-Price Elasticity of Demand","Standard Campaign","mediumBoss","2","3","1","false"
"micro","concept","cross-price-elasticity-of-demand","Cross-Price Elasticity of Demand","Standard Campaign","finalBoss","1","3","2","false"
"micro","concept","cross-price-elasticity-of-demand","Cross-Price Elasticity of Demand","Timed Trial","easy","5","6","1","false"
"micro","concept","cross-price-elasticity-of-demand","Cross-Price Elasticity of Demand","Timed Trial","hard","0","6","6","false"
"micro","concept","cross-price-elasticity-of-demand","Cross-Price Elasticity of Demand","Exam Drill","easy","5","6","1","false"
"micro","concept","cross-price-elasticity-of-demand","Cross-Price Elasticity of Demand","Exam Drill","hard","0","6","6","false"
"micro","concept","cross-price-elasticity-of-demand","Cross-Price Elasticity of Demand","Exam Drill","easyBoss","2","3","1","false"
"micro","concept","cross-price-elasticity-of-demand","Cross-Price Elasticity of Demand","Exam Drill","mediumBoss","2","3","1","false"
"micro","concept","cross-price-elasticity-of-demand","Cross-Price Elasticity of Demand","Exam Drill","finalBoss","1","3","2","false"
"micro","concept","cross-price-elasticity-of-demand","Cross-Price Elasticity of Demand","Quiz","hard","0","5","5","false"
"micro","concept","cross-price-elasticity-of-demand","Cross-Price Elasticity of Demand","Unlimited Practice","easy","5","6","1","false"
"micro","concept","cross-price-elasticity-of-demand","Cross-Price Elasticity of Demand","Unlimited Practice","hard","0","6","6","false"
"micro","concept","cross-price-elasticity-of-demand","Cross-Price Elasticity of Demand","Legendary Mode","legendary","3","6","3","false"
"micro","concept","cross-price-elasticity-of-demand","Cross-Price Elasticity of Demand","Legendary Mode","legendaryBoss","2","3","1","false"
"micro","concept","cross-price-elasticity-of-demand","Cross-Price Elasticity of Demand","Score Attack","easy","5","6","1","false"
"micro","concept","cross-price-elasticity-of-demand","Cross-Price Elasticity of Demand","Score Attack","hard","0","6","6","false"
"micro","concept","cross-price-elasticity-of-demand","Cross-Price Elasticity of Demand","Score Attack","easyBoss","2","3","1","false"
"micro","concept","cross-price-elasticity-of-demand","Cross-Price Elasticity of Demand","Score Attack","mediumBoss","2","3","1","false"
"micro","concept","cross-price-elasticity-of-demand","Cross-Price Elasticity of Demand","Score Attack","finalBoss","1","3","2","false"
"micro","concept","cross-price-elasticity-of-demand","Cross-Price Elasticity of Demand","Trial by Graph","graphSafe","0","10","10","false"
"micro","concept","demand","Demand","Legendary Mode","legendary","1","6","5","false"
"micro","concept","demand","Demand","Legendary Mode","legendaryBoss","2","3","1","false"
"micro","concept","economic-costs","Economic Costs: Explicit, Implicit & Opportunity Cost","Standard Campaign","easy","5","6","1","false"
"micro","concept","economic-costs","Economic Costs: Explicit, Implicit & Opportunity Cost","Standard Campaign","hard","1","6","5","false"
"micro","concept","economic-costs","Economic Costs: Explicit, Implicit & Opportunity Cost","Standard Campaign","easyBoss","2","3","1","false"
"micro","concept","economic-costs","Economic Costs: Explicit, Implicit & Opportunity Cost","Standard Campaign","mediumBoss","0","3","3","false"
"micro","concept","economic-costs","Economic Costs: Explicit, Implicit & Opportunity Cost","Standard Campaign","finalBoss","0","3","3","false"
"micro","concept","economic-costs","Economic Costs: Explicit, Implicit & Opportunity Cost","Timed Trial","easy","5","6","1","false"
"micro","concept","economic-costs","Economic Costs: Explicit, Implicit & Opportunity Cost","Timed Trial","hard","1","6","5","false"
"micro","concept","economic-costs","Economic Costs: Explicit, Implicit & Opportunity Cost","Exam Drill","easy","5","6","1","false"
"micro","concept","economic-costs","Economic Costs: Explicit, Implicit & Opportunity Cost","Exam Drill","hard","1","6","5","false"
"micro","concept","economic-costs","Economic Costs: Explicit, Implicit & Opportunity Cost","Exam Drill","easyBoss","2","3","1","false"
"micro","concept","economic-costs","Economic Costs: Explicit, Implicit & Opportunity Cost","Exam Drill","mediumBoss","0","3","3","false"
"micro","concept","economic-costs","Economic Costs: Explicit, Implicit & Opportunity Cost","Exam Drill","finalBoss","0","3","3","false"
"micro","concept","economic-costs","Economic Costs: Explicit, Implicit & Opportunity Cost","Quiz","hard","1","5","4","false"
"micro","concept","economic-costs","Economic Costs: Explicit, Implicit & Opportunity Cost","Unlimited Practice","easy","5","6","1","false"
"micro","concept","economic-costs","Economic Costs: Explicit, Implicit & Opportunity Cost","Unlimited Practice","hard","1","6","5","false"
"micro","concept","economic-costs","Economic Costs: Explicit, Implicit & Opportunity Cost","Legendary Mode","legendary","0","6","6","false"
"micro","concept","economic-costs","Economic Costs: Explicit, Implicit & Opportunity Cost","Legendary Mode","legendaryBoss","0","3","3","false"
"micro","concept","economic-costs","Economic Costs: Explicit, Implicit & Opportunity Cost","Score Attack","easy","5","6","1","false"
"micro","concept","economic-costs","Economic Costs: Explicit, Implicit & Opportunity Cost","Score Attack","hard","1","6","5","false"
"micro","concept","economic-costs","Economic Costs: Explicit, Implicit & Opportunity Cost","Score Attack","easyBoss","2","3","1","false"
"micro","concept","economic-costs","Economic Costs: Explicit, Implicit & Opportunity Cost","Score Attack","mediumBoss","0","3","3","false"
"micro","concept","economic-costs","Economic Costs: Explicit, Implicit & Opportunity Cost","Score Attack","finalBoss","0","3","3","false"
"micro","concept","economic-costs","Economic Costs: Explicit, Implicit & Opportunity Cost","Trial by Graph","graphSafe","0","10","10","false"
"micro","concept","economist-policy-role","Economists and Policy","Trial by Graph","graphSafe","0","10","10","false"
"micro","concept","efficiency-equity-surplus-limits","Efficiency, Equity & Limits of Surplus Analysis","Standard Campaign","hard","5","6","1","false"
"micro","concept","efficiency-equity-surplus-limits","Efficiency, Equity & Limits of Surplus Analysis","Standard Campaign","easyBoss","1","3","2","false"
"micro","concept","efficiency-equity-surplus-limits","Efficiency, Equity & Limits of Surplus Analysis","Standard Campaign","mediumBoss","1","3","2","false"
"micro","concept","efficiency-equity-surplus-limits","Efficiency, Equity & Limits of Surplus Analysis","Standard Campaign","finalBoss","2","3","1","false"
"micro","concept","efficiency-equity-surplus-limits","Efficiency, Equity & Limits of Surplus Analysis","Timed Trial","hard","5","6","1","false"
"micro","concept","efficiency-equity-surplus-limits","Efficiency, Equity & Limits of Surplus Analysis","Exam Drill","hard","5","6","1","false"
"micro","concept","efficiency-equity-surplus-limits","Efficiency, Equity & Limits of Surplus Analysis","Exam Drill","easyBoss","1","3","2","false"
"micro","concept","efficiency-equity-surplus-limits","Efficiency, Equity & Limits of Surplus Analysis","Exam Drill","mediumBoss","1","3","2","false"
"micro","concept","efficiency-equity-surplus-limits","Efficiency, Equity & Limits of Surplus Analysis","Exam Drill","finalBoss","2","3","1","false"
"micro","concept","efficiency-equity-surplus-limits","Efficiency, Equity & Limits of Surplus Analysis","Unlimited Practice","hard","5","6","1","false"
"micro","concept","efficiency-equity-surplus-limits","Efficiency, Equity & Limits of Surplus Analysis","Score Attack","hard","5","6","1","false"
"micro","concept","efficiency-equity-surplus-limits","Efficiency, Equity & Limits of Surplus Analysis","Score Attack","easyBoss","1","3","2","false"
"micro","concept","efficiency-equity-surplus-limits","Efficiency, Equity & Limits of Surplus Analysis","Score Attack","mediumBoss","1","3","2","false"
"micro","concept","efficiency-equity-surplus-limits","Efficiency, Equity & Limits of Surplus Analysis","Score Attack","finalBoss","2","3","1","false"
"micro","concept","efficiency-equity-surplus-limits","Efficiency, Equity & Limits of Surplus Analysis","Trial by Graph","graphSafe","0","10","10","false"
"micro","concept","efficient-quantity-allocation","Efficient Quantity & Allocation","Legendary Mode","legendary","1","6","5","false"
"micro","concept","efficient-quantity-allocation","Efficient Quantity & Allocation","Trial by Graph","graphSafe","8","10","2","false"
"micro","concept","elasticity-and-total-revenue","Elasticity and Total Revenue","Legendary Mode","legendary","5","6","1","false"
"micro","concept","elasticity-and-total-revenue","Elasticity and Total Revenue","Legendary Mode","legendaryBoss","2","3","1","false"
"micro","concept","externalities","Externalities","Standard Campaign","easyBoss","1","3","2","false"
"micro","concept","externalities","Externalities","Standard Campaign","mediumBoss","1","3","2","false"
"micro","concept","externalities","Externalities","Standard Campaign","finalBoss","0","3","3","false"
"micro","concept","externalities","Externalities","Exam Drill","easyBoss","1","3","2","false"
"micro","concept","externalities","Externalities","Exam Drill","mediumBoss","1","3","2","false"
"micro","concept","externalities","Externalities","Exam Drill","finalBoss","0","3","3","false"
"micro","concept","externalities","Externalities","Legendary Mode","legendaryBoss","0","3","3","false"
"micro","concept","externalities","Externalities","Score Attack","easyBoss","1","3","2","false"
"micro","concept","externalities","Externalities","Score Attack","mediumBoss","1","3","2","false"
"micro","concept","externalities","Externalities","Score Attack","finalBoss","0","3","3","false"
"micro","concept","factor-markets","Factor Markets","Legendary Mode","legendary","0","6","6","false"
"micro","concept","gains-from-trade","Comparative Advantage and Gains from Trade","Trial by Graph","graphSafe","0","10","10","false"
"micro","concept","import-quotas-quota-rents","Import Quotas, Quota Rents & Tariff–Quota Comparison","Standard Campaign","easyBoss","0","3","3","false"
"micro","concept","import-quotas-quota-rents","Import Quotas, Quota Rents & Tariff–Quota Comparison","Standard Campaign","mediumBoss","0","3","3","false"
"micro","concept","import-quotas-quota-rents","Import Quotas, Quota Rents & Tariff–Quota Comparison","Exam Drill","easyBoss","0","3","3","false"
"micro","concept","import-quotas-quota-rents","Import Quotas, Quota Rents & Tariff–Quota Comparison","Exam Drill","mediumBoss","0","3","3","false"
"micro","concept","import-quotas-quota-rents","Import Quotas, Quota Rents & Tariff–Quota Comparison","Legendary Mode","legendaryBoss","0","3","3","false"
"micro","concept","import-quotas-quota-rents","Import Quotas, Quota Rents & Tariff–Quota Comparison","Score Attack","easyBoss","0","3","3","false"
"micro","concept","import-quotas-quota-rents","Import Quotas, Quota Rents & Tariff–Quota Comparison","Score Attack","mediumBoss","0","3","3","false"
"micro","concept","incentives","Incentives","Trial by Graph","graphSafe","0","10","10","false"
"micro","concept","income-elasticity-of-demand","Income Elasticity of Demand","Standard Campaign","easy","5","6","1","false"
"micro","concept","income-elasticity-of-demand","Income Elasticity of Demand","Standard Campaign","hard","0","6","6","false"
"micro","concept","income-elasticity-of-demand","Income Elasticity of Demand","Standard Campaign","easyBoss","2","3","1","false"
"micro","concept","income-elasticity-of-demand","Income Elasticity of Demand","Standard Campaign","mediumBoss","1","3","2","false"
"micro","concept","income-elasticity-of-demand","Income Elasticity of Demand","Standard Campaign","finalBoss","1","3","2","false"
"micro","concept","income-elasticity-of-demand","Income Elasticity of Demand","Timed Trial","easy","5","6","1","false"
"micro","concept","income-elasticity-of-demand","Income Elasticity of Demand","Timed Trial","hard","0","6","6","false"
"micro","concept","income-elasticity-of-demand","Income Elasticity of Demand","Exam Drill","easy","5","6","1","false"
"micro","concept","income-elasticity-of-demand","Income Elasticity of Demand","Exam Drill","hard","0","6","6","false"
"micro","concept","income-elasticity-of-demand","Income Elasticity of Demand","Exam Drill","easyBoss","2","3","1","false"
"micro","concept","income-elasticity-of-demand","Income Elasticity of Demand","Exam Drill","mediumBoss","1","3","2","false"
"micro","concept","income-elasticity-of-demand","Income Elasticity of Demand","Exam Drill","finalBoss","1","3","2","false"
"micro","concept","income-elasticity-of-demand","Income Elasticity of Demand","Quiz","hard","0","5","5","false"
"micro","concept","income-elasticity-of-demand","Income Elasticity of Demand","Unlimited Practice","easy","5","6","1","false"
"micro","concept","income-elasticity-of-demand","Income Elasticity of Demand","Unlimited Practice","hard","0","6","6","false"
"micro","concept","income-elasticity-of-demand","Income Elasticity of Demand","Legendary Mode","legendary","1","6","5","false"
"micro","concept","income-elasticity-of-demand","Income Elasticity of Demand","Legendary Mode","legendaryBoss","1","3","2","false"
"micro","concept","income-elasticity-of-demand","Income Elasticity of Demand","Score Attack","easy","5","6","1","false"
"micro","concept","income-elasticity-of-demand","Income Elasticity of Demand","Score Attack","hard","0","6","6","false"
"micro","concept","income-elasticity-of-demand","Income Elasticity of Demand","Score Attack","easyBoss","2","3","1","false"
"micro","concept","income-elasticity-of-demand","Income Elasticity of Demand","Score Attack","mediumBoss","1","3","2","false"
"micro","concept","income-elasticity-of-demand","Income Elasticity of Demand","Score Attack","finalBoss","1","3","2","false"
"micro","concept","income-elasticity-of-demand","Income Elasticity of Demand","Trial by Graph","graphSafe","0","10","10","false"
"micro","concept","income-inequality-poverty-and-redistribution","Income Inequality, Poverty, and Redistribution","Legendary Mode","legendary","0","6","6","false"
"micro","concept","information-asymmetry-behavioral-and-political-economy","Information Asymmetry, Behavioral Economics, and Political Economy","Legendary Mode","legendary","0","6","6","false"
"micro","concept","information-asymmetry-behavioral-and-political-economy","Information Asymmetry, Behavioral Economics, and Political Economy","Trial by Graph","graphSafe","0","10","10","false"
"micro","concept","integrated-economic-analysis","Integrated Economic Analysis","Standard Campaign","easy","0","6","6","true"
"micro","concept","integrated-economic-analysis","Integrated Economic Analysis","Standard Campaign","medium","0","6","6","true"
"micro","concept","integrated-economic-analysis","Integrated Economic Analysis","Standard Campaign","hard","0","6","6","true"
"micro","concept","integrated-economic-analysis","Integrated Economic Analysis","Timed Trial","easy","0","6","6","true"
"micro","concept","integrated-economic-analysis","Integrated Economic Analysis","Timed Trial","medium","0","6","6","true"
"micro","concept","integrated-economic-analysis","Integrated Economic Analysis","Timed Trial","hard","0","6","6","true"
"micro","concept","integrated-economic-analysis","Integrated Economic Analysis","Exam Drill","easy","0","6","6","true"
"micro","concept","integrated-economic-analysis","Integrated Economic Analysis","Exam Drill","medium","0","6","6","true"
"micro","concept","integrated-economic-analysis","Integrated Economic Analysis","Exam Drill","hard","0","6","6","true"
"micro","concept","integrated-economic-analysis","Integrated Economic Analysis","Quiz","easy","0","5","5","true"
"micro","concept","integrated-economic-analysis","Integrated Economic Analysis","Quiz","medium","0","5","5","true"
"micro","concept","integrated-economic-analysis","Integrated Economic Analysis","Quiz","hard","0","5","5","true"
"micro","concept","integrated-economic-analysis","Integrated Economic Analysis","Unlimited Practice","easy","0","6","6","true"
"micro","concept","integrated-economic-analysis","Integrated Economic Analysis","Unlimited Practice","medium","0","6","6","true"
"micro","concept","integrated-economic-analysis","Integrated Economic Analysis","Unlimited Practice","hard","0","6","6","true"
"micro","concept","integrated-economic-analysis","Integrated Economic Analysis","Legendary Mode","legendary","5","6","1","true"
"micro","concept","integrated-economic-analysis","Integrated Economic Analysis","Score Attack","easy","0","6","6","true"
"micro","concept","integrated-economic-analysis","Integrated Economic Analysis","Score Attack","medium","0","6","6","true"
"micro","concept","integrated-economic-analysis","Integrated Economic Analysis","Score Attack","hard","0","6","6","true"
"micro","concept","integrated-economic-analysis","Integrated Economic Analysis","Trial by Graph","graphSafe","0","10","10","true"
"micro","concept","integrated-economic-analysis","Integrated Economic Analysis","Fading Fortune","fadingFortuneEligible","9","10","1","true"
"micro","concept","integrated-economic-analysis","Integrated Economic Analysis","Risk & Reward","riskRewardEligible","9","10","1","true"
"micro","concept","long-run-average-cost-scale","LRAC, Economies & Diseconomies of Scale","Standard Campaign","easyBoss","0","3","3","false"
"micro","concept","long-run-average-cost-scale","LRAC, Economies & Diseconomies of Scale","Standard Campaign","mediumBoss","0","3","3","false"
"micro","concept","long-run-average-cost-scale","LRAC, Economies & Diseconomies of Scale","Exam Drill","easyBoss","0","3","3","false"
"micro","concept","long-run-average-cost-scale","LRAC, Economies & Diseconomies of Scale","Exam Drill","mediumBoss","0","3","3","false"
"micro","concept","long-run-average-cost-scale","LRAC, Economies & Diseconomies of Scale","Legendary Mode","legendaryBoss","0","3","3","false"
"micro","concept","long-run-average-cost-scale","LRAC, Economies & Diseconomies of Scale","Score Attack","easyBoss","0","3","3","false"
"micro","concept","long-run-average-cost-scale","LRAC, Economies & Diseconomies of Scale","Score Attack","mediumBoss","0","3","3","false"
"micro","concept","long-run-average-cost-scale","LRAC, Economies & Diseconomies of Scale","Trial by Graph","graphSafe","9","10","1","false"
"micro","concept","marginal-analysis","Marginal Analysis","Trial by Graph","graphSafe","0","10","10","false"
"micro","concept","marginal-cost-production-linkages","Marginal Cost & Production–Cost Linkages","Standard Campaign","easyBoss","0","3","3","false"
"micro","concept","marginal-cost-production-linkages","Marginal Cost & Production–Cost Linkages","Standard Campaign","mediumBoss","2","3","1","false"
"micro","concept","marginal-cost-production-linkages","Marginal Cost & Production–Cost Linkages","Exam Drill","easyBoss","0","3","3","false"
"micro","concept","marginal-cost-production-linkages","Marginal Cost & Production–Cost Linkages","Exam Drill","mediumBoss","2","3","1","false"
"micro","concept","marginal-cost-production-linkages","Marginal Cost & Production–Cost Linkages","Legendary Mode","legendary","2","6","4","false"
"micro","concept","marginal-cost-production-linkages","Marginal Cost & Production–Cost Linkages","Legendary Mode","legendaryBoss","0","3","3","false"
"micro","concept","marginal-cost-production-linkages","Marginal Cost & Production–Cost Linkages","Score Attack","easyBoss","0","3","3","false"
"micro","concept","marginal-cost-production-linkages","Marginal Cost & Production–Cost Linkages","Score Attack","mediumBoss","2","3","1","false"
"micro","concept","marginal-cost-production-linkages","Marginal Cost & Production–Cost Linkages","Trial by Graph","graphSafe","6","10","4","false"
"micro","concept","market-power","Market Power","Standard Campaign","easy","2","6","4","false"
"micro","concept","market-power","Market Power","Standard Campaign","medium","2","6","4","false"
"micro","concept","market-power","Market Power","Standard Campaign","hard","1","6","5","false"
"micro","concept","market-power","Market Power","Standard Campaign","easyBoss","0","3","3","false"
"micro","concept","market-power","Market Power","Standard Campaign","mediumBoss","1","3","2","false"
"micro","concept","market-power","Market Power","Standard Campaign","finalBoss","0","3","3","false"
"micro","concept","market-power","Market Power","Standard Campaign","bridge","0","1","1","false"
"micro","concept","market-power","Market Power","Timed Trial","easy","2","6","4","false"
"micro","concept","market-power","Market Power","Timed Trial","medium","2","6","4","false"
"micro","concept","market-power","Market Power","Timed Trial","hard","1","6","5","false"
"micro","concept","market-power","Market Power","Timed Trial","bridge","0","1","1","false"
"micro","concept","market-power","Market Power","Exam Drill","easy","2","6","4","false"
"micro","concept","market-power","Market Power","Exam Drill","medium","2","6","4","false"
"micro","concept","market-power","Market Power","Exam Drill","hard","1","6","5","false"
"micro","concept","market-power","Market Power","Exam Drill","easyBoss","0","3","3","false"
"micro","concept","market-power","Market Power","Exam Drill","mediumBoss","1","3","2","false"
"micro","concept","market-power","Market Power","Exam Drill","finalBoss","0","3","3","false"
"micro","concept","market-power","Market Power","Exam Drill","bridge","0","1","1","false"
"micro","concept","market-power","Market Power","Quiz","easy","2","5","3","false"
"micro","concept","market-power","Market Power","Quiz","medium","2","5","3","false"
"micro","concept","market-power","Market Power","Quiz","hard","1","5","4","false"
"micro","concept","market-power","Market Power","Unlimited Practice","easy","2","6","4","false"
"micro","concept","market-power","Market Power","Unlimited Practice","medium","2","6","4","false"
"micro","concept","market-power","Market Power","Unlimited Practice","hard","1","6","5","false"
"micro","concept","market-power","Market Power","Unlimited Practice","bridge","0","1","1","false"
"micro","concept","market-power","Market Power","Legendary Mode","legendary","2","6","4","false"
"micro","concept","market-power","Market Power","Legendary Mode","legendaryBoss","0","3","3","false"
"micro","concept","market-power","Market Power","Score Attack","easy","2","6","4","false"
"micro","concept","market-power","Market Power","Score Attack","medium","2","6","4","false"
"micro","concept","market-power","Market Power","Score Attack","hard","1","6","5","false"
"micro","concept","market-power","Market Power","Score Attack","easyBoss","0","3","3","false"
"micro","concept","market-power","Market Power","Score Attack","mediumBoss","1","3","2","false"
"micro","concept","market-power","Market Power","Score Attack","finalBoss","0","3","3","false"
"micro","concept","market-power","Market Power","Score Attack","bridge","0","1","1","false"
"micro","concept","market-power","Market Power","Trial by Graph","graphSafe","0","10","10","false"
"micro","concept","market-power","Market Power","Fading Fortune","fadingFortuneEligible","7","10","3","false"
"micro","concept","market-power","Market Power","Risk & Reward","riskRewardEligible","7","10","3","false"
"micro","concept","mcomp-advertising-nonprice","Advertising, Branding & Nonprice Competition","Standard Campaign","easyBoss","0","3","3","false"
"micro","concept","mcomp-advertising-nonprice","Advertising, Branding & Nonprice Competition","Standard Campaign","mediumBoss","0","3","3","false"
"micro","concept","mcomp-advertising-nonprice","Advertising, Branding & Nonprice Competition","Exam Drill","easyBoss","0","3","3","false"
"micro","concept","mcomp-advertising-nonprice","Advertising, Branding & Nonprice Competition","Exam Drill","mediumBoss","0","3","3","false"
"micro","concept","mcomp-advertising-nonprice","Advertising, Branding & Nonprice Competition","Legendary Mode","legendary","0","6","6","false"
"micro","concept","mcomp-advertising-nonprice","Advertising, Branding & Nonprice Competition","Legendary Mode","legendaryBoss","0","3","3","false"
"micro","concept","mcomp-advertising-nonprice","Advertising, Branding & Nonprice Competition","Score Attack","easyBoss","0","3","3","false"
"micro","concept","mcomp-advertising-nonprice","Advertising, Branding & Nonprice Competition","Score Attack","mediumBoss","0","3","3","false"
"micro","concept","mcomp-advertising-nonprice","Advertising, Branding & Nonprice Competition","Trial by Graph","graphSafe","0","10","10","false"
"micro","concept","mcomp-efficiency-variety-limits","Product Variety, Efficiency & Model Limits","Standard Campaign","easy","3","6","3","false"
"micro","concept","mcomp-efficiency-variety-limits","Product Variety, Efficiency & Model Limits","Standard Campaign","easyBoss","0","3","3","false"
"micro","concept","mcomp-efficiency-variety-limits","Product Variety, Efficiency & Model Limits","Standard Campaign","mediumBoss","0","3","3","false"
"micro","concept","mcomp-efficiency-variety-limits","Product Variety, Efficiency & Model Limits","Timed Trial","easy","3","6","3","false"
"micro","concept","mcomp-efficiency-variety-limits","Product Variety, Efficiency & Model Limits","Exam Drill","easy","3","6","3","false"
"micro","concept","mcomp-efficiency-variety-limits","Product Variety, Efficiency & Model Limits","Exam Drill","easyBoss","0","3","3","false"
"micro","concept","mcomp-efficiency-variety-limits","Product Variety, Efficiency & Model Limits","Exam Drill","mediumBoss","0","3","3","false"
"micro","concept","mcomp-efficiency-variety-limits","Product Variety, Efficiency & Model Limits","Quiz","easy","3","5","2","false"
"micro","concept","mcomp-efficiency-variety-limits","Product Variety, Efficiency & Model Limits","Unlimited Practice","easy","3","6","3","false"
"micro","concept","mcomp-efficiency-variety-limits","Product Variety, Efficiency & Model Limits","Legendary Mode","legendary","0","6","6","false"
"micro","concept","mcomp-efficiency-variety-limits","Product Variety, Efficiency & Model Limits","Legendary Mode","legendaryBoss","0","3","3","false"
"micro","concept","mcomp-efficiency-variety-limits","Product Variety, Efficiency & Model Limits","Score Attack","easy","3","6","3","false"
"micro","concept","mcomp-efficiency-variety-limits","Product Variety, Efficiency & Model Limits","Score Attack","easyBoss","0","3","3","false"
"micro","concept","mcomp-efficiency-variety-limits","Product Variety, Efficiency & Model Limits","Score Attack","mediumBoss","0","3","3","false"
"micro","concept","mcomp-efficiency-variety-limits","Product Variety, Efficiency & Model Limits","Trial by Graph","graphSafe","4","10","6","false"
"micro","concept","mcomp-entry-exit-long-run","Entry, Exit & Long-Run Equilibrium","Standard Campaign","easyBoss","1","3","2","false"
"micro","concept","mcomp-entry-exit-long-run","Entry, Exit & Long-Run Equilibrium","Standard Campaign","finalBoss","1","3","2","false"
"micro","concept","mcomp-entry-exit-long-run","Entry, Exit & Long-Run Equilibrium","Exam Drill","easyBoss","1","3","2","false"
"micro","concept","mcomp-entry-exit-long-run","Entry, Exit & Long-Run Equilibrium","Exam Drill","finalBoss","1","3","2","false"
"micro","concept","mcomp-entry-exit-long-run","Entry, Exit & Long-Run Equilibrium","Score Attack","easyBoss","1","3","2","false"
"micro","concept","mcomp-entry-exit-long-run","Entry, Exit & Long-Run Equilibrium","Score Attack","finalBoss","1","3","2","false"
"micro","concept","mcomp-short-run-choice","Short-Run Firm Choice, Profit/Loss & Shutdown","Standard Campaign","mediumBoss","0","3","3","false"
"micro","concept","mcomp-short-run-choice","Short-Run Firm Choice, Profit/Loss & Shutdown","Standard Campaign","finalBoss","0","3","3","false"
"micro","concept","mcomp-short-run-choice","Short-Run Firm Choice, Profit/Loss & Shutdown","Exam Drill","mediumBoss","0","3","3","false"
"micro","concept","mcomp-short-run-choice","Short-Run Firm Choice, Profit/Loss & Shutdown","Exam Drill","finalBoss","0","3","3","false"
"micro","concept","mcomp-short-run-choice","Short-Run Firm Choice, Profit/Loss & Shutdown","Score Attack","mediumBoss","0","3","3","false"
"micro","concept","mcomp-short-run-choice","Short-Run Firm Choice, Profit/Loss & Shutdown","Score Attack","finalBoss","0","3","3","false"
"micro","concept","mcomp-short-run-choice","Short-Run Firm Choice, Profit/Loss & Shutdown","Trial by Graph","graphSafe","7","10","3","false"
"micro","concept","mcomp-structure-differentiation","Market Structure & Product Differentiation","Standard Campaign","medium","5","6","1","false"
"micro","concept","mcomp-structure-differentiation","Market Structure & Product Differentiation","Standard Campaign","hard","4","6","2","false"
"micro","concept","mcomp-structure-differentiation","Market Structure & Product Differentiation","Standard Campaign","mediumBoss","0","3","3","false"
"micro","concept","mcomp-structure-differentiation","Market Structure & Product Differentiation","Standard Campaign","finalBoss","0","3","3","false"
"micro","concept","mcomp-structure-differentiation","Market Structure & Product Differentiation","Timed Trial","medium","5","6","1","false"
"micro","concept","mcomp-structure-differentiation","Market Structure & Product Differentiation","Timed Trial","hard","4","6","2","false"
"micro","concept","mcomp-structure-differentiation","Market Structure & Product Differentiation","Exam Drill","medium","5","6","1","false"
"micro","concept","mcomp-structure-differentiation","Market Structure & Product Differentiation","Exam Drill","hard","4","6","2","false"
"micro","concept","mcomp-structure-differentiation","Market Structure & Product Differentiation","Exam Drill","mediumBoss","0","3","3","false"
"micro","concept","mcomp-structure-differentiation","Market Structure & Product Differentiation","Exam Drill","finalBoss","0","3","3","false"
"micro","concept","mcomp-structure-differentiation","Market Structure & Product Differentiation","Quiz","hard","4","5","1","false"
"micro","concept","mcomp-structure-differentiation","Market Structure & Product Differentiation","Unlimited Practice","medium","5","6","1","false"
"micro","concept","mcomp-structure-differentiation","Market Structure & Product Differentiation","Unlimited Practice","hard","4","6","2","false"
"micro","concept","mcomp-structure-differentiation","Market Structure & Product Differentiation","Legendary Mode","legendary","0","6","6","false"
"micro","concept","mcomp-structure-differentiation","Market Structure & Product Differentiation","Legendary Mode","legendaryBoss","0","3","3","false"
"micro","concept","mcomp-structure-differentiation","Market Structure & Product Differentiation","Score Attack","medium","5","6","1","false"
"micro","concept","mcomp-structure-differentiation","Market Structure & Product Differentiation","Score Attack","hard","4","6","2","false"
"micro","concept","mcomp-structure-differentiation","Market Structure & Product Differentiation","Score Attack","mediumBoss","0","3","3","false"
"micro","concept","mcomp-structure-differentiation","Market Structure & Product Differentiation","Score Attack","finalBoss","0","3","3","false"
"micro","concept","mcomp-structure-differentiation","Market Structure & Product Differentiation","Trial by Graph","graphSafe","0","10","10","false"
"micro","concept","minimum-efficient-scale","Minimum Efficient Scale & Constant Returns to Scale","Standard Campaign","easy","5","6","1","false"
"micro","concept","minimum-efficient-scale","Minimum Efficient Scale & Constant Returns to Scale","Standard Campaign","hard","5","6","1","false"
"micro","concept","minimum-efficient-scale","Minimum Efficient Scale & Constant Returns to Scale","Standard Campaign","easyBoss","0","3","3","false"
"micro","concept","minimum-efficient-scale","Minimum Efficient Scale & Constant Returns to Scale","Standard Campaign","mediumBoss","0","3","3","false"
"micro","concept","minimum-efficient-scale","Minimum Efficient Scale & Constant Returns to Scale","Timed Trial","easy","5","6","1","false"
"micro","concept","minimum-efficient-scale","Minimum Efficient Scale & Constant Returns to Scale","Timed Trial","hard","5","6","1","false"
"micro","concept","minimum-efficient-scale","Minimum Efficient Scale & Constant Returns to Scale","Exam Drill","easy","5","6","1","false"
"micro","concept","minimum-efficient-scale","Minimum Efficient Scale & Constant Returns to Scale","Exam Drill","hard","5","6","1","false"
"micro","concept","minimum-efficient-scale","Minimum Efficient Scale & Constant Returns to Scale","Exam Drill","easyBoss","0","3","3","false"
"micro","concept","minimum-efficient-scale","Minimum Efficient Scale & Constant Returns to Scale","Exam Drill","mediumBoss","0","3","3","false"
"micro","concept","minimum-efficient-scale","Minimum Efficient Scale & Constant Returns to Scale","Unlimited Practice","easy","5","6","1","false"
"micro","concept","minimum-efficient-scale","Minimum Efficient Scale & Constant Returns to Scale","Unlimited Practice","hard","5","6","1","false"
"micro","concept","minimum-efficient-scale","Minimum Efficient Scale & Constant Returns to Scale","Legendary Mode","legendary","0","6","6","false"
"micro","concept","minimum-efficient-scale","Minimum Efficient Scale & Constant Returns to Scale","Legendary Mode","legendaryBoss","0","3","3","false"
"micro","concept","minimum-efficient-scale","Minimum Efficient Scale & Constant Returns to Scale","Score Attack","easy","5","6","1","false"
"micro","concept","minimum-efficient-scale","Minimum Efficient Scale & Constant Returns to Scale","Score Attack","hard","5","6","1","false"
"micro","concept","minimum-efficient-scale","Minimum Efficient Scale & Constant Returns to Scale","Score Attack","easyBoss","0","3","3","false"
"micro","concept","minimum-efficient-scale","Minimum Efficient Scale & Constant Returns to Scale","Score Attack","mediumBoss","0","3","3","false"
"micro","concept","minimum-efficient-scale","Minimum Efficient Scale & Constant Returns to Scale","Trial by Graph","graphSafe","2","10","8","false"
"micro","concept","monopoly-demand-revenue","Monopoly Demand, Revenue & Marginal Revenue","Standard Campaign","mediumBoss","0","3","3","false"
"micro","concept","monopoly-demand-revenue","Monopoly Demand, Revenue & Marginal Revenue","Standard Campaign","finalBoss","0","3","3","false"
"micro","concept","monopoly-demand-revenue","Monopoly Demand, Revenue & Marginal Revenue","Exam Drill","mediumBoss","0","3","3","false"
"micro","concept","monopoly-demand-revenue","Monopoly Demand, Revenue & Marginal Revenue","Exam Drill","finalBoss","0","3","3","false"
"micro","concept","monopoly-demand-revenue","Monopoly Demand, Revenue & Marginal Revenue","Legendary Mode","legendary","0","6","6","false"
"micro","concept","monopoly-demand-revenue","Monopoly Demand, Revenue & Marginal Revenue","Legendary Mode","legendaryBoss","0","3","3","false"
"micro","concept","monopoly-demand-revenue","Monopoly Demand, Revenue & Marginal Revenue","Score Attack","mediumBoss","0","3","3","false"
"micro","concept","monopoly-demand-revenue","Monopoly Demand, Revenue & Marginal Revenue","Score Attack","finalBoss","0","3","3","false"
"micro","concept","monopoly-demand-revenue","Monopoly Demand, Revenue & Marginal Revenue","Trial by Graph","graphSafe","3","10","7","false"
"micro","concept","monopoly-output-price","Profit-Maximizing Output & Monopoly Price","Standard Campaign","mediumBoss","0","3","3","false"
"micro","concept","monopoly-output-price","Profit-Maximizing Output & Monopoly Price","Standard Campaign","finalBoss","0","3","3","false"
"micro","concept","monopoly-output-price","Profit-Maximizing Output & Monopoly Price","Exam Drill","mediumBoss","0","3","3","false"
"micro","concept","monopoly-output-price","Profit-Maximizing Output & Monopoly Price","Exam Drill","finalBoss","0","3","3","false"
"micro","concept","monopoly-output-price","Profit-Maximizing Output & Monopoly Price","Score Attack","mediumBoss","0","3","3","false"
"micro","concept","monopoly-output-price","Profit-Maximizing Output & Monopoly Price","Score Attack","finalBoss","0","3","3","false"
"micro","concept","monopoly-power-barriers","Monopoly Power, Barriers to Entry & Sources of Monopoly","Standard Campaign","medium","5","6","1","false"
"micro","concept","monopoly-power-barriers","Monopoly Power, Barriers to Entry & Sources of Monopoly","Standard Campaign","hard","5","6","1","false"
"micro","concept","monopoly-power-barriers","Monopoly Power, Barriers to Entry & Sources of Monopoly","Standard Campaign","easyBoss","0","3","3","false"
"micro","concept","monopoly-power-barriers","Monopoly Power, Barriers to Entry & Sources of Monopoly","Standard Campaign","mediumBoss","0","3","3","false"
"micro","concept","monopoly-power-barriers","Monopoly Power, Barriers to Entry & Sources of Monopoly","Standard Campaign","finalBoss","0","3","3","false"
"micro","concept","monopoly-power-barriers","Monopoly Power, Barriers to Entry & Sources of Monopoly","Timed Trial","medium","5","6","1","false"
"micro","concept","monopoly-power-barriers","Monopoly Power, Barriers to Entry & Sources of Monopoly","Timed Trial","hard","5","6","1","false"
"micro","concept","monopoly-power-barriers","Monopoly Power, Barriers to Entry & Sources of Monopoly","Exam Drill","medium","5","6","1","false"
"micro","concept","monopoly-power-barriers","Monopoly Power, Barriers to Entry & Sources of Monopoly","Exam Drill","hard","5","6","1","false"
"micro","concept","monopoly-power-barriers","Monopoly Power, Barriers to Entry & Sources of Monopoly","Exam Drill","easyBoss","0","3","3","false"
"micro","concept","monopoly-power-barriers","Monopoly Power, Barriers to Entry & Sources of Monopoly","Exam Drill","mediumBoss","0","3","3","false"
"micro","concept","monopoly-power-barriers","Monopoly Power, Barriers to Entry & Sources of Monopoly","Exam Drill","finalBoss","0","3","3","false"
"micro","concept","monopoly-power-barriers","Monopoly Power, Barriers to Entry & Sources of Monopoly","Unlimited Practice","medium","5","6","1","false"
"micro","concept","monopoly-power-barriers","Monopoly Power, Barriers to Entry & Sources of Monopoly","Unlimited Practice","hard","5","6","1","false"
"micro","concept","monopoly-power-barriers","Monopoly Power, Barriers to Entry & Sources of Monopoly","Legendary Mode","legendary","0","6","6","false"
"micro","concept","monopoly-power-barriers","Monopoly Power, Barriers to Entry & Sources of Monopoly","Legendary Mode","legendaryBoss","0","3","3","false"
"micro","concept","monopoly-power-barriers","Monopoly Power, Barriers to Entry & Sources of Monopoly","Score Attack","medium","5","6","1","false"
"micro","concept","monopoly-power-barriers","Monopoly Power, Barriers to Entry & Sources of Monopoly","Score Attack","hard","5","6","1","false"
"micro","concept","monopoly-power-barriers","Monopoly Power, Barriers to Entry & Sources of Monopoly","Score Attack","easyBoss","0","3","3","false"
"micro","concept","monopoly-power-barriers","Monopoly Power, Barriers to Entry & Sources of Monopoly","Score Attack","mediumBoss","0","3","3","false"
"micro","concept","monopoly-power-barriers","Monopoly Power, Barriers to Entry & Sources of Monopoly","Score Attack","finalBoss","0","3","3","false"
"micro","concept","monopoly-power-barriers","Monopoly Power, Barriers to Entry & Sources of Monopoly","Trial by Graph","graphSafe","1","10","9","false"
"micro","concept","monopoly-price-discrimination","Price Discrimination","Standard Campaign","easyBoss","0","3","3","false"
"micro","concept","monopoly-price-discrimination","Price Discrimination","Standard Campaign","mediumBoss","0","3","3","false"
"micro","concept","monopoly-price-discrimination","Price Discrimination","Exam Drill","easyBoss","0","3","3","false"
"micro","concept","monopoly-price-discrimination","Price Discrimination","Exam Drill","mediumBoss","0","3","3","false"
"micro","concept","monopoly-price-discrimination","Price Discrimination","Legendary Mode","legendary","5","6","1","false"
"micro","concept","monopoly-price-discrimination","Price Discrimination","Legendary Mode","legendaryBoss","0","3","3","false"
"micro","concept","monopoly-price-discrimination","Price Discrimination","Score Attack","easyBoss","0","3","3","false"
"micro","concept","monopoly-price-discrimination","Price Discrimination","Score Attack","mediumBoss","0","3","3","false"
"micro","concept","monopoly-price-discrimination","Price Discrimination","Trial by Graph","graphSafe","0","10","10","false"
"micro","concept","monopoly-profit-loss-shutdown","Monopoly Profit, Loss & Shutdown","Standard Campaign","easyBoss","1","3","2","false"
"micro","concept","monopoly-profit-loss-shutdown","Monopoly Profit, Loss & Shutdown","Standard Campaign","finalBoss","0","3","3","false"
"micro","concept","monopoly-profit-loss-shutdown","Monopoly Profit, Loss & Shutdown","Exam Drill","easyBoss","1","3","2","false"
"micro","concept","monopoly-profit-loss-shutdown","Monopoly Profit, Loss & Shutdown","Exam Drill","finalBoss","0","3","3","false"
"micro","concept","monopoly-profit-loss-shutdown","Monopoly Profit, Loss & Shutdown","Legendary Mode","legendary","5","6","1","false"
"micro","concept","monopoly-profit-loss-shutdown","Monopoly Profit, Loss & Shutdown","Score Attack","easyBoss","1","3","2","false"
"micro","concept","monopoly-profit-loss-shutdown","Monopoly Profit, Loss & Shutdown","Score Attack","finalBoss","0","3","3","false"
"micro","concept","monopoly-welfare-efficiency","Monopoly Welfare, Efficiency & Competitive Comparison","Standard Campaign","easyBoss","0","3","3","false"
"micro","concept","monopoly-welfare-efficiency","Monopoly Welfare, Efficiency & Competitive Comparison","Standard Campaign","mediumBoss","0","3","3","false"
"micro","concept","monopoly-welfare-efficiency","Monopoly Welfare, Efficiency & Competitive Comparison","Exam Drill","easyBoss","0","3","3","false"
"micro","concept","monopoly-welfare-efficiency","Monopoly Welfare, Efficiency & Competitive Comparison","Exam Drill","mediumBoss","0","3","3","false"
"micro","concept","monopoly-welfare-efficiency","Monopoly Welfare, Efficiency & Competitive Comparison","Score Attack","easyBoss","0","3","3","false"
"micro","concept","monopoly-welfare-efficiency","Monopoly Welfare, Efficiency & Competitive Comparison","Score Attack","mediumBoss","0","3","3","false"
"micro","concept","natural-monopoly-regulation","Natural Monopoly & Regulation","Standard Campaign","easyBoss","0","3","3","false"
"micro","concept","natural-monopoly-regulation","Natural Monopoly & Regulation","Standard Campaign","mediumBoss","0","3","3","false"
"micro","concept","natural-monopoly-regulation","Natural Monopoly & Regulation","Exam Drill","easyBoss","0","3","3","false"
"micro","concept","natural-monopoly-regulation","Natural Monopoly & Regulation","Exam Drill","mediumBoss","0","3","3","false"
"micro","concept","natural-monopoly-regulation","Natural Monopoly & Regulation","Legendary Mode","legendaryBoss","0","3","3","false"
"micro","concept","natural-monopoly-regulation","Natural Monopoly & Regulation","Score Attack","easyBoss","0","3","3","false"
"micro","concept","natural-monopoly-regulation","Natural Monopoly & Regulation","Score Attack","mediumBoss","0","3","3","false"
"micro","concept","oligopoly-collusion-cartels","Collusion, Cartels & Prisoner’s-Dilemma Incentives","Standard Campaign","easyBoss","0","3","3","false"
"micro","concept","oligopoly-collusion-cartels","Collusion, Cartels & Prisoner’s-Dilemma Incentives","Standard Campaign","finalBoss","0","3","3","false"
"micro","concept","oligopoly-collusion-cartels","Collusion, Cartels & Prisoner’s-Dilemma Incentives","Exam Drill","easyBoss","0","3","3","false"
"micro","concept","oligopoly-collusion-cartels","Collusion, Cartels & Prisoner’s-Dilemma Incentives","Exam Drill","finalBoss","0","3","3","false"
"micro","concept","oligopoly-collusion-cartels","Collusion, Cartels & Prisoner’s-Dilemma Incentives","Score Attack","easyBoss","0","3","3","false"
"micro","concept","oligopoly-collusion-cartels","Collusion, Cartels & Prisoner’s-Dilemma Incentives","Score Attack","finalBoss","0","3","3","false"
"micro","concept","oligopoly-collusion-cartels","Collusion, Cartels & Prisoner’s-Dilemma Incentives","Trial by Graph","graphSafe","0","10","10","false"
"micro","concept","oligopoly-dynamic-strategy","Dynamic Strategy: Repeated Games, Credibility & Entry Deterrence","Standard Campaign","easy","5","6","1","false"
"micro","concept","oligopoly-dynamic-strategy","Dynamic Strategy: Repeated Games, Credibility & Entry Deterrence","Standard Campaign","medium","5","6","1","false"
"micro","concept","oligopoly-dynamic-strategy","Dynamic Strategy: Repeated Games, Credibility & Entry Deterrence","Standard Campaign","easyBoss","0","3","3","false"
"micro","concept","oligopoly-dynamic-strategy","Dynamic Strategy: Repeated Games, Credibility & Entry Deterrence","Timed Trial","easy","5","6","1","false"
"micro","concept","oligopoly-dynamic-strategy","Dynamic Strategy: Repeated Games, Credibility & Entry Deterrence","Timed Trial","medium","5","6","1","false"
"micro","concept","oligopoly-dynamic-strategy","Dynamic Strategy: Repeated Games, Credibility & Entry Deterrence","Exam Drill","easy","5","6","1","false"
"micro","concept","oligopoly-dynamic-strategy","Dynamic Strategy: Repeated Games, Credibility & Entry Deterrence","Exam Drill","medium","5","6","1","false"
"micro","concept","oligopoly-dynamic-strategy","Dynamic Strategy: Repeated Games, Credibility & Entry Deterrence","Exam Drill","easyBoss","0","3","3","false"
"micro","concept","oligopoly-dynamic-strategy","Dynamic Strategy: Repeated Games, Credibility & Entry Deterrence","Unlimited Practice","easy","5","6","1","false"
"micro","concept","oligopoly-dynamic-strategy","Dynamic Strategy: Repeated Games, Credibility & Entry Deterrence","Unlimited Practice","medium","5","6","1","false"
"micro","concept","oligopoly-dynamic-strategy","Dynamic Strategy: Repeated Games, Credibility & Entry Deterrence","Score Attack","easy","5","6","1","false"
"micro","concept","oligopoly-dynamic-strategy","Dynamic Strategy: Repeated Games, Credibility & Entry Deterrence","Score Attack","medium","5","6","1","false"
"micro","concept","oligopoly-dynamic-strategy","Dynamic Strategy: Repeated Games, Credibility & Entry Deterrence","Score Attack","easyBoss","0","3","3","false"
"micro","concept","oligopoly-dynamic-strategy","Dynamic Strategy: Repeated Games, Credibility & Entry Deterrence","Trial by Graph","graphSafe","0","10","10","false"
"micro","concept","oligopoly-game-theory-foundations","Game Theory Foundations: Payoff Matrices, Best Responses & Nash Equilibrium","Standard Campaign","mediumBoss","0","3","3","false"
"micro","concept","oligopoly-game-theory-foundations","Game Theory Foundations: Payoff Matrices, Best Responses & Nash Equilibrium","Standard Campaign","finalBoss","0","3","3","false"
"micro","concept","oligopoly-game-theory-foundations","Game Theory Foundations: Payoff Matrices, Best Responses & Nash Equilibrium","Exam Drill","mediumBoss","0","3","3","false"
"micro","concept","oligopoly-game-theory-foundations","Game Theory Foundations: Payoff Matrices, Best Responses & Nash Equilibrium","Exam Drill","finalBoss","0","3","3","false"
"micro","concept","oligopoly-game-theory-foundations","Game Theory Foundations: Payoff Matrices, Best Responses & Nash Equilibrium","Legendary Mode","legendary","4","6","2","false"
"micro","concept","oligopoly-game-theory-foundations","Game Theory Foundations: Payoff Matrices, Best Responses & Nash Equilibrium","Score Attack","mediumBoss","0","3","3","false"
"micro","concept","oligopoly-game-theory-foundations","Game Theory Foundations: Payoff Matrices, Best Responses & Nash Equilibrium","Score Attack","finalBoss","0","3","3","false"
"micro","concept","oligopoly-rivalry-coordination","Tacit Coordination, Price Leadership & Nonprice Competition","Standard Campaign","easy","5","6","1","false"
"micro","concept","oligopoly-rivalry-coordination","Tacit Coordination, Price Leadership & Nonprice Competition","Standard Campaign","hard","5","6","1","false"
"micro","concept","oligopoly-rivalry-coordination","Tacit Coordination, Price Leadership & Nonprice Competition","Standard Campaign","easyBoss","0","3","3","false"
"micro","concept","oligopoly-rivalry-coordination","Tacit Coordination, Price Leadership & Nonprice Competition","Standard Campaign","finalBoss","2","3","1","false"
"micro","concept","oligopoly-rivalry-coordination","Tacit Coordination, Price Leadership & Nonprice Competition","Timed Trial","easy","5","6","1","false"
"micro","concept","oligopoly-rivalry-coordination","Tacit Coordination, Price Leadership & Nonprice Competition","Timed Trial","hard","5","6","1","false"
"micro","concept","oligopoly-rivalry-coordination","Tacit Coordination, Price Leadership & Nonprice Competition","Exam Drill","easy","5","6","1","false"
"micro","concept","oligopoly-rivalry-coordination","Tacit Coordination, Price Leadership & Nonprice Competition","Exam Drill","hard","5","6","1","false"
"micro","concept","oligopoly-rivalry-coordination","Tacit Coordination, Price Leadership & Nonprice Competition","Exam Drill","easyBoss","0","3","3","false"
"micro","concept","oligopoly-rivalry-coordination","Tacit Coordination, Price Leadership & Nonprice Competition","Exam Drill","finalBoss","2","3","1","false"
"micro","concept","oligopoly-rivalry-coordination","Tacit Coordination, Price Leadership & Nonprice Competition","Unlimited Practice","easy","5","6","1","false"
"micro","concept","oligopoly-rivalry-coordination","Tacit Coordination, Price Leadership & Nonprice Competition","Unlimited Practice","hard","5","6","1","false"
"micro","concept","oligopoly-rivalry-coordination","Tacit Coordination, Price Leadership & Nonprice Competition","Legendary Mode","legendaryBoss","0","3","3","false"
"micro","concept","oligopoly-rivalry-coordination","Tacit Coordination, Price Leadership & Nonprice Competition","Score Attack","easy","5","6","1","false"
"micro","concept","oligopoly-rivalry-coordination","Tacit Coordination, Price Leadership & Nonprice Competition","Score Attack","hard","5","6","1","false"
"micro","concept","oligopoly-rivalry-coordination","Tacit Coordination, Price Leadership & Nonprice Competition","Score Attack","easyBoss","0","3","3","false"
"micro","concept","oligopoly-rivalry-coordination","Tacit Coordination, Price Leadership & Nonprice Competition","Score Attack","finalBoss","2","3","1","false"
"micro","concept","oligopoly-rivalry-coordination","Tacit Coordination, Price Leadership & Nonprice Competition","Trial by Graph","graphSafe","3","10","7","false"
"micro","concept","oligopoly-structure-concentration","Oligopoly Structure, Strategic Interdependence & Concentration","Standard Campaign","mediumBoss","0","3","3","false"
"micro","concept","oligopoly-structure-concentration","Oligopoly Structure, Strategic Interdependence & Concentration","Standard Campaign","finalBoss","0","3","3","false"
"micro","concept","oligopoly-structure-concentration","Oligopoly Structure, Strategic Interdependence & Concentration","Exam Drill","mediumBoss","0","3","3","false"
"micro","concept","oligopoly-structure-concentration","Oligopoly Structure, Strategic Interdependence & Concentration","Exam Drill","finalBoss","0","3","3","false"
"micro","concept","oligopoly-structure-concentration","Oligopoly Structure, Strategic Interdependence & Concentration","Legendary Mode","legendary","0","6","6","false"
"micro","concept","oligopoly-structure-concentration","Oligopoly Structure, Strategic Interdependence & Concentration","Score Attack","mediumBoss","0","3","3","false"
"micro","concept","oligopoly-structure-concentration","Oligopoly Structure, Strategic Interdependence & Concentration","Score Attack","finalBoss","0","3","3","false"
"micro","concept","oligopoly-structure-concentration","Oligopoly Structure, Strategic Interdependence & Concentration","Trial by Graph","graphSafe","0","10","10","false"
"micro","concept","oligopoly-welfare-policy","Oligopoly Welfare, Mergers & Antitrust Tradeoffs","Standard Campaign","easyBoss","0","3","3","false"
"micro","concept","oligopoly-welfare-policy","Oligopoly Welfare, Mergers & Antitrust Tradeoffs","Standard Campaign","mediumBoss","0","3","3","false"
"micro","concept","oligopoly-welfare-policy","Oligopoly Welfare, Mergers & Antitrust Tradeoffs","Exam Drill","easyBoss","0","3","3","false"
"micro","concept","oligopoly-welfare-policy","Oligopoly Welfare, Mergers & Antitrust Tradeoffs","Exam Drill","mediumBoss","0","3","3","false"
"micro","concept","oligopoly-welfare-policy","Oligopoly Welfare, Mergers & Antitrust Tradeoffs","Score Attack","easyBoss","0","3","3","false"
"micro","concept","oligopoly-welfare-policy","Oligopoly Welfare, Mergers & Antitrust Tradeoffs","Score Attack","mediumBoss","0","3","3","false"
"micro","concept","oligopoly-welfare-policy","Oligopoly Welfare, Mergers & Antitrust Tradeoffs","Trial by Graph","graphSafe","0","10","10","false"
"micro","concept","positive-versus-normative-analysis","Positive versus Normative Analysis","Trial by Graph","graphSafe","0","10","10","false"
"micro","concept","price-elasticity-of-demand","Price Elasticity of Demand","Legendary Mode","legendary","5","6","1","false"
"micro","concept","price-elasticity-of-supply","Price Elasticity of Supply","Standard Campaign","easyBoss","2","3","1","false"
"micro","concept","price-elasticity-of-supply","Price Elasticity of Supply","Standard Campaign","mediumBoss","2","3","1","false"
"micro","concept","price-elasticity-of-supply","Price Elasticity of Supply","Standard Campaign","finalBoss","2","3","1","false"
"micro","concept","price-elasticity-of-supply","Price Elasticity of Supply","Exam Drill","easyBoss","2","3","1","false"
"micro","concept","price-elasticity-of-supply","Price Elasticity of Supply","Exam Drill","mediumBoss","2","3","1","false"
"micro","concept","price-elasticity-of-supply","Price Elasticity of Supply","Exam Drill","finalBoss","2","3","1","false"
"micro","concept","price-elasticity-of-supply","Price Elasticity of Supply","Legendary Mode","legendary","2","6","4","false"
"micro","concept","price-elasticity-of-supply","Price Elasticity of Supply","Score Attack","easyBoss","2","3","1","false"
"micro","concept","price-elasticity-of-supply","Price Elasticity of Supply","Score Attack","mediumBoss","2","3","1","false"
"micro","concept","price-elasticity-of-supply","Price Elasticity of Supply","Score Attack","finalBoss","2","3","1","false"
"micro","concept","price-elasticity-of-supply","Price Elasticity of Supply","Trial by Graph","graphSafe","8","10","2","false"
"micro","concept","price-signals","Price Signals","Standard Campaign","easy","4","6","2","false"
"micro","concept","price-signals","Price Signals","Standard Campaign","hard","4","6","2","false"
"micro","concept","price-signals","Price Signals","Standard Campaign","easyBoss","0","3","3","false"
"micro","concept","price-signals","Price Signals","Timed Trial","easy","4","6","2","false"
"micro","concept","price-signals","Price Signals","Timed Trial","hard","4","6","2","false"
"micro","concept","price-signals","Price Signals","Exam Drill","easy","4","6","2","false"
"micro","concept","price-signals","Price Signals","Exam Drill","hard","4","6","2","false"
"micro","concept","price-signals","Price Signals","Exam Drill","easyBoss","0","3","3","false"
"micro","concept","price-signals","Price Signals","Quiz","easy","4","5","1","false"
"micro","concept","price-signals","Price Signals","Quiz","hard","4","5","1","false"
"micro","concept","price-signals","Price Signals","Unlimited Practice","easy","4","6","2","false"
"micro","concept","price-signals","Price Signals","Unlimited Practice","hard","4","6","2","false"
"micro","concept","price-signals","Price Signals","Legendary Mode","legendary","1","6","5","false"
"micro","concept","price-signals","Price Signals","Legendary Mode","legendaryBoss","0","3","3","false"
"micro","concept","price-signals","Price Signals","Score Attack","easy","4","6","2","false"
"micro","concept","price-signals","Price Signals","Score Attack","hard","4","6","2","false"
"micro","concept","price-signals","Price Signals","Score Attack","easyBoss","0","3","3","false"
"micro","concept","price-signals","Price Signals","Trial by Graph","graphSafe","0","10","10","false"
"micro","concept","producer-surplus","Producer Surplus & Willingness to Accept","Standard Campaign","finalBoss","0","3","3","false"
"micro","concept","producer-surplus","Producer Surplus & Willingness to Accept","Exam Drill","finalBoss","0","3","3","false"
"micro","concept","producer-surplus","Producer Surplus & Willingness to Accept","Legendary Mode","legendary","0","6","6","false"
"micro","concept","producer-surplus","Producer Surplus & Willingness to Accept","Legendary Mode","legendaryBoss","0","3","3","false"
"micro","concept","producer-surplus","Producer Surplus & Willingness to Accept","Score Attack","finalBoss","0","3","3","false"
"micro","concept","profit-concepts","Accounting, Economic & Normal Profit","Standard Campaign","mediumBoss","0","3","3","false"
"micro","concept","profit-concepts","Accounting, Economic & Normal Profit","Standard Campaign","finalBoss","0","3","3","false"
"micro","concept","profit-concepts","Accounting, Economic & Normal Profit","Exam Drill","mediumBoss","0","3","3","false"
"micro","concept","profit-concepts","Accounting, Economic & Normal Profit","Exam Drill","finalBoss","0","3","3","false"
"micro","concept","profit-concepts","Accounting, Economic & Normal Profit","Score Attack","mediumBoss","0","3","3","false"
"micro","concept","profit-concepts","Accounting, Economic & Normal Profit","Score Attack","finalBoss","0","3","3","false"
"micro","concept","profit-concepts","Accounting, Economic & Normal Profit","Trial by Graph","graphSafe","0","10","10","false"
"micro","concept","short-run-cost-curves","Short-Run Cost Curves: Relationships & Shifts","Standard Campaign","easyBoss","2","3","1","false"
"micro","concept","short-run-cost-curves","Short-Run Cost Curves: Relationships & Shifts","Exam Drill","easyBoss","2","3","1","false"
"micro","concept","short-run-cost-curves","Short-Run Cost Curves: Relationships & Shifts","Score Attack","easyBoss","2","3","1","false"
"micro","concept","short-run-production","Short-Run Production & Diminishing Marginal Product","Standard Campaign","mediumBoss","1","3","2","false"
"micro","concept","short-run-production","Short-Run Production & Diminishing Marginal Product","Standard Campaign","finalBoss","1","3","2","false"
"micro","concept","short-run-production","Short-Run Production & Diminishing Marginal Product","Exam Drill","mediumBoss","1","3","2","false"
"micro","concept","short-run-production","Short-Run Production & Diminishing Marginal Product","Exam Drill","finalBoss","1","3","2","false"
"micro","concept","short-run-production","Short-Run Production & Diminishing Marginal Product","Legendary Mode","legendaryBoss","0","3","3","false"
"micro","concept","short-run-production","Short-Run Production & Diminishing Marginal Product","Score Attack","mediumBoss","1","3","2","false"
"micro","concept","short-run-production","Short-Run Production & Diminishing Marginal Product","Score Attack","finalBoss","1","3","2","false"
"micro","concept","statutory-versus-economic-tax-incidence","Statutory versus Economic Tax Incidence","Standard Campaign","easy","2","6","4","false"
"micro","concept","statutory-versus-economic-tax-incidence","Statutory versus Economic Tax Incidence","Standard Campaign","hard","5","6","1","false"
"micro","concept","statutory-versus-economic-tax-incidence","Statutory versus Economic Tax Incidence","Standard Campaign","easyBoss","0","3","3","false"
"micro","concept","statutory-versus-economic-tax-incidence","Statutory versus Economic Tax Incidence","Standard Campaign","mediumBoss","0","3","3","false"
"micro","concept","statutory-versus-economic-tax-incidence","Statutory versus Economic Tax Incidence","Standard Campaign","repair","0","1","1","false"
"micro","concept","statutory-versus-economic-tax-incidence","Statutory versus Economic Tax Incidence","Timed Trial","easy","2","6","4","false"
"micro","concept","statutory-versus-economic-tax-incidence","Statutory versus Economic Tax Incidence","Timed Trial","hard","5","6","1","false"
"micro","concept","statutory-versus-economic-tax-incidence","Statutory versus Economic Tax Incidence","Timed Trial","repair","0","1","1","false"
"micro","concept","statutory-versus-economic-tax-incidence","Statutory versus Economic Tax Incidence","Exam Drill","easy","2","6","4","false"
"micro","concept","statutory-versus-economic-tax-incidence","Statutory versus Economic Tax Incidence","Exam Drill","hard","5","6","1","false"
"micro","concept","statutory-versus-economic-tax-incidence","Statutory versus Economic Tax Incidence","Exam Drill","easyBoss","0","3","3","false"
"micro","concept","statutory-versus-economic-tax-incidence","Statutory versus Economic Tax Incidence","Exam Drill","mediumBoss","0","3","3","false"
"micro","concept","statutory-versus-economic-tax-incidence","Statutory versus Economic Tax Incidence","Exam Drill","repair","0","1","1","false"
"micro","concept","statutory-versus-economic-tax-incidence","Statutory versus Economic Tax Incidence","Quiz","easy","2","5","3","false"
"micro","concept","statutory-versus-economic-tax-incidence","Statutory versus Economic Tax Incidence","Unlimited Practice","easy","2","6","4","false"
"micro","concept","statutory-versus-economic-tax-incidence","Statutory versus Economic Tax Incidence","Unlimited Practice","hard","5","6","1","false"
"micro","concept","statutory-versus-economic-tax-incidence","Statutory versus Economic Tax Incidence","Unlimited Practice","repair","0","1","1","false"
"micro","concept","statutory-versus-economic-tax-incidence","Statutory versus Economic Tax Incidence","Legendary Mode","legendary","2","6","4","false"
"micro","concept","statutory-versus-economic-tax-incidence","Statutory versus Economic Tax Incidence","Score Attack","easy","2","6","4","false"
"micro","concept","statutory-versus-economic-tax-incidence","Statutory versus Economic Tax Incidence","Score Attack","hard","5","6","1","false"
"micro","concept","statutory-versus-economic-tax-incidence","Statutory versus Economic Tax Incidence","Score Attack","easyBoss","0","3","3","false"
"micro","concept","statutory-versus-economic-tax-incidence","Statutory versus Economic Tax Incidence","Score Attack","mediumBoss","0","3","3","false"
"micro","concept","statutory-versus-economic-tax-incidence","Statutory versus Economic Tax Incidence","Score Attack","repair","0","1","1","false"
"micro","concept","statutory-versus-economic-tax-incidence","Statutory versus Economic Tax Incidence","Trial by Graph","graphSafe","7","10","3","false"
"micro","concept","sunk-avoidable-costs","Sunk & Avoidable Costs","Standard Campaign","easy","5","6","1","false"
"micro","concept","sunk-avoidable-costs","Sunk & Avoidable Costs","Standard Campaign","hard","5","6","1","false"
"micro","concept","sunk-avoidable-costs","Sunk & Avoidable Costs","Standard Campaign","easyBoss","0","3","3","false"
"micro","concept","sunk-avoidable-costs","Sunk & Avoidable Costs","Standard Campaign","mediumBoss","0","3","3","false"
"micro","concept","sunk-avoidable-costs","Sunk & Avoidable Costs","Standard Campaign","finalBoss","2","3","1","false"
"micro","concept","sunk-avoidable-costs","Sunk & Avoidable Costs","Timed Trial","easy","5","6","1","false"
"micro","concept","sunk-avoidable-costs","Sunk & Avoidable Costs","Timed Trial","hard","5","6","1","false"
"micro","concept","sunk-avoidable-costs","Sunk & Avoidable Costs","Exam Drill","easy","5","6","1","false"
"micro","concept","sunk-avoidable-costs","Sunk & Avoidable Costs","Exam Drill","hard","5","6","1","false"
"micro","concept","sunk-avoidable-costs","Sunk & Avoidable Costs","Exam Drill","easyBoss","0","3","3","false"
"micro","concept","sunk-avoidable-costs","Sunk & Avoidable Costs","Exam Drill","mediumBoss","0","3","3","false"
"micro","concept","sunk-avoidable-costs","Sunk & Avoidable Costs","Exam Drill","finalBoss","2","3","1","false"
"micro","concept","sunk-avoidable-costs","Sunk & Avoidable Costs","Unlimited Practice","easy","5","6","1","false"
"micro","concept","sunk-avoidable-costs","Sunk & Avoidable Costs","Unlimited Practice","hard","5","6","1","false"
"micro","concept","sunk-avoidable-costs","Sunk & Avoidable Costs","Legendary Mode","legendary","1","6","5","false"
"micro","concept","sunk-avoidable-costs","Sunk & Avoidable Costs","Legendary Mode","legendaryBoss","0","3","3","false"
"micro","concept","sunk-avoidable-costs","Sunk & Avoidable Costs","Score Attack","easy","5","6","1","false"
"micro","concept","sunk-avoidable-costs","Sunk & Avoidable Costs","Score Attack","hard","5","6","1","false"
"micro","concept","sunk-avoidable-costs","Sunk & Avoidable Costs","Score Attack","easyBoss","0","3","3","false"
"micro","concept","sunk-avoidable-costs","Sunk & Avoidable Costs","Score Attack","mediumBoss","0","3","3","false"
"micro","concept","sunk-avoidable-costs","Sunk & Avoidable Costs","Score Attack","finalBoss","2","3","1","false"
"micro","concept","sunk-avoidable-costs","Sunk & Avoidable Costs","Trial by Graph","graphSafe","0","10","10","false"
"micro","concept","surplus-changes-policy-effects","Changes in Surplus & Policy Effects","Standard Campaign","easy","5","6","1","false"
"micro","concept","surplus-changes-policy-effects","Changes in Surplus & Policy Effects","Standard Campaign","easyBoss","0","3","3","false"
"micro","concept","surplus-changes-policy-effects","Changes in Surplus & Policy Effects","Standard Campaign","mediumBoss","1","3","2","false"
"micro","concept","surplus-changes-policy-effects","Changes in Surplus & Policy Effects","Timed Trial","easy","5","6","1","false"
"micro","concept","surplus-changes-policy-effects","Changes in Surplus & Policy Effects","Exam Drill","easy","5","6","1","false"
"micro","concept","surplus-changes-policy-effects","Changes in Surplus & Policy Effects","Exam Drill","easyBoss","0","3","3","false"
"micro","concept","surplus-changes-policy-effects","Changes in Surplus & Policy Effects","Exam Drill","mediumBoss","1","3","2","false"
"micro","concept","surplus-changes-policy-effects","Changes in Surplus & Policy Effects","Unlimited Practice","easy","5","6","1","false"
"micro","concept","surplus-changes-policy-effects","Changes in Surplus & Policy Effects","Score Attack","easy","5","6","1","false"
"micro","concept","surplus-changes-policy-effects","Changes in Surplus & Policy Effects","Score Attack","easyBoss","0","3","3","false"
"micro","concept","surplus-changes-policy-effects","Changes in Surplus & Policy Effects","Score Attack","mediumBoss","1","3","2","false"
"micro","concept","surplus-changes-policy-effects","Changes in Surplus & Policy Effects","Trial by Graph","graphSafe","2","10","8","false"
"micro","concept","tariffs-revenue-deadweight-loss","Tariffs, Revenue & Deadweight Loss","Standard Campaign","easyBoss","0","3","3","false"
"micro","concept","tariffs-revenue-deadweight-loss","Tariffs, Revenue & Deadweight Loss","Standard Campaign","mediumBoss","1","3","2","false"
"micro","concept","tariffs-revenue-deadweight-loss","Tariffs, Revenue & Deadweight Loss","Exam Drill","easyBoss","0","3","3","false"
"micro","concept","tariffs-revenue-deadweight-loss","Tariffs, Revenue & Deadweight Loss","Exam Drill","mediumBoss","1","3","2","false"
"micro","concept","tariffs-revenue-deadweight-loss","Tariffs, Revenue & Deadweight Loss","Score Attack","easyBoss","0","3","3","false"
"micro","concept","tariffs-revenue-deadweight-loss","Tariffs, Revenue & Deadweight Loss","Score Attack","mediumBoss","1","3","2","false"
"micro","concept","tax-incidence","Tax Incidence","Standard Campaign","easy","5","6","1","false"
"micro","concept","tax-incidence","Tax Incidence","Standard Campaign","easyBoss","0","3","3","false"
"micro","concept","tax-incidence","Tax Incidence","Standard Campaign","mediumBoss","0","3","3","false"
"micro","concept","tax-incidence","Tax Incidence","Timed Trial","easy","5","6","1","false"
"micro","concept","tax-incidence","Tax Incidence","Exam Drill","easy","5","6","1","false"
"micro","concept","tax-incidence","Tax Incidence","Exam Drill","easyBoss","0","3","3","false"
"micro","concept","tax-incidence","Tax Incidence","Exam Drill","mediumBoss","0","3","3","false"
"micro","concept","tax-incidence","Tax Incidence","Unlimited Practice","easy","5","6","1","false"
"micro","concept","tax-incidence","Tax Incidence","Legendary Mode","legendary","5","6","1","false"
"micro","concept","tax-incidence","Tax Incidence","Score Attack","easy","5","6","1","false"
"micro","concept","tax-incidence","Tax Incidence","Score Attack","easyBoss","0","3","3","false"
"micro","concept","tax-incidence","Tax Incidence","Score Attack","mediumBoss","0","3","3","false"
"micro","concept","tax-incidence","Tax Incidence","Trial by Graph","graphSafe","6","10","4","false"
"micro","concept","tax-wedges-and-revenue","Tax Wedges and Revenue","Standard Campaign","easy","5","6","1","false"
"micro","concept","tax-wedges-and-revenue","Tax Wedges and Revenue","Standard Campaign","easyBoss","0","3","3","false"
"micro","concept","tax-wedges-and-revenue","Tax Wedges and Revenue","Standard Campaign","mediumBoss","0","3","3","false"
"micro","concept","tax-wedges-and-revenue","Tax Wedges and Revenue","Timed Trial","easy","5","6","1","false"
"micro","concept","tax-wedges-and-revenue","Tax Wedges and Revenue","Exam Drill","easy","5","6","1","false"
"micro","concept","tax-wedges-and-revenue","Tax Wedges and Revenue","Exam Drill","easyBoss","0","3","3","false"
"micro","concept","tax-wedges-and-revenue","Tax Wedges and Revenue","Exam Drill","mediumBoss","0","3","3","false"
"micro","concept","tax-wedges-and-revenue","Tax Wedges and Revenue","Unlimited Practice","easy","5","6","1","false"
"micro","concept","tax-wedges-and-revenue","Tax Wedges and Revenue","Legendary Mode","legendary","3","6","3","false"
"micro","concept","tax-wedges-and-revenue","Tax Wedges and Revenue","Score Attack","easy","5","6","1","false"
"micro","concept","tax-wedges-and-revenue","Tax Wedges and Revenue","Score Attack","easyBoss","0","3","3","false"
"micro","concept","tax-wedges-and-revenue","Tax Wedges and Revenue","Score Attack","mediumBoss","0","3","3","false"
"micro","concept","total-surplus-gains-from-exchange","Total Surplus & Gains from Exchange","Standard Campaign","easyBoss","2","3","1","false"
"micro","concept","total-surplus-gains-from-exchange","Total Surplus & Gains from Exchange","Exam Drill","easyBoss","2","3","1","false"
"micro","concept","total-surplus-gains-from-exchange","Total Surplus & Gains from Exchange","Legendary Mode","legendary","2","6","4","false"
"micro","concept","total-surplus-gains-from-exchange","Total Surplus & Gains from Exchange","Score Attack","easyBoss","2","3","1","false"
"micro","concept","trade-domestic-production-consumption-quantities","Domestic Production, Consumption & Trade Quantities","Standard Campaign","mediumBoss","2","3","1","false"
"micro","concept","trade-domestic-production-consumption-quantities","Domestic Production, Consumption & Trade Quantities","Standard Campaign","finalBoss","0","3","3","false"
"micro","concept","trade-domestic-production-consumption-quantities","Domestic Production, Consumption & Trade Quantities","Exam Drill","mediumBoss","2","3","1","false"
"micro","concept","trade-domestic-production-consumption-quantities","Domestic Production, Consumption & Trade Quantities","Exam Drill","finalBoss","0","3","3","false"
"micro","concept","trade-domestic-production-consumption-quantities","Domestic Production, Consumption & Trade Quantities","Legendary Mode","legendaryBoss","0","3","3","false"
"micro","concept","trade-domestic-production-consumption-quantities","Domestic Production, Consumption & Trade Quantities","Score Attack","mediumBoss","2","3","1","false"
"micro","concept","trade-domestic-production-consumption-quantities","Domestic Production, Consumption & Trade Quantities","Score Attack","finalBoss","0","3","3","false"
"micro","concept","trade-domestic-production-consumption-quantities","Domestic Production, Consumption & Trade Quantities","Trial by Graph","graphSafe","8","10","2","false"
"micro","concept","trade-gains-surplus-winners-losers","Gains from Trade, Surplus & Winners/Losers","Standard Campaign","finalBoss","0","3","3","false"
"micro","concept","trade-gains-surplus-winners-losers","Gains from Trade, Surplus & Winners/Losers","Exam Drill","finalBoss","0","3","3","false"
"micro","concept","trade-gains-surplus-winners-losers","Gains from Trade, Surplus & Winners/Losers","Score Attack","finalBoss","0","3","3","false"
"micro","concept","trade-policy-efficiency-distribution","Trade-Policy Arguments, Efficiency & Distribution","Standard Campaign","easy","5","6","1","false"
"micro","concept","trade-policy-efficiency-distribution","Trade-Policy Arguments, Efficiency & Distribution","Standard Campaign","easyBoss","0","3","3","false"
"micro","concept","trade-policy-efficiency-distribution","Trade-Policy Arguments, Efficiency & Distribution","Standard Campaign","mediumBoss","2","3","1","false"
"micro","concept","trade-policy-efficiency-distribution","Trade-Policy Arguments, Efficiency & Distribution","Timed Trial","easy","5","6","1","false"
"micro","concept","trade-policy-efficiency-distribution","Trade-Policy Arguments, Efficiency & Distribution","Exam Drill","easy","5","6","1","false"
"micro","concept","trade-policy-efficiency-distribution","Trade-Policy Arguments, Efficiency & Distribution","Exam Drill","easyBoss","0","3","3","false"
"micro","concept","trade-policy-efficiency-distribution","Trade-Policy Arguments, Efficiency & Distribution","Exam Drill","mediumBoss","2","3","1","false"
"micro","concept","trade-policy-efficiency-distribution","Trade-Policy Arguments, Efficiency & Distribution","Unlimited Practice","easy","5","6","1","false"
"micro","concept","trade-policy-efficiency-distribution","Trade-Policy Arguments, Efficiency & Distribution","Legendary Mode","legendaryBoss","0","3","3","false"
"micro","concept","trade-policy-efficiency-distribution","Trade-Policy Arguments, Efficiency & Distribution","Score Attack","easy","5","6","1","false"
"micro","concept","trade-policy-efficiency-distribution","Trade-Policy Arguments, Efficiency & Distribution","Score Attack","easyBoss","0","3","3","false"
"micro","concept","trade-policy-efficiency-distribution","Trade-Policy Arguments, Efficiency & Distribution","Score Attack","mediumBoss","2","3","1","false"
"micro","concept","trade-policy-efficiency-distribution","Trade-Policy Arguments, Efficiency & Distribution","Trial by Graph","graphSafe","0","10","10","false"
"micro","concept","trade-world-price-status","World Prices & Importer/Exporter Status","Standard Campaign","easy","5","6","1","false"
"micro","concept","trade-world-price-status","World Prices & Importer/Exporter Status","Standard Campaign","hard","4","6","2","false"
"micro","concept","trade-world-price-status","World Prices & Importer/Exporter Status","Standard Campaign","mediumBoss","0","3","3","false"
"micro","concept","trade-world-price-status","World Prices & Importer/Exporter Status","Standard Campaign","finalBoss","0","3","3","false"
"micro","concept","trade-world-price-status","World Prices & Importer/Exporter Status","Timed Trial","easy","5","6","1","false"
"micro","concept","trade-world-price-status","World Prices & Importer/Exporter Status","Timed Trial","hard","4","6","2","false"
"micro","concept","trade-world-price-status","World Prices & Importer/Exporter Status","Exam Drill","easy","5","6","1","false"
"micro","concept","trade-world-price-status","World Prices & Importer/Exporter Status","Exam Drill","hard","4","6","2","false"
"micro","concept","trade-world-price-status","World Prices & Importer/Exporter Status","Exam Drill","mediumBoss","0","3","3","false"
"micro","concept","trade-world-price-status","World Prices & Importer/Exporter Status","Exam Drill","finalBoss","0","3","3","false"
"micro","concept","trade-world-price-status","World Prices & Importer/Exporter Status","Quiz","hard","4","5","1","false"
"micro","concept","trade-world-price-status","World Prices & Importer/Exporter Status","Unlimited Practice","easy","5","6","1","false"
"micro","concept","trade-world-price-status","World Prices & Importer/Exporter Status","Unlimited Practice","hard","4","6","2","false"
"micro","concept","trade-world-price-status","World Prices & Importer/Exporter Status","Legendary Mode","legendary","0","6","6","false"
"micro","concept","trade-world-price-status","World Prices & Importer/Exporter Status","Legendary Mode","legendaryBoss","0","3","3","false"
"micro","concept","trade-world-price-status","World Prices & Importer/Exporter Status","Score Attack","easy","5","6","1","false"
"micro","concept","trade-world-price-status","World Prices & Importer/Exporter Status","Score Attack","hard","4","6","2","false"
"micro","concept","trade-world-price-status","World Prices & Importer/Exporter Status","Score Attack","mediumBoss","0","3","3","false"
"micro","concept","trade-world-price-status","World Prices & Importer/Exporter Status","Score Attack","finalBoss","0","3","3","false"
"micro","concept","trade-world-price-status","World Prices & Importer/Exporter Status","Trial by Graph","graphSafe","4","10","6","false"
"micro","family","people-institutions","Consumers, factor markets, and distribution","Legendary Mode","legendary","0","6","6","false"
"macro","concept","ad-as-equilibrium-and-output-gaps","AD-AS Equilibrium and Output Gaps","Standard Campaign","hard","3","6","3","false"
"macro","concept","ad-as-equilibrium-and-output-gaps","AD-AS Equilibrium and Output Gaps","Standard Campaign","easyBoss","2","3","1","false"
"macro","concept","ad-as-equilibrium-and-output-gaps","AD-AS Equilibrium and Output Gaps","Standard Campaign","mediumBoss","0","3","3","false"
"macro","concept","ad-as-equilibrium-and-output-gaps","AD-AS Equilibrium and Output Gaps","Standard Campaign","finalBoss","1","3","2","false"
"macro","concept","ad-as-equilibrium-and-output-gaps","AD-AS Equilibrium and Output Gaps","Timed Trial","hard","3","6","3","false"
"macro","concept","ad-as-equilibrium-and-output-gaps","AD-AS Equilibrium and Output Gaps","Exam Drill","hard","3","6","3","false"
"macro","concept","ad-as-equilibrium-and-output-gaps","AD-AS Equilibrium and Output Gaps","Exam Drill","easyBoss","2","3","1","false"
"macro","concept","ad-as-equilibrium-and-output-gaps","AD-AS Equilibrium and Output Gaps","Exam Drill","mediumBoss","0","3","3","false"
"macro","concept","ad-as-equilibrium-and-output-gaps","AD-AS Equilibrium and Output Gaps","Exam Drill","finalBoss","1","3","2","false"
"macro","concept","ad-as-equilibrium-and-output-gaps","AD-AS Equilibrium and Output Gaps","Quiz","hard","3","5","2","false"
"macro","concept","ad-as-equilibrium-and-output-gaps","AD-AS Equilibrium and Output Gaps","Unlimited Practice","hard","3","6","3","false"
"macro","concept","ad-as-equilibrium-and-output-gaps","AD-AS Equilibrium and Output Gaps","Legendary Mode","legendary","0","6","6","false"
"macro","concept","ad-as-equilibrium-and-output-gaps","AD-AS Equilibrium and Output Gaps","Legendary Mode","legendaryBoss","1","3","2","false"
"macro","concept","ad-as-equilibrium-and-output-gaps","AD-AS Equilibrium and Output Gaps","Score Attack","hard","3","6","3","false"
"macro","concept","ad-as-equilibrium-and-output-gaps","AD-AS Equilibrium and Output Gaps","Score Attack","easyBoss","2","3","1","false"
"macro","concept","ad-as-equilibrium-and-output-gaps","AD-AS Equilibrium and Output Gaps","Score Attack","mediumBoss","0","3","3","false"
"macro","concept","ad-as-equilibrium-and-output-gaps","AD-AS Equilibrium and Output Gaps","Score Attack","finalBoss","1","3","2","false"
"macro","concept","ad-as-equilibrium-and-output-gaps","AD-AS Equilibrium and Output Gaps","Trial by Graph","graphSafe","7","10","3","false"
"macro","concept","aggregate-demand","Aggregate Demand","Legendary Mode","legendary","4","6","2","false"
"macro","concept","bank-balance-sheets-reserves-and-capital","Bank Balance Sheets, Reserves, and Capital","Standard Campaign","easyBoss","1","3","2","false"
"macro","concept","bank-balance-sheets-reserves-and-capital","Bank Balance Sheets, Reserves, and Capital","Standard Campaign","mediumBoss","2","3","1","false"
"macro","concept","bank-balance-sheets-reserves-and-capital","Bank Balance Sheets, Reserves, and Capital","Standard Campaign","finalBoss","2","3","1","false"
"macro","concept","bank-balance-sheets-reserves-and-capital","Bank Balance Sheets, Reserves, and Capital","Exam Drill","easyBoss","1","3","2","false"
"macro","concept","bank-balance-sheets-reserves-and-capital","Bank Balance Sheets, Reserves, and Capital","Exam Drill","mediumBoss","2","3","1","false"
"macro","concept","bank-balance-sheets-reserves-and-capital","Bank Balance Sheets, Reserves, and Capital","Exam Drill","finalBoss","2","3","1","false"
"macro","concept","bank-balance-sheets-reserves-and-capital","Bank Balance Sheets, Reserves, and Capital","Legendary Mode","legendary","0","6","6","false"
"macro","concept","bank-balance-sheets-reserves-and-capital","Bank Balance Sheets, Reserves, and Capital","Legendary Mode","legendaryBoss","2","3","1","false"
"macro","concept","bank-balance-sheets-reserves-and-capital","Bank Balance Sheets, Reserves, and Capital","Score Attack","easyBoss","1","3","2","false"
"macro","concept","bank-balance-sheets-reserves-and-capital","Bank Balance Sheets, Reserves, and Capital","Score Attack","mediumBoss","2","3","1","false"
"macro","concept","bank-balance-sheets-reserves-and-capital","Bank Balance Sheets, Reserves, and Capital","Score Attack","finalBoss","2","3","1","false"
"macro","concept","bank-balance-sheets-reserves-and-capital","Bank Balance Sheets, Reserves, and Capital","Trial by Graph","graphSafe","0","10","10","false"
"macro","concept","binding-price-ceilings","Price Ceilings","Standard Campaign","easyBoss","0","3","3","false"
"macro","concept","binding-price-ceilings","Price Ceilings","Standard Campaign","mediumBoss","0","3","3","false"
"macro","concept","binding-price-ceilings","Price Ceilings","Exam Drill","easyBoss","0","3","3","false"
"macro","concept","binding-price-ceilings","Price Ceilings","Exam Drill","mediumBoss","0","3","3","false"
"macro","concept","binding-price-ceilings","Price Ceilings","Legendary Mode","legendary","5","6","1","false"
"macro","concept","binding-price-ceilings","Price Ceilings","Legendary Mode","legendaryBoss","2","3","1","false"
"macro","concept","binding-price-ceilings","Price Ceilings","Score Attack","easyBoss","0","3","3","false"
"macro","concept","binding-price-ceilings","Price Ceilings","Score Attack","mediumBoss","0","3","3","false"
"macro","concept","binding-price-floors","Price Floors","Standard Campaign","easyBoss","0","3","3","false"
"macro","concept","binding-price-floors","Price Floors","Standard Campaign","mediumBoss","0","3","3","false"
"macro","concept","binding-price-floors","Price Floors","Exam Drill","easyBoss","0","3","3","false"
"macro","concept","binding-price-floors","Price Floors","Exam Drill","mediumBoss","0","3","3","false"
"macro","concept","binding-price-floors","Price Floors","Legendary Mode","legendary","4","6","2","false"
"macro","concept","binding-price-floors","Price Floors","Score Attack","easyBoss","0","3","3","false"
"macro","concept","binding-price-floors","Price Floors","Score Attack","mediumBoss","0","3","3","false"
"macro","concept","budget-accounting-and-public-saving","Budget Accounting and Public Saving","Standard Campaign","hard","1","6","5","false"
"macro","concept","budget-accounting-and-public-saving","Budget Accounting and Public Saving","Standard Campaign","easyBoss","2","3","1","false"
"macro","concept","budget-accounting-and-public-saving","Budget Accounting and Public Saving","Standard Campaign","mediumBoss","2","3","1","false"
"macro","concept","budget-accounting-and-public-saving","Budget Accounting and Public Saving","Standard Campaign","finalBoss","1","3","2","false"
"macro","concept","budget-accounting-and-public-saving","Budget Accounting and Public Saving","Timed Trial","hard","1","6","5","false"
"macro","concept","budget-accounting-and-public-saving","Budget Accounting and Public Saving","Exam Drill","hard","1","6","5","false"
"macro","concept","budget-accounting-and-public-saving","Budget Accounting and Public Saving","Exam Drill","easyBoss","2","3","1","false"
"macro","concept","budget-accounting-and-public-saving","Budget Accounting and Public Saving","Exam Drill","mediumBoss","2","3","1","false"
"macro","concept","budget-accounting-and-public-saving","Budget Accounting and Public Saving","Exam Drill","finalBoss","1","3","2","false"
"macro","concept","budget-accounting-and-public-saving","Budget Accounting and Public Saving","Quiz","hard","1","5","4","false"
"macro","concept","budget-accounting-and-public-saving","Budget Accounting and Public Saving","Unlimited Practice","hard","1","6","5","false"
"macro","concept","budget-accounting-and-public-saving","Budget Accounting and Public Saving","Legendary Mode","legendary","1","6","5","false"
"macro","concept","budget-accounting-and-public-saving","Budget Accounting and Public Saving","Legendary Mode","legendaryBoss","1","3","2","false"
"macro","concept","budget-accounting-and-public-saving","Budget Accounting and Public Saving","Score Attack","hard","1","6","5","false"
"macro","concept","budget-accounting-and-public-saving","Budget Accounting and Public Saving","Score Attack","easyBoss","2","3","1","false"
"macro","concept","budget-accounting-and-public-saving","Budget Accounting and Public Saving","Score Attack","mediumBoss","2","3","1","false"
"macro","concept","budget-accounting-and-public-saving","Budget Accounting and Public Saving","Score Attack","finalBoss","1","3","2","false"
"macro","concept","budget-accounting-and-public-saving","Budget Accounting and Public Saving","Trial by Graph","graphSafe","0","10","10","false"
"macro","concept","capital-flows-and-net-capital-outflow","Capital Flows and Net Capital Outflow","Legendary Mode","legendary","4","6","2","false"
"macro","concept","capital-flows-and-net-capital-outflow","Capital Flows and Net Capital Outflow","Trial by Graph","graphSafe","0","10","10","false"
"macro","concept","central-bank-and-federal-reserve","Central Banking and the Federal Reserve","Legendary Mode","legendary","0","6","6","false"
"macro","concept","central-bank-and-federal-reserve","Central Banking and the Federal Reserve","Trial by Graph","graphSafe","0","10","10","false"
"macro","concept","competitive-markets","Competitive Markets","Standard Campaign","easy","4","6","2","false"
"macro","concept","competitive-markets","Competitive Markets","Standard Campaign","hard","5","6","1","false"
"macro","concept","competitive-markets","Competitive Markets","Standard Campaign","finalBoss","0","3","3","false"
"macro","concept","competitive-markets","Competitive Markets","Timed Trial","easy","4","6","2","false"
"macro","concept","competitive-markets","Competitive Markets","Timed Trial","hard","5","6","1","false"
"macro","concept","competitive-markets","Competitive Markets","Exam Drill","easy","4","6","2","false"
"macro","concept","competitive-markets","Competitive Markets","Exam Drill","hard","5","6","1","false"
"macro","concept","competitive-markets","Competitive Markets","Exam Drill","finalBoss","0","3","3","false"
"macro","concept","competitive-markets","Competitive Markets","Quiz","easy","4","5","1","false"
"macro","concept","competitive-markets","Competitive Markets","Unlimited Practice","easy","4","6","2","false"
"macro","concept","competitive-markets","Competitive Markets","Unlimited Practice","hard","5","6","1","false"
"macro","concept","competitive-markets","Competitive Markets","Legendary Mode","legendary","1","6","5","false"
"macro","concept","competitive-markets","Competitive Markets","Legendary Mode","legendaryBoss","0","3","3","false"
"macro","concept","competitive-markets","Competitive Markets","Score Attack","easy","4","6","2","false"
"macro","concept","competitive-markets","Competitive Markets","Score Attack","hard","5","6","1","false"
"macro","concept","competitive-markets","Competitive Markets","Score Attack","finalBoss","0","3","3","false"
"macro","concept","competitive-markets","Competitive Markets","Trial by Graph","graphSafe","0","10","10","false"
"macro","concept","cpi-and-inflation-measurement","CPI and Inflation Measurement","Legendary Mode","legendary","5","6","1","false"
"macro","concept","cpi-and-inflation-measurement","CPI and Inflation Measurement","Trial by Graph","graphSafe","0","10","10","false"
"macro","concept","cpi-bias","CPI Bias","Standard Campaign","hard","2","6","4","false"
"macro","concept","cpi-bias","CPI Bias","Timed Trial","hard","2","6","4","false"
"macro","concept","cpi-bias","CPI Bias","Exam Drill","hard","2","6","4","false"
"macro","concept","cpi-bias","CPI Bias","Quiz","hard","2","5","3","false"
"macro","concept","cpi-bias","CPI Bias","Unlimited Practice","hard","2","6","4","false"
"macro","concept","cpi-bias","CPI Bias","Legendary Mode","legendary","3","6","3","false"
"macro","concept","cpi-bias","CPI Bias","Score Attack","hard","2","6","4","false"
"macro","concept","cpi-bias","CPI Bias","Trial by Graph","graphSafe","0","10","10","false"
"macro","concept","cpi-versus-gdp-deflator","CPI versus GDP Deflator","Standard Campaign","hard","4","6","2","false"
"macro","concept","cpi-versus-gdp-deflator","CPI versus GDP Deflator","Timed Trial","hard","4","6","2","false"
"macro","concept","cpi-versus-gdp-deflator","CPI versus GDP Deflator","Exam Drill","hard","4","6","2","false"
"macro","concept","cpi-versus-gdp-deflator","CPI versus GDP Deflator","Quiz","hard","4","5","1","false"
"macro","concept","cpi-versus-gdp-deflator","CPI versus GDP Deflator","Unlimited Practice","hard","4","6","2","false"
"macro","concept","cpi-versus-gdp-deflator","CPI versus GDP Deflator","Legendary Mode","legendary","3","6","3","false"
"macro","concept","cpi-versus-gdp-deflator","CPI versus GDP Deflator","Score Attack","hard","4","6","2","false"
"macro","concept","cpi-versus-gdp-deflator","CPI versus GDP Deflator","Trial by Graph","graphSafe","0","10","10","false"
"macro","concept","crowding-out-and-capital-formation","Crowding Out and Capital Formation","Standard Campaign","easyBoss","0","3","3","false"
"macro","concept","crowding-out-and-capital-formation","Crowding Out and Capital Formation","Standard Campaign","mediumBoss","0","3","3","false"
"macro","concept","crowding-out-and-capital-formation","Crowding Out and Capital Formation","Standard Campaign","finalBoss","0","3","3","false"
"macro","concept","crowding-out-and-capital-formation","Crowding Out and Capital Formation","Standard Campaign","repair","0","1","1","false"
"macro","concept","crowding-out-and-capital-formation","Crowding Out and Capital Formation","Standard Campaign","bridge","0","1","1","false"
"macro","concept","crowding-out-and-capital-formation","Crowding Out and Capital Formation","Timed Trial","repair","0","1","1","false"
"macro","concept","crowding-out-and-capital-formation","Crowding Out and Capital Formation","Timed Trial","bridge","0","1","1","false"
"macro","concept","crowding-out-and-capital-formation","Crowding Out and Capital Formation","Exam Drill","easyBoss","0","3","3","false"
"macro","concept","crowding-out-and-capital-formation","Crowding Out and Capital Formation","Exam Drill","mediumBoss","0","3","3","false"
"macro","concept","crowding-out-and-capital-formation","Crowding Out and Capital Formation","Exam Drill","finalBoss","0","3","3","false"
"macro","concept","crowding-out-and-capital-formation","Crowding Out and Capital Formation","Exam Drill","repair","0","1","1","false"
"macro","concept","crowding-out-and-capital-formation","Crowding Out and Capital Formation","Exam Drill","bridge","0","1","1","false"
"macro","concept","crowding-out-and-capital-formation","Crowding Out and Capital Formation","Unlimited Practice","repair","0","1","1","false"
"macro","concept","crowding-out-and-capital-formation","Crowding Out and Capital Formation","Unlimited Practice","bridge","0","1","1","false"
"macro","concept","crowding-out-and-capital-formation","Crowding Out and Capital Formation","Legendary Mode","legendary","1","6","5","false"
"macro","concept","crowding-out-and-capital-formation","Crowding Out and Capital Formation","Legendary Mode","legendaryBoss","0","3","3","false"
"macro","concept","crowding-out-and-capital-formation","Crowding Out and Capital Formation","Score Attack","easyBoss","0","3","3","false"
"macro","concept","crowding-out-and-capital-formation","Crowding Out and Capital Formation","Score Attack","mediumBoss","0","3","3","false"
"macro","concept","crowding-out-and-capital-formation","Crowding Out and Capital Formation","Score Attack","finalBoss","0","3","3","false"
"macro","concept","crowding-out-and-capital-formation","Crowding Out and Capital Formation","Score Attack","repair","0","1","1","false"
"macro","concept","crowding-out-and-capital-formation","Crowding Out and Capital Formation","Score Attack","bridge","0","1","1","false"
"macro","concept","debt-measures-burden-and-fiscal-data","Debt Measures, Debt Burden, and Fiscal Data","Standard Campaign","hard","1","6","5","false"
"macro","concept","debt-measures-burden-and-fiscal-data","Debt Measures, Debt Burden, and Fiscal Data","Standard Campaign","easyBoss","2","3","1","false"
"macro","concept","debt-measures-burden-and-fiscal-data","Debt Measures, Debt Burden, and Fiscal Data","Standard Campaign","mediumBoss","2","3","1","false"
"macro","concept","debt-measures-burden-and-fiscal-data","Debt Measures, Debt Burden, and Fiscal Data","Standard Campaign","finalBoss","1","3","2","false"
"macro","concept","debt-measures-burden-and-fiscal-data","Debt Measures, Debt Burden, and Fiscal Data","Timed Trial","hard","1","6","5","false"
"macro","concept","debt-measures-burden-and-fiscal-data","Debt Measures, Debt Burden, and Fiscal Data","Exam Drill","hard","1","6","5","false"
"macro","concept","debt-measures-burden-and-fiscal-data","Debt Measures, Debt Burden, and Fiscal Data","Exam Drill","easyBoss","2","3","1","false"
"macro","concept","debt-measures-burden-and-fiscal-data","Debt Measures, Debt Burden, and Fiscal Data","Exam Drill","mediumBoss","2","3","1","false"
"macro","concept","debt-measures-burden-and-fiscal-data","Debt Measures, Debt Burden, and Fiscal Data","Exam Drill","finalBoss","1","3","2","false"
"macro","concept","debt-measures-burden-and-fiscal-data","Debt Measures, Debt Burden, and Fiscal Data","Quiz","hard","1","5","4","false"
"macro","concept","debt-measures-burden-and-fiscal-data","Debt Measures, Debt Burden, and Fiscal Data","Unlimited Practice","hard","1","6","5","false"
"macro","concept","debt-measures-burden-and-fiscal-data","Debt Measures, Debt Burden, and Fiscal Data","Legendary Mode","legendary","3","6","3","false"
"macro","concept","debt-measures-burden-and-fiscal-data","Debt Measures, Debt Burden, and Fiscal Data","Legendary Mode","legendaryBoss","1","3","2","false"
"macro","concept","debt-measures-burden-and-fiscal-data","Debt Measures, Debt Burden, and Fiscal Data","Score Attack","hard","1","6","5","false"
"macro","concept","debt-measures-burden-and-fiscal-data","Debt Measures, Debt Burden, and Fiscal Data","Score Attack","easyBoss","2","3","1","false"
"macro","concept","debt-measures-burden-and-fiscal-data","Debt Measures, Debt Burden, and Fiscal Data","Score Attack","mediumBoss","2","3","1","false"
"macro","concept","debt-measures-burden-and-fiscal-data","Debt Measures, Debt Burden, and Fiscal Data","Score Attack","finalBoss","1","3","2","false"
"macro","concept","debt-measures-burden-and-fiscal-data","Debt Measures, Debt Burden, and Fiscal Data","Trial by Graph","graphSafe","0","10","10","false"
"macro","concept","deficits-debt-and-government-borrowing","Deficits, Debt, and Government Borrowing","Standard Campaign","easy","5","6","1","false"
"macro","concept","deficits-debt-and-government-borrowing","Deficits, Debt, and Government Borrowing","Standard Campaign","hard","2","6","4","false"
"macro","concept","deficits-debt-and-government-borrowing","Deficits, Debt, and Government Borrowing","Standard Campaign","easyBoss","0","3","3","false"
"macro","concept","deficits-debt-and-government-borrowing","Deficits, Debt, and Government Borrowing","Standard Campaign","mediumBoss","0","3","3","false"
"macro","concept","deficits-debt-and-government-borrowing","Deficits, Debt, and Government Borrowing","Standard Campaign","finalBoss","2","3","1","false"
"macro","concept","deficits-debt-and-government-borrowing","Deficits, Debt, and Government Borrowing","Timed Trial","easy","5","6","1","false"
"macro","concept","deficits-debt-and-government-borrowing","Deficits, Debt, and Government Borrowing","Timed Trial","hard","2","6","4","false"
"macro","concept","deficits-debt-and-government-borrowing","Deficits, Debt, and Government Borrowing","Exam Drill","easy","5","6","1","false"
"macro","concept","deficits-debt-and-government-borrowing","Deficits, Debt, and Government Borrowing","Exam Drill","hard","2","6","4","false"
"macro","concept","deficits-debt-and-government-borrowing","Deficits, Debt, and Government Borrowing","Exam Drill","easyBoss","0","3","3","false"
"macro","concept","deficits-debt-and-government-borrowing","Deficits, Debt, and Government Borrowing","Exam Drill","mediumBoss","0","3","3","false"
"macro","concept","deficits-debt-and-government-borrowing","Deficits, Debt, and Government Borrowing","Exam Drill","finalBoss","2","3","1","false"
"macro","concept","deficits-debt-and-government-borrowing","Deficits, Debt, and Government Borrowing","Quiz","hard","2","5","3","false"
"macro","concept","deficits-debt-and-government-borrowing","Deficits, Debt, and Government Borrowing","Unlimited Practice","easy","5","6","1","false"
"macro","concept","deficits-debt-and-government-borrowing","Deficits, Debt, and Government Borrowing","Unlimited Practice","hard","2","6","4","false"
"macro","concept","deficits-debt-and-government-borrowing","Deficits, Debt, and Government Borrowing","Legendary Mode","legendary","2","6","4","false"
"macro","concept","deficits-debt-and-government-borrowing","Deficits, Debt, and Government Borrowing","Legendary Mode","legendaryBoss","2","3","1","false"
"macro","concept","deficits-debt-and-government-borrowing","Deficits, Debt, and Government Borrowing","Score Attack","easy","5","6","1","false"
"macro","concept","deficits-debt-and-government-borrowing","Deficits, Debt, and Government Borrowing","Score Attack","hard","2","6","4","false"
"macro","concept","deficits-debt-and-government-borrowing","Deficits, Debt, and Government Borrowing","Score Attack","easyBoss","0","3","3","false"
"macro","concept","deficits-debt-and-government-borrowing","Deficits, Debt, and Government Borrowing","Score Attack","mediumBoss","0","3","3","false"
"macro","concept","deficits-debt-and-government-borrowing","Deficits, Debt, and Government Borrowing","Score Attack","finalBoss","2","3","1","false"
"macro","concept","deficits-debt-and-government-borrowing","Deficits, Debt, and Government Borrowing","Trial by Graph","graphSafe","0","10","10","false"
"macro","concept","demand","Demand","Legendary Mode","legendary","1","6","5","false"
"macro","concept","demand","Demand","Legendary Mode","legendaryBoss","2","3","1","false"
"macro","concept","deposit-creation-and-money-multiplier","Deposit Creation and the Money Multiplier","Standard Campaign","easy","3","6","3","false"
"macro","concept","deposit-creation-and-money-multiplier","Deposit Creation and the Money Multiplier","Standard Campaign","mediumBoss","1","3","2","false"
"macro","concept","deposit-creation-and-money-multiplier","Deposit Creation and the Money Multiplier","Standard Campaign","finalBoss","1","3","2","false"
"macro","concept","deposit-creation-and-money-multiplier","Deposit Creation and the Money Multiplier","Timed Trial","easy","3","6","3","false"
"macro","concept","deposit-creation-and-money-multiplier","Deposit Creation and the Money Multiplier","Exam Drill","easy","3","6","3","false"
"macro","concept","deposit-creation-and-money-multiplier","Deposit Creation and the Money Multiplier","Exam Drill","mediumBoss","1","3","2","false"
"macro","concept","deposit-creation-and-money-multiplier","Deposit Creation and the Money Multiplier","Exam Drill","finalBoss","1","3","2","false"
"macro","concept","deposit-creation-and-money-multiplier","Deposit Creation and the Money Multiplier","Quiz","easy","3","5","2","false"
"macro","concept","deposit-creation-and-money-multiplier","Deposit Creation and the Money Multiplier","Unlimited Practice","easy","3","6","3","false"
"macro","concept","deposit-creation-and-money-multiplier","Deposit Creation and the Money Multiplier","Legendary Mode","legendary","2","6","4","false"
"macro","concept","deposit-creation-and-money-multiplier","Deposit Creation and the Money Multiplier","Score Attack","easy","3","6","3","false"
"macro","concept","deposit-creation-and-money-multiplier","Deposit Creation and the Money Multiplier","Score Attack","mediumBoss","1","3","2","false"
"macro","concept","deposit-creation-and-money-multiplier","Deposit Creation and the Money Multiplier","Score Attack","finalBoss","1","3","2","false"
"macro","concept","deposit-creation-and-money-multiplier","Deposit Creation and the Money Multiplier","Trial by Graph","graphSafe","0","10","10","false"
"macro","concept","disinflation-and-policy","Disinflation and Policy","Legendary Mode","legendary","3","6","3","false"
"macro","concept","disinflation-and-policy","Disinflation and Policy","Trial by Graph","graphSafe","0","10","10","false"
"macro","concept","economic-growth-policy","Economic Growth Policy","Legendary Mode","legendary","3","6","3","false"
"macro","concept","economic-growth-policy","Economic Growth Policy","Trial by Graph","graphSafe","0","10","10","false"
"macro","concept","economist-policy-role","Economists and Policy","Trial by Graph","graphSafe","0","10","10","false"
"macro","concept","fiscal-multipliers-and-crowding-out","Fiscal Multipliers and Crowding Out","Legendary Mode","legendary","0","6","6","false"
"macro","concept","fiscal-multipliers-and-crowding-out","Fiscal Multipliers and Crowding Out","Trial by Graph","graphSafe","0","10","10","false"
"macro","concept","fiscal-policy-and-aggregate-demand","Fiscal Policy and Aggregate Demand","Legendary Mode","legendary","3","6","3","false"
"macro","concept","fiscal-policy-and-aggregate-demand","Fiscal Policy and Aggregate Demand","Trial by Graph","graphSafe","0","10","10","false"
"macro","concept","fisher-effect","Fisher Effect","Legendary Mode","legendary","2","6","4","false"
"macro","concept","fisher-effect","Fisher Effect","Trial by Graph","graphSafe","0","10","10","false"
"macro","concept","foreign-exchange-market","Foreign-Exchange Market Equilibrium","Standard Campaign","hard","4","6","2","false"
"macro","concept","foreign-exchange-market","Foreign-Exchange Market Equilibrium","Timed Trial","hard","4","6","2","false"
"macro","concept","foreign-exchange-market","Foreign-Exchange Market Equilibrium","Exam Drill","hard","4","6","2","false"
"macro","concept","foreign-exchange-market","Foreign-Exchange Market Equilibrium","Quiz","hard","4","5","1","false"
"macro","concept","foreign-exchange-market","Foreign-Exchange Market Equilibrium","Unlimited Practice","hard","4","6","2","false"
"macro","concept","foreign-exchange-market","Foreign-Exchange Market Equilibrium","Score Attack","hard","4","6","2","false"
"macro","concept","gains-from-trade","Comparative Advantage and Gains from Trade","Trial by Graph","graphSafe","0","10","10","false"
"macro","concept","gdp-components","GDP Components","Legendary Mode","legendary","4","6","2","false"
"macro","concept","gdp-components","GDP Components","Trial by Graph","graphSafe","0","10","10","false"
"macro","concept","gdp-measurement","GDP Measurement","Legendary Mode","legendary","5","6","1","false"
"macro","concept","gdp-measurement","GDP Measurement","Trial by Graph","graphSafe","0","10","10","false"
"macro","concept","import-quotas-quota-rents","Import Quotas, Quota Rents & Tariff–Quota Comparison","Standard Campaign","easyBoss","0","3","3","false"
"macro","concept","import-quotas-quota-rents","Import Quotas, Quota Rents & Tariff–Quota Comparison","Standard Campaign","mediumBoss","0","3","3","false"
"macro","concept","import-quotas-quota-rents","Import Quotas, Quota Rents & Tariff–Quota Comparison","Exam Drill","easyBoss","0","3","3","false"
"macro","concept","import-quotas-quota-rents","Import Quotas, Quota Rents & Tariff–Quota Comparison","Exam Drill","mediumBoss","0","3","3","false"
"macro","concept","import-quotas-quota-rents","Import Quotas, Quota Rents & Tariff–Quota Comparison","Legendary Mode","legendaryBoss","0","3","3","false"
"macro","concept","import-quotas-quota-rents","Import Quotas, Quota Rents & Tariff–Quota Comparison","Score Attack","easyBoss","0","3","3","false"
"macro","concept","import-quotas-quota-rents","Import Quotas, Quota Rents & Tariff–Quota Comparison","Score Attack","mediumBoss","0","3","3","false"
"macro","concept","incentives","Incentives","Trial by Graph","graphSafe","0","10","10","false"
"macro","concept","indexing-and-real-values","Indexing and Real Values","Standard Campaign","hard","5","6","1","false"
"macro","concept","indexing-and-real-values","Indexing and Real Values","Timed Trial","hard","5","6","1","false"
"macro","concept","indexing-and-real-values","Indexing and Real Values","Exam Drill","hard","5","6","1","false"
"macro","concept","indexing-and-real-values","Indexing and Real Values","Unlimited Practice","hard","5","6","1","false"
"macro","concept","indexing-and-real-values","Indexing and Real Values","Legendary Mode","legendary","3","6","3","false"
"macro","concept","indexing-and-real-values","Indexing and Real Values","Score Attack","hard","5","6","1","false"
"macro","concept","indexing-and-real-values","Indexing and Real Values","Trial by Graph","graphSafe","0","10","10","false"
"macro","concept","inflation-costs","Costs of Inflation","Legendary Mode","legendary","1","6","5","false"
"macro","concept","inflation-costs","Costs of Inflation","Trial by Graph","graphSafe","0","10","10","false"
"macro","concept","inflation-tax-and-deflation","Inflation Tax and Deflation","Legendary Mode","legendary","2","6","4","false"
"macro","concept","inflation-tax-and-deflation","Inflation Tax and Deflation","Trial by Graph","graphSafe","0","10","10","false"
"macro","concept","international-transactions-and-identities","International Transactions and Open-Economy Identities","Trial by Graph","graphSafe","0","10","10","false"
"macro","concept","labor-market-institutions","Labor-Market Institutions","Legendary Mode","legendary","4","6","2","false"
"macro","concept","labor-market-institutions","Labor-Market Institutions","Trial by Graph","graphSafe","0","10","10","false"
"macro","concept","limits-of-gdp","Limits of GDP","Standard Campaign","hard","5","6","1","false"
"macro","concept","limits-of-gdp","Limits of GDP","Timed Trial","hard","5","6","1","false"
"macro","concept","limits-of-gdp","Limits of GDP","Exam Drill","hard","5","6","1","false"
"macro","concept","limits-of-gdp","Limits of GDP","Unlimited Practice","hard","5","6","1","false"
"macro","concept","limits-of-gdp","Limits of GDP","Legendary Mode","legendary","3","6","3","false"
"macro","concept","limits-of-gdp","Limits of GDP","Score Attack","hard","5","6","1","false"
"macro","concept","limits-of-gdp","Limits of GDP","Trial by Graph","graphSafe","0","10","10","false"
"macro","concept","liquidity-preference-and-money-market","Liquidity Preference and the Money Market","Legendary Mode","legendary","5","6","1","false"
"macro","concept","living-standards-and-growth","Living Standards and Growth","Standard Campaign","hard","5","6","1","false"
"macro","concept","living-standards-and-growth","Living Standards and Growth","Timed Trial","hard","5","6","1","false"
"macro","concept","living-standards-and-growth","Living Standards and Growth","Exam Drill","hard","5","6","1","false"
"macro","concept","living-standards-and-growth","Living Standards and Growth","Unlimited Practice","hard","5","6","1","false"
"macro","concept","living-standards-and-growth","Living Standards and Growth","Legendary Mode","legendary","4","6","2","false"
"macro","concept","living-standards-and-growth","Living Standards and Growth","Score Attack","hard","5","6","1","false"
"macro","concept","living-standards-and-growth","Living Standards and Growth","Trial by Graph","graphSafe","0","10","10","false"
"macro","concept","loanable-funds-equilibrium","Loanable-Funds Equilibrium","Standard Campaign","hard","5","6","1","false"
"macro","concept","loanable-funds-equilibrium","Loanable-Funds Equilibrium","Standard Campaign","easyBoss","0","3","3","false"
"macro","concept","loanable-funds-equilibrium","Loanable-Funds Equilibrium","Standard Campaign","mediumBoss","0","3","3","false"
"macro","concept","loanable-funds-equilibrium","Loanable-Funds Equilibrium","Standard Campaign","finalBoss","0","3","3","false"
"macro","concept","loanable-funds-equilibrium","Loanable-Funds Equilibrium","Timed Trial","hard","5","6","1","false"
"macro","concept","loanable-funds-equilibrium","Loanable-Funds Equilibrium","Exam Drill","hard","5","6","1","false"
"macro","concept","loanable-funds-equilibrium","Loanable-Funds Equilibrium","Exam Drill","easyBoss","0","3","3","false"
"macro","concept","loanable-funds-equilibrium","Loanable-Funds Equilibrium","Exam Drill","mediumBoss","0","3","3","false"
"macro","concept","loanable-funds-equilibrium","Loanable-Funds Equilibrium","Exam Drill","finalBoss","0","3","3","false"
"macro","concept","loanable-funds-equilibrium","Loanable-Funds Equilibrium","Unlimited Practice","hard","5","6","1","false"
"macro","concept","loanable-funds-equilibrium","Loanable-Funds Equilibrium","Legendary Mode","legendary","0","6","6","false"
"macro","concept","loanable-funds-equilibrium","Loanable-Funds Equilibrium","Score Attack","hard","5","6","1","false"
"macro","concept","loanable-funds-equilibrium","Loanable-Funds Equilibrium","Score Attack","easyBoss","0","3","3","false"
"macro","concept","loanable-funds-equilibrium","Loanable-Funds Equilibrium","Score Attack","mediumBoss","0","3","3","false"
"macro","concept","loanable-funds-equilibrium","Loanable-Funds Equilibrium","Score Attack","finalBoss","0","3","3","false"
"macro","concept","loanable-funds-equilibrium","Loanable-Funds Equilibrium","Trial by Graph","graphSafe","6","10","4","false"
"macro","concept","loanable-funds-shifts","Loanable-Funds Shifts","Standard Campaign","easyBoss","0","3","3","false"
"macro","concept","loanable-funds-shifts","Loanable-Funds Shifts","Standard Campaign","mediumBoss","0","3","3","false"
"macro","concept","loanable-funds-shifts","Loanable-Funds Shifts","Standard Campaign","finalBoss","0","3","3","false"
"macro","concept","loanable-funds-shifts","Loanable-Funds Shifts","Exam Drill","easyBoss","0","3","3","false"
"macro","concept","loanable-funds-shifts","Loanable-Funds Shifts","Exam Drill","mediumBoss","0","3","3","false"
"macro","concept","loanable-funds-shifts","Loanable-Funds Shifts","Exam Drill","finalBoss","0","3","3","false"
"macro","concept","loanable-funds-shifts","Loanable-Funds Shifts","Legendary Mode","legendary","3","6","3","false"
"macro","concept","loanable-funds-shifts","Loanable-Funds Shifts","Legendary Mode","legendaryBoss","0","3","3","false"
"macro","concept","loanable-funds-shifts","Loanable-Funds Shifts","Score Attack","easyBoss","0","3","3","false"
"macro","concept","loanable-funds-shifts","Loanable-Funds Shifts","Score Attack","mediumBoss","0","3","3","false"
"macro","concept","loanable-funds-shifts","Loanable-Funds Shifts","Score Attack","finalBoss","0","3","3","false"
"macro","concept","long-run-aggregate-supply-and-potential-output","Long-Run Aggregate Supply and Potential Output","Standard Campaign","easy","2","6","4","false"
"macro","concept","long-run-aggregate-supply-and-potential-output","Long-Run Aggregate Supply and Potential Output","Standard Campaign","medium","1","6","5","false"
"macro","concept","long-run-aggregate-supply-and-potential-output","Long-Run Aggregate Supply and Potential Output","Standard Campaign","hard","3","6","3","false"
"macro","concept","long-run-aggregate-supply-and-potential-output","Long-Run Aggregate Supply and Potential Output","Standard Campaign","easyBoss","1","3","2","false"
"macro","concept","long-run-aggregate-supply-and-potential-output","Long-Run Aggregate Supply and Potential Output","Standard Campaign","mediumBoss","1","3","2","false"
"macro","concept","long-run-aggregate-supply-and-potential-output","Long-Run Aggregate Supply and Potential Output","Standard Campaign","finalBoss","1","3","2","false"
"macro","concept","long-run-aggregate-supply-and-potential-output","Long-Run Aggregate Supply and Potential Output","Timed Trial","easy","2","6","4","false"
"macro","concept","long-run-aggregate-supply-and-potential-output","Long-Run Aggregate Supply and Potential Output","Timed Trial","medium","1","6","5","false"
"macro","concept","long-run-aggregate-supply-and-potential-output","Long-Run Aggregate Supply and Potential Output","Timed Trial","hard","3","6","3","false"
"macro","concept","long-run-aggregate-supply-and-potential-output","Long-Run Aggregate Supply and Potential Output","Exam Drill","easy","2","6","4","false"
"macro","concept","long-run-aggregate-supply-and-potential-output","Long-Run Aggregate Supply and Potential Output","Exam Drill","medium","1","6","5","false"
"macro","concept","long-run-aggregate-supply-and-potential-output","Long-Run Aggregate Supply and Potential Output","Exam Drill","hard","3","6","3","false"
"macro","concept","long-run-aggregate-supply-and-potential-output","Long-Run Aggregate Supply and Potential Output","Exam Drill","easyBoss","1","3","2","false"
"macro","concept","long-run-aggregate-supply-and-potential-output","Long-Run Aggregate Supply and Potential Output","Exam Drill","mediumBoss","1","3","2","false"
"macro","concept","long-run-aggregate-supply-and-potential-output","Long-Run Aggregate Supply and Potential Output","Exam Drill","finalBoss","1","3","2","false"
"macro","concept","long-run-aggregate-supply-and-potential-output","Long-Run Aggregate Supply and Potential Output","Quiz","easy","2","5","3","false"
"macro","concept","long-run-aggregate-supply-and-potential-output","Long-Run Aggregate Supply and Potential Output","Quiz","medium","1","5","4","false"
"macro","concept","long-run-aggregate-supply-and-potential-output","Long-Run Aggregate Supply and Potential Output","Quiz","hard","3","5","2","false"
"macro","concept","long-run-aggregate-supply-and-potential-output","Long-Run Aggregate Supply and Potential Output","Unlimited Practice","easy","2","6","4","false"
"macro","concept","long-run-aggregate-supply-and-potential-output","Long-Run Aggregate Supply and Potential Output","Unlimited Practice","medium","1","6","5","false"
"macro","concept","long-run-aggregate-supply-and-potential-output","Long-Run Aggregate Supply and Potential Output","Unlimited Practice","hard","3","6","3","false"
"macro","concept","long-run-aggregate-supply-and-potential-output","Long-Run Aggregate Supply and Potential Output","Legendary Mode","legendary","2","6","4","false"
"macro","concept","long-run-aggregate-supply-and-potential-output","Long-Run Aggregate Supply and Potential Output","Legendary Mode","legendaryBoss","1","3","2","false"
"macro","concept","long-run-aggregate-supply-and-potential-output","Long-Run Aggregate Supply and Potential Output","Score Attack","easy","2","6","4","false"
"macro","concept","long-run-aggregate-supply-and-potential-output","Long-Run Aggregate Supply and Potential Output","Score Attack","medium","1","6","5","false"
"macro","concept","long-run-aggregate-supply-and-potential-output","Long-Run Aggregate Supply and Potential Output","Score Attack","hard","3","6","3","false"
"macro","concept","long-run-aggregate-supply-and-potential-output","Long-Run Aggregate Supply and Potential Output","Score Attack","easyBoss","1","3","2","false"
"macro","concept","long-run-aggregate-supply-and-potential-output","Long-Run Aggregate Supply and Potential Output","Score Attack","mediumBoss","1","3","2","false"
"macro","concept","long-run-aggregate-supply-and-potential-output","Long-Run Aggregate Supply and Potential Output","Score Attack","finalBoss","1","3","2","false"
"macro","concept","long-run-aggregate-supply-and-potential-output","Long-Run Aggregate Supply and Potential Output","Trial by Graph","graphSafe","0","10","10","false"
"macro","concept","long-run-aggregate-supply-and-potential-output","Long-Run Aggregate Supply and Potential Output","Fading Fortune","fadingFortuneEligible","9","10","1","false"
"macro","concept","long-run-aggregate-supply-and-potential-output","Long-Run Aggregate Supply and Potential Output","Risk & Reward","riskRewardEligible","9","10","1","false"
"macro","concept","long-run-macroeconomic-self-adjustment","Long-Run Macroeconomic Self-Adjustment","Standard Campaign","easy","2","6","4","false"
"macro","concept","long-run-macroeconomic-self-adjustment","Long-Run Macroeconomic Self-Adjustment","Standard Campaign","medium","4","6","2","false"
"macro","concept","long-run-macroeconomic-self-adjustment","Long-Run Macroeconomic Self-Adjustment","Standard Campaign","easyBoss","1","3","2","false"
"macro","concept","long-run-macroeconomic-self-adjustment","Long-Run Macroeconomic Self-Adjustment","Standard Campaign","finalBoss","2","3","1","false"
"macro","concept","long-run-macroeconomic-self-adjustment","Long-Run Macroeconomic Self-Adjustment","Timed Trial","easy","2","6","4","false"
"macro","concept","long-run-macroeconomic-self-adjustment","Long-Run Macroeconomic Self-Adjustment","Timed Trial","medium","4","6","2","false"
"macro","concept","long-run-macroeconomic-self-adjustment","Long-Run Macroeconomic Self-Adjustment","Exam Drill","easy","2","6","4","false"
"macro","concept","long-run-macroeconomic-self-adjustment","Long-Run Macroeconomic Self-Adjustment","Exam Drill","medium","4","6","2","false"
"macro","concept","long-run-macroeconomic-self-adjustment","Long-Run Macroeconomic Self-Adjustment","Exam Drill","easyBoss","1","3","2","false"
"macro","concept","long-run-macroeconomic-self-adjustment","Long-Run Macroeconomic Self-Adjustment","Exam Drill","finalBoss","2","3","1","false"
"macro","concept","long-run-macroeconomic-self-adjustment","Long-Run Macroeconomic Self-Adjustment","Quiz","easy","2","5","3","false"
"macro","concept","long-run-macroeconomic-self-adjustment","Long-Run Macroeconomic Self-Adjustment","Quiz","medium","4","5","1","false"
"macro","concept","long-run-macroeconomic-self-adjustment","Long-Run Macroeconomic Self-Adjustment","Unlimited Practice","easy","2","6","4","false"
"macro","concept","long-run-macroeconomic-self-adjustment","Long-Run Macroeconomic Self-Adjustment","Unlimited Practice","medium","4","6","2","false"
"macro","concept","long-run-macroeconomic-self-adjustment","Long-Run Macroeconomic Self-Adjustment","Legendary Mode","legendary","3","6","3","false"
"macro","concept","long-run-macroeconomic-self-adjustment","Long-Run Macroeconomic Self-Adjustment","Legendary Mode","legendaryBoss","2","3","1","false"
"macro","concept","long-run-macroeconomic-self-adjustment","Long-Run Macroeconomic Self-Adjustment","Score Attack","easy","2","6","4","false"
"macro","concept","long-run-macroeconomic-self-adjustment","Long-Run Macroeconomic Self-Adjustment","Score Attack","medium","4","6","2","false"
"macro","concept","long-run-macroeconomic-self-adjustment","Long-Run Macroeconomic Self-Adjustment","Score Attack","easyBoss","1","3","2","false"
"macro","concept","long-run-macroeconomic-self-adjustment","Long-Run Macroeconomic Self-Adjustment","Score Attack","finalBoss","2","3","1","false"
"macro","concept","long-run-macroeconomic-self-adjustment","Long-Run Macroeconomic Self-Adjustment","Trial by Graph","graphSafe","1","10","9","false"
"macro","concept","long-run-phillips-curve","Long-Run Phillips Curve","Legendary Mode","legendary","2","6","4","false"
"macro","concept","long-run-phillips-curve","Long-Run Phillips Curve","Trial by Graph","graphSafe","6","10","4","false"
"macro","concept","marginal-analysis","Marginal Analysis","Trial by Graph","graphSafe","0","10","10","false"
"macro","concept","micro-versus-macro","Microeconomics versus Macroeconomics","Trial by Graph","graphSafe","0","10","10","false"
"macro","concept","models-and-assumptions","Models and Assumptions","Trial by Graph","graphSafe","0","10","10","false"
"macro","concept","monetary-control-limits","Limits of Monetary Control","Legendary Mode","legendary","1","6","5","false"
"macro","concept","monetary-control-limits","Limits of Monetary Control","Trial by Graph","graphSafe","0","10","10","false"
"macro","concept","monetary-neutrality","Monetary Neutrality","Legendary Mode","legendary","0","6","6","false"
"macro","concept","monetary-neutrality","Monetary Neutrality","Trial by Graph","graphSafe","0","10","10","false"
"macro","concept","monetary-policy-tools","Monetary-Policy Tools","Legendary Mode","legendary","1","6","5","false"
"macro","concept","monetary-policy-tools","Monetary-Policy Tools","Trial by Graph","graphSafe","0","10","10","false"
"macro","concept","monetary-policy-transmission","Monetary-Policy Transmission","Legendary Mode","legendary","2","6","4","false"
"macro","concept","money-functions-and-measures","Money Functions and Measures","Standard Campaign","hard","5","6","1","false"
"macro","concept","money-functions-and-measures","Money Functions and Measures","Timed Trial","hard","5","6","1","false"
"macro","concept","money-functions-and-measures","Money Functions and Measures","Exam Drill","hard","5","6","1","false"
"macro","concept","money-functions-and-measures","Money Functions and Measures","Unlimited Practice","hard","5","6","1","false"
"macro","concept","money-functions-and-measures","Money Functions and Measures","Legendary Mode","legendary","0","6","6","false"
"macro","concept","money-functions-and-measures","Money Functions and Measures","Score Attack","hard","5","6","1","false"
"macro","concept","money-functions-and-measures","Money Functions and Measures","Trial by Graph","graphSafe","0","10","10","false"
"macro","concept","natural-rate-of-unemployment","Natural Rate of Unemployment","Legendary Mode","legendary","1","6","5","false"
"macro","concept","natural-rate-of-unemployment","Natural Rate of Unemployment","Trial by Graph","graphSafe","0","10","10","false"
"macro","concept","nominal-exchange-rates","Nominal Exchange Rates and Currency Values","Legendary Mode","legendary","5","6","1","false"
"macro","concept","nominal-exchange-rates","Nominal Exchange Rates and Currency Values","Trial by Graph","graphSafe","0","10","10","false"
"macro","concept","open-economy-policy-transmission","Open-Economy Policy and Macroeconomic Transmission","Legendary Mode","legendary","5","6","1","false"
"macro","concept","open-economy-policy-transmission","Open-Economy Policy and Macroeconomic Transmission","Trial by Graph","graphSafe","1","10","9","false"
"macro","concept","opportunity-cost","Opportunity Cost","Trial by Graph","graphSafe","0","10","10","false"
"macro","concept","phillips-curve-expectations","Phillips-Curve Expectations","Legendary Mode","legendary","5","6","1","false"
"macro","concept","phillips-curve-expectations","Phillips-Curve Expectations","Trial by Graph","graphSafe","6","10","4","false"
"macro","concept","positive-versus-normative-analysis","Positive versus Normative Analysis","Trial by Graph","graphSafe","0","10","10","false"
"macro","concept","productivity-measurement","Productivity Measurement","Legendary Mode","legendary","4","6","2","false"
"macro","concept","productivity-measurement","Productivity Measurement","Trial by Graph","graphSafe","0","10","10","false"
"macro","concept","quantity-theory-of-money","Quantity Theory of Money","Legendary Mode","legendary","2","6","4","false"
"macro","concept","quantity-theory-of-money","Quantity Theory of Money","Trial by Graph","graphSafe","0","10","10","false"
"macro","concept","real-exchange-rates-and-purchasing-power","Real Exchange Rates and Purchasing Power","Standard Campaign","hard","4","6","2","false"
"macro","concept","real-exchange-rates-and-purchasing-power","Real Exchange Rates and Purchasing Power","Timed Trial","hard","4","6","2","false"
"macro","concept","real-exchange-rates-and-purchasing-power","Real Exchange Rates and Purchasing Power","Exam Drill","hard","4","6","2","false"
"macro","concept","real-exchange-rates-and-purchasing-power","Real Exchange Rates and Purchasing Power","Quiz","hard","4","5","1","false"
"macro","concept","real-exchange-rates-and-purchasing-power","Real Exchange Rates and Purchasing Power","Unlimited Practice","hard","4","6","2","false"
"macro","concept","real-exchange-rates-and-purchasing-power","Real Exchange Rates and Purchasing Power","Legendary Mode","legendary","5","6","1","false"
"macro","concept","real-exchange-rates-and-purchasing-power","Real Exchange Rates and Purchasing Power","Score Attack","hard","4","6","2","false"
"macro","concept","real-exchange-rates-and-purchasing-power","Real Exchange Rates and Purchasing Power","Trial by Graph","graphSafe","0","10","10","false"
"macro","concept","real-versus-nominal-gdp","Real versus Nominal GDP","Trial by Graph","graphSafe","0","10","10","false"
"macro","concept","real-versus-nominal-interest-rates","Real versus Nominal Interest Rates","Legendary Mode","legendary","2","6","4","false"
"macro","concept","real-versus-nominal-interest-rates","Real versus Nominal Interest Rates","Trial by Graph","graphSafe","0","10","10","false"
"macro","concept","sacrifice-ratio","Sacrifice Ratio","Legendary Mode","legendary","4","6","2","false"
"macro","concept","sacrifice-ratio","Sacrifice Ratio","Trial by Graph","graphSafe","0","10","10","false"
"macro","concept","saving-and-investment-identities","Saving, Investment, and National-Saving Identities","Standard Campaign","easy","5","6","1","false"
"macro","concept","saving-and-investment-identities","Saving, Investment, and National-Saving Identities","Standard Campaign","hard","5","6","1","false"
"macro","concept","saving-and-investment-identities","Saving, Investment, and National-Saving Identities","Timed Trial","easy","5","6","1","false"
"macro","concept","saving-and-investment-identities","Saving, Investment, and National-Saving Identities","Timed Trial","hard","5","6","1","false"
"macro","concept","saving-and-investment-identities","Saving, Investment, and National-Saving Identities","Exam Drill","easy","5","6","1","false"
"macro","concept","saving-and-investment-identities","Saving, Investment, and National-Saving Identities","Exam Drill","hard","5","6","1","false"
"macro","concept","saving-and-investment-identities","Saving, Investment, and National-Saving Identities","Unlimited Practice","easy","5","6","1","false"
"macro","concept","saving-and-investment-identities","Saving, Investment, and National-Saving Identities","Unlimited Practice","hard","5","6","1","false"
"macro","concept","saving-and-investment-identities","Saving, Investment, and National-Saving Identities","Legendary Mode","legendary","0","6","6","false"
"macro","concept","saving-and-investment-identities","Saving, Investment, and National-Saving Identities","Score Attack","easy","5","6","1","false"
"macro","concept","saving-and-investment-identities","Saving, Investment, and National-Saving Identities","Score Attack","hard","5","6","1","false"
"macro","concept","saving-and-investment-identities","Saving, Investment, and National-Saving Identities","Trial by Graph","graphSafe","0","10","10","false"
"macro","concept","scarcity-and-tradeoffs","Scarcity and Tradeoffs","Trial by Graph","graphSafe","0","10","10","false"
"macro","concept","short-run-aggregate-supply","Short-Run Aggregate Supply","Standard Campaign","easyBoss","2","3","1","false"
"macro","concept","short-run-aggregate-supply","Short-Run Aggregate Supply","Standard Campaign","mediumBoss","2","3","1","false"
"macro","concept","short-run-aggregate-supply","Short-Run Aggregate Supply","Standard Campaign","finalBoss","2","3","1","false"
"macro","concept","short-run-aggregate-supply","Short-Run Aggregate Supply","Exam Drill","easyBoss","2","3","1","false"
"macro","concept","short-run-aggregate-supply","Short-Run Aggregate Supply","Exam Drill","mediumBoss","2","3","1","false"
"macro","concept","short-run-aggregate-supply","Short-Run Aggregate Supply","Exam Drill","finalBoss","2","3","1","false"
"macro","concept","short-run-aggregate-supply","Short-Run Aggregate Supply","Legendary Mode","legendary","4","6","2","false"
"macro","concept","short-run-aggregate-supply","Short-Run Aggregate Supply","Legendary Mode","legendaryBoss","2","3","1","false"
"macro","concept","short-run-aggregate-supply","Short-Run Aggregate Supply","Score Attack","easyBoss","2","3","1","false"
"macro","concept","short-run-aggregate-supply","Short-Run Aggregate Supply","Score Attack","mediumBoss","2","3","1","false"
"macro","concept","short-run-aggregate-supply","Short-Run Aggregate Supply","Score Attack","finalBoss","2","3","1","false"
"macro","concept","short-run-phillips-curve","Short-Run Phillips Curve","Legendary Mode","legendary","2","6","4","false"
"macro","concept","sources-of-productivity","Sources of Productivity","Standard Campaign","hard","3","6","3","false"
"macro","concept","sources-of-productivity","Sources of Productivity","Timed Trial","hard","3","6","3","false"
"macro","concept","sources-of-productivity","Sources of Productivity","Exam Drill","hard","3","6","3","false"
"macro","concept","sources-of-productivity","Sources of Productivity","Quiz","hard","3","5","2","false"
"macro","concept","sources-of-productivity","Sources of Productivity","Unlimited Practice","hard","3","6","3","false"
"macro","concept","sources-of-productivity","Sources of Productivity","Legendary Mode","legendary","3","6","3","false"
"macro","concept","sources-of-productivity","Sources of Productivity","Score Attack","hard","3","6","3","false"
"macro","concept","sources-of-productivity","Sources of Productivity","Trial by Graph","graphSafe","0","10","10","false"
"macro","concept","stabilization-policy","Stabilization Policy","Legendary Mode","legendary","5","6","1","false"
"macro","concept","stabilization-policy","Stabilization Policy","Trial by Graph","graphSafe","0","10","10","false"
"macro","concept","statutory-versus-economic-tax-incidence","Statutory versus Economic Tax Incidence","Standard Campaign","easy","2","6","4","false"
"macro","concept","statutory-versus-economic-tax-incidence","Statutory versus Economic Tax Incidence","Standard Campaign","hard","5","6","1","false"
"macro","concept","statutory-versus-economic-tax-incidence","Statutory versus Economic Tax Incidence","Standard Campaign","easyBoss","0","3","3","false"
"macro","concept","statutory-versus-economic-tax-incidence","Statutory versus Economic Tax Incidence","Standard Campaign","mediumBoss","0","3","3","false"
"macro","concept","statutory-versus-economic-tax-incidence","Statutory versus Economic Tax Incidence","Standard Campaign","repair","0","1","1","false"
"macro","concept","statutory-versus-economic-tax-incidence","Statutory versus Economic Tax Incidence","Timed Trial","easy","2","6","4","false"
"macro","concept","statutory-versus-economic-tax-incidence","Statutory versus Economic Tax Incidence","Timed Trial","hard","5","6","1","false"
"macro","concept","statutory-versus-economic-tax-incidence","Statutory versus Economic Tax Incidence","Timed Trial","repair","0","1","1","false"
"macro","concept","statutory-versus-economic-tax-incidence","Statutory versus Economic Tax Incidence","Exam Drill","easy","2","6","4","false"
"macro","concept","statutory-versus-economic-tax-incidence","Statutory versus Economic Tax Incidence","Exam Drill","hard","5","6","1","false"
"macro","concept","statutory-versus-economic-tax-incidence","Statutory versus Economic Tax Incidence","Exam Drill","easyBoss","0","3","3","false"
"macro","concept","statutory-versus-economic-tax-incidence","Statutory versus Economic Tax Incidence","Exam Drill","mediumBoss","0","3","3","false"
"macro","concept","statutory-versus-economic-tax-incidence","Statutory versus Economic Tax Incidence","Exam Drill","repair","0","1","1","false"
"macro","concept","statutory-versus-economic-tax-incidence","Statutory versus Economic Tax Incidence","Quiz","easy","2","5","3","false"
"macro","concept","statutory-versus-economic-tax-incidence","Statutory versus Economic Tax Incidence","Unlimited Practice","easy","2","6","4","false"
"macro","concept","statutory-versus-economic-tax-incidence","Statutory versus Economic Tax Incidence","Unlimited Practice","hard","5","6","1","false"
"macro","concept","statutory-versus-economic-tax-incidence","Statutory versus Economic Tax Incidence","Unlimited Practice","repair","0","1","1","false"
"macro","concept","statutory-versus-economic-tax-incidence","Statutory versus Economic Tax Incidence","Legendary Mode","legendary","2","6","4","false"
"macro","concept","statutory-versus-economic-tax-incidence","Statutory versus Economic Tax Incidence","Score Attack","easy","2","6","4","false"
"macro","concept","statutory-versus-economic-tax-incidence","Statutory versus Economic Tax Incidence","Score Attack","hard","5","6","1","false"
"macro","concept","statutory-versus-economic-tax-incidence","Statutory versus Economic Tax Incidence","Score Attack","easyBoss","0","3","3","false"
"macro","concept","statutory-versus-economic-tax-incidence","Statutory versus Economic Tax Incidence","Score Attack","mediumBoss","0","3","3","false"
"macro","concept","statutory-versus-economic-tax-incidence","Statutory versus Economic Tax Incidence","Score Attack","repair","0","1","1","false"
"macro","concept","statutory-versus-economic-tax-incidence","Statutory versus Economic Tax Incidence","Trial by Graph","graphSafe","7","10","3","false"
"macro","concept","tariffs-revenue-deadweight-loss","Tariffs, Revenue & Deadweight Loss","Standard Campaign","easyBoss","0","3","3","false"
"macro","concept","tariffs-revenue-deadweight-loss","Tariffs, Revenue & Deadweight Loss","Standard Campaign","mediumBoss","1","3","2","false"
"macro","concept","tariffs-revenue-deadweight-loss","Tariffs, Revenue & Deadweight Loss","Exam Drill","easyBoss","0","3","3","false"
"macro","concept","tariffs-revenue-deadweight-loss","Tariffs, Revenue & Deadweight Loss","Exam Drill","mediumBoss","1","3","2","false"
"macro","concept","tariffs-revenue-deadweight-loss","Tariffs, Revenue & Deadweight Loss","Score Attack","easyBoss","0","3","3","false"
"macro","concept","tariffs-revenue-deadweight-loss","Tariffs, Revenue & Deadweight Loss","Score Attack","mediumBoss","1","3","2","false"
"macro","concept","tax-incidence","Tax Incidence","Standard Campaign","easy","5","6","1","false"
"macro","concept","tax-incidence","Tax Incidence","Standard Campaign","easyBoss","0","3","3","false"
"macro","concept","tax-incidence","Tax Incidence","Standard Campaign","mediumBoss","0","3","3","false"
"macro","concept","tax-incidence","Tax Incidence","Timed Trial","easy","5","6","1","false"
"macro","concept","tax-incidence","Tax Incidence","Exam Drill","easy","5","6","1","false"
"macro","concept","tax-incidence","Tax Incidence","Exam Drill","easyBoss","0","3","3","false"
"macro","concept","tax-incidence","Tax Incidence","Exam Drill","mediumBoss","0","3","3","false"
"macro","concept","tax-incidence","Tax Incidence","Unlimited Practice","easy","5","6","1","false"
"macro","concept","tax-incidence","Tax Incidence","Legendary Mode","legendary","5","6","1","false"
"macro","concept","tax-incidence","Tax Incidence","Score Attack","easy","5","6","1","false"
"macro","concept","tax-incidence","Tax Incidence","Score Attack","easyBoss","0","3","3","false"
"macro","concept","tax-incidence","Tax Incidence","Score Attack","mediumBoss","0","3","3","false"
"macro","concept","tax-incidence","Tax Incidence","Trial by Graph","graphSafe","6","10","4","false"
"macro","concept","trade-policy-efficiency-distribution","Trade-Policy Arguments, Efficiency & Distribution","Standard Campaign","easy","5","6","1","false"
"macro","concept","trade-policy-efficiency-distribution","Trade-Policy Arguments, Efficiency & Distribution","Standard Campaign","easyBoss","0","3","3","false"
"macro","concept","trade-policy-efficiency-distribution","Trade-Policy Arguments, Efficiency & Distribution","Standard Campaign","mediumBoss","2","3","1","false"
"macro","concept","trade-policy-efficiency-distribution","Trade-Policy Arguments, Efficiency & Distribution","Timed Trial","easy","5","6","1","false"
"macro","concept","trade-policy-efficiency-distribution","Trade-Policy Arguments, Efficiency & Distribution","Exam Drill","easy","5","6","1","false"
"macro","concept","trade-policy-efficiency-distribution","Trade-Policy Arguments, Efficiency & Distribution","Exam Drill","easyBoss","0","3","3","false"
"macro","concept","trade-policy-efficiency-distribution","Trade-Policy Arguments, Efficiency & Distribution","Exam Drill","mediumBoss","2","3","1","false"
"macro","concept","trade-policy-efficiency-distribution","Trade-Policy Arguments, Efficiency & Distribution","Unlimited Practice","easy","5","6","1","false"
"macro","concept","trade-policy-efficiency-distribution","Trade-Policy Arguments, Efficiency & Distribution","Legendary Mode","legendaryBoss","0","3","3","false"
"macro","concept","trade-policy-efficiency-distribution","Trade-Policy Arguments, Efficiency & Distribution","Score Attack","easy","5","6","1","false"
"macro","concept","trade-policy-efficiency-distribution","Trade-Policy Arguments, Efficiency & Distribution","Score Attack","easyBoss","0","3","3","false"
"macro","concept","trade-policy-efficiency-distribution","Trade-Policy Arguments, Efficiency & Distribution","Score Attack","mediumBoss","2","3","1","false"
"macro","concept","trade-policy-efficiency-distribution","Trade-Policy Arguments, Efficiency & Distribution","Trial by Graph","graphSafe","0","10","10","false"
"macro","concept","trade-world-price-status","World Prices & Importer/Exporter Status","Standard Campaign","easy","5","6","1","false"
"macro","concept","trade-world-price-status","World Prices & Importer/Exporter Status","Standard Campaign","hard","4","6","2","false"
"macro","concept","trade-world-price-status","World Prices & Importer/Exporter Status","Standard Campaign","mediumBoss","0","3","3","false"
"macro","concept","trade-world-price-status","World Prices & Importer/Exporter Status","Standard Campaign","finalBoss","0","3","3","false"
"macro","concept","trade-world-price-status","World Prices & Importer/Exporter Status","Timed Trial","easy","5","6","1","false"
"macro","concept","trade-world-price-status","World Prices & Importer/Exporter Status","Timed Trial","hard","4","6","2","false"
"macro","concept","trade-world-price-status","World Prices & Importer/Exporter Status","Exam Drill","easy","5","6","1","false"
"macro","concept","trade-world-price-status","World Prices & Importer/Exporter Status","Exam Drill","hard","4","6","2","false"
"macro","concept","trade-world-price-status","World Prices & Importer/Exporter Status","Exam Drill","mediumBoss","0","3","3","false"
"macro","concept","trade-world-price-status","World Prices & Importer/Exporter Status","Exam Drill","finalBoss","0","3","3","false"
"macro","concept","trade-world-price-status","World Prices & Importer/Exporter Status","Quiz","hard","4","5","1","false"
"macro","concept","trade-world-price-status","World Prices & Importer/Exporter Status","Unlimited Practice","easy","5","6","1","false"
"macro","concept","trade-world-price-status","World Prices & Importer/Exporter Status","Unlimited Practice","hard","4","6","2","false"
"macro","concept","trade-world-price-status","World Prices & Importer/Exporter Status","Legendary Mode","legendary","0","6","6","false"
"macro","concept","trade-world-price-status","World Prices & Importer/Exporter Status","Legendary Mode","legendaryBoss","0","3","3","false"
"macro","concept","trade-world-price-status","World Prices & Importer/Exporter Status","Score Attack","easy","5","6","1","false"
"macro","concept","trade-world-price-status","World Prices & Importer/Exporter Status","Score Attack","hard","4","6","2","false"
"macro","concept","trade-world-price-status","World Prices & Importer/Exporter Status","Score Attack","mediumBoss","0","3","3","false"
"macro","concept","trade-world-price-status","World Prices & Importer/Exporter Status","Score Attack","finalBoss","0","3","3","false"
"macro","concept","trade-world-price-status","World Prices & Importer/Exporter Status","Trial by Graph","graphSafe","4","10","6","false"
"macro","concept","unemployment-measurement","Unemployment Measurement","Legendary Mode","legendary","5","6","1","false"
"macro","concept","unemployment-measurement","Unemployment Measurement","Trial by Graph","graphSafe","0","10","10","false"
"macro","concept","unemployment-types","Types of Unemployment","Standard Campaign","hard","3","6","3","false"
"macro","concept","unemployment-types","Types of Unemployment","Timed Trial","hard","3","6","3","false"
"macro","concept","unemployment-types","Types of Unemployment","Exam Drill","hard","3","6","3","false"
"macro","concept","unemployment-types","Types of Unemployment","Quiz","hard","3","5","2","false"
"macro","concept","unemployment-types","Types of Unemployment","Unlimited Practice","hard","3","6","3","false"
"macro","concept","unemployment-types","Types of Unemployment","Legendary Mode","legendary","3","6","3","false"
"macro","concept","unemployment-types","Types of Unemployment","Score Attack","hard","3","6","3","false"
"macro","concept","unemployment-types","Types of Unemployment","Trial by Graph","graphSafe","0","10","10","false"
"macro","family","gdp-national-income","GDP and national income","Trial by Graph","graphSafe","0","10","10","false"
"macro","family","inflation-real-values","Inflation measurement and real values","Trial by Graph","graphSafe","0","10","10","false"
"macro","family","growth-productivity","Economic growth and productivity","Trial by Graph","graphSafe","0","10","10","false"
"macro","family","unemployment-labor","Unemployment and labor markets","Trial by Graph","graphSafe","0","10","10","false"
"macro","family","money-banking-fed","Money, banking, and the Federal Reserve","Legendary Mode","legendary","4","6","2","false"
"macro","family","money-banking-fed","Money, banking, and the Federal Reserve","Trial by Graph","graphSafe","0","10","10","false"
"macro","family","money-growth-inflation","Money growth, inflation, and neutrality","Trial by Graph","graphSafe","0","10","10","false"
