Question ID,Topic,Bucket,Source class,Source game,Curation phase,Market Gate-derived,Shared Micro frozen,Prior 292 approved ID,Instructional role,Areas
ECON-SP-EASY-38,ad-as-equilibrium-and-output-gaps,D NO ISSUE DETECTED,Other imported bank,stabilization-protocol,,False,False,False,main,macro
ECON-SP-EASY-39,ad-as-equilibrium-and-output-gaps,D NO ISSUE DETECTED,Other imported bank,stabilization-protocol,,False,False,False,main,macro
ECON-SP-EASY-43,ad-as-equilibrium-and-output-gaps,D NO ISSUE DETECTED,Other imported bank,stabilization-protocol,,False,False,False,main,macro
PG3-MEQ-E-001,ad-as-equilibrium-and-output-gaps,D NO ISSUE DETECTED,Authored/expansion,macro-concept-library,,False,False,False,main,macro
PG3-MEQ-E-002,ad-as-equilibrium-and-output-gaps,D NO ISSUE DETECTED,Authored/expansion,macro-concept-library,,False,False,False,main,macro
ECON-SP-EASY-40,ad-as-equilibrium-and-output-gaps,D NO ISSUE DETECTED,Other imported bank,stabilization-protocol,,False,False,False,main,macro
ECON-SP-EASY-41,ad-as-equilibrium-and-output-gaps,D NO ISSUE DETECTED,Other imported bank,stabilization-protocol,,False,False,False,main,macro
ECON-SP-EASY-42,ad-as-equilibrium-and-output-gaps,D NO ISSUE DETECTED,Other imported bank,stabilization-protocol,,False,False,False,main,macro
ECON-SP-EASY-45,ad-as-equilibrium-and-output-gaps,D NO ISSUE DETECTED,Other imported bank,stabilization-protocol,,False,False,False,main,macro
ECON-SP-MEDIUM-128,ad-as-equilibrium-and-output-gaps,D NO ISSUE DETECTED,Other imported bank,stabilization-protocol,,False,False,False,main,macro
PG3-MEQ-M-002,ad-as-equilibrium-and-output-gaps,D NO ISSUE DETECTED,Authored/expansion,macro-concept-library,,False,False,False,main,macro
PG3-MEQ-M-003,ad-as-equilibrium-and-output-gaps,D NO ISSUE DETECTED,Authored/expansion,macro-concept-library,,False,False,False,main,macro
ECON-SP-MEDIUM-131,ad-as-equilibrium-and-output-gaps,D NO ISSUE DETECTED,Other imported bank,stabilization-protocol,,False,False,False,main,macro
ECON-SP-MEDIUM-132,ad-as-equilibrium-and-output-gaps,D NO ISSUE DETECTED,Other imported bank,stabilization-protocol,,False,False,False,main,macro
ECON-SP-MEDIUM-133,ad-as-equilibrium-and-output-gaps,D NO ISSUE DETECTED,Other imported bank,stabilization-protocol,,False,False,False,main,macro
ECON-SP-HARD-214,ad-as-equilibrium-and-output-gaps,D NO ISSUE DETECTED,Other imported bank,stabilization-protocol,,False,False,False,main,macro
PG3-MEQ-EL-003,ad-as-equilibrium-and-output-gaps,D NO ISSUE DETECTED,Authored/expansion,macro-concept-library,,False,False,False,elite,macro
PM2D1-LRADJ-H-001,ad-as-equilibrium-and-output-gaps,D NO ISSUE DETECTED,Authored/expansion,macro-m2d1-ad-as-macro-equilibrium-family,phaseM2d1-ad-as-macro-equilibrium-family-maturation-v1,False,False,False,hard,macro
PG3-MEQ-EL-001,ad-as-equilibrium-and-output-gaps,D NO ISSUE DETECTED,Authored/expansion,macro-concept-library,,False,False,False,elite,macro
PG3-MEQ-L-002,ad-as-equilibrium-and-output-gaps,D NO ISSUE DETECTED,Authored/expansion,macro-concept-library,,False,False,False,legendary,macro
P52B-S1-LRADJ-B1-001,ad-as-equilibrium-and-output-gaps,D NO ISSUE DETECTED,Authored/expansion,phase5.2b-stage1-rescue,,False,False,False,boss,macro
PM2D1-LRADJ-EB-002,ad-as-equilibrium-and-output-gaps,D NO ISSUE DETECTED,Authored/expansion,macro-m2d1-ad-as-macro-equilibrium-family,phaseM2d1-ad-as-macro-equilibrium-family-maturation-v1,False,False,False,boss,macro
PM2D1-LRADJ-FB-005,ad-as-equilibrium-and-output-gaps,D NO ISSUE DETECTED,Authored/expansion,macro-m2d1-ad-as-macro-equilibrium-family,phaseM2d1-ad-as-macro-equilibrium-family-maturation-v1,False,False,False,boss,macro
PM2D1-LRADJ-LB-003,ad-as-equilibrium-and-output-gaps,D NO ISSUE DETECTED,Authored/expansion,macro-m2d1-ad-as-macro-equilibrium-family,phaseM2d1-ad-as-macro-equilibrium-family-maturation-v1,False,False,False,legendaryBoss,macro
ECON-SP-CONNECT-OUTPUT-UNEMPLOYMENT-5068,ad-as-equilibrium-and-output-gaps,A PROTECTED MATURE,Other imported bank,stabilization-protocol,,False,False,True,repair,macro
ECON-SP-READ-AD-AS-EQUILIBRIUM-5086,ad-as-equilibrium-and-output-gaps,A PROTECTED MATURE,Other imported bank,stabilization-protocol,,False,False,True,repair,macro
ECON-SP-CLASSIFY-OUTPUT-GAP-5034,ad-as-equilibrium-and-output-gaps,A PROTECTED MATURE,Other imported bank,stabilization-protocol,,False,False,True,repair,macro
ECON-SP-CLASSIFY-OUTPUT-GAP-5035,ad-as-equilibrium-and-output-gaps,A PROTECTED MATURE,Other imported bank,stabilization-protocol,,False,False,True,repair,macro
ECON-SP-IDENTIFY-NATURAL-OUTPUT-5076,ad-as-equilibrium-and-output-gaps,A PROTECTED MATURE,Other imported bank,stabilization-protocol,,False,False,True,repair,macro
ECON-SP-CLASSIFY-OUTPUT-GAP-6027,ad-as-equilibrium-and-output-gaps,A PROTECTED MATURE,Other imported bank,stabilization-protocol,,False,False,True,bridge,macro
ECON-SP-EASY-25,aggregate-demand,D NO ISSUE DETECTED,Other imported bank,stabilization-protocol,,False,False,False,main,macro
ECON-SP-EASY-26,aggregate-demand,D NO ISSUE DETECTED,Other imported bank,stabilization-protocol,,False,False,False,main,macro
ECON-SP-EASY-27,aggregate-demand,D NO ISSUE DETECTED,Other imported bank,stabilization-protocol,,False,False,False,main,macro
ECON-SP-EASY-28,aggregate-demand,D NO ISSUE DETECTED,Other imported bank,stabilization-protocol,,False,False,False,main,macro
ECON-SP-EASY-36,aggregate-demand,D NO ISSUE DETECTED,Other imported bank,stabilization-protocol,,False,False,False,main,macro
P52A-AD-E-001,aggregate-demand,D NO ISSUE DETECTED,Authored/expansion,phase5.2a-concept-expansion,,False,False,False,main,macro
PG3-AD-E-001,aggregate-demand,D NO ISSUE DETECTED,Authored/expansion,macro-concept-library,,False,False,False,main,macro
PG3-AD-E-002,aggregate-demand,D NO ISSUE DETECTED,Authored/expansion,macro-concept-library,,False,False,False,main,macro
ECON-SP-MEDIUM-120,aggregate-demand,D NO ISSUE DETECTED,Other imported bank,stabilization-protocol,,False,False,False,main,macro
ECON-SP-MEDIUM-121,aggregate-demand,D NO ISSUE DETECTED,Other imported bank,stabilization-protocol,,False,False,False,main,macro
ECON-SP-MEDIUM-122,aggregate-demand,D NO ISSUE DETECTED,Other imported bank,stabilization-protocol,,False,False,False,main,macro
ECON-SP-MEDIUM-123,aggregate-demand,D NO ISSUE DETECTED,Other imported bank,stabilization-protocol,,False,False,False,main,macro
ECON-SP-MEDIUM-139,aggregate-demand,D NO ISSUE DETECTED,Other imported bank,stabilization-protocol,,False,False,False,main,macro
P52A-AD-M-001,aggregate-demand,D NO ISSUE DETECTED,Authored/expansion,phase5.2a-concept-expansion,,False,False,False,main,macro
PG3-AD-M-001,aggregate-demand,D NO ISSUE DETECTED,Authored/expansion,macro-concept-library,,False,False,False,main,macro
PG3-AD-M-002,aggregate-demand,D NO ISSUE DETECTED,Authored/expansion,macro-concept-library,,False,False,False,main,macro
PG3-AD-M-003,aggregate-demand,D NO ISSUE DETECTED,Authored/expansion,macro-concept-library,,False,False,False,main,macro
PG3-AD-M-004,aggregate-demand,D NO ISSUE DETECTED,Authored/expansion,macro-concept-library,,False,False,False,main,macro
P52A-AD-H-005,aggregate-demand,D NO ISSUE DETECTED,Authored/expansion,phase5.2a-concept-expansion,,False,False,False,main,macro
P52A-AD-H-006,aggregate-demand,D NO ISSUE DETECTED,Authored/expansion,phase5.2a-concept-expansion,,False,False,False,main,macro
PG3-AD-H-001,aggregate-demand,D NO ISSUE DETECTED,Authored/expansion,macro-concept-library,,False,False,False,main,macro
PG3-AD-H-002,aggregate-demand,D NO ISSUE DETECTED,Authored/expansion,macro-concept-library,,False,False,False,main,macro
P52A-AD-L-002,aggregate-demand,D NO ISSUE DETECTED,Authored/expansion,phase5.2a-concept-expansion,,False,False,False,legendary,macro
P52A-AD-L-005,aggregate-demand,D NO ISSUE DETECTED,Authored/expansion,phase5.2a-concept-expansion,,False,False,False,legendary,macro
P52A-AD-H-001,aggregate-demand,A PROTECTED MATURE,Authored/expansion,phase5.2a-concept-expansion,,False,False,True,main,macro
P52A-AD-H-002,aggregate-demand,D NO ISSUE DETECTED,Authored/expansion,phase5.2a-concept-expansion,,False,False,False,main,macro
P52A-AD-H-003,aggregate-demand,A PROTECTED MATURE,Authored/expansion,phase5.2a-concept-expansion,,False,False,True,main,macro
P52A-AD-H-004,aggregate-demand,A PROTECTED MATURE,Authored/expansion,phase5.2a-concept-expansion,,False,False,True,main,macro
P52A-AD-EL-002,aggregate-demand,A PROTECTED MATURE,Authored/expansion,phase5.2a-concept-expansion,,False,False,True,elite,macro
PG3-AD-EL-001,aggregate-demand,D NO ISSUE DETECTED,Authored/expansion,macro-concept-library,,False,False,False,elite,macro
PG3-AD-EL-002,aggregate-demand,D NO ISSUE DETECTED,Authored/expansion,macro-concept-library,,False,False,False,elite,macro
P52A-AD-EL-001,aggregate-demand,D NO ISSUE DETECTED,Authored/expansion,phase5.2a-concept-expansion,,False,False,False,elite,macro
P52A-AD-EL-003,aggregate-demand,A PROTECTED MATURE,Authored/expansion,phase5.2a-concept-expansion,,False,False,True,elite,macro
P52A-AD-EL-004,aggregate-demand,A PROTECTED MATURE,Authored/expansion,phase5.2a-concept-expansion,,False,False,True,elite,macro
P52B-S4-IEA-EL-002,aggregate-demand,D NO ISSUE DETECTED,Authored/expansion,phase5.2b-stage4-rescue,,False,False,False,elite,macro
P52A-AD-L-001,aggregate-demand,A PROTECTED MATURE,Authored/expansion,phase5.2a-concept-expansion,,False,False,True,legendary,macro
P52A-AD-L-003,aggregate-demand,D NO ISSUE DETECTED,Authored/expansion,phase5.2a-concept-expansion,,False,False,False,legendary,macro
P52A-AD-L-004,aggregate-demand,C FACULTY-REVIEW CANDIDATE,Authored/expansion,phase5.2a-concept-expansion,,False,False,True,legendary,macro
P52A-AD-L-006,aggregate-demand,C FACULTY-REVIEW CANDIDATE,Authored/expansion,phase5.2a-concept-expansion,,False,False,True,legendary,macro
PG3-AD-L-001,aggregate-demand,D NO ISSUE DETECTED,Authored/expansion,macro-concept-library,,False,False,False,legendary,macro
PG3-AD-L-002,aggregate-demand,D NO ISSUE DETECTED,Authored/expansion,macro-concept-library,,False,False,False,legendary,macro
P52A-AD-B1-001,aggregate-demand,D NO ISSUE DETECTED,Authored/expansion,phase5.2a-concept-expansion,,False,False,False,boss,macro
P52A-AD-B1-002,aggregate-demand,D NO ISSUE DETECTED,Authored/expansion,phase5.2a-concept-expansion,,False,False,False,boss,macro
P52A-AD-B1-003,aggregate-demand,D NO ISSUE DETECTED,Authored/expansion,phase5.2a-concept-expansion,,False,False,False,boss,macro
P52A-AD-B2-001,aggregate-demand,D NO ISSUE DETECTED,Authored/expansion,phase5.2a-concept-expansion,,False,False,False,boss,macro
P52A-AD-B2-002,aggregate-demand,D NO ISSUE DETECTED,Authored/expansion,phase5.2a-concept-expansion,,False,False,False,boss,macro
P52A-AD-B2-003,aggregate-demand,D NO ISSUE DETECTED,Authored/expansion,phase5.2a-concept-expansion,,False,False,False,boss,macro
P52A-AD-B3-001,aggregate-demand,A PROTECTED MATURE,Authored/expansion,phase5.2a-concept-expansion,,False,False,True,boss,macro
P52A-AD-B3-002,aggregate-demand,A PROTECTED MATURE,Authored/expansion,phase5.2a-concept-expansion,,False,False,True,boss,macro
P52A-AD-B3-003,aggregate-demand,D NO ISSUE DETECTED,Authored/expansion,phase5.2a-concept-expansion,,False,False,False,boss,macro
P52A-AD-LB-001,aggregate-demand,A PROTECTED MATURE,Authored/expansion,phase5.2a-concept-expansion,,False,False,True,legendaryBoss,macro
P52A-AD-LB-002,aggregate-demand,D NO ISSUE DETECTED,Authored/expansion,phase5.2a-concept-expansion,,False,False,False,legendaryBoss,macro
P52A-AD-LB-003,aggregate-demand,A PROTECTED MATURE,Authored/expansion,phase5.2a-concept-expansion,,False,False,True,legendaryBoss,macro
ECON-SP-EXPLAIN-AD-SLOPE-5024,aggregate-demand,A PROTECTED MATURE,Other imported bank,stabilization-protocol,,False,False,True,repair,macro
ECON-SP-IDENTIFY-AD-SHIFTERS-5025,aggregate-demand,A PROTECTED MATURE,Other imported bank,stabilization-protocol,,False,False,True,repair,macro
ECON-SP-IDENTIFY-AD-SHIFTERS-5026,aggregate-demand,A PROTECTED MATURE,Other imported bank,stabilization-protocol,,False,False,True,repair,macro
ECON-SP-READ-AD-AS-AXES-5085,aggregate-demand,A PROTECTED MATURE,Other imported bank,stabilization-protocol,,False,False,True,repair,macro
ECON-SP-READ-AD-SHIFT-5087,aggregate-demand,A PROTECTED MATURE,Other imported bank,stabilization-protocol,,False,False,True,repair,macro
ECON-SP-EXPLAIN-AD-SLOPE-6019,aggregate-demand,A PROTECTED MATURE,Other imported bank,stabilization-protocol,,False,False,True,bridge,macro
ECON-SP-IDENTIFY-AD-SHIFTERS-6020,aggregate-demand,A PROTECTED MATURE,Other imported bank,stabilization-protocol,,False,False,True,bridge,macro
LG-Q-13,bank-balance-sheets-reserves-and-capital,D NO ISSUE DETECTED,Other imported bank,liquidity-grid,,False,False,False,main,macro
LG-Q-16,bank-balance-sheets-reserves-and-capital,D NO ISSUE DETECTED,Other imported bank,liquidity-grid,,False,False,False,main,macro
P52A-BANK-E-001,bank-balance-sheets-reserves-and-capital,D NO ISSUE DETECTED,Authored/expansion,phase5.2a-concept-expansion,,False,False,False,main,macro
P52A-BANK-E-002,bank-balance-sheets-reserves-and-capital,D NO ISSUE DETECTED,Authored/expansion,phase5.2a-concept-expansion,,False,False,False,main,macro
P52A-BANK-E-003,bank-balance-sheets-reserves-and-capital,D NO ISSUE DETECTED,Authored/expansion,phase5.2a-concept-expansion,,False,False,False,main,macro
LG-Q-221,bank-balance-sheets-reserves-and-capital,B HIGH-CONFIDENCE AUTO-CORRECTED,Other imported bank,liquidity-grid,,False,False,False,main,macro
P52A-BANK-M-001,bank-balance-sheets-reserves-and-capital,D NO ISSUE DETECTED,Authored/expansion,phase5.2a-concept-expansion,,False,False,False,main,macro
P52A-BANK-M-002,bank-balance-sheets-reserves-and-capital,D NO ISSUE DETECTED,Authored/expansion,phase5.2a-concept-expansion,,False,False,False,main,macro
P52A-BANK-M-005,bank-balance-sheets-reserves-and-capital,D NO ISSUE DETECTED,Authored/expansion,phase5.2a-concept-expansion,,False,False,False,main,macro
LG-Q-322,bank-balance-sheets-reserves-and-capital,D NO ISSUE DETECTED,Other imported bank,liquidity-grid,,False,False,False,elite,macro
LG-Q-222,bank-balance-sheets-reserves-and-capital,D NO ISSUE DETECTED,Other imported bank,liquidity-grid,,False,False,False,main,macro
P52A-BANK-H-001,bank-balance-sheets-reserves-and-capital,D NO ISSUE DETECTED,Authored/expansion,phase5.2a-concept-expansion,,False,False,False,main,macro
P52A-BANK-H-002,bank-balance-sheets-reserves-and-capital,D NO ISSUE DETECTED,Authored/expansion,phase5.2a-concept-expansion,,False,False,False,main,macro
P52A-BANK-H-003,bank-balance-sheets-reserves-and-capital,D NO ISSUE DETECTED,Authored/expansion,phase5.2a-concept-expansion,,False,False,False,main,macro
LG-Q-301,bank-balance-sheets-reserves-and-capital,D NO ISSUE DETECTED,Other imported bank,liquidity-grid,,False,False,False,elite,macro
LG-Q-302,bank-balance-sheets-reserves-and-capital,D NO ISSUE DETECTED,Other imported bank,liquidity-grid,,False,False,False,elite,macro
LG-Q-318,bank-balance-sheets-reserves-and-capital,D NO ISSUE DETECTED,Other imported bank,liquidity-grid,,False,False,False,elite,macro
LG-Q-323,bank-balance-sheets-reserves-and-capital,D NO ISSUE DETECTED,Other imported bank,liquidity-grid,,False,False,False,elite,macro
LG-Q-9004,bank-balance-sheets-reserves-and-capital,D NO ISSUE DETECTED,Other imported bank,liquidity-grid,,False,False,False,legendary,macro
LG-Q-9007,bank-balance-sheets-reserves-and-capital,D NO ISSUE DETECTED,Other imported bank,liquidity-grid,,False,False,False,legendary,macro
LG-Q-9016,bank-balance-sheets-reserves-and-capital,D NO ISSUE DETECTED,Other imported bank,liquidity-grid,,False,False,False,legendary,macro
LG-Q-307,bank-balance-sheets-reserves-and-capital,D NO ISSUE DETECTED,Other imported bank,liquidity-grid,,False,False,False,elite,macro
LG-Q-313,bank-balance-sheets-reserves-and-capital,D NO ISSUE DETECTED,Other imported bank,liquidity-grid,,False,False,False,elite,macro
LG-Q-326,bank-balance-sheets-reserves-and-capital,D NO ISSUE DETECTED,Other imported bank,liquidity-grid,,False,False,False,elite,macro
ECON-SP-EASY-10,bank-balance-sheets-reserves-and-capital,D NO ISSUE DETECTED,Other imported bank,stabilization-protocol,,False,False,False,calculation,macro
ECON-SP-HARD-201,bank-balance-sheets-reserves-and-capital,D NO ISSUE DETECTED,Other imported bank,stabilization-protocol,,False,False,False,calculation,macro
ECON-SP-MEDIUM-102,bank-balance-sheets-reserves-and-capital,D NO ISSUE DETECTED,Other imported bank,stabilization-protocol,,False,False,False,calculation,macro
ECON-SP-MEDIUM-103,bank-balance-sheets-reserves-and-capital,D NO ISSUE DETECTED,Other imported bank,stabilization-protocol,,False,False,False,calculation,macro
LG-Q-116,bank-balance-sheets-reserves-and-capital,D NO ISSUE DETECTED,Other imported bank,liquidity-grid,,False,False,False,calculation,macro
LG-Q-117,bank-balance-sheets-reserves-and-capital,D NO ISSUE DETECTED,Other imported bank,liquidity-grid,,False,False,False,calculation,macro
LG-Q-118,bank-balance-sheets-reserves-and-capital,D NO ISSUE DETECTED,Other imported bank,liquidity-grid,,False,False,False,calculation,macro
LG-Q-14,bank-balance-sheets-reserves-and-capital,D NO ISSUE DETECTED,Other imported bank,liquidity-grid,,False,False,False,calculation,macro
LG-Q-15,bank-balance-sheets-reserves-and-capital,D NO ISSUE DETECTED,Other imported bank,liquidity-grid,,False,False,False,calculation,macro
LG-Q-204,bank-balance-sheets-reserves-and-capital,D NO ISSUE DETECTED,Other imported bank,liquidity-grid,,False,False,False,calculation,macro
LG-Q-207,bank-balance-sheets-reserves-and-capital,D NO ISSUE DETECTED,Other imported bank,liquidity-grid,,False,False,False,calculation,macro
LG-Q-219,bank-balance-sheets-reserves-and-capital,D NO ISSUE DETECTED,Other imported bank,liquidity-grid,,False,False,False,calculation,macro
LG-Q-220,bank-balance-sheets-reserves-and-capital,D NO ISSUE DETECTED,Other imported bank,liquidity-grid,,False,False,False,calculation,macro
LG-Q-2007,bank-balance-sheets-reserves-and-capital,D NO ISSUE DETECTED,Other imported bank,liquidity-grid,,False,False,False,boss,macro
P52A-BANK-B2-001,bank-balance-sheets-reserves-and-capital,D NO ISSUE DETECTED,Authored/expansion,phase5.2a-concept-expansion,,False,False,False,boss,macro
P52A-BANK-B2-003,bank-balance-sheets-reserves-and-capital,D NO ISSUE DETECTED,Authored/expansion,phase5.2a-concept-expansion,,False,False,False,boss,macro
P52A-BANK-B3-001,bank-balance-sheets-reserves-and-capital,D NO ISSUE DETECTED,Authored/expansion,phase5.2a-concept-expansion,,False,False,False,boss,macro
P52A-BANK-B3-002,bank-balance-sheets-reserves-and-capital,D NO ISSUE DETECTED,Authored/expansion,phase5.2a-concept-expansion,,False,False,False,boss,macro
LG-Q-9104,bank-balance-sheets-reserves-and-capital,D NO ISSUE DETECTED,Other imported bank,liquidity-grid,phaseM2c1-money-banking-fed-family-maturation-v1,False,False,False,legendaryBoss,macro
LG-Q-9105,bank-balance-sheets-reserves-and-capital,C FACULTY-REVIEW CANDIDATE,Other imported bank,liquidity-grid,phaseM2c1-money-banking-fed-family-maturation-v1,False,False,False,legendaryBoss,macro
ECON-SP-CALCULATE-EXCESS-RESERVES-5007,bank-balance-sheets-reserves-and-capital,A PROTECTED MATURE,Other imported bank,stabilization-protocol,,False,False,True,repair,macro
ECON-SP-CALCULATE-REQUIRED-RESERVES-5006,bank-balance-sheets-reserves-and-capital,A PROTECTED MATURE,Other imported bank,stabilization-protocol,,False,False,True,repair,macro
LG-R-5012,bank-balance-sheets-reserves-and-capital,A PROTECTED MATURE,Other imported bank,liquidity-grid,phaseM2c1-money-banking-fed-family-maturation-v1,False,False,True,repair,macro
LG-R-5014,bank-balance-sheets-reserves-and-capital,D NO ISSUE DETECTED,Other imported bank,liquidity-grid,,False,False,False,repair,macro
LG-R-5015,bank-balance-sheets-reserves-and-capital,D NO ISSUE DETECTED,Other imported bank,liquidity-grid,,False,False,False,repair,macro
ECON-SP-CALCULATE-EXCESS-RESERVES-6005,bank-balance-sheets-reserves-and-capital,A PROTECTED MATURE,Other imported bank,stabilization-protocol,,False,False,True,bridge,macro
ECON-SP-CALCULATE-REQUIRED-RESERVES-6004,bank-balance-sheets-reserves-and-capital,A PROTECTED MATURE,Other imported bank,stabilization-protocol,,False,False,True,bridge,macro
LG-B-6003,bank-balance-sheets-reserves-and-capital,D NO ISSUE DETECTED,Other imported bank,liquidity-grid,,False,False,False,bridge,macro
LG-B-6004,bank-balance-sheets-reserves-and-capital,D NO ISSUE DETECTED,Other imported bank,liquidity-grid,,False,False,False,bridge,macro
ECON-MG-EASY-59,binding-price-ceilings,A PROTECTED MATURE,Market Gate: no later curation recorded,market-gate,,True,True,False,main,general; macro; micro
ECON-MG-EASY-60,binding-price-ceilings,A PROTECTED MATURE,Market Gate: no later curation recorded,market-gate,,True,True,False,main,general; macro; micro
ECON-MG-EASY-61,binding-price-ceilings,A PROTECTED MATURE,Market Gate: no later curation recorded,market-gate,,True,True,False,main,general; macro; micro
ECON-MG-EASY-62,binding-price-ceilings,A PROTECTED MATURE,Market Gate: no later curation recorded,market-gate,,True,True,False,main,general; macro; micro
ECON-MG-EASY-78,binding-price-ceilings,A PROTECTED MATURE,Market Gate: no later curation recorded,market-gate,,True,True,False,main,general; macro; micro
ECON-MG-EASY-79,binding-price-ceilings,A PROTECTED MATURE,Market Gate: no later curation recorded,market-gate,,True,True,False,main,general; macro; micro
PG2-CEIL-E-001,binding-price-ceilings,A PROTECTED MATURE,Other imported bank,micro-concept-library,,False,True,False,main,general; macro; micro
ECON-MG-MEDIUM-132,binding-price-ceilings,A PROTECTED MATURE,Market Gate: documented later descendant,market-gate,phaseQH7-principles-micro-human-read-curation-v1,True,True,False,main,general; macro; micro
ECON-MG-MEDIUM-133,binding-price-ceilings,A PROTECTED MATURE,Market Gate: no later curation recorded,market-gate,,True,True,False,main,general; macro; micro
ECON-MG-MEDIUM-135,binding-price-ceilings,A PROTECTED MATURE,Market Gate: no later curation recorded,market-gate,,True,True,False,main,general; macro; micro
ECON-MG-MEDIUM-146,binding-price-ceilings,A PROTECTED MATURE,Market Gate: no later curation recorded,market-gate,,True,True,False,main,general; macro; micro
ECON-MG-MEDIUM-148,binding-price-ceilings,A PROTECTED MATURE,Market Gate: no later curation recorded,market-gate,,True,True,False,main,general; macro; micro
ECON-MG-MEDIUM-171,binding-price-ceilings,A PROTECTED MATURE,Market Gate: no later curation recorded,market-gate,,True,True,False,main,general; macro; micro
ECON-MG-MEDIUM-172,binding-price-ceilings,A PROTECTED MATURE,Market Gate: no later curation recorded,market-gate,,True,True,False,main,general; macro; micro
ECON-MG-MEDIUM-173,binding-price-ceilings,A PROTECTED MATURE,Market Gate: no later curation recorded,market-gate,,True,True,False,main,general; macro; micro
ECON-MG-MEDIUM-179,binding-price-ceilings,A PROTECTED MATURE,Market Gate: no later curation recorded,market-gate,,True,True,False,main,general; macro; micro
PG2-CEIL-M-001,binding-price-ceilings,A PROTECTED MATURE,Other imported bank,micro-concept-library,,False,True,False,main,general; macro; micro
PG2-CEIL-M-002,binding-price-ceilings,A PROTECTED MATURE,Other imported bank,micro-concept-library,,False,True,False,main,general; macro; micro
40021,binding-price-ceilings,A PROTECTED MATURE,Market Gate: documented later descendant,market-gate,phaseQH7-principles-micro-human-read-curation-v1,True,True,False,main,general; macro; micro
ECON-MG-LEGENDARYBOSS-9130,binding-price-ceilings,A PROTECTED MATURE,Market Gate: no later curation recorded,market-gate,,True,True,False,main,general; macro; micro
ECON-MG-ELITE-309,binding-price-ceilings,A PROTECTED MATURE,Market Gate: no later curation recorded,market-gate,,True,True,False,main,general; macro; micro
40022,binding-price-ceilings,A PROTECTED MATURE,Market Gate: documented later descendant,market-gate,phaseQH7-principles-micro-human-read-curation-v1,True,True,False,main,general; macro; micro
ECON-MG-HARD-236,binding-price-ceilings,A PROTECTED MATURE,Market Gate: no later curation recorded,market-gate,,True,True,False,main,general; macro; micro
ECON-MG-HARD-237,binding-price-ceilings,A PROTECTED MATURE,Market Gate: no later curation recorded,market-gate,,True,True,False,main,general; macro; micro
ECON-MG-HARD-266,binding-price-ceilings,A PROTECTED MATURE,Market Gate: no later curation recorded,market-gate,,True,True,False,main,general; macro; micro
ECON-MG-HARD-270,binding-price-ceilings,A PROTECTED MATURE,Market Gate: no later curation recorded,market-gate,,True,True,False,main,general; macro; micro
ECON-MG-HARD-273,binding-price-ceilings,A PROTECTED MATURE,Market Gate: no later curation recorded,market-gate,,True,True,False,main,general; macro; micro
PG2-CEIL-H-001,binding-price-ceilings,A PROTECTED MATURE,Other imported bank,micro-concept-library,,False,True,False,main,general; macro; micro
40024,binding-price-ceilings,A PROTECTED MATURE,Market Gate: documented later descendant,market-gate,phaseQH7-principles-micro-human-read-curation-v1,True,True,False,main,general; macro; micro
40025,binding-price-ceilings,A PROTECTED MATURE,Market Gate: documented later descendant,market-gate,phaseQH7-principles-micro-human-read-curation-v1,True,True,False,main,general; macro; micro
ECON-MG-LEGENDARY-9037,binding-price-ceilings,A PROTECTED MATURE,Market Gate: no later curation recorded,market-gate,,True,True,False,main,general; macro; micro
ECON-MG-LEGENDARY-9039,binding-price-ceilings,A PROTECTED MATURE,Market Gate: documented later descendant,market-gate,phaseQH7-principles-micro-human-read-curation-v1,True,True,False,main,general; macro; micro
ECON-MG-LEGENDARY-9040,binding-price-ceilings,A PROTECTED MATURE,Market Gate: no later curation recorded,market-gate,,True,True,False,main,general; macro; micro
ECON-MG-LEGENDARY-9044,binding-price-ceilings,A PROTECTED MATURE,Market Gate: no later curation recorded,market-gate,,True,True,False,main,general; macro; micro
ECON-MG-LEGENDARY-9048,binding-price-ceilings,A PROTECTED MATURE,Market Gate: no later curation recorded,market-gate,,True,True,False,main,general; macro; micro
ECON-MG-LEGENDARY-9050,binding-price-ceilings,A PROTECTED MATURE,Market Gate: no later curation recorded,market-gate,,True,True,False,main,general; macro; micro
40023,binding-price-ceilings,A PROTECTED MATURE,Market Gate: documented later descendant,market-gate,phaseQH7-principles-micro-human-read-curation-v1,True,True,False,main,general; macro; micro
ECON-MG-ELITE-300,binding-price-ceilings,A PROTECTED MATURE,Market Gate: no later curation recorded,market-gate,,True,True,False,elite,general; macro; micro
ECON-MG-ELITE-308,binding-price-ceilings,A PROTECTED MATURE,Market Gate: no later curation recorded,market-gate,,True,True,False,elite,general; macro; micro
ECON-MG-ELITE-311,binding-price-ceilings,A PROTECTED MATURE,Market Gate: no later curation recorded,market-gate,,True,True,False,elite,general; macro; micro
ECON-MG-ELITE-324,binding-price-ceilings,A PROTECTED MATURE,Market Gate: no later curation recorded,market-gate,,True,True,False,elite,general; macro; micro
PG2-CEIL-EL-001,binding-price-ceilings,A PROTECTED MATURE,Other imported bank,micro-concept-library,,False,True,False,elite,general; macro; micro
ECON-MG-LEGENDARY-9035,binding-price-ceilings,A PROTECTED MATURE,Market Gate: no later curation recorded,market-gate,,True,True,False,legendary,general; macro; micro
ECON-MG-LEGENDARY-9042,binding-price-ceilings,A PROTECTED MATURE,Market Gate: documented later descendant,market-gate,phaseQH7-principles-micro-human-read-curation-v1,True,True,False,legendary,general; macro; micro
ECON-MG-LEGENDARY-9046,binding-price-ceilings,A PROTECTED MATURE,Market Gate: no later curation recorded,market-gate,,True,True,False,legendary,general; macro; micro
PG2-CEIL-L-001,binding-price-ceilings,A PROTECTED MATURE,Other imported bank,micro-concept-library,,False,True,False,legendary,general; macro; micro
40026,binding-price-ceilings,A PROTECTED MATURE,Market Gate: documented later descendant,market-gate,phaseQH7-principles-micro-human-read-curation-v1,True,True,False,main,general; macro; micro
ECON-MG-EASY-63,binding-price-ceilings,A PROTECTED MATURE,Market Gate: no later curation recorded,market-gate,,True,True,False,calculation,general; macro; micro
ECON-MG-HARD-234,binding-price-ceilings,A PROTECTED MATURE,Market Gate: no later curation recorded,market-gate,,True,True,False,calculation,general; macro; micro
ECON-MG-HARD-235,binding-price-ceilings,A PROTECTED MATURE,Market Gate: no later curation recorded,market-gate,,True,True,False,calculation,general; macro; micro
ECON-MG-HARD-268,binding-price-ceilings,A PROTECTED MATURE,Market Gate: no later curation recorded,market-gate,,True,True,False,calculation,general; macro; micro
ECON-MG-MEDIUM-134,binding-price-ceilings,A PROTECTED MATURE,Market Gate: no later curation recorded,market-gate,,True,True,False,calculation,general; macro; micro
ECON-MG-MEDIUM-174,binding-price-ceilings,A PROTECTED MATURE,Market Gate: no later curation recorded,market-gate,,True,True,False,calculation,general; macro; micro
ECON-MG-FINALBOSS-4000,binding-price-ceilings,A PROTECTED MATURE,Market Gate: no later curation recorded,market-gate,,True,True,False,boss,general; macro; micro
ECON-MG-FINALBOSS-4001,binding-price-ceilings,A PROTECTED MATURE,Market Gate: no later curation recorded,market-gate,,True,True,False,boss,general; macro; micro
ECON-MG-FINALBOSS-4002,binding-price-ceilings,A PROTECTED MATURE,Market Gate: documented later descendant,market-gate,phaseQH7-principles-micro-human-read-curation-v1,True,True,False,boss,general; macro; micro
ECON-MG-FINALBOSS-4013,binding-price-ceilings,A PROTECTED MATURE,Market Gate: no later curation recorded,market-gate,,True,True,False,boss,general; macro; micro
ECON-MG-FINALBOSS-4015,binding-price-ceilings,A PROTECTED MATURE,Market Gate: no later curation recorded,market-gate,,True,True,False,boss,general; macro; micro
ECON-MG-FINALBOSS-4019,binding-price-ceilings,A PROTECTED MATURE,Market Gate: no later curation recorded,market-gate,,True,True,False,boss,general; macro; micro
ECON-MG-LEGENDARYBOSS-9131,binding-price-ceilings,A PROTECTED MATURE,Market Gate: no later curation recorded,market-gate,,True,True,False,legendaryBoss,general; macro; micro
ECON-MG-LEGENDARYBOSS-9132,binding-price-ceilings,A PROTECTED MATURE,Market Gate: no later curation recorded,market-gate,,True,True,False,legendaryBoss,general; macro; micro
ECON-MG-BINDING-PRICE-CEILING-5014,binding-price-ceilings,A PROTECTED MATURE,Market Gate: no later curation recorded,market-gate,,True,True,False,repair,general; macro; micro
ECON-MG-BINDING-PRICE-CEILING-5015,binding-price-ceilings,A PROTECTED MATURE,Market Gate: no later curation recorded,market-gate,,True,True,False,repair,general; macro; micro
ECON-MG-CEILING-SHORTAGE-CALCULATION-5016,binding-price-ceilings,A PROTECTED MATURE,Market Gate: no later curation recorded,market-gate,,True,True,False,repair,general; macro; micro
ECON-MG-CEILING-SHORTAGE-CALCULATION-5017,binding-price-ceilings,A PROTECTED MATURE,Market Gate: no later curation recorded,market-gate,,True,True,False,repair,general; macro; micro
ECON-MG-BINDING-PRICE-CEILING-6024,binding-price-ceilings,A PROTECTED MATURE,Market Gate: no later curation recorded,market-gate,,True,True,False,bridge,general; macro; micro
ECON-MG-BINDING-PRICE-CEILING-6025,binding-price-ceilings,A PROTECTED MATURE,Market Gate: no later curation recorded,market-gate,,True,True,False,bridge,general; macro; micro
ECON-MG-BINDING-PRICE-CONTROLS-6032,binding-price-ceilings,A PROTECTED MATURE,Market Gate: no later curation recorded,market-gate,,True,True,False,bridge,general; macro; micro
ECON-MG-BINDING-PRICE-CONTROLS-6033,binding-price-ceilings,A PROTECTED MATURE,Market Gate: no later curation recorded,market-gate,,True,True,False,bridge,general; macro; micro
ECON-MG-CEILING-SHORTAGE-CALCULATION-6026,binding-price-ceilings,A PROTECTED MATURE,Market Gate: no later curation recorded,market-gate,,True,True,False,bridge,general; macro; micro
ECON-MG-CEILING-SHORTAGE-CALCULATION-6027,binding-price-ceilings,A PROTECTED MATURE,Market Gate: no later curation recorded,market-gate,,True,True,False,bridge,general; macro; micro
ECON-MG-EASY-64,binding-price-floors,A PROTECTED MATURE,Market Gate: no later curation recorded,market-gate,,True,True,False,main,general; macro; micro
ECON-MG-EASY-65,binding-price-floors,A PROTECTED MATURE,Market Gate: no later curation recorded,market-gate,,True,True,False,main,general; macro; micro
ECON-MG-EASY-66,binding-price-floors,A PROTECTED MATURE,Market Gate: no later curation recorded,market-gate,,True,True,False,main,general; macro; micro
ECON-MG-EASY-67,binding-price-floors,A PROTECTED MATURE,Market Gate: no later curation recorded,market-gate,,True,True,False,main,general; macro; micro
ECON-MG-EASY-80,binding-price-floors,A PROTECTED MATURE,Market Gate: documented later descendant,market-gate,phaseQH7-principles-micro-human-read-curation-v1,True,True,False,main,general; macro; micro
PG2-FLR-E-001,binding-price-floors,A PROTECTED MATURE,Other imported bank,micro-concept-library,,False,True,False,main,general; macro; micro
ECON-MG-MEDIUM-136,binding-price-floors,A PROTECTED MATURE,Market Gate: no later curation recorded,market-gate,,True,True,False,main,general; macro; micro
ECON-MG-MEDIUM-138,binding-price-floors,A PROTECTED MATURE,Market Gate: no later curation recorded,market-gate,,True,True,False,main,general; macro; micro
ECON-MG-MEDIUM-147,binding-price-floors,A PROTECTED MATURE,Market Gate: no later curation recorded,market-gate,,True,True,False,main,general; macro; micro
ECON-MG-MEDIUM-175,binding-price-floors,A PROTECTED MATURE,Market Gate: no later curation recorded,market-gate,,True,True,False,main,general; macro; micro
ECON-MG-MEDIUM-176,binding-price-floors,A PROTECTED MATURE,Market Gate: no later curation recorded,market-gate,,True,True,False,main,general; macro; micro
ECON-MG-MEDIUM-177,binding-price-floors,A PROTECTED MATURE,Market Gate: no later curation recorded,market-gate,,True,True,False,main,general; macro; micro
PG2-FLR-M-001,binding-price-floors,A PROTECTED MATURE,Other imported bank,micro-concept-library,phaseQH7-principles-micro-human-read-curation-v1,False,True,False,main,general; macro; micro
PG2-FLR-M-002,binding-price-floors,A PROTECTED MATURE,Other imported bank,micro-concept-library,phaseQH7-principles-micro-human-read-curation-v1,False,True,False,main,general; macro; micro
40027,binding-price-floors,A PROTECTED MATURE,Market Gate: documented later descendant,market-gate,phaseQH7-principles-micro-human-read-curation-v1,True,True,False,main,general; macro; micro
ECON-MG-HARD-241,binding-price-floors,A PROTECTED MATURE,Market Gate: no later curation recorded,market-gate,,True,True,False,main,general; macro; micro
ECON-MG-ELITE-310,binding-price-floors,A PROTECTED MATURE,Market Gate: no later curation recorded,market-gate,,True,True,False,main,general; macro; micro
ECON-MG-LEGENDARY-9047,binding-price-floors,A PROTECTED MATURE,Market Gate: no later curation recorded,market-gate,,True,True,False,main,general; macro; micro
40028,binding-price-floors,A PROTECTED MATURE,Market Gate: documented later descendant,market-gate,phaseQH7-principles-micro-human-read-curation-v1,True,True,False,main,general; macro; micro
ECON-MG-HARD-240,binding-price-floors,A PROTECTED MATURE,Market Gate: no later curation recorded,market-gate,,True,True,False,main,general; macro; micro
ECON-MG-HARD-267,binding-price-floors,A PROTECTED MATURE,Market Gate: no later curation recorded,market-gate,,True,True,False,main,general; macro; micro
ECON-MG-HARD-271,binding-price-floors,A PROTECTED MATURE,Market Gate: no later curation recorded,market-gate,,True,True,False,main,general; macro; micro
ECON-MG-HARD-272,binding-price-floors,A PROTECTED MATURE,Market Gate: no later curation recorded,market-gate,,True,True,False,main,general; macro; micro
PG2-FLR-H-001,binding-price-floors,A PROTECTED MATURE,Other imported bank,micro-concept-library,phaseQH7-principles-micro-human-read-curation-v1,False,True,False,main,general; macro; micro
40030,binding-price-floors,A PROTECTED MATURE,Market Gate: documented later descendant,market-gate,phaseQH7-principles-micro-human-read-curation-v1,True,True,False,main,general; macro; micro
40031,binding-price-floors,A PROTECTED MATURE,Market Gate: documented later descendant,market-gate,phaseQH7-principles-micro-human-read-curation-v1,True,True,False,main,general; macro; micro
ECON-MG-LEGENDARY-9038,binding-price-floors,A PROTECTED MATURE,Market Gate: no later curation recorded,market-gate,,True,True,False,main,general; macro; micro
ECON-MG-LEGENDARY-9041,binding-price-floors,A PROTECTED MATURE,Market Gate: no later curation recorded,market-gate,,True,True,False,main,general; macro; micro
ECON-MG-LEGENDARY-9045,binding-price-floors,A PROTECTED MATURE,Market Gate: no later curation recorded,market-gate,,True,True,False,main,general; macro; micro
40032,binding-price-floors,A PROTECTED MATURE,Market Gate: documented later descendant,market-gate,phaseQH7-principles-micro-human-read-curation-v1,True,True,False,main,general; macro; micro
ECON-MG-ELITE-301,binding-price-floors,A PROTECTED MATURE,Market Gate: no later curation recorded,market-gate,,True,True,False,elite,general; macro; micro
ECON-MG-ELITE-312,binding-price-floors,A PROTECTED MATURE,Market Gate: no later curation recorded,market-gate,,True,True,False,elite,general; macro; micro
PG2-FLR-EL-001,binding-price-floors,A PROTECTED MATURE,Other imported bank,micro-concept-library,,False,True,False,elite,general; macro; micro
40029,binding-price-floors,A PROTECTED MATURE,Market Gate: documented later descendant,market-gate,phaseQH7-principles-micro-human-read-curation-v1,True,True,False,main,general; macro; micro
ECON-MG-LEGENDARY-9036,binding-price-floors,A PROTECTED MATURE,Market Gate: no later curation recorded,market-gate,,True,True,False,legendary,general; macro; micro
ECON-MG-LEGENDARY-9049,binding-price-floors,A PROTECTED MATURE,Market Gate: no later curation recorded,market-gate,,True,True,False,legendary,general; macro; micro
ECON-MG-LEGENDARY-9053,binding-price-floors,A PROTECTED MATURE,Market Gate: no later curation recorded,market-gate,,True,True,False,legendary,general; macro; micro
PG2-FLR-L-001,binding-price-floors,A PROTECTED MATURE,Other imported bank,micro-concept-library,phaseQH7-principles-micro-human-read-curation-v1,False,True,False,legendary,general; macro; micro
ECON-MG-EASY-68,binding-price-floors,A PROTECTED MATURE,Market Gate: no later curation recorded,market-gate,,True,True,False,calculation,general; macro; micro
ECON-MG-HARD-238,binding-price-floors,A PROTECTED MATURE,Market Gate: no later curation recorded,market-gate,,True,True,False,calculation,general; macro; micro
ECON-MG-HARD-239,binding-price-floors,A PROTECTED MATURE,Market Gate: no later curation recorded,market-gate,,True,True,False,calculation,general; macro; micro
ECON-MG-HARD-269,binding-price-floors,A PROTECTED MATURE,Market Gate: no later curation recorded,market-gate,,True,True,False,calculation,general; macro; micro
ECON-MG-MEDIUM-137,binding-price-floors,A PROTECTED MATURE,Market Gate: no later curation recorded,market-gate,,True,True,False,calculation,general; macro; micro
ECON-MG-MEDIUM-178,binding-price-floors,A PROTECTED MATURE,Market Gate: no later curation recorded,market-gate,,True,True,False,calculation,general; macro; micro
ECON-MG-FINALBOSS-4003,binding-price-floors,A PROTECTED MATURE,Market Gate: no later curation recorded,market-gate,,True,True,False,boss,general; macro; micro
ECON-MG-FINALBOSS-4004,binding-price-floors,A PROTECTED MATURE,Market Gate: no later curation recorded,market-gate,,True,True,False,boss,general; macro; micro
ECON-MG-FINALBOSS-4005,binding-price-floors,A PROTECTED MATURE,Market Gate: no later curation recorded,market-gate,,True,True,False,boss,general; macro; micro
ECON-MG-FINALBOSS-4014,binding-price-floors,A PROTECTED MATURE,Market Gate: no later curation recorded,market-gate,,True,True,False,boss,general; macro; micro
ECON-MG-FINALBOSS-4016,binding-price-floors,A PROTECTED MATURE,Market Gate: no later curation recorded,market-gate,,True,True,False,boss,general; macro; micro
ECON-MG-FINALBOSS-4020,binding-price-floors,A PROTECTED MATURE,Market Gate: no later curation recorded,market-gate,,True,True,False,boss,general; macro; micro
ECON-MG-LEGENDARYBOSS-9133,binding-price-floors,A PROTECTED MATURE,Market Gate: no later curation recorded,market-gate,,True,True,False,legendaryBoss,general; macro; micro
ECON-MG-LEGENDARYBOSS-9134,binding-price-floors,A PROTECTED MATURE,Market Gate: no later curation recorded,market-gate,,True,True,False,legendaryBoss,general; macro; micro
ECON-MG-LEGENDARYBOSS-9135,binding-price-floors,A PROTECTED MATURE,Market Gate: no later curation recorded,market-gate,,True,True,False,legendaryBoss,general; macro; micro
ECON-MG-BINDING-PRICE-FLOOR-5018,binding-price-floors,A PROTECTED MATURE,Market Gate: no later curation recorded,market-gate,,True,True,False,repair,general; macro; micro
ECON-MG-BINDING-PRICE-FLOOR-5019,binding-price-floors,A PROTECTED MATURE,Market Gate: no later curation recorded,market-gate,,True,True,False,repair,general; macro; micro
ECON-MG-FLOOR-SURPLUS-CALCULATION-5020,binding-price-floors,A PROTECTED MATURE,Market Gate: no later curation recorded,market-gate,,True,True,False,repair,general; macro; micro
ECON-MG-FLOOR-SURPLUS-CALCULATION-5021,binding-price-floors,A PROTECTED MATURE,Market Gate: no later curation recorded,market-gate,,True,True,False,repair,general; macro; micro
ECON-MG-BINDING-PRICE-FLOOR-6028,binding-price-floors,A PROTECTED MATURE,Market Gate: no later curation recorded,market-gate,,True,True,False,bridge,general; macro; micro
ECON-MG-BINDING-PRICE-FLOOR-6029,binding-price-floors,A PROTECTED MATURE,Market Gate: no later curation recorded,market-gate,,True,True,False,bridge,general; macro; micro
ECON-MG-FLOOR-SURPLUS-CALCULATION-6030,binding-price-floors,A PROTECTED MATURE,Market Gate: no later curation recorded,market-gate,,True,True,False,bridge,general; macro; micro
ECON-MG-FLOOR-SURPLUS-CALCULATION-6031,binding-price-floors,A PROTECTED MATURE,Market Gate: no later curation recorded,market-gate,,True,True,False,bridge,general; macro; micro
43060,budget-accounting-and-public-saving,D NO ISSUE DETECTED,Authored/expansion,federal-budgets-debt-authoring,phase-macro-federal-budgets-debt-v1,False,False,False,main,macro
43061,budget-accounting-and-public-saving,D NO ISSUE DETECTED,Authored/expansion,federal-budgets-debt-authoring,phase-macro-federal-budgets-debt-v1,False,False,False,main,macro
43062,budget-accounting-and-public-saving,D NO ISSUE DETECTED,Authored/expansion,federal-budgets-debt-authoring,phase-macro-federal-budgets-debt-v1,False,False,False,main,macro
43092,budget-accounting-and-public-saving,A PROTECTED MATURE,Authored/expansion,federal-budgets-debt-authoring,phase-macro-federal-budgets-debt-v1,False,False,True,main,macro
43093,budget-accounting-and-public-saving,D NO ISSUE DETECTED,Authored/expansion,federal-budgets-debt-authoring,phase-macro-federal-budgets-debt-v1,False,False,False,main,macro
43103,budget-accounting-and-public-saving,D NO ISSUE DETECTED,Authored/expansion,federal-budgets-debt-authoring,phase-macro-federal-budgets-debt-v1,False,False,False,main,macro
43104,budget-accounting-and-public-saving,D NO ISSUE DETECTED,Authored/expansion,federal-budgets-debt-authoring,phase-macro-federal-budgets-debt-v1,False,False,False,main,macro
43097,budget-accounting-and-public-saving,D NO ISSUE DETECTED,Authored/expansion,federal-budgets-debt-authoring,phase-macro-federal-budgets-debt-v1,False,False,False,main,macro
43063,budget-accounting-and-public-saving,D NO ISSUE DETECTED,Authored/expansion,federal-budgets-debt-authoring,phase-macro-federal-budgets-debt-v1,False,False,False,main,macro
43064,budget-accounting-and-public-saving,D NO ISSUE DETECTED,Authored/expansion,federal-budgets-debt-authoring,phase-macro-federal-budgets-debt-v1,False,False,False,main,macro
43065,budget-accounting-and-public-saving,D NO ISSUE DETECTED,Authored/expansion,federal-budgets-debt-authoring,phase-macro-federal-budgets-debt-v1,False,False,False,main,macro
43094,budget-accounting-and-public-saving,D NO ISSUE DETECTED,Authored/expansion,federal-budgets-debt-authoring,phase-macro-federal-budgets-debt-v1,False,False,False,main,macro
43095,budget-accounting-and-public-saving,D NO ISSUE DETECTED,Authored/expansion,federal-budgets-debt-authoring,phase-macro-federal-budgets-debt-v1,False,False,False,main,macro
43105,budget-accounting-and-public-saving,D NO ISSUE DETECTED,Authored/expansion,federal-budgets-debt-authoring,phase-macro-federal-budgets-debt-v1,False,False,False,main,macro
43106,budget-accounting-and-public-saving,D NO ISSUE DETECTED,Authored/expansion,federal-budgets-debt-authoring,phase-macro-federal-budgets-debt-v1,False,False,False,main,macro
43066,budget-accounting-and-public-saving,D NO ISSUE DETECTED,Authored/expansion,federal-budgets-debt-authoring,phase-macro-federal-budgets-debt-v1,False,False,False,main,macro
43107,budget-accounting-and-public-saving,D NO ISSUE DETECTED,Authored/expansion,federal-budgets-debt-authoring,phase-macro-federal-budgets-debt-v1,False,False,False,main,macro
43108,budget-accounting-and-public-saving,D NO ISSUE DETECTED,Authored/expansion,federal-budgets-debt-authoring,phase-macro-federal-budgets-debt-v1,False,False,False,main,macro
43068,budget-accounting-and-public-saving,D NO ISSUE DETECTED,Authored/expansion,federal-budgets-debt-authoring,phase-macro-federal-budgets-debt-v1,False,False,False,elite,macro
43109,budget-accounting-and-public-saving,D NO ISSUE DETECTED,Authored/expansion,federal-budgets-debt-authoring,phase-macro-federal-budgets-debt-v1,False,False,False,elite,macro
43096,budget-accounting-and-public-saving,D NO ISSUE DETECTED,Authored/expansion,federal-budgets-debt-authoring,phase-macro-federal-budgets-debt-v1,False,False,False,main,macro
43067,budget-accounting-and-public-saving,D NO ISSUE DETECTED,Authored/expansion,federal-budgets-debt-authoring,phase-macro-federal-budgets-debt-v1,False,False,False,main,macro
43069,budget-accounting-and-public-saving,D NO ISSUE DETECTED,Authored/expansion,federal-budgets-debt-authoring,phase-macro-federal-budgets-debt-v1,False,False,False,elite,macro
43098,budget-accounting-and-public-saving,D NO ISSUE DETECTED,Authored/expansion,federal-budgets-debt-authoring,phase-macro-federal-budgets-debt-v1,False,False,False,elite,macro
43070,budget-accounting-and-public-saving,D NO ISSUE DETECTED,Authored/expansion,federal-budgets-debt-authoring,phase-macro-federal-budgets-debt-v1,False,False,False,legendary,macro
43071,budget-accounting-and-public-saving,D NO ISSUE DETECTED,Authored/expansion,federal-budgets-debt-authoring,phase-macro-federal-budgets-debt-v1,False,False,False,boss,macro
43072,budget-accounting-and-public-saving,D NO ISSUE DETECTED,Authored/expansion,federal-budgets-debt-authoring,phase-macro-federal-budgets-debt-v1,False,False,False,boss,macro
43099,budget-accounting-and-public-saving,D NO ISSUE DETECTED,Authored/expansion,federal-budgets-debt-authoring,phase-macro-federal-budgets-debt-v1,False,False,False,boss,macro
43100,budget-accounting-and-public-saving,A PROTECTED MATURE,Authored/expansion,federal-budgets-debt-authoring,phase-macro-federal-budgets-debt-v1,False,False,True,boss,macro
43110,budget-accounting-and-public-saving,D NO ISSUE DETECTED,Authored/expansion,federal-budgets-debt-authoring,phase-macro-federal-budgets-debt-v1,False,False,False,boss,macro
43111,budget-accounting-and-public-saving,D NO ISSUE DETECTED,Authored/expansion,federal-budgets-debt-authoring,phase-macro-federal-budgets-debt-v1,False,False,False,legendaryBoss,macro
43073,budget-accounting-and-public-saving,D NO ISSUE DETECTED,Authored/expansion,federal-budgets-debt-authoring,phase-macro-federal-budgets-debt-v1,False,False,False,repair,macro
43101,budget-accounting-and-public-saving,D NO ISSUE DETECTED,Authored/expansion,federal-budgets-debt-authoring,phase-macro-federal-budgets-debt-v1,False,False,False,repair,macro
43112,budget-accounting-and-public-saving,D NO ISSUE DETECTED,Authored/expansion,federal-budgets-debt-authoring,phase-macro-federal-budgets-debt-v1,False,False,False,repair,macro
ECON-NL-INVENTORY-INVESTMENT-5011,budget-accounting-and-public-saving,D NO ISSUE DETECTED,Other imported bank,national-ledger,phaseM2b1-gdp-national-output-family-maturation-v1,False,False,False,repair,macro
43074,budget-accounting-and-public-saving,D NO ISSUE DETECTED,Authored/expansion,federal-budgets-debt-authoring,phase-macro-federal-budgets-debt-v1,False,False,False,bridge,macro
43102,budget-accounting-and-public-saving,A PROTECTED MATURE,Authored/expansion,federal-budgets-debt-authoring,phase-macro-federal-budgets-debt-v1,False,False,True,bridge,macro
43113,budget-accounting-and-public-saving,D NO ISSUE DETECTED,Authored/expansion,federal-budgets-debt-authoring,phase-macro-federal-budgets-debt-v1,False,False,False,bridge,macro
PMOE-NCO-E-001,capital-flows-and-net-capital-outflow,D NO ISSUE DETECTED,Authored/expansion,macro-open-economy-authoring,phaseMacroOpenEconomy-v1,False,False,False,main,macro
PMOE-NCO-E-002,capital-flows-and-net-capital-outflow,D NO ISSUE DETECTED,Authored/expansion,macro-open-economy-authoring,phaseMacroOpenEconomy-v1,False,False,False,main,macro
PMOE-NCO-E-003,capital-flows-and-net-capital-outflow,D NO ISSUE DETECTED,Authored/expansion,macro-open-economy-authoring,phaseMacroOpenEconomy-v1,False,False,False,main,macro
PMOE-NCO-E-004,capital-flows-and-net-capital-outflow,D NO ISSUE DETECTED,Authored/expansion,macro-open-economy-authoring,phaseMacroOpenEconomy-v1,False,False,False,main,macro
PMOE-NCO-E-005,capital-flows-and-net-capital-outflow,D NO ISSUE DETECTED,Authored/expansion,macro-open-economy-authoring,phaseMacroOpenEconomy-v1,False,False,False,main,macro
PMOE-NCO-E-006,capital-flows-and-net-capital-outflow,D NO ISSUE DETECTED,Authored/expansion,macro-open-economy-authoring,phaseMacroOpenEconomy-v1,False,False,False,main,macro
PMOE-NCO-M-001,capital-flows-and-net-capital-outflow,D NO ISSUE DETECTED,Authored/expansion,macro-open-economy-authoring,phaseMacroOpenEconomy-v1,False,False,False,main,macro
PMOE-NCO-M-002,capital-flows-and-net-capital-outflow,D NO ISSUE DETECTED,Authored/expansion,macro-open-economy-authoring,phaseMacroOpenEconomy-v1,False,False,False,main,macro
PMOE-NCO-M-003,capital-flows-and-net-capital-outflow,D NO ISSUE DETECTED,Authored/expansion,macro-open-economy-authoring,phaseMacroOpenEconomy-v1,False,False,False,main,macro
PMOE-NCO-M-004,capital-flows-and-net-capital-outflow,D NO ISSUE DETECTED,Authored/expansion,macro-open-economy-authoring,phaseMacroOpenEconomy-v1,False,False,False,main,macro
PMOE-NCO-M-005,capital-flows-and-net-capital-outflow,D NO ISSUE DETECTED,Authored/expansion,macro-open-economy-authoring,phaseMacroOpenEconomy-v1,False,False,False,main,macro
PMOE-NCO-M-006,capital-flows-and-net-capital-outflow,D NO ISSUE DETECTED,Authored/expansion,macro-open-economy-authoring,phaseMacroOpenEconomy-v1,False,False,False,main,macro
PMOE-NCO-H-001,capital-flows-and-net-capital-outflow,D NO ISSUE DETECTED,Authored/expansion,macro-open-economy-authoring,phaseMacroOpenEconomy-v1,False,False,False,main,macro
PMOE-NCO-H-003,capital-flows-and-net-capital-outflow,D NO ISSUE DETECTED,Authored/expansion,macro-open-economy-authoring,phaseMacroOpenEconomy-v1,False,False,False,main,macro
PMOE-NCO-H-005,capital-flows-and-net-capital-outflow,D NO ISSUE DETECTED,Authored/expansion,macro-open-economy-authoring,phaseMacroOpenEconomy-v1,False,False,False,main,macro
PMOE-NCO-H-002,capital-flows-and-net-capital-outflow,D NO ISSUE DETECTED,Authored/expansion,macro-open-economy-authoring,phaseMacroOpenEconomy-v1,False,False,False,main,macro
PMOE-NCO-H-004,capital-flows-and-net-capital-outflow,D NO ISSUE DETECTED,Authored/expansion,macro-open-economy-authoring,phaseMacroOpenEconomy-v1,False,False,False,main,macro
PMOE-NCO-H-006,capital-flows-and-net-capital-outflow,D NO ISSUE DETECTED,Authored/expansion,macro-open-economy-authoring,phaseMacroOpenEconomy-v1,False,False,False,main,macro
PMOE-NCO-EL-002,capital-flows-and-net-capital-outflow,D NO ISSUE DETECTED,Authored/expansion,macro-open-economy-authoring,phaseMacroOpenEconomy-v1,False,False,False,elite,macro
PMOE-NCO-L-003,capital-flows-and-net-capital-outflow,D NO ISSUE DETECTED,Authored/expansion,macro-open-economy-authoring,phaseMacroOpenEconomy-v1,False,False,False,legendary,macro
PMOE-NCO-L-005,capital-flows-and-net-capital-outflow,D NO ISSUE DETECTED,Authored/expansion,macro-open-economy-authoring,phaseMacroOpenEconomy-v1,False,False,False,legendary,macro
PMOE-NCO-EL-001,capital-flows-and-net-capital-outflow,D NO ISSUE DETECTED,Authored/expansion,macro-open-economy-authoring,phaseMacroOpenEconomy-v1,False,False,False,elite,macro
PMOE-NCO-L-001,capital-flows-and-net-capital-outflow,D NO ISSUE DETECTED,Authored/expansion,macro-open-economy-authoring,phaseMacroOpenEconomy-v1,False,False,False,legendary,macro
PMOE-NCO-L-002,capital-flows-and-net-capital-outflow,D NO ISSUE DETECTED,Authored/expansion,macro-open-economy-authoring,phaseMacroOpenEconomy-v1,False,False,False,legendary,macro
PMOE-NCO-L-004,capital-flows-and-net-capital-outflow,D NO ISSUE DETECTED,Authored/expansion,macro-open-economy-authoring,phaseMacroOpenEconomy-v1,False,False,False,legendary,macro
PMOE-NCO-L-006,capital-flows-and-net-capital-outflow,D NO ISSUE DETECTED,Authored/expansion,macro-open-economy-authoring,phaseMacroOpenEconomy-v1,False,False,False,legendary,macro
PMOE-NCO-B1-001,capital-flows-and-net-capital-outflow,D NO ISSUE DETECTED,Authored/expansion,macro-open-economy-authoring,phaseMacroOpenEconomy-v1,False,False,False,boss,macro
PMOE-NCO-B1-002,capital-flows-and-net-capital-outflow,D NO ISSUE DETECTED,Authored/expansion,macro-open-economy-authoring,phaseMacroOpenEconomy-v1,False,False,False,boss,macro
PMOE-NCO-B1-003,capital-flows-and-net-capital-outflow,D NO ISSUE DETECTED,Authored/expansion,macro-open-economy-authoring,phaseMacroOpenEconomy-v1,False,False,False,boss,macro
PMOE-NCO-B2-001,capital-flows-and-net-capital-outflow,D NO ISSUE DETECTED,Authored/expansion,macro-open-economy-authoring,phaseMacroOpenEconomy-v1,False,False,False,boss,macro
PMOE-NCO-B2-002,capital-flows-and-net-capital-outflow,D NO ISSUE DETECTED,Authored/expansion,macro-open-economy-authoring,phaseMacroOpenEconomy-v1,False,False,False,boss,macro
PMOE-NCO-B2-003,capital-flows-and-net-capital-outflow,D NO ISSUE DETECTED,Authored/expansion,macro-open-economy-authoring,phaseMacroOpenEconomy-v1,False,False,False,boss,macro
PMOE-NCO-B3-001,capital-flows-and-net-capital-outflow,D NO ISSUE DETECTED,Authored/expansion,macro-open-economy-authoring,phaseMacroOpenEconomy-v1,False,False,False,boss,macro
PMOE-NCO-B3-002,capital-flows-and-net-capital-outflow,D NO ISSUE DETECTED,Authored/expansion,macro-open-economy-authoring,phaseMacroOpenEconomy-v1,False,False,False,boss,macro
PMOE-NCO-B3-003,capital-flows-and-net-capital-outflow,D NO ISSUE DETECTED,Authored/expansion,macro-open-economy-authoring,phaseMacroOpenEconomy-v1,False,False,False,boss,macro
PMOE-NCO-LB-001,capital-flows-and-net-capital-outflow,D NO ISSUE DETECTED,Authored/expansion,macro-open-economy-authoring,phaseMacroOpenEconomy-v1,False,False,False,legendaryBoss,macro
PMOE-NCO-LB-002,capital-flows-and-net-capital-outflow,D NO ISSUE DETECTED,Authored/expansion,macro-open-economy-authoring,phaseMacroOpenEconomy-v1,False,False,False,legendaryBoss,macro
PMOE-NCO-LB-003,capital-flows-and-net-capital-outflow,D NO ISSUE DETECTED,Authored/expansion,macro-open-economy-authoring,phaseMacroOpenEconomy-v1,False,False,False,legendaryBoss,macro
PMOE-NCO-R-001,capital-flows-and-net-capital-outflow,D NO ISSUE DETECTED,Authored/expansion,macro-open-economy-authoring,phaseMacroOpenEconomy-v1,False,False,False,repair,macro
PMOE-NCO-BR-001,capital-flows-and-net-capital-outflow,D NO ISSUE DETECTED,Authored/expansion,macro-open-economy-authoring,phaseMacroOpenEconomy-v1,False,False,False,bridge,macro
ECON-SP-EASY-7,central-bank-and-federal-reserve,D NO ISSUE DETECTED,Other imported bank,stabilization-protocol,,False,False,False,main,macro
ECON-SP-EASY-8,central-bank-and-federal-reserve,D NO ISSUE DETECTED,Other imported bank,stabilization-protocol,,False,False,False,main,macro
LG-Q-61,central-bank-and-federal-reserve,D NO ISSUE DETECTED,Other imported bank,liquidity-grid,,False,False,False,main,macro
LG-Q-62,central-bank-and-federal-reserve,D NO ISSUE DETECTED,Other imported bank,liquidity-grid,,False,False,False,main,macro
LG-Q-63,central-bank-and-federal-reserve,D NO ISSUE DETECTED,Other imported bank,liquidity-grid,,False,False,False,main,macro
LG-Q-8,central-bank-and-federal-reserve,D NO ISSUE DETECTED,Other imported bank,liquidity-grid,,False,False,False,main,macro
LG-Q-9,central-bank-and-federal-reserve,D NO ISSUE DETECTED,Other imported bank,liquidity-grid,,False,False,False,main,macro
LG-Q-9020,central-bank-and-federal-reserve,D NO ISSUE DETECTED,Other imported bank,liquidity-grid,,False,False,False,legendary,macro
P52B-S1-FED-L-001,central-bank-and-federal-reserve,D NO ISSUE DETECTED,Authored/expansion,phase5.2b-stage1-rescue,,False,False,False,legendary,macro
PM2C1-FED-L-003,central-bank-and-federal-reserve,D NO ISSUE DETECTED,Authored/expansion,macro-m2c1-money-banking-fed-family,phaseM2c1-money-banking-fed-family-maturation-v1,False,False,False,legendary,macro
LG-Q-113,central-bank-and-federal-reserve,D NO ISSUE DETECTED,Other imported bank,liquidity-grid,,False,False,False,main,macro
LG-Q-114,central-bank-and-federal-reserve,D NO ISSUE DETECTED,Other imported bank,liquidity-grid,,False,False,False,main,macro
LG-Q-115,central-bank-and-federal-reserve,D NO ISSUE DETECTED,Other imported bank,liquidity-grid,,False,False,False,main,macro
P52B-S1-FED-M-001,central-bank-and-federal-reserve,D NO ISSUE DETECTED,Authored/expansion,phase5.2b-stage1-rescue,,False,False,False,main,macro
PM2C1-FED-M-001,central-bank-and-federal-reserve,D NO ISSUE DETECTED,Authored/expansion,macro-m2c1-money-banking-fed-family,phaseM2c1-money-banking-fed-family-maturation-v1,False,False,False,medium,macro
PM2C1-FED-M-002,central-bank-and-federal-reserve,D NO ISSUE DETECTED,Authored/expansion,macro-m2c1-money-banking-fed-family,phaseM2c1-money-banking-fed-family-maturation-v1,False,False,False,medium,macro
P52B-S1-FED-EL-001,central-bank-and-federal-reserve,D NO ISSUE DETECTED,Authored/expansion,phase5.2b-stage1-rescue,,False,False,False,elite,macro
P52B-S1-FED-H-001,central-bank-and-federal-reserve,D NO ISSUE DETECTED,Authored/expansion,phase5.2b-stage1-rescue,,False,False,False,main,macro
P52B-S1-FED-H-002,central-bank-and-federal-reserve,D NO ISSUE DETECTED,Authored/expansion,phase5.2b-stage1-rescue,,False,False,False,main,macro
P52B-S1-FED-H-003,central-bank-and-federal-reserve,D NO ISSUE DETECTED,Authored/expansion,phase5.2b-stage1-rescue,,False,False,False,main,macro
P52B-S1-FED-H-004,central-bank-and-federal-reserve,D NO ISSUE DETECTED,Authored/expansion,phase5.2b-stage1-rescue,,False,False,False,main,macro
PM2C1-FED-H-001,central-bank-and-federal-reserve,D NO ISSUE DETECTED,Authored/expansion,macro-m2c1-money-banking-fed-family,phaseM2c1-money-banking-fed-family-maturation-v1,False,False,False,hard,macro
PM2C1-FED-H-002,central-bank-and-federal-reserve,D NO ISSUE DETECTED,Authored/expansion,macro-m2c1-money-banking-fed-family,phaseM2c1-money-banking-fed-family-maturation-v1,False,False,False,hard,macro
P52B-S1-FED-EL-002,central-bank-and-federal-reserve,D NO ISSUE DETECTED,Authored/expansion,phase5.2b-stage1-rescue,,False,False,False,elite,macro
P52B-S1-FED-L-002,central-bank-and-federal-reserve,D NO ISSUE DETECTED,Authored/expansion,phase5.2b-stage1-rescue,,False,False,False,legendary,macro
PM2C1-FED-L-001,central-bank-and-federal-reserve,D NO ISSUE DETECTED,Authored/expansion,macro-m2c1-money-banking-fed-family,phaseM2c1-money-banking-fed-family-maturation-v1,False,False,False,legendary,macro
PM2C1-FED-L-002,central-bank-and-federal-reserve,D NO ISSUE DETECTED,Authored/expansion,macro-m2c1-money-banking-fed-family,phaseM2c1-money-banking-fed-family-maturation-v1,False,False,False,legendary,macro
LG-Q-2003,central-bank-and-federal-reserve,D NO ISSUE DETECTED,Other imported bank,liquidity-grid,,False,False,False,boss,macro
LG-Q-2004,central-bank-and-federal-reserve,D NO ISSUE DETECTED,Other imported bank,liquidity-grid,,False,False,False,boss,macro
LG-Q-2005,central-bank-and-federal-reserve,D NO ISSUE DETECTED,Other imported bank,liquidity-grid,,False,False,False,boss,macro
PM2C1-FED-FB-004,central-bank-and-federal-reserve,D NO ISSUE DETECTED,Authored/expansion,macro-m2c1-money-banking-fed-family,phaseM2c1-money-banking-fed-family-maturation-v1,False,False,False,boss,macro
PM2C1-FED-FB-005,central-bank-and-federal-reserve,A PROTECTED MATURE,Authored/expansion,macro-m2c1-money-banking-fed-family,phaseM2c1-money-banking-fed-family-maturation-v1,False,False,True,boss,macro
PM2C1-FED-FB-006,central-bank-and-federal-reserve,D NO ISSUE DETECTED,Authored/expansion,macro-m2c1-money-banking-fed-family,phaseM2c1-money-banking-fed-family-maturation-v1,False,False,False,boss,macro
PM2C1-FED-MB-001,central-bank-and-federal-reserve,D NO ISSUE DETECTED,Authored/expansion,macro-m2c1-money-banking-fed-family,phaseM2c1-money-banking-fed-family-maturation-v1,False,False,False,boss,macro
PM2C1-FED-MB-002,central-bank-and-federal-reserve,D NO ISSUE DETECTED,Authored/expansion,macro-m2c1-money-banking-fed-family,phaseM2c1-money-banking-fed-family-maturation-v1,False,False,False,boss,macro
PM2C1-FED-MB-003,central-bank-and-federal-reserve,D NO ISSUE DETECTED,Authored/expansion,macro-m2c1-money-banking-fed-family,phaseM2c1-money-banking-fed-family-maturation-v1,False,False,False,boss,macro
ECON-SP-EASYBOSS-2005,central-bank-and-federal-reserve,D NO ISSUE DETECTED,Other imported bank,stabilization-protocol,,False,False,False,boss,macro
LG-Q-9111,central-bank-and-federal-reserve,D NO ISSUE DETECTED,Other imported bank,liquidity-grid,phaseM2c1-money-banking-fed-family-maturation-v1,False,False,False,legendaryBoss,macro
PM2C1-FED-LB-001,central-bank-and-federal-reserve,D NO ISSUE DETECTED,Authored/expansion,macro-m2c1-money-banking-fed-family,phaseM2c1-money-banking-fed-family-maturation-v1,False,False,False,legendaryBoss,macro
PM2C1-FED-LB-002,central-bank-and-federal-reserve,D NO ISSUE DETECTED,Authored/expansion,macro-m2c1-money-banking-fed-family,phaseM2c1-money-banking-fed-family-maturation-v1,False,False,False,legendaryBoss,macro
ECON-SP-CENTRAL-BANK-ROLE-5004,central-bank-and-federal-reserve,A PROTECTED MATURE,Other imported bank,stabilization-protocol,,False,False,True,repair,macro
ECON-SP-FOMC-ROLE-5005,central-bank-and-federal-reserve,A PROTECTED MATURE,Other imported bank,stabilization-protocol,,False,False,True,repair,macro
LG-R-5006,central-bank-and-federal-reserve,A PROTECTED MATURE,Other imported bank,liquidity-grid,phaseM2c1-money-banking-fed-family-maturation-v1,False,False,True,repair,macro
LG-R-5007,central-bank-and-federal-reserve,D NO ISSUE DETECTED,Other imported bank,liquidity-grid,,False,False,False,repair,macro
LG-R-5008,central-bank-and-federal-reserve,D NO ISSUE DETECTED,Other imported bank,liquidity-grid,,False,False,False,repair,macro
LG-R-5009,central-bank-and-federal-reserve,D NO ISSUE DETECTED,Other imported bank,liquidity-grid,,False,False,False,repair,macro
LG-R-5010,central-bank-and-federal-reserve,A PROTECTED MATURE,Other imported bank,liquidity-grid,phaseM2c1-money-banking-fed-family-maturation-v1,False,False,True,repair,macro
LG-R-5011,central-bank-and-federal-reserve,D NO ISSUE DETECTED,Other imported bank,liquidity-grid,,False,False,False,repair,macro
ECON-SP-CENTRAL-BANK-ROLE-6002,central-bank-and-federal-reserve,A PROTECTED MATURE,Other imported bank,stabilization-protocol,,False,False,True,bridge,macro
ECON-SP-FOMC-ROLE-6003,central-bank-and-federal-reserve,A PROTECTED MATURE,Other imported bank,stabilization-protocol,phaseM2c1-money-banking-fed-family-maturation-v1,False,False,True,bridge,macro
LG-B-6002,central-bank-and-federal-reserve,D NO ISSUE DETECTED,Other imported bank,liquidity-grid,,False,False,False,bridge,macro
ECON-MG-EASY-36,competitive-markets,A PROTECTED MATURE,Market Gate: no later curation recorded,market-gate,,True,True,False,main,general; macro; micro
ECON-MG-EASY-37,competitive-markets,A PROTECTED MATURE,Market Gate: no later curation recorded,market-gate,,True,True,False,main,general; macro; micro
P52B-COMP-E-001,competitive-markets,A PROTECTED MATURE,Authored/expansion,phase5.2b-minimum-coverage-rescue,,False,True,False,main,general; macro; micro
P52B-COMP-E-002,competitive-markets,A PROTECTED MATURE,Authored/expansion,phase5.2b-minimum-coverage-rescue,,False,True,False,main,general; macro; micro
P52B-COMP-M-001,competitive-markets,A PROTECTED MATURE,Authored/expansion,phase5.2b-minimum-coverage-rescue,,False,True,False,main,general; macro; micro
P52B-COMP-M-002,competitive-markets,A PROTECTED MATURE,Authored/expansion,phase5.2b-minimum-coverage-rescue,,False,True,False,main,general; macro; micro
P52B-COMP-M-003,competitive-markets,A PROTECTED MATURE,Authored/expansion,phase5.2b-minimum-coverage-rescue,,False,True,False,main,general; macro; micro
P52B-COMP-M-004,competitive-markets,A PROTECTED MATURE,Authored/expansion,phase5.2b-minimum-coverage-rescue,phaseQH7-principles-micro-human-read-curation-v1,False,True,False,main,general; macro; micro
P52B-COMP-L-003,competitive-markets,A PROTECTED MATURE,Authored/expansion,phase5.2b-minimum-coverage-rescue,,False,True,False,main,general; macro; micro
P52B-COMP-EL-001,competitive-markets,A PROTECTED MATURE,Authored/expansion,phase5.2b-minimum-coverage-rescue,,False,True,False,main,general; macro; micro
P52B-COMP-H-001,competitive-markets,A PROTECTED MATURE,Authored/expansion,phase5.2b-minimum-coverage-rescue,,False,True,False,main,general; macro; micro
P52B-COMP-H-002,competitive-markets,A PROTECTED MATURE,Authored/expansion,phase5.2b-minimum-coverage-rescue,,False,True,False,main,general; macro; micro
P52B-COMP-H-003,competitive-markets,A PROTECTED MATURE,Authored/expansion,phase5.2b-minimum-coverage-rescue,,False,True,False,main,general; macro; micro
P52B-COMP-H-004,competitive-markets,A PROTECTED MATURE,Authored/expansion,phase5.2b-minimum-coverage-rescue,phaseQH7-principles-micro-human-read-curation-v1,False,True,False,main,general; macro; micro
P52B-COMP-L-002,competitive-markets,A PROTECTED MATURE,Authored/expansion,phase5.2b-minimum-coverage-rescue,,False,True,False,main,general; macro; micro
P52B-COMP-EL-002,competitive-markets,A PROTECTED MATURE,Authored/expansion,phase5.2b-minimum-coverage-rescue,,False,True,False,elite,general; macro; micro
P52B-COMP-L-001,competitive-markets,A PROTECTED MATURE,Authored/expansion,phase5.2b-minimum-coverage-rescue,phaseQH7-principles-micro-human-read-curation-v1,False,True,False,legendary,general; macro; micro
ECON-MG-MEDIUMBOSS-3000,competitive-markets,A PROTECTED MATURE,Market Gate: no later curation recorded,market-gate,,True,True,False,boss,general; macro; micro
ECON-MG-MEDIUMBOSS-3001,competitive-markets,A PROTECTED MATURE,Market Gate: no later curation recorded,market-gate,,True,True,False,boss,general; macro; micro
ECON-MG-MEDIUMBOSS-3002,competitive-markets,A PROTECTED MATURE,Market Gate: documented later descendant,market-gate,phaseQH7-principles-micro-human-read-curation-v1,True,True,False,boss,general; macro; micro
P52B-COMP-B1-001,competitive-markets,A PROTECTED MATURE,Authored/expansion,phase5.2b-minimum-coverage-rescue,,False,True,False,boss,general; macro; micro
P52B-COMP-B1-002,competitive-markets,A PROTECTED MATURE,Authored/expansion,phase5.2b-minimum-coverage-rescue,,False,True,False,boss,general; macro; micro
P52B-COMP-B1-003,competitive-markets,A PROTECTED MATURE,Authored/expansion,phase5.2b-minimum-coverage-rescue,phaseQH7-principles-micro-human-read-curation-v1,False,True,False,boss,general; macro; micro
P52B-COMP-R-001,competitive-markets,A PROTECTED MATURE,Authored/expansion,phase5.2b-minimum-coverage-rescue,,False,True,False,repair,general; macro; micro
P52B-COMP-R-002,competitive-markets,A PROTECTED MATURE,Authored/expansion,phase5.2b-minimum-coverage-rescue,,False,True,False,repair,general; macro; micro
ECON-MG-CORE-COMPETITIVE-MARKET-30007,competitive-markets,A PROTECTED MATURE,Market Gate: no later curation recorded,market-gate,,True,True,False,repairSeed,general; macro; micro
P52B-COMP-BR-001,competitive-markets,A PROTECTED MATURE,Authored/expansion,phase5.2b-minimum-coverage-rescue,,False,True,False,bridge,general; macro; micro
ECON-NL-EASY-21,cpi-and-inflation-measurement,D NO ISSUE DETECTED,Other imported bank,national-ledger,,False,False,False,main,macro
ECON-NL-EASY-22,cpi-and-inflation-measurement,D NO ISSUE DETECTED,Other imported bank,national-ledger,,False,False,False,main,macro
P52A-CPI-E-001,cpi-and-inflation-measurement,D NO ISSUE DETECTED,Authored/expansion,phase5.2a-concept-expansion,,False,False,False,main,macro
P52A-CPI-E-002,cpi-and-inflation-measurement,D NO ISSUE DETECTED,Authored/expansion,phase5.2a-concept-expansion,,False,False,False,main,macro
P52A-CPI-E-003,cpi-and-inflation-measurement,D NO ISSUE DETECTED,Authored/expansion,phase5.2a-concept-expansion,,False,False,False,main,macro
P52A-CPI-E-004,cpi-and-inflation-measurement,D NO ISSUE DETECTED,Authored/expansion,phase5.2a-concept-expansion,,False,False,False,main,macro
ECON-NL-MEDIUM-124,cpi-and-inflation-measurement,D NO ISSUE DETECTED,Other imported bank,national-ledger,,False,False,False,main,macro
P52A-CPI-M-001,cpi-and-inflation-measurement,D NO ISSUE DETECTED,Authored/expansion,phase5.2a-concept-expansion,,False,False,False,main,macro
P52A-CPI-M-002,cpi-and-inflation-measurement,D NO ISSUE DETECTED,Authored/expansion,phase5.2a-concept-expansion,,False,False,False,main,macro
P52A-CPI-M-003,cpi-and-inflation-measurement,D NO ISSUE DETECTED,Authored/expansion,phase5.2a-concept-expansion,,False,False,False,main,macro
P52A-CPI-M-004,cpi-and-inflation-measurement,D NO ISSUE DETECTED,Authored/expansion,phase5.2a-concept-expansion,,False,False,False,main,macro
P52A-CPI-M-005,cpi-and-inflation-measurement,A PROTECTED MATURE,Authored/expansion,phase5.2a-concept-expansion,,False,False,True,main,macro
P52A-CPI-H-002,cpi-and-inflation-measurement,D NO ISSUE DETECTED,Authored/expansion,phase5.2a-concept-expansion,,False,False,False,main,macro
P52A-CPI-H-004,cpi-and-inflation-measurement,D NO ISSUE DETECTED,Authored/expansion,phase5.2a-concept-expansion,,False,False,False,main,macro
P52A-CPI-H-005,cpi-and-inflation-measurement,D NO ISSUE DETECTED,Authored/expansion,phase5.2a-concept-expansion,,False,False,False,main,macro
ECON-NL-ELITE-322,cpi-and-inflation-measurement,D NO ISSUE DETECTED,Other imported bank,national-ledger,,False,False,False,elite,macro
ECON-NL-ELITE-323,cpi-and-inflation-measurement,D NO ISSUE DETECTED,Other imported bank,national-ledger,,False,False,False,elite,macro
P52A-CPI-H-001,cpi-and-inflation-measurement,A PROTECTED MATURE,Authored/expansion,phase5.2a-concept-expansion,,False,False,True,main,macro
P52A-CPI-H-003,cpi-and-inflation-measurement,D NO ISSUE DETECTED,Authored/expansion,phase5.2a-concept-expansion,,False,False,False,main,macro
P52A-CPI-H-006,cpi-and-inflation-measurement,A PROTECTED MATURE,Authored/expansion,phase5.2a-concept-expansion,,False,False,True,main,macro
ECON-NL-ELITE-320,cpi-and-inflation-measurement,D NO ISSUE DETECTED,Other imported bank,national-ledger,,False,False,False,elite,macro
ECON-NL-ELITE-321,cpi-and-inflation-measurement,D NO ISSUE DETECTED,Other imported bank,national-ledger,,False,False,False,elite,macro
ECON-NL-LEGENDARY-9043,cpi-and-inflation-measurement,D NO ISSUE DETECTED,Other imported bank,national-ledger,,False,False,False,legendary,macro
ECON-NL-LEGENDARY-9023,cpi-and-inflation-measurement,D NO ISSUE DETECTED,Other imported bank,national-ledger,,False,False,False,legendary,macro
ECON-NL-LEGENDARY-9024,cpi-and-inflation-measurement,D NO ISSUE DETECTED,Other imported bank,national-ledger,,False,False,False,legendary,macro
ECON-NL-LEGENDARY-9025,cpi-and-inflation-measurement,D NO ISSUE DETECTED,Other imported bank,national-ledger,,False,False,False,legendary,macro
ECON-NL-LEGENDARY-9026,cpi-and-inflation-measurement,D NO ISSUE DETECTED,Other imported bank,national-ledger,,False,False,False,legendary,macro
ECON-NL-LEGENDARY-9027,cpi-and-inflation-measurement,D NO ISSUE DETECTED,Other imported bank,national-ledger,,False,False,False,legendary,macro
ECON-NL-EASY-23,cpi-and-inflation-measurement,D NO ISSUE DETECTED,Other imported bank,national-ledger,,False,False,False,calculation,macro
ECON-NL-EASY-24,cpi-and-inflation-measurement,D NO ISSUE DETECTED,Other imported bank,national-ledger,,False,False,False,calculation,macro
ECON-NL-EASY-25,cpi-and-inflation-measurement,D NO ISSUE DETECTED,Other imported bank,national-ledger,,False,False,False,calculation,macro
ECON-NL-HARD-220,cpi-and-inflation-measurement,D NO ISSUE DETECTED,Other imported bank,national-ledger,,False,False,False,calculation,macro
ECON-NL-HARD-221,cpi-and-inflation-measurement,D NO ISSUE DETECTED,Other imported bank,national-ledger,,False,False,False,calculation,macro
ECON-NL-HARD-222,cpi-and-inflation-measurement,D NO ISSUE DETECTED,Other imported bank,national-ledger,,False,False,False,calculation,macro
ECON-NL-HARD-223,cpi-and-inflation-measurement,D NO ISSUE DETECTED,Other imported bank,national-ledger,,False,False,False,calculation,macro
ECON-NL-MEDIUM-120,cpi-and-inflation-measurement,D NO ISSUE DETECTED,Other imported bank,national-ledger,,False,False,False,calculation,macro
ECON-NL-MEDIUM-121,cpi-and-inflation-measurement,D NO ISSUE DETECTED,Other imported bank,national-ledger,,False,False,False,calculation,macro
ECON-NL-MEDIUM-122,cpi-and-inflation-measurement,D NO ISSUE DETECTED,Other imported bank,national-ledger,,False,False,False,calculation,macro
ECON-NL-MEDIUM-123,cpi-and-inflation-measurement,D NO ISSUE DETECTED,Other imported bank,national-ledger,,False,False,False,calculation,macro
ECON-NL-EASYBOSS-2018,cpi-and-inflation-measurement,D NO ISSUE DETECTED,Other imported bank,national-ledger,,False,False,False,boss,macro
ECON-NL-EASYBOSS-2019,cpi-and-inflation-measurement,D NO ISSUE DETECTED,Other imported bank,national-ledger,,False,False,False,boss,macro
ECON-NL-EASYBOSS-2020,cpi-and-inflation-measurement,D NO ISSUE DETECTED,Other imported bank,national-ledger,,False,False,False,boss,macro
ECON-NL-EASYBOSS-2021,cpi-and-inflation-measurement,D NO ISSUE DETECTED,Other imported bank,national-ledger,,False,False,False,boss,macro
ECON-NL-EASYBOSS-2022,cpi-and-inflation-measurement,D NO ISSUE DETECTED,Other imported bank,national-ledger,,False,False,False,boss,macro
ECON-NL-EASYBOSS-2023,cpi-and-inflation-measurement,D NO ISSUE DETECTED,Other imported bank,national-ledger,,False,False,False,boss,macro
P52A-CPI-B2-001,cpi-and-inflation-measurement,D NO ISSUE DETECTED,Authored/expansion,phase5.2a-concept-expansion,,False,False,False,boss,macro
P52A-CPI-B2-002,cpi-and-inflation-measurement,D NO ISSUE DETECTED,Authored/expansion,phase5.2a-concept-expansion,,False,False,False,boss,macro
P52A-CPI-B2-003,cpi-and-inflation-measurement,D NO ISSUE DETECTED,Authored/expansion,phase5.2a-concept-expansion,,False,False,False,boss,macro
P52A-CPI-B3-001,cpi-and-inflation-measurement,D NO ISSUE DETECTED,Authored/expansion,phase5.2a-concept-expansion,,False,False,False,boss,macro
P52A-CPI-B3-002,cpi-and-inflation-measurement,D NO ISSUE DETECTED,Authored/expansion,phase5.2a-concept-expansion,,False,False,False,boss,macro
P52A-CPI-B3-003,cpi-and-inflation-measurement,B HIGH-CONFIDENCE AUTO-CORRECTED,Authored/expansion,phase5.2a-concept-expansion,,False,False,False,boss,macro
ECON-EC-FINALBOSS-19000,cpi-and-inflation-measurement,D NO ISSUE DETECTED,Other imported bank,equilibrium-crisis,,False,False,False,boss,macro
ECON-EC-MEDIUMBOSS-18001,cpi-and-inflation-measurement,D NO ISSUE DETECTED,Other imported bank,equilibrium-crisis,,False,False,False,boss,macro
ECON-EC-MEDIUMBOSS-18003,cpi-and-inflation-measurement,D NO ISSUE DETECTED,Other imported bank,equilibrium-crisis,,False,False,False,boss,macro
ECON-NL-LEGENDARYBOSS-9108,cpi-and-inflation-measurement,A PROTECTED MATURE,Other imported bank,national-ledger,,False,False,True,legendaryBoss,macro
P52A-CPI-LB-001,cpi-and-inflation-measurement,D NO ISSUE DETECTED,Authored/expansion,phase5.2a-concept-expansion,,False,False,False,legendaryBoss,macro
P52A-CPI-LB-002,cpi-and-inflation-measurement,D NO ISSUE DETECTED,Authored/expansion,phase5.2a-concept-expansion,,False,False,False,legendaryBoss,macro
ECON-EC-LEGENDARYBOSS-20000,cpi-and-inflation-measurement,D NO ISSUE DETECTED,Other imported bank,equilibrium-crisis,,False,False,False,legendaryBoss,macro
ECON-NL-CPI-CALCULATION-5018,cpi-and-inflation-measurement,D NO ISSUE DETECTED,Other imported bank,national-ledger,,False,False,False,repair,macro
ECON-NL-CPI-CALCULATION-5019,cpi-and-inflation-measurement,D NO ISSUE DETECTED,Other imported bank,national-ledger,,False,False,False,repair,macro
ECON-NL-INFLATION-RATE-5020,cpi-and-inflation-measurement,D NO ISSUE DETECTED,Other imported bank,national-ledger,,False,False,False,repair,macro
ECON-NL-INFLATION-RATE-5021,cpi-and-inflation-measurement,D NO ISSUE DETECTED,Other imported bank,national-ledger,,False,False,False,repair,macro
ECON-NL-CPI-CALCULATION-6009,cpi-and-inflation-measurement,D NO ISSUE DETECTED,Other imported bank,national-ledger,,False,False,False,bridge,macro
ECON-NL-INFLATION-RATE-6010,cpi-and-inflation-measurement,D NO ISSUE DETECTED,Other imported bank,national-ledger,,False,False,False,bridge,macro
ECON-NL-EASY-26,cpi-bias,D NO ISSUE DETECTED,Other imported bank,national-ledger,,False,False,False,main,macro
ECON-NL-EASY-27,cpi-bias,D NO ISSUE DETECTED,Other imported bank,national-ledger,,False,False,False,main,macro
ECON-NL-EASY-28,cpi-bias,D NO ISSUE DETECTED,Other imported bank,national-ledger,,False,False,False,main,macro
ECON-NL-EASY-29,cpi-bias,D NO ISSUE DETECTED,Other imported bank,national-ledger,,False,False,False,main,macro
PM2B2-BIAS-E-001,cpi-bias,D NO ISSUE DETECTED,Authored/expansion,macro-m2b2-inflation-family,phaseM2b2-inflation-real-values-family-maturation-v1,False,False,False,easy,macro
PM2B2-BIAS-E-002,cpi-bias,D NO ISSUE DETECTED,Authored/expansion,macro-m2b2-inflation-family,phaseM2b2-inflation-real-values-family-maturation-v1,False,False,False,easy,macro
ECON-NL-HARD-226,cpi-bias,D NO ISSUE DETECTED,Other imported bank,national-ledger,,False,False,False,main,macro
ECON-NL-HARD-228,cpi-bias,D NO ISSUE DETECTED,Other imported bank,national-ledger,,False,False,False,main,macro
ECON-NL-MEDIUM-125,cpi-bias,D NO ISSUE DETECTED,Other imported bank,national-ledger,,False,False,False,main,macro
ECON-NL-MEDIUM-126,cpi-bias,D NO ISSUE DETECTED,Other imported bank,national-ledger,,False,False,False,main,macro
ECON-NL-MEDIUM-127,cpi-bias,D NO ISSUE DETECTED,Other imported bank,national-ledger,,False,False,False,main,macro
ECON-NL-MEDIUM-128,cpi-bias,D NO ISSUE DETECTED,Other imported bank,national-ledger,,False,False,False,main,macro
ECON-NL-MEDIUM-129,cpi-bias,D NO ISSUE DETECTED,Other imported bank,national-ledger,,False,False,False,main,macro
PM2B2-BIAS-M-001,cpi-bias,D NO ISSUE DETECTED,Authored/expansion,macro-m2b2-inflation-family,phaseM2b2-inflation-real-values-family-maturation-v1,False,False,False,medium,macro
ECON-NL-HARD-224,cpi-bias,D NO ISSUE DETECTED,Other imported bank,national-ledger,,False,False,False,main,macro
ECON-NL-HARD-225,cpi-bias,D NO ISSUE DETECTED,Other imported bank,national-ledger,,False,False,False,main,macro
ECON-NL-HARD-227,cpi-bias,D NO ISSUE DETECTED,Other imported bank,national-ledger,,False,False,False,main,macro
PM2B2-BIAS-H-001,cpi-bias,D NO ISSUE DETECTED,Authored/expansion,macro-m2b2-inflation-family,phaseM2b2-inflation-real-values-family-maturation-v1,False,False,False,hard,macro
ECON-NL-ELITE-324,cpi-bias,D NO ISSUE DETECTED,Other imported bank,national-ledger,,False,False,False,elite,macro
ECON-NL-ELITE-325,cpi-bias,D NO ISSUE DETECTED,Other imported bank,national-ledger,,False,False,False,elite,macro
ECON-NL-ELITE-327,cpi-bias,D NO ISSUE DETECTED,Other imported bank,national-ledger,,False,False,False,elite,macro
ECON-NL-ELITE-328,cpi-bias,A PROTECTED MATURE,Other imported bank,national-ledger,,False,False,True,elite,macro
ECON-NL-LEGENDARY-9031,cpi-bias,D NO ISSUE DETECTED,Other imported bank,national-ledger,,False,False,False,legendary,macro
PM2B2-BIAS-L-002,cpi-bias,D NO ISSUE DETECTED,Authored/expansion,macro-m2b2-inflation-family,phaseM2b2-inflation-real-values-family-maturation-v1,False,False,False,legendary,macro
ECON-NL-ELITE-326,cpi-bias,D NO ISSUE DETECTED,Other imported bank,national-ledger,,False,False,False,elite,macro
ECON-NL-LEGENDARY-9030,cpi-bias,D NO ISSUE DETECTED,Other imported bank,national-ledger,,False,False,False,legendary,macro
ECON-NL-LEGENDARY-9028,cpi-bias,D NO ISSUE DETECTED,Other imported bank,national-ledger,,False,False,False,legendary,macro
ECON-NL-LEGENDARY-9029,cpi-bias,D NO ISSUE DETECTED,Other imported bank,national-ledger,,False,False,False,legendary,macro
PM2B2-BIAS-L-001,cpi-bias,D NO ISSUE DETECTED,Authored/expansion,macro-m2b2-inflation-family,phaseM2b2-inflation-real-values-family-maturation-v1,False,False,False,legendary,macro
ECON-NL-EASYBOSS-2024,cpi-bias,D NO ISSUE DETECTED,Other imported bank,national-ledger,,False,False,False,boss,macro
ECON-NL-EASYBOSS-2025,cpi-bias,D NO ISSUE DETECTED,Other imported bank,national-ledger,,False,False,False,boss,macro
ECON-NL-EASYBOSS-2026,cpi-bias,C FACULTY-REVIEW CANDIDATE,Other imported bank,national-ledger,,False,False,False,boss,macro
PM2B2-BIAS-FB-004,cpi-bias,D NO ISSUE DETECTED,Authored/expansion,macro-m2b2-inflation-family,phaseM2b2-inflation-real-values-family-maturation-v1,False,False,False,boss,macro
PM2B2-BIAS-FB-005,cpi-bias,D NO ISSUE DETECTED,Authored/expansion,macro-m2b2-inflation-family,phaseM2b2-inflation-real-values-family-maturation-v1,False,False,False,boss,macro
PM2B2-BIAS-FB-006,cpi-bias,D NO ISSUE DETECTED,Authored/expansion,macro-m2b2-inflation-family,phaseM2b2-inflation-real-values-family-maturation-v1,False,False,False,boss,macro
PM2B2-BIAS-MB-001,cpi-bias,D NO ISSUE DETECTED,Authored/expansion,macro-m2b2-inflation-family,phaseM2b2-inflation-real-values-family-maturation-v1,False,False,False,boss,macro
PM2B2-BIAS-MB-002,cpi-bias,B HIGH-CONFIDENCE AUTO-CORRECTED,Authored/expansion,macro-m2b2-inflation-family,phaseM2b2-inflation-real-values-family-maturation-v1,False,False,False,boss,macro
PM2B2-BIAS-MB-003,cpi-bias,B HIGH-CONFIDENCE AUTO-CORRECTED,Authored/expansion,macro-m2b2-inflation-family,phaseM2b2-inflation-real-values-family-maturation-v1,False,False,False,boss,macro
ECON-EC-FINALBOSS-19001,cpi-bias,D NO ISSUE DETECTED,Other imported bank,equilibrium-crisis,phase7.7-general-economics-final-maturation-v1,False,False,False,boss,macro
ECON-EC-FINALBOSS-19002,cpi-bias,D NO ISSUE DETECTED,Other imported bank,equilibrium-crisis,phase7.7-general-economics-final-maturation-v1,False,False,False,boss,macro
ECON-EC-MEDIUMBOSS-18000,cpi-bias,D NO ISSUE DETECTED,Other imported bank,equilibrium-crisis,phase7.7-general-economics-final-maturation-v1,False,False,False,boss,macro
ECON-EC-MEDIUMBOSS-18002,cpi-bias,D NO ISSUE DETECTED,Other imported bank,equilibrium-crisis,phase7.7-general-economics-final-maturation-v1,False,False,False,boss,macro
ECON-NL-LEGENDARYBOSS-9109,cpi-bias,A PROTECTED MATURE,Other imported bank,national-ledger,,False,False,True,legendaryBoss,macro
ECON-NL-LEGENDARYBOSS-9110,cpi-bias,A PROTECTED MATURE,Other imported bank,national-ledger,,False,False,True,legendaryBoss,macro
ECON-NL-LEGENDARYBOSS-9115,cpi-bias,A PROTECTED MATURE,Other imported bank,national-ledger,,False,False,True,legendaryBoss,macro
ECON-EC-LEGENDARYBOSS-20001,cpi-bias,D NO ISSUE DETECTED,Other imported bank,equilibrium-crisis,phase7.7-general-economics-final-maturation-v1,False,False,False,legendaryBoss,macro
ECON-EC-LEGENDARYBOSS-20002,cpi-bias,D NO ISSUE DETECTED,Other imported bank,equilibrium-crisis,phase7.7-general-economics-final-maturation-v1,False,False,False,legendaryBoss,macro
ECON-NL-QUALITY-NEW-GOODS-BIAS-5024,cpi-bias,D NO ISSUE DETECTED,Other imported bank,national-ledger,,False,False,False,repair,macro
ECON-NL-QUALITY-NEW-GOODS-BIAS-5025,cpi-bias,D NO ISSUE DETECTED,Other imported bank,national-ledger,,False,False,False,repair,macro
ECON-NL-SUBSTITUTION-BIAS-5022,cpi-bias,D NO ISSUE DETECTED,Other imported bank,national-ledger,,False,False,False,repair,macro
ECON-NL-SUBSTITUTION-BIAS-5023,cpi-bias,D NO ISSUE DETECTED,Other imported bank,national-ledger,,False,False,False,repair,macro
ECON-NL-QUALITY-NEW-GOODS-BIAS-6012,cpi-bias,D NO ISSUE DETECTED,Other imported bank,national-ledger,phaseM2b2-inflation-real-values-family-maturation-v1,False,False,False,bridge,macro
ECON-NL-SUBSTITUTION-BIAS-6011,cpi-bias,D NO ISSUE DETECTED,Other imported bank,national-ledger,phaseM2b2-inflation-real-values-family-maturation-v1,False,False,False,bridge,macro
ECON-NL-EASY-30,cpi-versus-gdp-deflator,D NO ISSUE DETECTED,Other imported bank,national-ledger,,False,False,False,main,macro
ECON-NL-EASY-31,cpi-versus-gdp-deflator,D NO ISSUE DETECTED,Other imported bank,national-ledger,,False,False,False,main,macro
ECON-NL-EASY-32,cpi-versus-gdp-deflator,D NO ISSUE DETECTED,Other imported bank,national-ledger,,False,False,False,main,macro
ECON-NL-EASY-33,cpi-versus-gdp-deflator,D NO ISSUE DETECTED,Other imported bank,national-ledger,,False,False,False,main,macro
PM2B2-DEF-E-001,cpi-versus-gdp-deflator,D NO ISSUE DETECTED,Authored/expansion,macro-m2b2-inflation-family,phaseM2b2-inflation-real-values-family-maturation-v1,False,False,False,easy,macro
PM2B2-DEF-E-002,cpi-versus-gdp-deflator,D NO ISSUE DETECTED,Authored/expansion,macro-m2b2-inflation-family,phaseM2b2-inflation-real-values-family-maturation-v1,False,False,False,easy,macro
ECON-NL-MEDIUM-131,cpi-versus-gdp-deflator,D NO ISSUE DETECTED,Other imported bank,national-ledger,,False,False,False,main,macro
ECON-NL-HARD-231,cpi-versus-gdp-deflator,D NO ISSUE DETECTED,Other imported bank,national-ledger,,False,False,False,main,macro
ECON-NL-MEDIUM-130,cpi-versus-gdp-deflator,D NO ISSUE DETECTED,Other imported bank,national-ledger,,False,False,False,main,macro
ECON-NL-MEDIUM-132,cpi-versus-gdp-deflator,D NO ISSUE DETECTED,Other imported bank,national-ledger,,False,False,False,main,macro
ECON-NL-MEDIUM-133,cpi-versus-gdp-deflator,D NO ISSUE DETECTED,Other imported bank,national-ledger,,False,False,False,main,macro
PM2B2-DEF-M-001,cpi-versus-gdp-deflator,A PROTECTED MATURE,Authored/expansion,macro-m2b2-inflation-family,phaseM2b2-inflation-real-values-family-maturation-v1,False,False,True,medium,macro
PM2B2-DEF-M-002,cpi-versus-gdp-deflator,A PROTECTED MATURE,Authored/expansion,macro-m2b2-inflation-family,phaseM2b2-inflation-real-values-family-maturation-v1,False,False,True,medium,macro
ECON-NL-HARD-229,cpi-versus-gdp-deflator,D NO ISSUE DETECTED,Other imported bank,national-ledger,,False,False,False,main,macro
ECON-NL-HARD-230,cpi-versus-gdp-deflator,D NO ISSUE DETECTED,Other imported bank,national-ledger,,False,False,False,main,macro
ECON-NL-HARD-232,cpi-versus-gdp-deflator,D NO ISSUE DETECTED,Other imported bank,national-ledger,,False,False,False,main,macro
ECON-NL-ELITE-329,cpi-versus-gdp-deflator,D NO ISSUE DETECTED,Other imported bank,national-ledger,,False,False,False,elite,macro
ECON-NL-ELITE-330,cpi-versus-gdp-deflator,D NO ISSUE DETECTED,Other imported bank,national-ledger,,False,False,False,elite,macro
ECON-NL-ELITE-332,cpi-versus-gdp-deflator,D NO ISSUE DETECTED,Other imported bank,national-ledger,,False,False,False,elite,macro
ECON-NL-LEGENDARY-9034,cpi-versus-gdp-deflator,D NO ISSUE DETECTED,Other imported bank,national-ledger,,False,False,False,legendary,macro
PM2B2-DEF-H-001,cpi-versus-gdp-deflator,A PROTECTED MATURE,Authored/expansion,macro-m2b2-inflation-family,phaseM2b2-inflation-real-values-family-maturation-v1,False,False,True,hard,macro
PM2B2-DEF-H-002,cpi-versus-gdp-deflator,A PROTECTED MATURE,Authored/expansion,macro-m2b2-inflation-family,phaseM2b2-inflation-real-values-family-maturation-v1,False,False,True,hard,macro
ECON-NL-LEGENDARY-9044,cpi-versus-gdp-deflator,D NO ISSUE DETECTED,Other imported bank,national-ledger,,False,False,False,legendary,macro
PM2B2-DEF-L-001,cpi-versus-gdp-deflator,D NO ISSUE DETECTED,Authored/expansion,macro-m2b2-inflation-family,phaseM2b2-inflation-real-values-family-maturation-v1,False,False,False,legendary,macro
ECON-NL-ELITE-331,cpi-versus-gdp-deflator,D NO ISSUE DETECTED,Other imported bank,national-ledger,,False,False,False,elite,macro
ECON-NL-LEGENDARY-9032,cpi-versus-gdp-deflator,D NO ISSUE DETECTED,Other imported bank,national-ledger,,False,False,False,legendary,macro
ECON-NL-LEGENDARY-9033,cpi-versus-gdp-deflator,D NO ISSUE DETECTED,Other imported bank,national-ledger,,False,False,False,legendary,macro
PM2B2-DEF-L-002,cpi-versus-gdp-deflator,D NO ISSUE DETECTED,Authored/expansion,macro-m2b2-inflation-family,phaseM2b2-inflation-real-values-family-maturation-v1,False,False,False,legendary,macro
ECON-NL-EASYBOSS-2027,cpi-versus-gdp-deflator,D NO ISSUE DETECTED,Other imported bank,national-ledger,,False,False,False,boss,macro
ECON-NL-EASYBOSS-2028,cpi-versus-gdp-deflator,D NO ISSUE DETECTED,Other imported bank,national-ledger,,False,False,False,boss,macro
ECON-NL-EASYBOSS-2029,cpi-versus-gdp-deflator,D NO ISSUE DETECTED,Other imported bank,national-ledger,,False,False,False,boss,macro
PM2B2-DEF-FB-004,cpi-versus-gdp-deflator,D NO ISSUE DETECTED,Authored/expansion,macro-m2b2-inflation-family,phaseM2b2-inflation-real-values-family-maturation-v1,False,False,False,boss,macro
PM2B2-DEF-FB-005,cpi-versus-gdp-deflator,D NO ISSUE DETECTED,Authored/expansion,macro-m2b2-inflation-family,phaseM2b2-inflation-real-values-family-maturation-v1,False,False,False,boss,macro
PM2B2-DEF-FB-006,cpi-versus-gdp-deflator,A PROTECTED MATURE,Authored/expansion,macro-m2b2-inflation-family,phaseM2b2-inflation-real-values-family-maturation-v1,False,False,True,boss,macro
PM2B2-DEF-MB-001,cpi-versus-gdp-deflator,A PROTECTED MATURE,Authored/expansion,macro-m2b2-inflation-family,phaseM2b2-inflation-real-values-family-maturation-v1,False,False,True,boss,macro
PM2B2-DEF-MB-002,cpi-versus-gdp-deflator,A PROTECTED MATURE,Authored/expansion,macro-m2b2-inflation-family,phaseM2b2-inflation-real-values-family-maturation-v1,False,False,True,boss,macro
PM2B2-DEF-MB-003,cpi-versus-gdp-deflator,A PROTECTED MATURE,Authored/expansion,macro-m2b2-inflation-family,phaseM2b2-inflation-real-values-family-maturation-v1,False,False,True,boss,macro
ECON-EC-FINALBOSS-19006,cpi-versus-gdp-deflator,D NO ISSUE DETECTED,Other imported bank,equilibrium-crisis,phase7.7-general-economics-final-maturation-v1,False,False,False,boss,macro
ECON-EC-FINALBOSS-19007,cpi-versus-gdp-deflator,D NO ISSUE DETECTED,Other imported bank,equilibrium-crisis,phase7.7-general-economics-final-maturation-v1,False,False,False,boss,macro
ECON-EC-FINALBOSS-19008,cpi-versus-gdp-deflator,D NO ISSUE DETECTED,Other imported bank,equilibrium-crisis,,False,False,False,boss,macro
ECON-NL-LEGENDARYBOSS-9111,cpi-versus-gdp-deflator,A PROTECTED MATURE,Other imported bank,national-ledger,,False,False,True,legendaryBoss,macro
PM2B2-DEF-LB-001,cpi-versus-gdp-deflator,D NO ISSUE DETECTED,Authored/expansion,macro-m2b2-inflation-family,phaseM2b2-inflation-real-values-family-maturation-v1,False,False,False,legendaryBoss,macro
PM2B2-DEF-LB-002,cpi-versus-gdp-deflator,A PROTECTED MATURE,Authored/expansion,macro-m2b2-inflation-family,phaseM2b2-inflation-real-values-family-maturation-v1,False,False,True,legendaryBoss,macro
ECON-NL-CPI-VS-GDP-DEFLATOR-5026,cpi-versus-gdp-deflator,D NO ISSUE DETECTED,Other imported bank,national-ledger,,False,False,False,repair,macro
ECON-NL-CPI-VS-GDP-DEFLATOR-5027,cpi-versus-gdp-deflator,D NO ISSUE DETECTED,Other imported bank,national-ledger,,False,False,False,repair,macro
ECON-NL-CPI-VS-GDP-DEFLATOR-6013,cpi-versus-gdp-deflator,D NO ISSUE DETECTED,Other imported bank,national-ledger,,False,False,False,bridge,macro
43288,crowding-out-and-capital-formation,D NO ISSUE DETECTED,Authored/expansion,saving-investment-loanable-funds-authoring,phase-saving-investment-loanable-funds-question-pool-v1,False,False,False,main,macro
43292,crowding-out-and-capital-formation,D NO ISSUE DETECTED,Authored/expansion,saving-investment-loanable-funds-authoring,phase-saving-investment-loanable-funds-question-pool-v1,False,False,False,main,macro
43296,crowding-out-and-capital-formation,D NO ISSUE DETECTED,Authored/expansion,saving-investment-loanable-funds-authoring,phase-saving-investment-loanable-funds-question-pool-v1,False,False,False,main,macro
43300,crowding-out-and-capital-formation,D NO ISSUE DETECTED,Authored/expansion,saving-investment-loanable-funds-authoring,phase-saving-investment-loanable-funds-question-pool-v1,False,False,False,main,macro
43304,crowding-out-and-capital-formation,D NO ISSUE DETECTED,Authored/expansion,saving-investment-loanable-funds-authoring,phase-saving-investment-loanable-funds-question-pool-v1,False,False,False,main,macro
43320,crowding-out-and-capital-formation,D NO ISSUE DETECTED,Authored/expansion,saving-investment-loanable-funds-authoring,phase-saving-investment-loanable-funds-question-pool-v1,False,False,False,main,macro
43324,crowding-out-and-capital-formation,D NO ISSUE DETECTED,Authored/expansion,saving-investment-loanable-funds-authoring,phase-saving-investment-loanable-funds-question-pool-v1,False,False,False,main,macro
43325,crowding-out-and-capital-formation,D NO ISSUE DETECTED,Authored/expansion,saving-investment-loanable-funds-authoring,phase-saving-investment-loanable-funds-question-pool-v1,False,False,False,main,macro
43326,crowding-out-and-capital-formation,A PROTECTED MATURE,Authored/expansion,saving-investment-loanable-funds-authoring,phase-saving-investment-loanable-funds-question-pool-v1,False,False,True,main,macro
43327,crowding-out-and-capital-formation,D NO ISSUE DETECTED,Authored/expansion,saving-investment-loanable-funds-authoring,phase-saving-investment-loanable-funds-question-pool-v1,False,False,False,main,macro
43286,crowding-out-and-capital-formation,D NO ISSUE DETECTED,Authored/expansion,saving-investment-loanable-funds-authoring,phase-saving-investment-loanable-funds-question-pool-v1,False,False,False,main,macro
43289,crowding-out-and-capital-formation,D NO ISSUE DETECTED,Authored/expansion,saving-investment-loanable-funds-authoring,phase-saving-investment-loanable-funds-question-pool-v1,False,False,False,main,macro
43291,crowding-out-and-capital-formation,D NO ISSUE DETECTED,Authored/expansion,saving-investment-loanable-funds-authoring,phase-saving-investment-loanable-funds-question-pool-v1,False,False,False,main,macro
43294,crowding-out-and-capital-formation,D NO ISSUE DETECTED,Authored/expansion,saving-investment-loanable-funds-authoring,phase-saving-investment-loanable-funds-question-pool-v1,False,False,False,main,macro
43298,crowding-out-and-capital-formation,D NO ISSUE DETECTED,Authored/expansion,saving-investment-loanable-funds-authoring,phase-saving-investment-loanable-funds-question-pool-v1,False,False,False,main,macro
43301,crowding-out-and-capital-formation,D NO ISSUE DETECTED,Authored/expansion,saving-investment-loanable-funds-authoring,phase-saving-investment-loanable-funds-question-pool-v1,False,False,False,main,macro
43303,crowding-out-and-capital-formation,D NO ISSUE DETECTED,Authored/expansion,saving-investment-loanable-funds-authoring,phase-saving-investment-loanable-funds-question-pool-v1,False,False,False,main,macro
43322,crowding-out-and-capital-formation,D NO ISSUE DETECTED,Authored/expansion,saving-investment-loanable-funds-authoring,phase-saving-investment-loanable-funds-question-pool-v1,False,False,False,main,macro
43299,crowding-out-and-capital-formation,D NO ISSUE DETECTED,Authored/expansion,saving-investment-loanable-funds-authoring,phase-saving-investment-loanable-funds-question-pool-v1,False,False,False,main,macro
43287,crowding-out-and-capital-formation,D NO ISSUE DETECTED,Authored/expansion,saving-investment-loanable-funds-authoring,phase-saving-investment-loanable-funds-question-pool-v1,False,False,False,main,macro
43290,crowding-out-and-capital-formation,D NO ISSUE DETECTED,Authored/expansion,saving-investment-loanable-funds-authoring,phase-saving-investment-loanable-funds-question-pool-v1,False,False,False,main,macro
43293,crowding-out-and-capital-formation,D NO ISSUE DETECTED,Authored/expansion,saving-investment-loanable-funds-authoring,phase-saving-investment-loanable-funds-question-pool-v1,False,False,False,main,macro
43302,crowding-out-and-capital-formation,D NO ISSUE DETECTED,Authored/expansion,saving-investment-loanable-funds-authoring,phase-saving-investment-loanable-funds-question-pool-v1,False,False,False,main,macro
43323,crowding-out-and-capital-formation,D NO ISSUE DETECTED,Authored/expansion,saving-investment-loanable-funds-authoring,phase-saving-investment-loanable-funds-question-pool-v1,False,False,False,main,macro
43295,crowding-out-and-capital-formation,D NO ISSUE DETECTED,Authored/expansion,saving-investment-loanable-funds-authoring,phase-saving-investment-loanable-funds-question-pool-v1,False,False,False,elite,macro
43321,crowding-out-and-capital-formation,D NO ISSUE DETECTED,Authored/expansion,saving-investment-loanable-funds-authoring,phase-saving-investment-loanable-funds-question-pool-v1,False,False,False,legendary,macro
43297,crowding-out-and-capital-formation,D NO ISSUE DETECTED,Authored/expansion,saving-investment-loanable-funds-authoring,phase-saving-investment-loanable-funds-question-pool-v1,False,False,False,legendary,macro
43114,debt-measures-burden-and-fiscal-data,D NO ISSUE DETECTED,Authored/expansion,federal-budgets-debt-authoring,phase-macro-federal-budgets-debt-v1,False,False,False,main,macro
43115,debt-measures-burden-and-fiscal-data,D NO ISSUE DETECTED,Authored/expansion,federal-budgets-debt-authoring,phase-macro-federal-budgets-debt-v1,False,False,False,main,macro
43125,debt-measures-burden-and-fiscal-data,D NO ISSUE DETECTED,Authored/expansion,federal-budgets-debt-authoring,phase-macro-federal-budgets-debt-v1,False,False,False,main,macro
43126,debt-measures-burden-and-fiscal-data,D NO ISSUE DETECTED,Authored/expansion,federal-budgets-debt-authoring,phase-macro-federal-budgets-debt-v1,False,False,False,main,macro
43140,debt-measures-burden-and-fiscal-data,D NO ISSUE DETECTED,Authored/expansion,federal-budgets-debt-authoring,phase-macro-federal-budgets-debt-v1,False,False,False,main,macro
43141,debt-measures-burden-and-fiscal-data,D NO ISSUE DETECTED,Authored/expansion,federal-budgets-debt-authoring,phase-macro-federal-budgets-debt-v1,False,False,False,main,macro
43161,debt-measures-burden-and-fiscal-data,D NO ISSUE DETECTED,Authored/expansion,federal-budgets-debt-authoring,phase-macro-federal-budgets-debt-v1,False,False,False,main,macro
43162,debt-measures-burden-and-fiscal-data,D NO ISSUE DETECTED,Authored/expansion,federal-budgets-debt-authoring,phase-macro-federal-budgets-debt-v1,False,False,False,main,macro
43119,debt-measures-burden-and-fiscal-data,D NO ISSUE DETECTED,Authored/expansion,federal-budgets-debt-authoring,phase-macro-federal-budgets-debt-v1,False,False,False,main,macro
43144,debt-measures-burden-and-fiscal-data,D NO ISSUE DETECTED,Authored/expansion,federal-budgets-debt-authoring,phase-macro-federal-budgets-debt-v1,False,False,False,main,macro
43165,debt-measures-burden-and-fiscal-data,D NO ISSUE DETECTED,Authored/expansion,federal-budgets-debt-authoring,phase-macro-federal-budgets-debt-v1,False,False,False,elite,macro
43116,debt-measures-burden-and-fiscal-data,D NO ISSUE DETECTED,Authored/expansion,federal-budgets-debt-authoring,phase-macro-federal-budgets-debt-v1,False,False,False,main,macro
43117,debt-measures-burden-and-fiscal-data,D NO ISSUE DETECTED,Authored/expansion,federal-budgets-debt-authoring,phase-macro-federal-budgets-debt-v1,False,False,False,main,macro
43127,debt-measures-burden-and-fiscal-data,D NO ISSUE DETECTED,Authored/expansion,federal-budgets-debt-authoring,phase-macro-federal-budgets-debt-v1,False,False,False,main,macro
43128,debt-measures-burden-and-fiscal-data,D NO ISSUE DETECTED,Authored/expansion,federal-budgets-debt-authoring,phase-macro-federal-budgets-debt-v1,False,False,False,main,macro
43129,debt-measures-burden-and-fiscal-data,D NO ISSUE DETECTED,Authored/expansion,federal-budgets-debt-authoring,phase-macro-federal-budgets-debt-v1,False,False,False,main,macro
43142,debt-measures-burden-and-fiscal-data,D NO ISSUE DETECTED,Authored/expansion,federal-budgets-debt-authoring,phase-macro-federal-budgets-debt-v1,False,False,False,main,macro
43143,debt-measures-burden-and-fiscal-data,D NO ISSUE DETECTED,Authored/expansion,federal-budgets-debt-authoring,phase-macro-federal-budgets-debt-v1,False,False,False,main,macro
43163,debt-measures-burden-and-fiscal-data,D NO ISSUE DETECTED,Authored/expansion,federal-budgets-debt-authoring,phase-macro-federal-budgets-debt-v1,False,False,False,main,macro
43118,debt-measures-burden-and-fiscal-data,D NO ISSUE DETECTED,Authored/expansion,federal-budgets-debt-authoring,phase-macro-federal-budgets-debt-v1,False,False,False,main,macro
43130,debt-measures-burden-and-fiscal-data,D NO ISSUE DETECTED,Authored/expansion,federal-budgets-debt-authoring,phase-macro-federal-budgets-debt-v1,False,False,False,main,macro
43131,debt-measures-burden-and-fiscal-data,D NO ISSUE DETECTED,Authored/expansion,federal-budgets-debt-authoring,phase-macro-federal-budgets-debt-v1,False,False,False,main,macro
43164,debt-measures-burden-and-fiscal-data,D NO ISSUE DETECTED,Authored/expansion,federal-budgets-debt-authoring,phase-macro-federal-budgets-debt-v1,False,False,False,main,macro
43120,debt-measures-burden-and-fiscal-data,D NO ISSUE DETECTED,Authored/expansion,federal-budgets-debt-authoring,phase-macro-federal-budgets-debt-v1,False,False,False,elite,macro
43133,debt-measures-burden-and-fiscal-data,D NO ISSUE DETECTED,Authored/expansion,federal-budgets-debt-authoring,phase-macro-federal-budgets-debt-v1,False,False,False,elite,macro
43132,debt-measures-burden-and-fiscal-data,D NO ISSUE DETECTED,Authored/expansion,federal-budgets-debt-authoring,phase-macro-federal-budgets-debt-v1,False,False,False,main,macro
43166,debt-measures-burden-and-fiscal-data,D NO ISSUE DETECTED,Authored/expansion,federal-budgets-debt-authoring,phase-macro-federal-budgets-debt-v1,False,False,False,legendary,macro
43145,debt-measures-burden-and-fiscal-data,D NO ISSUE DETECTED,Authored/expansion,federal-budgets-debt-authoring,phase-macro-federal-budgets-debt-v1,False,False,False,elite,macro
43134,debt-measures-burden-and-fiscal-data,D NO ISSUE DETECTED,Authored/expansion,federal-budgets-debt-authoring,phase-macro-federal-budgets-debt-v1,False,False,False,legendary,macro
43135,debt-measures-burden-and-fiscal-data,D NO ISSUE DETECTED,Authored/expansion,federal-budgets-debt-authoring,phase-macro-federal-budgets-debt-v1,False,False,False,legendary,macro
43167,debt-measures-burden-and-fiscal-data,D NO ISSUE DETECTED,Authored/expansion,federal-budgets-debt-authoring,phase-macro-federal-budgets-debt-v1,False,False,False,legendary,macro
43121,debt-measures-burden-and-fiscal-data,D NO ISSUE DETECTED,Authored/expansion,federal-budgets-debt-authoring,phase-macro-federal-budgets-debt-v1,False,False,False,boss,macro
43122,debt-measures-burden-and-fiscal-data,D NO ISSUE DETECTED,Authored/expansion,federal-budgets-debt-authoring,phase-macro-federal-budgets-debt-v1,False,False,False,boss,macro
43136,debt-measures-burden-and-fiscal-data,D NO ISSUE DETECTED,Authored/expansion,federal-budgets-debt-authoring,phase-macro-federal-budgets-debt-v1,False,False,False,boss,macro
43146,debt-measures-burden-and-fiscal-data,D NO ISSUE DETECTED,Authored/expansion,federal-budgets-debt-authoring,phase-macro-federal-budgets-debt-v1,False,False,False,boss,macro
43147,debt-measures-burden-and-fiscal-data,D NO ISSUE DETECTED,Authored/expansion,federal-budgets-debt-authoring,phase-macro-federal-budgets-debt-v1,False,False,False,boss,macro
43137,debt-measures-burden-and-fiscal-data,D NO ISSUE DETECTED,Authored/expansion,federal-budgets-debt-authoring,phase-macro-federal-budgets-debt-v1,False,False,False,legendaryBoss,macro
43123,debt-measures-burden-and-fiscal-data,D NO ISSUE DETECTED,Authored/expansion,federal-budgets-debt-authoring,phase-macro-federal-budgets-debt-v1,False,False,False,repair,macro
43138,debt-measures-burden-and-fiscal-data,D NO ISSUE DETECTED,Authored/expansion,federal-budgets-debt-authoring,phase-macro-federal-budgets-debt-v1,False,False,False,repair,macro
43148,debt-measures-burden-and-fiscal-data,D NO ISSUE DETECTED,Authored/expansion,federal-budgets-debt-authoring,phase-macro-federal-budgets-debt-v1,False,False,False,repair,macro
43124,debt-measures-burden-and-fiscal-data,D NO ISSUE DETECTED,Authored/expansion,federal-budgets-debt-authoring,phase-macro-federal-budgets-debt-v1,False,False,False,bridge,macro
43139,debt-measures-burden-and-fiscal-data,D NO ISSUE DETECTED,Authored/expansion,federal-budgets-debt-authoring,phase-macro-federal-budgets-debt-v1,False,False,False,bridge,macro
43149,debt-measures-burden-and-fiscal-data,D NO ISSUE DETECTED,Authored/expansion,federal-budgets-debt-authoring,phase-macro-federal-budgets-debt-v1,False,False,False,bridge,macro
43075,deficits-debt-and-government-borrowing,D NO ISSUE DETECTED,Authored/expansion,federal-budgets-debt-authoring,phase-macro-federal-budgets-debt-v1,False,False,False,main,macro
43076,deficits-debt-and-government-borrowing,D NO ISSUE DETECTED,Authored/expansion,federal-budgets-debt-authoring,phase-macro-federal-budgets-debt-v1,False,False,False,main,macro
43077,deficits-debt-and-government-borrowing,D NO ISSUE DETECTED,Authored/expansion,federal-budgets-debt-authoring,phase-macro-federal-budgets-debt-v1,False,False,False,main,macro
43150,deficits-debt-and-government-borrowing,D NO ISSUE DETECTED,Authored/expansion,federal-budgets-debt-authoring,phase-macro-federal-budgets-debt-v1,False,False,False,main,macro
43151,deficits-debt-and-government-borrowing,D NO ISSUE DETECTED,Authored/expansion,federal-budgets-debt-authoring,phase-macro-federal-budgets-debt-v1,False,False,False,main,macro
43078,deficits-debt-and-government-borrowing,D NO ISSUE DETECTED,Authored/expansion,federal-budgets-debt-authoring,phase-macro-federal-budgets-debt-v1,False,False,False,main,macro
43079,deficits-debt-and-government-borrowing,D NO ISSUE DETECTED,Authored/expansion,federal-budgets-debt-authoring,phase-macro-federal-budgets-debt-v1,False,False,False,main,macro
43080,deficits-debt-and-government-borrowing,D NO ISSUE DETECTED,Authored/expansion,federal-budgets-debt-authoring,phase-macro-federal-budgets-debt-v1,False,False,False,main,macro
43152,deficits-debt-and-government-borrowing,D NO ISSUE DETECTED,Authored/expansion,federal-budgets-debt-authoring,phase-macro-federal-budgets-debt-v1,False,False,False,main,macro
43153,deficits-debt-and-government-borrowing,D NO ISSUE DETECTED,Authored/expansion,federal-budgets-debt-authoring,phase-macro-federal-budgets-debt-v1,False,False,False,main,macro
43081,deficits-debt-and-government-borrowing,D NO ISSUE DETECTED,Authored/expansion,federal-budgets-debt-authoring,phase-macro-federal-budgets-debt-v1,False,False,False,main,macro
43082,deficits-debt-and-government-borrowing,D NO ISSUE DETECTED,Authored/expansion,federal-budgets-debt-authoring,phase-macro-federal-budgets-debt-v1,False,False,False,main,macro
43083,deficits-debt-and-government-borrowing,D NO ISSUE DETECTED,Authored/expansion,federal-budgets-debt-authoring,phase-macro-federal-budgets-debt-v1,False,False,False,main,macro
43155,deficits-debt-and-government-borrowing,D NO ISSUE DETECTED,Authored/expansion,federal-budgets-debt-authoring,phase-macro-federal-budgets-debt-v1,False,False,False,main,macro
43084,deficits-debt-and-government-borrowing,D NO ISSUE DETECTED,Authored/expansion,federal-budgets-debt-authoring,phase-macro-federal-budgets-debt-v1,False,False,False,elite,macro
43085,deficits-debt-and-government-borrowing,D NO ISSUE DETECTED,Authored/expansion,federal-budgets-debt-authoring,phase-macro-federal-budgets-debt-v1,False,False,False,elite,macro
43154,deficits-debt-and-government-borrowing,A PROTECTED MATURE,Authored/expansion,federal-budgets-debt-authoring,phase-macro-federal-budgets-debt-v1,False,False,True,main,macro
43086,deficits-debt-and-government-borrowing,D NO ISSUE DETECTED,Authored/expansion,federal-budgets-debt-authoring,phase-macro-federal-budgets-debt-v1,False,False,False,legendary,macro
43087,deficits-debt-and-government-borrowing,D NO ISSUE DETECTED,Authored/expansion,federal-budgets-debt-authoring,phase-macro-federal-budgets-debt-v1,False,False,False,legendary,macro
43156,deficits-debt-and-government-borrowing,D NO ISSUE DETECTED,Authored/expansion,federal-budgets-debt-authoring,phase-macro-federal-budgets-debt-v1,False,False,False,legendary,macro
43088,deficits-debt-and-government-borrowing,D NO ISSUE DETECTED,Authored/expansion,federal-budgets-debt-authoring,phase-macro-federal-budgets-debt-v1,False,False,False,boss,macro
43157,deficits-debt-and-government-borrowing,D NO ISSUE DETECTED,Authored/expansion,federal-budgets-debt-authoring,phase-macro-federal-budgets-debt-v1,False,False,False,boss,macro
43089,deficits-debt-and-government-borrowing,D NO ISSUE DETECTED,Authored/expansion,federal-budgets-debt-authoring,phase-macro-federal-budgets-debt-v1,False,False,False,legendaryBoss,macro
43158,deficits-debt-and-government-borrowing,A PROTECTED MATURE,Authored/expansion,federal-budgets-debt-authoring,phase-macro-federal-budgets-debt-v1,False,False,True,legendaryBoss,macro
43090,deficits-debt-and-government-borrowing,D NO ISSUE DETECTED,Authored/expansion,federal-budgets-debt-authoring,phase-macro-federal-budgets-debt-v1,False,False,False,repair,macro
43159,deficits-debt-and-government-borrowing,D NO ISSUE DETECTED,Authored/expansion,federal-budgets-debt-authoring,phase-macro-federal-budgets-debt-v1,False,False,False,repair,macro
43091,deficits-debt-and-government-borrowing,D NO ISSUE DETECTED,Authored/expansion,federal-budgets-debt-authoring,phase-macro-federal-budgets-debt-v1,False,False,False,bridge,macro
43160,deficits-debt-and-government-borrowing,A PROTECTED MATURE,Authored/expansion,federal-budgets-debt-authoring,phase-macro-federal-budgets-debt-v1,False,False,True,bridge,macro
ECON-MG-EASY-38,demand,A PROTECTED MATURE,Market Gate: no later curation recorded,market-gate,,True,True,False,main,general; macro; micro
ECON-MG-EASY-39,demand,A PROTECTED MATURE,Market Gate: no later curation recorded,market-gate,,True,True,False,main,general; macro; micro
ECON-MG-EASY-40,demand,A PROTECTED MATURE,Market Gate: no later curation recorded,market-gate,,True,True,False,main,general; macro; micro
ECON-MG-EASY-41,demand,A PROTECTED MATURE,Market Gate: no later curation recorded,market-gate,,True,True,False,main,general; macro; micro
ECON-MG-EASY-42,demand,A PROTECTED MATURE,Market Gate: documented later descendant,market-gate,phaseQH4-supply-demand-equilibrium-audit-remediation-v1,True,True,False,main,general; macro; micro
ECON-MG-EASY-43,demand,A PROTECTED MATURE,Market Gate: documented later descendant,market-gate,phaseQH7-principles-micro-human-read-curation-v1,True,True,False,main,general; macro; micro
ECON-MG-EASY-44,demand,A PROTECTED MATURE,Market Gate: no later curation recorded,market-gate,,True,True,False,main,general; macro; micro
ECON-MG-EASY-45,demand,A PROTECTED MATURE,Market Gate: no later curation recorded,market-gate,,True,True,False,main,general; macro; micro
PG1-DMD-E-001,demand,A PROTECTED MATURE,Other imported bank,micro-concept-library,phaseQH3-core-question-quality-gate-v1,False,True,False,main,general; macro; micro
PG1-DMD-E-002,demand,A PROTECTED MATURE,Other imported bank,micro-concept-library,,False,True,False,main,general; macro; micro
PG1-DMD-E-003,demand,A PROTECTED MATURE,Other imported bank,micro-concept-library,,False,True,False,main,general; macro; micro
ECON-MG-MEDIUM-117,demand,A PROTECTED MATURE,Market Gate: no later curation recorded,market-gate,,True,True,False,main,general; macro; micro
ECON-MG-MEDIUM-118,demand,A PROTECTED MATURE,Market Gate: no later curation recorded,market-gate,,True,True,False,main,general; macro; micro
ECON-MG-MEDIUM-119,demand,A PROTECTED MATURE,Market Gate: no later curation recorded,market-gate,,True,True,False,main,general; macro; micro
ECON-MG-MEDIUM-120,demand,A PROTECTED MATURE,Market Gate: no later curation recorded,market-gate,,True,True,False,main,general; macro; micro
ECON-MG-MEDIUM-121,demand,A PROTECTED MATURE,Market Gate: no later curation recorded,market-gate,,True,True,False,main,general; macro; micro
ECON-MG-MEDIUM-167,demand,A PROTECTED MATURE,Market Gate: documented later descendant,market-gate,phaseQH4-supply-demand-equilibrium-audit-remediation-v1,True,True,False,main,general; macro; micro
PG1-DMD-M-001,demand,A PROTECTED MATURE,Other imported bank,micro-concept-library,phaseQH7-principles-micro-human-read-curation-v1,False,True,False,main,general; macro; micro
PG1-DMD-M-002,demand,A PROTECTED MATURE,Other imported bank,micro-concept-library,,False,True,False,main,general; macro; micro
PG1-DMD-M-003,demand,A PROTECTED MATURE,Other imported bank,micro-concept-library,,False,True,False,main,general; macro; micro
PG1-DMD-M-004,demand,A PROTECTED MATURE,Other imported bank,micro-concept-library,,False,True,False,main,general; macro; micro
PG1-DMD-M-005,demand,A PROTECTED MATURE,Other imported bank,micro-concept-library,phaseQH7-principles-micro-human-read-curation-v1,False,True,False,main,general; macro; micro
PG1-DMD-M-006,demand,A PROTECTED MATURE,Other imported bank,micro-concept-library,,False,True,False,main,general; macro; micro
40009,demand,A PROTECTED MATURE,Market Gate: documented later descendant,market-gate,phaseQH6-graph-assessment-integrity-v1,True,True,False,main,general; macro; micro
ECON-MG-LEGENDARYBOSS-9123,demand,A PROTECTED MATURE,Market Gate: no later curation recorded,market-gate,,True,True,False,main,general; macro; micro
ECON-MG-LEGENDARY-9033,demand,A PROTECTED MATURE,Market Gate: no later curation recorded,market-gate,,True,True,False,main,general; macro; micro
ECON-MG-HARD-215,demand,A PROTECTED MATURE,Market Gate: no later curation recorded,market-gate,,True,True,False,main,general; macro; micro
ECON-MG-HARD-216,demand,A PROTECTED MATURE,Market Gate: no later curation recorded,market-gate,,True,True,False,main,general; macro; micro
P52B-S3-DEM-EL-002,demand,A PROTECTED MATURE,Authored/expansion,phase5.2b-stage3-rescue,,False,True,False,main,general; macro; micro
ECON-MG-LEGENDARY-9023,demand,A PROTECTED MATURE,Market Gate: no later curation recorded,market-gate,,True,True,False,main,general; macro; micro
ECON-MG-HARD-217,demand,A PROTECTED MATURE,Market Gate: no later curation recorded,market-gate,,True,True,False,main,general; macro; micro
ECON-MG-HARD-218,demand,A PROTECTED MATURE,Market Gate: no later curation recorded,market-gate,,True,True,False,main,general; macro; micro
ECON-MG-HARD-219,demand,A PROTECTED MATURE,Market Gate: no later curation recorded,market-gate,,True,True,False,main,general; macro; micro
ECON-MG-HARD-261,demand,A PROTECTED MATURE,Market Gate: documented later descendant,market-gate,phaseQH4-supply-demand-equilibrium-audit-remediation-v1,True,True,False,main,general; macro; micro
ECON-MG-HARD-262,demand,A PROTECTED MATURE,Market Gate: documented later descendant,market-gate,phaseQH4-supply-demand-equilibrium-audit-remediation-v1,True,True,False,main,general; macro; micro
PG1-DMD-H-001,demand,A PROTECTED MATURE,Other imported bank,micro-concept-library,phaseQH4-supply-demand-equilibrium-audit-remediation-v1,False,True,False,main,general; macro; micro
PG1-DMD-H-002,demand,A PROTECTED MATURE,Other imported bank,micro-concept-library,phaseQH7-principles-micro-human-read-curation-v1,False,True,False,main,general; macro; micro
PG1-DMD-H-003,demand,A PROTECTED MATURE,Other imported bank,micro-concept-library,phaseQH4-supply-demand-equilibrium-audit-remediation-v1,False,True,False,main,general; macro; micro
40010,demand,A PROTECTED MATURE,Market Gate: documented later descendant,market-gate,phaseQH6-graph-assessment-integrity-v1,True,True,False,main,general; macro; micro
ECON-MG-ELITE-322,demand,A PROTECTED MATURE,Market Gate: no later curation recorded,market-gate,,True,True,False,main,general; macro; micro
ECON-MG-ELITE-339,demand,A PROTECTED MATURE,Market Gate: no later curation recorded,market-gate,,True,True,False,main,general; macro; micro
PG1-DMD-EL-001,demand,A PROTECTED MATURE,Other imported bank,micro-concept-library,,False,True,False,main,general; macro; micro
ECON-MG-LEGENDARY-9024,demand,A PROTECTED MATURE,Market Gate: no later curation recorded,market-gate,,True,True,False,main,general; macro; micro
ECON-MG-LEGENDARY-9025,demand,A PROTECTED MATURE,Market Gate: no later curation recorded,market-gate,,True,True,False,main,general; macro; micro
P52B-S3-DEM-EL-001,demand,A PROTECTED MATURE,Authored/expansion,phase5.2b-stage3-rescue,phaseQH4-supply-demand-equilibrium-audit-remediation-v1,False,True,False,elite,general; macro; micro
PG1-DMD-EL-002,demand,A PROTECTED MATURE,Other imported bank,micro-concept-library,,False,True,False,elite,general; macro; micro
PG1-DMD-EL-003,demand,A PROTECTED MATURE,Other imported bank,micro-concept-library,phaseQH4-supply-demand-equilibrium-audit-remediation-v1,False,True,False,elite,general; macro; micro
40011,demand,A PROTECTED MATURE,Market Gate: documented later descendant,market-gate,phaseQH6-graph-assessment-integrity-v1,True,True,False,main,general; macro; micro
PG1-DMD-L-001,demand,A PROTECTED MATURE,Other imported bank,micro-concept-library,,False,True,False,elite,general; macro; micro
PG1-DMD-L-002,demand,A PROTECTED MATURE,Other imported bank,micro-concept-library,phaseQH6-graph-assessment-integrity-v1,False,True,False,elite,general; macro; micro
PG1-DMD-L-003,demand,A PROTECTED MATURE,Other imported bank,micro-concept-library,,False,True,False,elite,general; macro; micro
ECON-MG-LEGENDARY-9017,demand,A PROTECTED MATURE,Market Gate: documented later descendant,market-gate,phaseQH4-supply-demand-equilibrium-audit-remediation-v1,True,True,False,main,general; macro; micro
P52B-S3-DEM-L-001,demand,A PROTECTED MATURE,Authored/expansion,phase5.2b-stage3-rescue,phaseQH4-supply-demand-equilibrium-audit-remediation-v1,False,True,False,legendary,general; macro; micro
ECON-MG-MEDIUMBOSS-3003,demand,A PROTECTED MATURE,Market Gate: documented later descendant,market-gate,phaseQH7-principles-micro-human-read-curation-v1,True,True,False,boss,general; macro; micro
ECON-MG-MEDIUMBOSS-3004,demand,A PROTECTED MATURE,Market Gate: no later curation recorded,market-gate,,True,True,False,boss,general; macro; micro
ECON-MG-MEDIUMBOSS-3005,demand,A PROTECTED MATURE,Market Gate: documented later descendant,market-gate,phaseQH7-principles-micro-human-read-curation-v1,True,True,False,boss,general; macro; micro
P52B-S3-DEM-B1-001,demand,A PROTECTED MATURE,Authored/expansion,phase5.2b-stage3-rescue,,False,True,False,boss,general; macro; micro
P52B-S3-DEM-B1-002,demand,A PROTECTED MATURE,Authored/expansion,phase5.2b-stage3-rescue,,False,True,False,boss,general; macro; micro
P52B-S3-DEM-B1-003,demand,A PROTECTED MATURE,Authored/expansion,phase5.2b-stage3-rescue,phaseQH4-supply-demand-equilibrium-audit-remediation-v1,False,True,False,boss,general; macro; micro
P52B-S3-DEM-B3-001,demand,A PROTECTED MATURE,Authored/expansion,phase5.2b-stage3-rescue,,False,True,False,boss,general; macro; micro
P52B-S3-DEM-B3-002,demand,A PROTECTED MATURE,Authored/expansion,phase5.2b-stage3-rescue,phaseQH4-supply-demand-equilibrium-audit-remediation-v1,False,True,False,boss,general; macro; micro
P52B-S3-DEM-B3-003,demand,A PROTECTED MATURE,Authored/expansion,phase5.2b-stage3-rescue,,False,True,False,boss,general; macro; micro
ECON-MG-LEGENDARYBOSS-9121,demand,A PROTECTED MATURE,Market Gate: no later curation recorded,market-gate,,True,True,False,legendaryBoss,general; macro; micro
ECON-MG-LEGENDARYBOSS-9122,demand,A PROTECTED MATURE,Market Gate: documented later descendant,market-gate,phaseQH4-supply-demand-equilibrium-audit-remediation-v1,True,True,False,legendaryBoss,general; macro; micro
ECON-MG-DEMAND-SHIFTERS-5004,demand,A PROTECTED MATURE,Market Gate: documented later descendant,market-gate,phaseQH7-principles-micro-human-read-curation-v1,True,True,False,repair,general; macro; micro
ECON-MG-DEMAND-SHIFTERS-5005,demand,A PROTECTED MATURE,Market Gate: no later curation recorded,market-gate,,True,True,False,repair,general; macro; micro
ECON-MG-MOVEMENT-VS-DEMAND-SHIFT-5000,demand,A PROTECTED MATURE,Market Gate: no later curation recorded,market-gate,,True,True,False,repair,general; macro; micro
ECON-MG-MOVEMENT-VS-DEMAND-SHIFT-5001,demand,A PROTECTED MATURE,Market Gate: no later curation recorded,market-gate,,True,True,False,repair,general; macro; micro
ECON-MG-DEMAND-SHIFTERS-6004,demand,A PROTECTED MATURE,Market Gate: no later curation recorded,market-gate,,True,True,False,bridge,general; macro; micro
ECON-MG-DEMAND-SHIFTERS-6005,demand,A PROTECTED MATURE,Market Gate: no later curation recorded,market-gate,,True,True,False,bridge,general; macro; micro
ECON-MG-MOVEMENT-VS-DEMAND-SHIFT-6000,demand,A PROTECTED MATURE,Market Gate: no later curation recorded,market-gate,,True,True,False,bridge,general; macro; micro
ECON-MG-MOVEMENT-VS-DEMAND-SHIFT-6001,demand,A PROTECTED MATURE,Market Gate: no later curation recorded,market-gate,,True,True,False,bridge,general; macro; micro
ECON-MG-RELATED-GOODS-DEMAND-6006,demand,A PROTECTED MATURE,Market Gate: no later curation recorded,market-gate,,True,True,False,bridge,general; macro; micro
ECON-MG-RELATED-GOODS-DEMAND-6007,demand,A PROTECTED MATURE,Market Gate: no later curation recorded,market-gate,,True,True,False,bridge,general; macro; micro
ECON-SP-EASY-32,demand-and-supply-shocks,D NO ISSUE DETECTED,Other imported bank,stabilization-protocol,,False,False,False,main,macro
ECON-SP-EASY-33,demand-and-supply-shocks,D NO ISSUE DETECTED,Other imported bank,stabilization-protocol,,False,False,False,main,macro
ECON-SP-EASY-34,demand-and-supply-shocks,D NO ISSUE DETECTED,Other imported bank,stabilization-protocol,,False,False,False,main,macro
ECON-SP-EASY-35,demand-and-supply-shocks,A PROTECTED MATURE,Other imported bank,stabilization-protocol,,False,False,True,main,macro
PG3-MEQ-E-003,demand-and-supply-shocks,D NO ISSUE DETECTED,Authored/expansion,macro-concept-library,,False,False,False,main,macro
PG3-MEQ-E-004,demand-and-supply-shocks,D NO ISSUE DETECTED,Authored/expansion,macro-concept-library,,False,False,False,main,macro
ECON-SP-HARD-223,demand-and-supply-shocks,D NO ISSUE DETECTED,Other imported bank,stabilization-protocol,,False,False,False,main,macro
PG3-AS-M-001,demand-and-supply-shocks,D NO ISSUE DETECTED,Authored/expansion,macro-concept-library,,False,False,False,main,macro
ECON-SP-MEDIUM-126,demand-and-supply-shocks,D NO ISSUE DETECTED,Other imported bank,stabilization-protocol,,False,False,False,main,macro
ECON-SP-MEDIUM-127,demand-and-supply-shocks,D NO ISSUE DETECTED,Other imported bank,stabilization-protocol,,False,False,False,main,macro
ECON-SP-MEDIUM-129,demand-and-supply-shocks,D NO ISSUE DETECTED,Other imported bank,stabilization-protocol,,False,False,False,main,macro
ECON-SP-MEDIUM-130,demand-and-supply-shocks,D NO ISSUE DETECTED,Other imported bank,stabilization-protocol,,False,False,False,main,macro
ECON-SP-MEDIUM-134,demand-and-supply-shocks,D NO ISSUE DETECTED,Other imported bank,stabilization-protocol,,False,False,False,main,macro
ECON-SP-MEDIUM-137,demand-and-supply-shocks,D NO ISSUE DETECTED,Other imported bank,stabilization-protocol,,False,False,False,main,macro
ECON-SP-MEDIUM-138,demand-and-supply-shocks,A PROTECTED MATURE,Other imported bank,stabilization-protocol,,False,False,True,main,macro
PG3-MEQ-M-001,demand-and-supply-shocks,D NO ISSUE DETECTED,Authored/expansion,macro-concept-library,,False,False,False,main,macro
PG3-MEQ-M-004,demand-and-supply-shocks,D NO ISSUE DETECTED,Authored/expansion,macro-concept-library,,False,False,False,main,macro
PG3-MEQ-M-005,demand-and-supply-shocks,D NO ISSUE DETECTED,Authored/expansion,macro-concept-library,,False,False,False,main,macro
PG3-MEQ-M-006,demand-and-supply-shocks,D NO ISSUE DETECTED,Authored/expansion,macro-concept-library,,False,False,False,main,macro
PG3-MEQ-M-007,demand-and-supply-shocks,D NO ISSUE DETECTED,Authored/expansion,macro-concept-library,,False,False,False,main,macro
PG3-MEQ-M-008,demand-and-supply-shocks,D NO ISSUE DETECTED,Authored/expansion,macro-concept-library,,False,False,False,main,macro
ECON-SP-HARD-211,demand-and-supply-shocks,D NO ISSUE DETECTED,Other imported bank,stabilization-protocol,,False,False,False,main,macro
ECON-SP-HARD-215,demand-and-supply-shocks,D NO ISSUE DETECTED,Other imported bank,stabilization-protocol,,False,False,False,main,macro
PG3-MEQ-H-003,demand-and-supply-shocks,D NO ISSUE DETECTED,Authored/expansion,macro-concept-library,,False,False,False,main,macro
ECON-SP-ELITE-340,demand-and-supply-shocks,D NO ISSUE DETECTED,Other imported bank,stabilization-protocol,,False,False,False,elite,macro
PG3-MEQ-EL-004,demand-and-supply-shocks,D NO ISSUE DETECTED,Authored/expansion,macro-concept-library,,False,False,False,elite,macro
ECON-SP-HARD-212,demand-and-supply-shocks,D NO ISSUE DETECTED,Other imported bank,stabilization-protocol,,False,False,False,main,macro
ECON-SP-HARD-213,demand-and-supply-shocks,D NO ISSUE DETECTED,Other imported bank,stabilization-protocol,,False,False,False,main,macro
ECON-SP-HARD-218,demand-and-supply-shocks,D NO ISSUE DETECTED,Other imported bank,stabilization-protocol,,False,False,False,main,macro
ECON-SP-HARD-220,demand-and-supply-shocks,D NO ISSUE DETECTED,Other imported bank,stabilization-protocol,,False,False,False,main,macro
PG3-MEQ-H-001,demand-and-supply-shocks,D NO ISSUE DETECTED,Authored/expansion,macro-concept-library,,False,False,False,main,macro
PG3-MEQ-H-004,demand-and-supply-shocks,D NO ISSUE DETECTED,Authored/expansion,macro-concept-library,,False,False,False,main,macro
PG3-MEQ-L-003,demand-and-supply-shocks,D NO ISSUE DETECTED,Authored/expansion,macro-concept-library,,False,False,False,legendary,macro
ECON-SP-ELITE-308,demand-and-supply-shocks,D NO ISSUE DETECTED,Other imported bank,stabilization-protocol,,False,False,False,elite,macro
ECON-SP-ELITE-309,demand-and-supply-shocks,D NO ISSUE DETECTED,Other imported bank,stabilization-protocol,,False,False,False,elite,macro
ECON-SP-ELITE-312,demand-and-supply-shocks,D NO ISSUE DETECTED,Other imported bank,stabilization-protocol,,False,False,False,elite,macro
ECON-SP-ELITE-313,demand-and-supply-shocks,D NO ISSUE DETECTED,Other imported bank,stabilization-protocol,,False,False,False,elite,macro
ECON-SP-ELITE-339,demand-and-supply-shocks,D NO ISSUE DETECTED,Other imported bank,stabilization-protocol,,False,False,False,elite,macro
ECON-SP-ELITE-341,demand-and-supply-shocks,D NO ISSUE DETECTED,Other imported bank,stabilization-protocol,,False,False,False,elite,macro
ECON-SP-LEGENDARY-9002,demand-and-supply-shocks,D NO ISSUE DETECTED,Other imported bank,stabilization-protocol,,False,False,False,legendary,macro
ECON-SP-LEGENDARY-9038,demand-and-supply-shocks,D NO ISSUE DETECTED,Other imported bank,stabilization-protocol,,False,False,False,legendary,macro
ECON-SP-LEGENDARY-9039,demand-and-supply-shocks,D NO ISSUE DETECTED,Other imported bank,stabilization-protocol,,False,False,False,legendary,macro
P52B-S3-MEQS-L-001,demand-and-supply-shocks,D NO ISSUE DETECTED,Authored/expansion,phase5.2b-stage3-rescue,,False,False,False,legendary,macro
P52B-S3-MEQS-L-002,demand-and-supply-shocks,D NO ISSUE DETECTED,Authored/expansion,phase5.2b-stage3-rescue,,False,False,False,legendary,macro
P52B-S3-MEQS-L-003,demand-and-supply-shocks,D NO ISSUE DETECTED,Authored/expansion,phase5.2b-stage3-rescue,,False,False,False,legendary,macro
PG3-MEQ-L-001,demand-and-supply-shocks,D NO ISSUE DETECTED,Authored/expansion,macro-concept-library,,False,False,False,legendary,macro
PG3-MEQ-L-004,demand-and-supply-shocks,D NO ISSUE DETECTED,Authored/expansion,macro-concept-library,,False,False,False,legendary,macro
P52B-S4-IEA-L-002,demand-and-supply-shocks,D NO ISSUE DETECTED,Authored/expansion,phase5.2b-stage4-rescue,,False,False,False,legendary,macro
P52B-S3-MEQS-B1-001,demand-and-supply-shocks,D NO ISSUE DETECTED,Authored/expansion,phase5.2b-stage3-rescue,,False,False,False,boss,macro
P52B-S3-MEQS-B1-002,demand-and-supply-shocks,D NO ISSUE DETECTED,Authored/expansion,phase5.2b-stage3-rescue,,False,False,False,boss,macro
P52B-S3-MEQS-B1-003,demand-and-supply-shocks,D NO ISSUE DETECTED,Authored/expansion,phase5.2b-stage3-rescue,,False,False,False,boss,macro
P52B-S3-MEQS-B2-001,demand-and-supply-shocks,D NO ISSUE DETECTED,Authored/expansion,phase5.2b-stage3-rescue,,False,False,False,boss,macro
P52B-S3-MEQS-B2-002,demand-and-supply-shocks,D NO ISSUE DETECTED,Authored/expansion,phase5.2b-stage3-rescue,,False,False,False,boss,macro
P52B-S3-MEQS-B2-003,demand-and-supply-shocks,D NO ISSUE DETECTED,Authored/expansion,phase5.2b-stage3-rescue,,False,False,False,boss,macro
P52B-S3-MEQS-B3-001,demand-and-supply-shocks,D NO ISSUE DETECTED,Authored/expansion,phase5.2b-stage3-rescue,,False,False,False,boss,macro
P52B-S3-MEQS-B3-002,demand-and-supply-shocks,D NO ISSUE DETECTED,Authored/expansion,phase5.2b-stage3-rescue,,False,False,False,boss,macro
P52B-S3-MEQS-B3-003,demand-and-supply-shocks,D NO ISSUE DETECTED,Authored/expansion,phase5.2b-stage3-rescue,,False,False,False,boss,macro
P52B-S3-MEQS-LB-001,demand-and-supply-shocks,D NO ISSUE DETECTED,Authored/expansion,phase5.2b-stage3-rescue,,False,False,False,legendaryBoss,macro
P52B-S3-MEQS-LB-002,demand-and-supply-shocks,D NO ISSUE DETECTED,Authored/expansion,phase5.2b-stage3-rescue,,False,False,False,legendaryBoss,macro
P52B-S3-MEQS-LB-003,demand-and-supply-shocks,D NO ISSUE DETECTED,Authored/expansion,phase5.2b-stage3-rescue,,False,False,False,legendaryBoss,macro
ECON-SP-CLASSIFY-DEMAND-SHOCK-5065,demand-and-supply-shocks,A PROTECTED MATURE,Other imported bank,stabilization-protocol,,False,False,True,repair,macro
ECON-SP-CLASSIFY-SUPPLY-SHOCK-5066,demand-and-supply-shocks,A PROTECTED MATURE,Other imported bank,stabilization-protocol,,False,False,True,repair,macro
ECON-SP-DEFINE-STAGFLATION-5069,demand-and-supply-shocks,A PROTECTED MATURE,Other imported bank,stabilization-protocol,,False,False,True,repair,macro
ECON-SP-EVALUATE-SUPPLY-SHOCK-POLICY-5062,demand-and-supply-shocks,A PROTECTED MATURE,Other imported bank,stabilization-protocol,,False,False,True,repair,macro
ECON-SP-TRACE-COMBINED-SHOCKS-5093,demand-and-supply-shocks,A PROTECTED MATURE,Other imported bank,stabilization-protocol,,False,False,True,repair,macro
ECON-SP-TRACE-DEMAND-SHOCK-5032,demand-and-supply-shocks,A PROTECTED MATURE,Other imported bank,stabilization-protocol,,False,False,True,repair,macro
ECON-SP-TRACE-SUPPLY-SHOCK-5033,demand-and-supply-shocks,A PROTECTED MATURE,Other imported bank,stabilization-protocol,,False,False,True,repair,macro
ECON-SP-EVALUATE-SUPPLY-SHOCK-POLICY-6053,demand-and-supply-shocks,A PROTECTED MATURE,Other imported bank,stabilization-protocol,,False,False,True,bridge,macro
ECON-SP-TRACE-DEMAND-SHOCK-6025,demand-and-supply-shocks,D NO ISSUE DETECTED,Other imported bank,stabilization-protocol,,False,False,False,bridge,macro
ECON-SP-TRACE-SUPPLY-SHOCK-6026,demand-and-supply-shocks,A PROTECTED MATURE,Other imported bank,stabilization-protocol,,False,False,True,bridge,macro
P52A-BANK-E-004,deposit-creation-and-money-multiplier,D NO ISSUE DETECTED,Authored/expansion,phase5.2a-concept-expansion,,False,False,False,main,macro
P52A-BANK-M-003,deposit-creation-and-money-multiplier,D NO ISSUE DETECTED,Authored/expansion,phase5.2a-concept-expansion,,False,False,False,main,macro
P52A-BANK-M-004,deposit-creation-and-money-multiplier,D NO ISSUE DETECTED,Authored/expansion,phase5.2a-concept-expansion,,False,False,False,main,macro
P52A-BANK-M-006,deposit-creation-and-money-multiplier,A PROTECTED MATURE,Authored/expansion,phase5.2a-concept-expansion,,False,False,True,main,macro
LG-Q-223,deposit-creation-and-money-multiplier,D NO ISSUE DETECTED,Other imported bank,liquidity-grid,,False,False,False,main,macro
LG-Q-324,deposit-creation-and-money-multiplier,D NO ISSUE DETECTED,Other imported bank,liquidity-grid,,False,False,False,elite,macro
LG-Q-9005,deposit-creation-and-money-multiplier,D NO ISSUE DETECTED,Other imported bank,liquidity-grid,,False,False,False,legendary,macro
LG-Q-9018,deposit-creation-and-money-multiplier,D NO ISSUE DETECTED,Other imported bank,liquidity-grid,,False,False,False,legendary,macro
ECON-SP-ELITE-302,deposit-creation-and-money-multiplier,D NO ISSUE DETECTED,Other imported bank,stabilization-protocol,,False,False,False,elite,macro
LG-Q-303,deposit-creation-and-money-multiplier,D NO ISSUE DETECTED,Other imported bank,liquidity-grid,,False,False,False,elite,macro
LG-Q-308,deposit-creation-and-money-multiplier,D NO ISSUE DETECTED,Other imported bank,liquidity-grid,,False,False,False,elite,macro
LG-Q-310,deposit-creation-and-money-multiplier,D NO ISSUE DETECTED,Other imported bank,liquidity-grid,,False,False,False,elite,macro
LG-Q-9000,deposit-creation-and-money-multiplier,D NO ISSUE DETECTED,Other imported bank,liquidity-grid,,False,False,False,legendary,macro
LG-Q-9008,deposit-creation-and-money-multiplier,D NO ISSUE DETECTED,Other imported bank,liquidity-grid,,False,False,False,legendary,macro
ECON-SP-EASY-9,deposit-creation-and-money-multiplier,D NO ISSUE DETECTED,Other imported bank,stabilization-protocol,,False,False,False,calculation,macro
ECON-SP-HARD-202,deposit-creation-and-money-multiplier,D NO ISSUE DETECTED,Other imported bank,stabilization-protocol,,False,False,False,calculation,macro
ECON-SP-MEDIUM-104,deposit-creation-and-money-multiplier,D NO ISSUE DETECTED,Other imported bank,stabilization-protocol,,False,False,False,calculation,macro
LG-Q-119,deposit-creation-and-money-multiplier,D NO ISSUE DETECTED,Other imported bank,liquidity-grid,,False,False,False,calculation,macro
LG-Q-120,deposit-creation-and-money-multiplier,D NO ISSUE DETECTED,Other imported bank,liquidity-grid,,False,False,False,calculation,macro
LG-Q-17,deposit-creation-and-money-multiplier,D NO ISSUE DETECTED,Other imported bank,liquidity-grid,,False,False,False,calculation,macro
LG-Q-205,deposit-creation-and-money-multiplier,D NO ISSUE DETECTED,Other imported bank,liquidity-grid,,False,False,False,calculation,macro
LG-Q-206,deposit-creation-and-money-multiplier,D NO ISSUE DETECTED,Other imported bank,liquidity-grid,,False,False,False,calculation,macro
LG-Q-224,deposit-creation-and-money-multiplier,D NO ISSUE DETECTED,Other imported bank,liquidity-grid,,False,False,False,calculation,macro
LG-Q-2006,deposit-creation-and-money-multiplier,D NO ISSUE DETECTED,Other imported bank,liquidity-grid,,False,False,False,boss,macro
LG-Q-2008,deposit-creation-and-money-multiplier,D NO ISSUE DETECTED,Other imported bank,liquidity-grid,,False,False,False,boss,macro
P52A-BANK-B2-002,deposit-creation-and-money-multiplier,D NO ISSUE DETECTED,Authored/expansion,phase5.2a-concept-expansion,,False,False,False,boss,macro
P52A-BANK-B3-003,deposit-creation-and-money-multiplier,D NO ISSUE DETECTED,Authored/expansion,phase5.2a-concept-expansion,,False,False,False,boss,macro
ECON-SP-EASYBOSS-2008,deposit-creation-and-money-multiplier,D NO ISSUE DETECTED,Other imported bank,stabilization-protocol,,False,False,False,boss,macro
ECON-SP-EASYBOSS-2011,deposit-creation-and-money-multiplier,D NO ISSUE DETECTED,Other imported bank,stabilization-protocol,,False,False,False,boss,macro
LG-Q-9102,deposit-creation-and-money-multiplier,C FACULTY-REVIEW CANDIDATE,Other imported bank,liquidity-grid,phaseM2c1-money-banking-fed-family-maturation-v1,False,False,False,legendaryBoss,macro
LG-Q-9109,deposit-creation-and-money-multiplier,D NO ISSUE DETECTED,Other imported bank,liquidity-grid,phaseM2c1-money-banking-fed-family-maturation-v1,False,False,False,legendaryBoss,macro
LG-Q-9112,deposit-creation-and-money-multiplier,D NO ISSUE DETECTED,Other imported bank,liquidity-grid,phaseM2c1-money-banking-fed-family-maturation-v1,False,False,False,legendaryBoss,macro
ECON-SP-CALCULATE-MONEY-MULTIPLIER-EFFECT-5008,deposit-creation-and-money-multiplier,A PROTECTED MATURE,Other imported bank,stabilization-protocol,,False,False,True,repair,macro
ECON-SP-DEPOSIT-CREATION-5070,deposit-creation-and-money-multiplier,A PROTECTED MATURE,Other imported bank,stabilization-protocol,,False,False,True,repair,macro
LG-R-5013,deposit-creation-and-money-multiplier,A PROTECTED MATURE,Other imported bank,liquidity-grid,phaseM2c1-money-banking-fed-family-maturation-v1,False,False,True,repair,macro
LG-R-5016,deposit-creation-and-money-multiplier,D NO ISSUE DETECTED,Other imported bank,liquidity-grid,,False,False,False,repair,macro
LG-R-5017,deposit-creation-and-money-multiplier,D NO ISSUE DETECTED,Other imported bank,liquidity-grid,,False,False,False,repair,macro
ECON-SP-CALCULATE-MONEY-MULTIPLIER-EFFECT-6006,deposit-creation-and-money-multiplier,A PROTECTED MATURE,Other imported bank,stabilization-protocol,phaseM2c1-money-banking-fed-family-maturation-v1,False,False,True,bridge,macro
LG-B-6005,deposit-creation-and-money-multiplier,D NO ISSUE DETECTED,Other imported bank,liquidity-grid,,False,False,False,bridge,macro
ECON-SP-EASY-75,disinflation-and-policy,D NO ISSUE DETECTED,Other imported bank,stabilization-protocol,,False,False,False,main,macro
P52B-S1-DIS-E-001,disinflation-and-policy,D NO ISSUE DETECTED,Authored/expansion,phase5.2b-stage1-rescue,,False,False,False,main,macro
P52B-S1-DIS-E-002,disinflation-and-policy,D NO ISSUE DETECTED,Authored/expansion,phase5.2b-stage1-rescue,,False,False,False,main,macro
P52B-S1-DIS-E-003,disinflation-and-policy,D NO ISSUE DETECTED,Authored/expansion,phase5.2b-stage1-rescue,,False,False,False,main,macro
PM2A-DIS-E-001,disinflation-and-policy,D NO ISSUE DETECTED,Authored/expansion,macro-m2a-phillips-family,phaseM2a-phillips-disinflation-family-maturation-v1,False,False,False,easy,macro
PM2A-DIS-E-002,disinflation-and-policy,D NO ISSUE DETECTED,Authored/expansion,macro-m2a-phillips-family,phaseM2a-phillips-disinflation-family-maturation-v1,False,False,False,easy,macro
ECON-SP-HARD-256,disinflation-and-policy,D NO ISSUE DETECTED,Other imported bank,stabilization-protocol,,False,False,False,main,macro
ECON-SP-MEDIUM-157,disinflation-and-policy,D NO ISSUE DETECTED,Other imported bank,stabilization-protocol,,False,False,False,main,macro
ECON-SP-MEDIUM-165,disinflation-and-policy,D NO ISSUE DETECTED,Other imported bank,stabilization-protocol,,False,False,False,main,macro
PM2A-DIS-M-003,disinflation-and-policy,D NO ISSUE DETECTED,Authored/expansion,macro-m2a-phillips-family,phaseM2a-phillips-disinflation-family-maturation-v1,False,False,False,medium,macro
PM2A-DIS-M-004,disinflation-and-policy,D NO ISSUE DETECTED,Authored/expansion,macro-m2a-phillips-family,phaseM2a-phillips-disinflation-family-maturation-v1,False,False,False,medium,macro
PM2A-DIS-M-005,disinflation-and-policy,D NO ISSUE DETECTED,Authored/expansion,macro-m2a-phillips-family,phaseM2a-phillips-disinflation-family-maturation-v1,False,False,False,medium,macro
PM2A-DIS-M-006,disinflation-and-policy,D NO ISSUE DETECTED,Authored/expansion,macro-m2a-phillips-family,phaseM2a-phillips-disinflation-family-maturation-v1,False,False,False,medium,macro
ECON-SP-HARD-247,disinflation-and-policy,D NO ISSUE DETECTED,Other imported bank,stabilization-protocol,,False,False,False,main,macro
ECON-SP-HARD-237,disinflation-and-policy,D NO ISSUE DETECTED,Other imported bank,stabilization-protocol,,False,False,False,main,macro
P52B-S1-DIS-H-001,disinflation-and-policy,D NO ISSUE DETECTED,Authored/expansion,phase5.2b-stage1-rescue,,False,False,False,main,macro
PM2A-DIS-H-007,disinflation-and-policy,D NO ISSUE DETECTED,Authored/expansion,macro-m2a-phillips-family,phaseM2a-phillips-disinflation-family-maturation-v1,False,False,False,hard,macro
PM2A-DIS-H-008,disinflation-and-policy,D NO ISSUE DETECTED,Authored/expansion,macro-m2a-phillips-family,phaseM2a-phillips-disinflation-family-maturation-v1,False,False,False,hard,macro
ECON-SP-ELITE-324,disinflation-and-policy,D NO ISSUE DETECTED,Other imported bank,stabilization-protocol,,False,False,False,elite,macro
ECON-SP-ELITE-349,disinflation-and-policy,D NO ISSUE DETECTED,Other imported bank,stabilization-protocol,,False,False,False,elite,macro
P52B-S1-DIS-L-001,disinflation-and-policy,D NO ISSUE DETECTED,Authored/expansion,phase5.2b-stage1-rescue,,False,False,False,legendary,macro
PM2A-DIS-L-010,disinflation-and-policy,D NO ISSUE DETECTED,Authored/expansion,macro-m2a-phillips-family,phaseM2a-phillips-disinflation-family-maturation-v1,False,False,False,legendary,macro
PM2A-DIS-L-011,disinflation-and-policy,D NO ISSUE DETECTED,Authored/expansion,macro-m2a-phillips-family,phaseM2a-phillips-disinflation-family-maturation-v1,False,False,False,legendary,macro
ECON-SP-LEGENDARY-9008,disinflation-and-policy,D NO ISSUE DETECTED,Other imported bank,stabilization-protocol,,False,False,False,legendary,macro
ECON-SP-LEGENDARY-9047,disinflation-and-policy,D NO ISSUE DETECTED,Other imported bank,stabilization-protocol,,False,False,False,legendary,macro
PM2A-DIS-L-009,disinflation-and-policy,D NO ISSUE DETECTED,Authored/expansion,macro-m2a-phillips-family,phaseM2a-phillips-disinflation-family-maturation-v1,False,False,False,legendary,macro
ECON-SP-MEDIUMBOSS-3009,disinflation-and-policy,D NO ISSUE DETECTED,Other imported bank,stabilization-protocol,,False,False,False,boss,macro
ECON-SP-MEDIUMBOSS-3010,disinflation-and-policy,D NO ISSUE DETECTED,Other imported bank,stabilization-protocol,,False,False,False,boss,macro
P52B-S1-DIS-B3-001,disinflation-and-policy,D NO ISSUE DETECTED,Authored/expansion,phase5.2b-stage1-rescue,,False,False,False,boss,macro
PM2A-DIS-EB-012,disinflation-and-policy,D NO ISSUE DETECTED,Authored/expansion,macro-m2a-phillips-family,phaseM2a-phillips-disinflation-family-maturation-v1,False,False,False,boss,macro
PM2A-DIS-EB-013,disinflation-and-policy,D NO ISSUE DETECTED,Authored/expansion,macro-m2a-phillips-family,phaseM2a-phillips-disinflation-family-maturation-v1,False,False,False,boss,macro
PM2A-DIS-EB-014,disinflation-and-policy,D NO ISSUE DETECTED,Authored/expansion,macro-m2a-phillips-family,phaseM2a-phillips-disinflation-family-maturation-v1,False,False,False,boss,macro
PM2A-DIS-FB-016,disinflation-and-policy,D NO ISSUE DETECTED,Authored/expansion,macro-m2a-phillips-family,phaseM2a-phillips-disinflation-family-maturation-v1,False,False,False,boss,macro
PM2A-DIS-FB-017,disinflation-and-policy,D NO ISSUE DETECTED,Authored/expansion,macro-m2a-phillips-family,phaseM2a-phillips-disinflation-family-maturation-v1,False,False,False,boss,macro
PM2A-DIS-MB-015,disinflation-and-policy,D NO ISSUE DETECTED,Authored/expansion,macro-m2a-phillips-family,phaseM2a-phillips-disinflation-family-maturation-v1,False,False,False,boss,macro
PM2A-DIS-LB-018,disinflation-and-policy,D NO ISSUE DETECTED,Authored/expansion,macro-m2a-phillips-family,phaseM2a-phillips-disinflation-family-maturation-v1,False,False,False,legendaryBoss,macro
PM2A-DIS-LB-019,disinflation-and-policy,D NO ISSUE DETECTED,Authored/expansion,macro-m2a-phillips-family,phaseM2a-phillips-disinflation-family-maturation-v1,False,False,False,legendaryBoss,macro
PM2A-DIS-LB-020,disinflation-and-policy,D NO ISSUE DETECTED,Authored/expansion,macro-m2a-phillips-family,phaseM2a-phillips-disinflation-family-maturation-v1,False,False,False,legendaryBoss,macro
ECON-SP-DISINFLATION-UNEMPLOYMENT-COST-5057,disinflation-and-policy,D NO ISSUE DETECTED,Other imported bank,stabilization-protocol,phaseM2a-phillips-disinflation-family-maturation-v1,False,False,False,repair,macro
ECON-SP-MONETARY-POLICY-PC-TRANSITION-5056,disinflation-and-policy,D NO ISSUE DETECTED,Other imported bank,stabilization-protocol,phaseM2a-phillips-disinflation-family-maturation-v1,False,False,False,repair,macro
ECON-SP-DISINFLATION-UNEMPLOYMENT-COST-6048,disinflation-and-policy,D NO ISSUE DETECTED,Other imported bank,stabilization-protocol,phaseM2a-phillips-disinflation-family-maturation-v1,False,False,False,bridge,macro
ECON-SP-MONETARY-POLICY-PC-TRANSITION-6047,disinflation-and-policy,D NO ISSUE DETECTED,Other imported bank,stabilization-protocol,phaseM2a-phillips-disinflation-family-maturation-v1,False,False,False,bridge,macro
PM2A-DIS-BR-021,disinflation-and-policy,D NO ISSUE DETECTED,Authored/expansion,macro-m2a-phillips-family,phaseM2a-phillips-disinflation-family-maturation-v1,False,False,False,bridge,macro
ECON-NL-EASY-58,economic-growth-policy,D NO ISSUE DETECTED,Other imported bank,national-ledger,,False,False,False,main,macro
ECON-NL-EASY-59,economic-growth-policy,D NO ISSUE DETECTED,Other imported bank,national-ledger,,False,False,False,main,macro
ECON-NL-EASY-60,economic-growth-policy,D NO ISSUE DETECTED,Other imported bank,national-ledger,,False,False,False,main,macro
P52B-S2-EGP-E-001,economic-growth-policy,D NO ISSUE DETECTED,Authored/expansion,phase5.2b-stage2-rescue,,False,False,False,main,macro
PM2B3-POL-E-001,economic-growth-policy,A PROTECTED MATURE,Authored/expansion,macro-m2b3-growth-productivity-family,phaseM2b3-growth-productivity-family-maturation-v1,False,False,True,easy,macro
PM2B3-POL-E-002,economic-growth-policy,A PROTECTED MATURE,Authored/expansion,macro-m2b3-growth-productivity-family,phaseM2b3-growth-productivity-family-maturation-v1,False,False,True,easy,macro
ECON-NL-HARD-257,economic-growth-policy,D NO ISSUE DETECTED,Other imported bank,national-ledger,,False,False,False,main,macro
ECON-NL-ELITE-356,economic-growth-policy,D NO ISSUE DETECTED,Other imported bank,national-ledger,,False,False,False,elite,macro
ECON-NL-MEDIUM-156,economic-growth-policy,D NO ISSUE DETECTED,Other imported bank,national-ledger,,False,False,False,main,macro
ECON-NL-MEDIUM-157,economic-growth-policy,D NO ISSUE DETECTED,Other imported bank,national-ledger,,False,False,False,main,macro
ECON-NL-MEDIUM-158,economic-growth-policy,D NO ISSUE DETECTED,Other imported bank,national-ledger,,False,False,False,main,macro
ECON-NL-MEDIUM-159,economic-growth-policy,D NO ISSUE DETECTED,Other imported bank,national-ledger,,False,False,False,main,macro
PM2B3-POL-M-001,economic-growth-policy,A PROTECTED MATURE,Authored/expansion,macro-m2b3-growth-productivity-family,phaseM2b3-growth-productivity-family-maturation-v1,False,False,True,medium,macro
PM2B3-POL-M-002,economic-growth-policy,A PROTECTED MATURE,Authored/expansion,macro-m2b3-growth-productivity-family,phaseM2b3-growth-productivity-family-maturation-v1,False,False,True,medium,macro
ECON-NL-HARD-258,economic-growth-policy,D NO ISSUE DETECTED,Other imported bank,national-ledger,,False,False,False,main,macro
ECON-NL-HARD-259,economic-growth-policy,D NO ISSUE DETECTED,Other imported bank,national-ledger,,False,False,False,main,macro
ECON-NL-ELITE-357,economic-growth-policy,D NO ISSUE DETECTED,Other imported bank,national-ledger,,False,False,False,elite,macro
ECON-NL-LEGENDARY-9061,economic-growth-policy,D NO ISSUE DETECTED,Other imported bank,national-ledger,,False,False,False,legendary,macro
ECON-NL-LEGENDARY-9064,economic-growth-policy,D NO ISSUE DETECTED,Other imported bank,national-ledger,,False,False,False,legendary,macro
ECON-NL-HARD-256,economic-growth-policy,D NO ISSUE DETECTED,Other imported bank,national-ledger,,False,False,False,main,macro
PM2B3-POL-H-001,economic-growth-policy,A PROTECTED MATURE,Authored/expansion,macro-m2b3-growth-productivity-family,phaseM2b3-growth-productivity-family-maturation-v1,False,False,True,hard,macro
PM2B3-POL-H-002,economic-growth-policy,A PROTECTED MATURE,Authored/expansion,macro-m2b3-growth-productivity-family,phaseM2b3-growth-productivity-family-maturation-v1,False,False,True,hard,macro
ECON-NL-ELITE-358,economic-growth-policy,D NO ISSUE DETECTED,Other imported bank,national-ledger,,False,False,False,elite,macro
PM2B3-POL-L-001,economic-growth-policy,A PROTECTED MATURE,Authored/expansion,macro-m2b3-growth-productivity-family,phaseM2b3-growth-productivity-family-maturation-v1,False,False,True,legendary,macro
PM2B3-POL-L-002,economic-growth-policy,A PROTECTED MATURE,Authored/expansion,macro-m2b3-growth-productivity-family,phaseM2b3-growth-productivity-family-maturation-v1,False,False,True,legendary,macro
ECON-NL-ELITE-359,economic-growth-policy,D NO ISSUE DETECTED,Other imported bank,national-ledger,,False,False,False,elite,macro
ECON-NL-LEGENDARY-9060,economic-growth-policy,D NO ISSUE DETECTED,Other imported bank,national-ledger,,False,False,False,legendary,macro
ECON-NL-LEGENDARY-9062,economic-growth-policy,D NO ISSUE DETECTED,Other imported bank,national-ledger,,False,False,False,legendary,macro
ECON-NL-LEGENDARY-9063,economic-growth-policy,D NO ISSUE DETECTED,Other imported bank,national-ledger,,False,False,False,legendary,macro
ECON-NL-MEDIUMBOSS-3027,economic-growth-policy,D NO ISSUE DETECTED,Other imported bank,national-ledger,,False,False,False,boss,macro
ECON-NL-MEDIUMBOSS-3028,economic-growth-policy,D NO ISSUE DETECTED,Other imported bank,national-ledger,,False,False,False,boss,macro
ECON-NL-MEDIUMBOSS-3029,economic-growth-policy,D NO ISSUE DETECTED,Other imported bank,national-ledger,,False,False,False,boss,macro
ECON-NL-MEDIUMBOSS-3030,economic-growth-policy,D NO ISSUE DETECTED,Other imported bank,national-ledger,,False,False,False,boss,macro
ECON-NL-MEDIUMBOSS-3031,economic-growth-policy,D NO ISSUE DETECTED,Other imported bank,national-ledger,,False,False,False,boss,macro
ECON-NL-MEDIUMBOSS-3032,economic-growth-policy,D NO ISSUE DETECTED,Other imported bank,national-ledger,,False,False,False,boss,macro
ECON-NL-MEDIUMBOSS-3033,economic-growth-policy,D NO ISSUE DETECTED,Other imported bank,national-ledger,,False,False,False,boss,macro
ECON-NL-MEDIUMBOSS-3034,economic-growth-policy,D NO ISSUE DETECTED,Other imported bank,national-ledger,,False,False,False,boss,macro
ECON-NL-MEDIUMBOSS-3035,economic-growth-policy,D NO ISSUE DETECTED,Other imported bank,national-ledger,,False,False,False,boss,macro
PM2B3-POL-EB-001,economic-growth-policy,A PROTECTED MATURE,Authored/expansion,macro-m2b3-growth-productivity-family,phaseM2b3-growth-productivity-family-maturation-v1,False,False,True,boss,macro
PM2B3-POL-EB-002,economic-growth-policy,A PROTECTED MATURE,Authored/expansion,macro-m2b3-growth-productivity-family,phaseM2b3-growth-productivity-family-maturation-v1,False,False,True,boss,macro
PM2B3-POL-EB-003,economic-growth-policy,A PROTECTED MATURE,Authored/expansion,macro-m2b3-growth-productivity-family,phaseM2b3-growth-productivity-family-maturation-v1,False,False,True,boss,macro
PM2B3-POL-FB-004,economic-growth-policy,A PROTECTED MATURE,Authored/expansion,macro-m2b3-growth-productivity-family,phaseM2b3-growth-productivity-family-maturation-v1,False,False,True,boss,macro
PM2B3-POL-FB-005,economic-growth-policy,A PROTECTED MATURE,Authored/expansion,macro-m2b3-growth-productivity-family,phaseM2b3-growth-productivity-family-maturation-v1,False,False,True,boss,macro
PM2B3-POL-FB-006,economic-growth-policy,A PROTECTED MATURE,Authored/expansion,macro-m2b3-growth-productivity-family,phaseM2b3-growth-productivity-family-maturation-v1,False,False,True,boss,macro
ECON-NL-LEGENDARYBOSS-9122,economic-growth-policy,D NO ISSUE DETECTED,Other imported bank,national-ledger,,False,False,False,legendaryBoss,macro
ECON-NL-LEGENDARYBOSS-9123,economic-growth-policy,D NO ISSUE DETECTED,Other imported bank,national-ledger,,False,False,False,legendaryBoss,macro
PM2B3-POL-LB-001,economic-growth-policy,A PROTECTED MATURE,Authored/expansion,macro-m2b3-growth-productivity-family,phaseM2b3-growth-productivity-family-maturation-v1,False,False,True,legendaryBoss,macro
ECON-NL-GROWTH-POLICY-5044,economic-growth-policy,D NO ISSUE DETECTED,Other imported bank,national-ledger,,False,False,False,repair,macro
ECON-NL-GROWTH-POLICY-5045,economic-growth-policy,D NO ISSUE DETECTED,Other imported bank,national-ledger,,False,False,False,repair,macro
ECON-NL-GROWTH-POLICY-6025,economic-growth-policy,D NO ISSUE DETECTED,Other imported bank,national-ledger,,False,False,False,bridge,macro
ECON-MG-EASY-35,economist-policy-role,A PROTECTED MATURE,Market Gate: documented later descendant,market-gate,phase7.7-general-economics-final-maturation-v1,True,True,False,main,general; macro; micro
P52B-EPOL-E-001,economist-policy-role,A PROTECTED MATURE,Authored/expansion,phase5.2b-minimum-coverage-rescue,phase7.7-general-economics-final-maturation-v1,False,True,False,main,general; macro; micro
P52B-EPOL-E-002,economist-policy-role,A PROTECTED MATURE,Authored/expansion,phase5.2b-minimum-coverage-rescue,phase7.7-general-economics-final-maturation-v1,False,True,False,main,general; macro; micro
P52B-EPOL-E-003,economist-policy-role,A PROTECTED MATURE,Authored/expansion,phase5.2b-minimum-coverage-rescue,phase7.7-general-economics-final-maturation-v1,False,True,False,main,general; macro; micro
P77-EPOL-E-002,economist-policy-role,A PROTECTED MATURE,Authored/expansion,general-economics-final-maturation,phaseQH7-principles-micro-human-read-curation-v1,False,True,False,easy,general; macro; micro
P77-EPOL-E-003,economist-policy-role,A PROTECTED MATURE,Authored/expansion,general-economics-final-maturation,phaseQH7-principles-micro-human-read-curation-v1,False,True,False,easy,general; macro; micro
P77-EPOL-E-004,economist-policy-role,A PROTECTED MATURE,Authored/expansion,general-economics-final-maturation,phaseQH7-principles-micro-human-read-curation-v1,False,True,False,easy,general; macro; micro
P77-EPOL-E-005,economist-policy-role,A PROTECTED MATURE,Authored/expansion,general-economics-final-maturation,phaseQH7-principles-micro-human-read-curation-v1,False,True,False,easy,general; macro; micro
P52B-EPOL-M-001,economist-policy-role,A PROTECTED MATURE,Authored/expansion,phase5.2b-minimum-coverage-rescue,phase7.7-general-economics-final-maturation-v1,False,True,False,main,general; macro; micro
P52B-EPOL-M-002,economist-policy-role,A PROTECTED MATURE,Authored/expansion,phase5.2b-minimum-coverage-rescue,phase7.7-general-economics-final-maturation-v1,False,True,False,main,general; macro; micro
P52B-EPOL-M-003,economist-policy-role,A PROTECTED MATURE,Authored/expansion,phase5.2b-minimum-coverage-rescue,phase7.7-general-economics-final-maturation-v1,False,True,False,main,general; macro; micro
P52B-EPOL-M-004,economist-policy-role,A PROTECTED MATURE,Authored/expansion,phase5.2b-minimum-coverage-rescue,phase7.7-general-economics-final-maturation-v1,False,True,False,main,general; macro; micro
P77-EPOL-M-006,economist-policy-role,A PROTECTED MATURE,Authored/expansion,general-economics-final-maturation,phaseQH7-principles-micro-human-read-curation-v1,False,True,False,medium,general; macro; micro
P77-EPOL-M-007,economist-policy-role,A PROTECTED MATURE,Authored/expansion,general-economics-final-maturation,phaseQH7-principles-micro-human-read-curation-v1,False,True,False,medium,general; macro; micro
P77-EPOL-M-008,economist-policy-role,A PROTECTED MATURE,Authored/expansion,general-economics-final-maturation,phaseQH7-principles-micro-human-read-curation-v1,False,True,False,medium,general; macro; micro
P77-EPOL-M-009,economist-policy-role,A PROTECTED MATURE,Authored/expansion,general-economics-final-maturation,phaseQH7-principles-micro-human-read-curation-v1,False,True,False,medium,general; macro; micro
P77-EPOL-H-011,economist-policy-role,A PROTECTED MATURE,Authored/expansion,general-economics-final-maturation,phaseQH7-principles-micro-human-read-curation-v1,False,True,False,main,general; macro; micro
P52B-EPOL-H-001,economist-policy-role,A PROTECTED MATURE,Authored/expansion,phase5.2b-minimum-coverage-rescue,phase7.7-general-economics-final-maturation-v1,False,True,False,main,general; macro; micro
P52B-EPOL-H-002,economist-policy-role,A PROTECTED MATURE,Authored/expansion,phase5.2b-minimum-coverage-rescue,phase7.7-general-economics-final-maturation-v1,False,True,False,main,general; macro; micro
P52B-EPOL-H-003,economist-policy-role,A PROTECTED MATURE,Authored/expansion,phase5.2b-minimum-coverage-rescue,phase7.7-general-economics-final-maturation-v1,False,True,False,main,general; macro; micro
P77-EPOL-H-010,economist-policy-role,A PROTECTED MATURE,Authored/expansion,general-economics-final-maturation,phaseQH7-principles-micro-human-read-curation-v1,False,True,False,hard,general; macro; micro
P77-EPOL-H-012,economist-policy-role,A PROTECTED MATURE,Authored/expansion,general-economics-final-maturation,phaseQH7-principles-micro-human-read-curation-v1,False,True,False,hard,general; macro; micro
P77-EPOL-H-013,economist-policy-role,A PROTECTED MATURE,Authored/expansion,general-economics-final-maturation,phaseQH7-principles-micro-human-read-curation-v1,False,True,False,hard,general; macro; micro
P77-EPOL-H-014,economist-policy-role,A PROTECTED MATURE,Authored/expansion,general-economics-final-maturation,phaseQH7-principles-micro-human-read-curation-v1,False,True,False,hard,general; macro; micro
P52B-EPOL-EL-002,economist-policy-role,A PROTECTED MATURE,Authored/expansion,phase5.2b-minimum-coverage-rescue,phase7.7-general-economics-final-maturation-v1,False,True,False,main,general; macro; micro
P52B-EPOL-EL-001,economist-policy-role,A PROTECTED MATURE,Authored/expansion,phase5.2b-minimum-coverage-rescue,phase7.7-general-economics-final-maturation-v1,False,True,False,elite,general; macro; micro
P77-EPOL-EL-015,economist-policy-role,A PROTECTED MATURE,Authored/expansion,general-economics-final-maturation,phaseQH7-principles-micro-human-read-curation-v1,False,True,False,elite,general; macro; micro
P52B-EPOL-L-001,economist-policy-role,A PROTECTED MATURE,Authored/expansion,phase5.2b-minimum-coverage-rescue,,False,True,False,legendary,general; macro; micro
P52B-EPOL-L-002,economist-policy-role,A PROTECTED MATURE,Authored/expansion,phase5.2b-minimum-coverage-rescue,,False,True,False,legendary,general; macro; micro
P52B-EPOL-L-003,economist-policy-role,A PROTECTED MATURE,Authored/expansion,phase5.2b-minimum-coverage-rescue,,False,True,False,legendary,general; macro; micro
P77-EPOL-L-016,economist-policy-role,A PROTECTED MATURE,Authored/expansion,general-economics-final-maturation,phaseQH7-principles-micro-human-read-curation-v1,False,True,False,legendary,general; macro; micro
P77-EPOL-L-017,economist-policy-role,A PROTECTED MATURE,Authored/expansion,general-economics-final-maturation,phaseQH7-principles-micro-human-read-curation-v1,False,True,False,legendary,general; macro; micro
P77-EPOL-L-018,economist-policy-role,A PROTECTED MATURE,Authored/expansion,general-economics-final-maturation,phaseQH7-principles-micro-human-read-curation-v1,False,True,False,legendary,general; macro; micro
P77-EPOL-L-019,economist-policy-role,A PROTECTED MATURE,Authored/expansion,general-economics-final-maturation,phaseQH7-principles-micro-human-read-curation-v1,False,True,False,legendary,general; macro; micro
P77-EPOL-L-020,economist-policy-role,A PROTECTED MATURE,Authored/expansion,general-economics-final-maturation,phaseQH7-principles-micro-human-read-curation-v1,False,True,False,legendary,general; macro; micro
P77-EPOL-L-021,economist-policy-role,A PROTECTED MATURE,Authored/expansion,general-economics-final-maturation,phaseQH7-principles-micro-human-read-curation-v1,False,True,False,legendary,general; macro; micro
P77-EPOL-L-022,economist-policy-role,A PROTECTED MATURE,Authored/expansion,general-economics-final-maturation,phaseQH7-principles-micro-human-read-curation-v1,False,True,False,legendary,general; macro; micro
P77-EPOL-EASYB-023,economist-policy-role,A PROTECTED MATURE,Authored/expansion,general-economics-final-maturation,phaseQH7-principles-micro-human-read-curation-v1,False,True,False,boss,general; macro; micro
P77-EPOL-EASYB-024,economist-policy-role,A PROTECTED MATURE,Authored/expansion,general-economics-final-maturation,phaseQH7-principles-micro-human-read-curation-v1,False,True,False,boss,general; macro; micro
P77-EPOL-EASYB-025,economist-policy-role,A PROTECTED MATURE,Authored/expansion,general-economics-final-maturation,phaseQH7-principles-micro-human-read-curation-v1,False,True,False,boss,general; macro; micro
P77-EPOL-FINALB-029,economist-policy-role,A PROTECTED MATURE,Authored/expansion,general-economics-final-maturation,phaseQH7-principles-micro-human-read-curation-v1,False,True,False,boss,general; macro; micro
P77-EPOL-FINALB-030,economist-policy-role,A PROTECTED MATURE,Authored/expansion,general-economics-final-maturation,phaseQH7-principles-micro-human-read-curation-v1,False,True,False,boss,general; macro; micro
P77-EPOL-FINALB-031,economist-policy-role,A PROTECTED MATURE,Authored/expansion,general-economics-final-maturation,phaseQH7-principles-micro-human-read-curation-v1,False,True,False,boss,general; macro; micro
P77-EPOL-MEDIUMB-026,economist-policy-role,A PROTECTED MATURE,Authored/expansion,general-economics-final-maturation,phaseQH7-principles-micro-human-read-curation-v1,False,True,False,boss,general; macro; micro
P77-EPOL-MEDIUMB-027,economist-policy-role,A PROTECTED MATURE,Authored/expansion,general-economics-final-maturation,phaseQH7-principles-micro-human-read-curation-v1,False,True,False,boss,general; macro; micro
P77-EPOL-MEDIUMB-028,economist-policy-role,A PROTECTED MATURE,Authored/expansion,general-economics-final-maturation,phaseQH7-principles-micro-human-read-curation-v1,False,True,False,boss,general; macro; micro
P77-EPOL-LB-032,economist-policy-role,A PROTECTED MATURE,Authored/expansion,general-economics-final-maturation,phaseQH7-principles-micro-human-read-curation-v1,False,True,False,legendaryBoss,general; macro; micro
P77-EPOL-LB-033,economist-policy-role,A PROTECTED MATURE,Authored/expansion,general-economics-final-maturation,phaseQH7-principles-micro-human-read-curation-v1,False,True,False,legendaryBoss,general; macro; micro
P77-EPOL-LB-034,economist-policy-role,A PROTECTED MATURE,Authored/expansion,general-economics-final-maturation,phaseQH7-principles-micro-human-read-curation-v1,False,True,False,legendaryBoss,general; macro; micro
P77-EPOL-LB-035,economist-policy-role,A PROTECTED MATURE,Authored/expansion,general-economics-final-maturation,phaseQH7-principles-micro-human-read-curation-v1,False,True,False,legendaryBoss,general; macro; micro
P52B-EPOL-R-001,economist-policy-role,A PROTECTED MATURE,Authored/expansion,phase5.2b-minimum-coverage-rescue,phase7.7-general-economics-final-maturation-v1,False,True,False,repair,general; macro; micro
P52B-EPOL-R-002,economist-policy-role,A PROTECTED MATURE,Authored/expansion,phase5.2b-minimum-coverage-rescue,phase7.7-general-economics-final-maturation-v1,False,True,False,repair,general; macro; micro
P77-EPOL-R-036,economist-policy-role,A PROTECTED MATURE,Authored/expansion,general-economics-final-maturation,phaseQH7-principles-micro-human-read-curation-v1,False,True,False,repair,general; macro; micro
P77-EPOL-R-037,economist-policy-role,A PROTECTED MATURE,Authored/expansion,general-economics-final-maturation,phaseQH7-principles-micro-human-read-curation-v1,False,True,False,repair,general; macro; micro
P77-EPOL-R-038,economist-policy-role,A PROTECTED MATURE,Authored/expansion,general-economics-final-maturation,phaseQH7-principles-micro-human-read-curation-v1,False,True,False,repair,general; macro; micro
P77-EPOL-R-039,economist-policy-role,A PROTECTED MATURE,Authored/expansion,general-economics-final-maturation,phaseQH7-principles-micro-human-read-curation-v1,False,True,False,repair,general; macro; micro
ECON-MG-CORE-POLICY-30013,economist-policy-role,A PROTECTED MATURE,Market Gate: no later curation recorded,market-gate,,True,True,False,repairSeed,general; macro; micro
P52B-EPOL-BR-001,economist-policy-role,A PROTECTED MATURE,Authored/expansion,phase5.2b-minimum-coverage-rescue,phase7.7-general-economics-final-maturation-v1,False,True,False,bridge,general; macro; micro
P77-EPOL-BR-040,economist-policy-role,A PROTECTED MATURE,Authored/expansion,general-economics-final-maturation,phaseQH7-principles-micro-human-read-curation-v1,False,True,False,bridge,general; macro; micro
P77-EPOL-BR-041,economist-policy-role,A PROTECTED MATURE,Authored/expansion,general-economics-final-maturation,phaseQH7-principles-micro-human-read-curation-v1,False,True,False,bridge,general; macro; micro
P77-EPOL-BR-042,economist-policy-role,A PROTECTED MATURE,Authored/expansion,general-economics-final-maturation,phaseQH7-principles-micro-human-read-curation-v1,False,True,False,bridge,general; macro; micro
ECON-SP-EASY-53,fiscal-multipliers-and-crowding-out,D NO ISSUE DETECTED,Other imported bank,stabilization-protocol,,False,False,False,main,macro
ECON-SP-EASY-54,fiscal-multipliers-and-crowding-out,D NO ISSUE DETECTED,Other imported bank,stabilization-protocol,,False,False,False,main,macro
LG-Q-53,fiscal-multipliers-and-crowding-out,D NO ISSUE DETECTED,Other imported bank,liquidity-grid,,False,False,False,main,macro
LG-Q-54,fiscal-multipliers-and-crowding-out,D NO ISSUE DETECTED,Other imported bank,liquidity-grid,,False,False,False,main,macro
LG-Q-56,fiscal-multipliers-and-crowding-out,D NO ISSUE DETECTED,Other imported bank,liquidity-grid,,False,False,False,main,macro
LG-Q-58,fiscal-multipliers-and-crowding-out,D NO ISSUE DETECTED,Other imported bank,liquidity-grid,,False,False,False,main,macro
LG-Q-272,fiscal-multipliers-and-crowding-out,D NO ISSUE DETECTED,Other imported bank,liquidity-grid,,False,False,False,main,macro
LG-Q-273,fiscal-multipliers-and-crowding-out,D NO ISSUE DETECTED,Other imported bank,liquidity-grid,,False,False,False,main,macro
LG-Q-274,fiscal-multipliers-and-crowding-out,D NO ISSUE DETECTED,Other imported bank,liquidity-grid,,False,False,False,main,macro
LG-Q-276,fiscal-multipliers-and-crowding-out,D NO ISSUE DETECTED,Other imported bank,liquidity-grid,,False,False,False,main,macro
ECON-SP-MEDIUM-147,fiscal-multipliers-and-crowding-out,D NO ISSUE DETECTED,Other imported bank,stabilization-protocol,,False,False,False,main,macro
LG-Q-170,fiscal-multipliers-and-crowding-out,D NO ISSUE DETECTED,Other imported bank,liquidity-grid,,False,False,False,main,macro
LG-Q-174,fiscal-multipliers-and-crowding-out,D NO ISSUE DETECTED,Other imported bank,liquidity-grid,,False,False,False,main,macro
LG-Q-175,fiscal-multipliers-and-crowding-out,D NO ISSUE DETECTED,Other imported bank,liquidity-grid,,False,False,False,main,macro
LG-Q-176,fiscal-multipliers-and-crowding-out,D NO ISSUE DETECTED,Other imported bank,liquidity-grid,,False,False,False,main,macro
LG-Q-177,fiscal-multipliers-and-crowding-out,D NO ISSUE DETECTED,Other imported bank,liquidity-grid,,False,False,False,main,macro
LG-Q-178,fiscal-multipliers-and-crowding-out,D NO ISSUE DETECTED,Other imported bank,liquidity-grid,,False,False,False,main,macro
ECON-SP-HARD-229,fiscal-multipliers-and-crowding-out,D NO ISSUE DETECTED,Other imported bank,stabilization-protocol,,False,False,False,main,macro
LG-Q-373,fiscal-multipliers-and-crowding-out,D NO ISSUE DETECTED,Other imported bank,liquidity-grid,,False,False,False,elite,macro
ECON-SP-HARD-228,fiscal-multipliers-and-crowding-out,D NO ISSUE DETECTED,Other imported bank,stabilization-protocol,,False,False,False,main,macro
ECON-SP-ELITE-319,fiscal-multipliers-and-crowding-out,D NO ISSUE DETECTED,Other imported bank,stabilization-protocol,,False,False,False,elite,macro
ECON-SP-ELITE-346,fiscal-multipliers-and-crowding-out,D NO ISSUE DETECTED,Other imported bank,stabilization-protocol,,False,False,False,elite,macro
ECON-SP-ELITE-347,fiscal-multipliers-and-crowding-out,D NO ISSUE DETECTED,Other imported bank,stabilization-protocol,,False,False,False,elite,macro
LG-Q-370,fiscal-multipliers-and-crowding-out,D NO ISSUE DETECTED,Other imported bank,liquidity-grid,,False,False,False,elite,macro
LG-Q-371,fiscal-multipliers-and-crowding-out,D NO ISSUE DETECTED,Other imported bank,liquidity-grid,,False,False,False,elite,macro
LG-Q-372,fiscal-multipliers-and-crowding-out,D NO ISSUE DETECTED,Other imported bank,liquidity-grid,,False,False,False,elite,macro
LG-Q-374,fiscal-multipliers-and-crowding-out,D NO ISSUE DETECTED,Other imported bank,liquidity-grid,,False,False,False,elite,macro
LG-Q-376,fiscal-multipliers-and-crowding-out,D NO ISSUE DETECTED,Other imported bank,liquidity-grid,,False,False,False,elite,macro
LG-Q-377,fiscal-multipliers-and-crowding-out,D NO ISSUE DETECTED,Other imported bank,liquidity-grid,,False,False,False,elite,macro
ECON-SP-LEGENDARY-9023,fiscal-multipliers-and-crowding-out,D NO ISSUE DETECTED,Other imported bank,stabilization-protocol,,False,False,False,legendary,macro
ECON-SP-LEGENDARY-9024,fiscal-multipliers-and-crowding-out,D NO ISSUE DETECTED,Other imported bank,stabilization-protocol,,False,False,False,legendary,macro
LG-Q-9066,fiscal-multipliers-and-crowding-out,D NO ISSUE DETECTED,Other imported bank,liquidity-grid,,False,False,False,legendary,macro
LG-Q-9067,fiscal-multipliers-and-crowding-out,D NO ISSUE DETECTED,Other imported bank,liquidity-grid,,False,False,False,legendary,macro
LG-Q-9068,fiscal-multipliers-and-crowding-out,D NO ISSUE DETECTED,Other imported bank,liquidity-grid,,False,False,False,legendary,macro
LG-Q-9073,fiscal-multipliers-and-crowding-out,D NO ISSUE DETECTED,Other imported bank,liquidity-grid,,False,False,False,legendary,macro
PM2D2-MULT-L-001,fiscal-multipliers-and-crowding-out,D NO ISSUE DETECTED,Authored/expansion,macro-m2d2-fiscal-stabilization-family,phaseM2d2-fiscal-stabilization-family-maturation-v1,False,False,False,legendary,macro
PM2D2-MULT-L-002,fiscal-multipliers-and-crowding-out,D NO ISSUE DETECTED,Authored/expansion,macro-m2d2-fiscal-stabilization-family,phaseM2d2-fiscal-stabilization-family-maturation-v1,False,False,False,legendary,macro
ECON-SP-ELITE-320,fiscal-multipliers-and-crowding-out,D NO ISSUE DETECTED,Other imported bank,stabilization-protocol,,False,False,False,elite,macro
ECON-SP-EASY-55,fiscal-multipliers-and-crowding-out,D NO ISSUE DETECTED,Other imported bank,stabilization-protocol,,False,False,False,calculation,macro
ECON-SP-HARD-230,fiscal-multipliers-and-crowding-out,D NO ISSUE DETECTED,Other imported bank,stabilization-protocol,,False,False,False,calculation,macro
ECON-SP-HARD-231,fiscal-multipliers-and-crowding-out,D NO ISSUE DETECTED,Other imported bank,stabilization-protocol,,False,False,False,calculation,macro
ECON-SP-MEDIUM-146,fiscal-multipliers-and-crowding-out,D NO ISSUE DETECTED,Other imported bank,stabilization-protocol,,False,False,False,calculation,macro
LG-Q-171,fiscal-multipliers-and-crowding-out,D NO ISSUE DETECTED,Other imported bank,liquidity-grid,,False,False,False,calculation,macro
LG-Q-172,fiscal-multipliers-and-crowding-out,D NO ISSUE DETECTED,Other imported bank,liquidity-grid,,False,False,False,calculation,macro
LG-Q-173,fiscal-multipliers-and-crowding-out,D NO ISSUE DETECTED,Other imported bank,liquidity-grid,,False,False,False,calculation,macro
LG-Q-270,fiscal-multipliers-and-crowding-out,D NO ISSUE DETECTED,Other imported bank,liquidity-grid,,False,False,False,calculation,macro
LG-Q-271,fiscal-multipliers-and-crowding-out,D NO ISSUE DETECTED,Other imported bank,liquidity-grid,,False,False,False,calculation,macro
LG-Q-275,fiscal-multipliers-and-crowding-out,D NO ISSUE DETECTED,Other imported bank,liquidity-grid,,False,False,False,calculation,macro
LG-Q-55,fiscal-multipliers-and-crowding-out,D NO ISSUE DETECTED,Other imported bank,liquidity-grid,,False,False,False,calculation,macro
LG-Q-57,fiscal-multipliers-and-crowding-out,D NO ISSUE DETECTED,Other imported bank,liquidity-grid,,False,False,False,calculation,macro
LG-Q-4009,fiscal-multipliers-and-crowding-out,D NO ISSUE DETECTED,Other imported bank,liquidity-grid,,False,False,False,boss,macro
LG-Q-4010,fiscal-multipliers-and-crowding-out,D NO ISSUE DETECTED,Other imported bank,liquidity-grid,,False,False,False,boss,macro
LG-Q-4011,fiscal-multipliers-and-crowding-out,D NO ISSUE DETECTED,Other imported bank,liquidity-grid,,False,False,False,boss,macro
P52B-S4-FMCO-B1-001,fiscal-multipliers-and-crowding-out,D NO ISSUE DETECTED,Authored/expansion,phase5.2b-stage4-rescue,,False,False,False,boss,macro
P52B-S4-FMCO-B1-002,fiscal-multipliers-and-crowding-out,D NO ISSUE DETECTED,Authored/expansion,phase5.2b-stage4-rescue,,False,False,False,boss,macro
P52B-S4-FMCO-B1-003,fiscal-multipliers-and-crowding-out,D NO ISSUE DETECTED,Authored/expansion,phase5.2b-stage4-rescue,,False,False,False,boss,macro
P52B-S4-FMCO-B2-001,fiscal-multipliers-and-crowding-out,D NO ISSUE DETECTED,Authored/expansion,phase5.2b-stage4-rescue,,False,False,False,boss,macro
P52B-S4-FMCO-B2-002,fiscal-multipliers-and-crowding-out,D NO ISSUE DETECTED,Authored/expansion,phase5.2b-stage4-rescue,,False,False,False,boss,macro
P52B-S4-FMCO-B2-003,fiscal-multipliers-and-crowding-out,D NO ISSUE DETECTED,Authored/expansion,phase5.2b-stage4-rescue,,False,False,False,boss,macro
LG-Q-9133,fiscal-multipliers-and-crowding-out,D NO ISSUE DETECTED,Other imported bank,liquidity-grid,,False,False,False,legendaryBoss,macro
LG-Q-9134,fiscal-multipliers-and-crowding-out,D NO ISSUE DETECTED,Other imported bank,liquidity-grid,,False,False,False,legendaryBoss,macro
LG-Q-9141,fiscal-multipliers-and-crowding-out,D NO ISSUE DETECTED,Other imported bank,liquidity-grid,,False,False,False,legendaryBoss,macro
ECON-SP-CALCULATE-SPENDING-MULTIPLIER-5044,fiscal-multipliers-and-crowding-out,A PROTECTED MATURE,Other imported bank,stabilization-protocol,,False,False,True,repair,macro
ECON-SP-CROWDING-OUT-EFFECT-5045,fiscal-multipliers-and-crowding-out,A PROTECTED MATURE,Other imported bank,stabilization-protocol,,False,False,True,repair,macro
ECON-SP-FISCAL-POLICY-MAGNITUDE-5071,fiscal-multipliers-and-crowding-out,A PROTECTED MATURE,Other imported bank,stabilization-protocol,,False,False,True,repair,macro
ECON-SP-MULTIPLIER-EFFECT-5043,fiscal-multipliers-and-crowding-out,A PROTECTED MATURE,Other imported bank,stabilization-protocol,,False,False,True,repair,macro
ECON-SP-READ-MULTIPLIER-GRAPH-5090,fiscal-multipliers-and-crowding-out,A PROTECTED MATURE,Other imported bank,stabilization-protocol,,False,False,True,repair,macro
LG-R-5052,fiscal-multipliers-and-crowding-out,D NO ISSUE DETECTED,Other imported bank,liquidity-grid,,False,False,False,repair,macro
LG-R-5053,fiscal-multipliers-and-crowding-out,D NO ISSUE DETECTED,Other imported bank,liquidity-grid,,False,False,False,repair,macro
LG-R-5054,fiscal-multipliers-and-crowding-out,D NO ISSUE DETECTED,Other imported bank,liquidity-grid,,False,False,False,repair,macro
LG-R-5055,fiscal-multipliers-and-crowding-out,D NO ISSUE DETECTED,Other imported bank,liquidity-grid,,False,False,False,repair,macro
ECON-SP-CALCULATE-SPENDING-MULTIPLIER-6035,fiscal-multipliers-and-crowding-out,A PROTECTED MATURE,Other imported bank,stabilization-protocol,,False,False,True,bridge,macro
ECON-SP-CROWDING-OUT-EFFECT-6036,fiscal-multipliers-and-crowding-out,A PROTECTED MATURE,Other imported bank,stabilization-protocol,,False,False,True,bridge,macro
ECON-SP-MULTIPLIER-EFFECT-6034,fiscal-multipliers-and-crowding-out,A PROTECTED MATURE,Other imported bank,stabilization-protocol,,False,False,True,bridge,macro
LG-B-6022,fiscal-multipliers-and-crowding-out,D NO ISSUE DETECTED,Other imported bank,liquidity-grid,,False,False,False,bridge,macro
LG-B-6023,fiscal-multipliers-and-crowding-out,D NO ISSUE DETECTED,Other imported bank,liquidity-grid,,False,False,False,bridge,macro
ECON-SP-EASY-51,fiscal-policy-and-aggregate-demand,D NO ISSUE DETECTED,Other imported bank,stabilization-protocol,,False,False,False,main,macro
ECON-SP-EASY-52,fiscal-policy-and-aggregate-demand,D NO ISSUE DETECTED,Other imported bank,stabilization-protocol,,False,False,False,main,macro
LG-Q-49,fiscal-policy-and-aggregate-demand,D NO ISSUE DETECTED,Other imported bank,liquidity-grid,,False,False,False,main,macro
LG-Q-50,fiscal-policy-and-aggregate-demand,D NO ISSUE DETECTED,Other imported bank,liquidity-grid,,False,False,False,main,macro
LG-Q-51,fiscal-policy-and-aggregate-demand,D NO ISSUE DETECTED,Other imported bank,liquidity-grid,,False,False,False,main,macro
LG-Q-52,fiscal-policy-and-aggregate-demand,D NO ISSUE DETECTED,Other imported bank,liquidity-grid,,False,False,False,main,macro
ECON-SP-MEDIUM-151,fiscal-policy-and-aggregate-demand,D NO ISSUE DETECTED,Other imported bank,stabilization-protocol,,False,False,False,main,macro
ECON-SP-MEDIUM-152,fiscal-policy-and-aggregate-demand,D NO ISSUE DETECTED,Other imported bank,stabilization-protocol,,False,False,False,main,macro
LG-Q-164,fiscal-policy-and-aggregate-demand,D NO ISSUE DETECTED,Other imported bank,liquidity-grid,,False,False,False,main,macro
LG-Q-165,fiscal-policy-and-aggregate-demand,D NO ISSUE DETECTED,Other imported bank,liquidity-grid,,False,False,False,main,macro
LG-Q-166,fiscal-policy-and-aggregate-demand,D NO ISSUE DETECTED,Other imported bank,liquidity-grid,,False,False,False,main,macro
LG-Q-167,fiscal-policy-and-aggregate-demand,D NO ISSUE DETECTED,Other imported bank,liquidity-grid,,False,False,False,main,macro
LG-Q-168,fiscal-policy-and-aggregate-demand,D NO ISSUE DETECTED,Other imported bank,liquidity-grid,,False,False,False,main,macro
LG-Q-169,fiscal-policy-and-aggregate-demand,D NO ISSUE DETECTED,Other imported bank,liquidity-grid,,False,False,False,main,macro
P52A-FISCAD-H-001,fiscal-policy-and-aggregate-demand,D NO ISSUE DETECTED,Authored/expansion,phase5.2a-concept-expansion,,False,False,False,main,macro
P52A-FISCAD-H-002,fiscal-policy-and-aggregate-demand,D NO ISSUE DETECTED,Authored/expansion,phase5.2a-concept-expansion,,False,False,False,main,macro
P52A-FISCAD-H-004,fiscal-policy-and-aggregate-demand,D NO ISSUE DETECTED,Authored/expansion,phase5.2a-concept-expansion,,False,False,False,main,macro
P52A-FISCAD-H-006,fiscal-policy-and-aggregate-demand,D NO ISSUE DETECTED,Authored/expansion,phase5.2a-concept-expansion,,False,False,False,main,macro
LG-Q-379,fiscal-policy-and-aggregate-demand,D NO ISSUE DETECTED,Other imported bank,liquidity-grid,,False,False,False,elite,macro
P52A-FISCAD-L-006,fiscal-policy-and-aggregate-demand,D NO ISSUE DETECTED,Authored/expansion,phase5.2a-concept-expansion,,False,False,False,legendary,macro
P52A-FISCAD-H-003,fiscal-policy-and-aggregate-demand,D NO ISSUE DETECTED,Authored/expansion,phase5.2a-concept-expansion,,False,False,False,main,macro
P52A-FISCAD-H-005,fiscal-policy-and-aggregate-demand,D NO ISSUE DETECTED,Authored/expansion,phase5.2a-concept-expansion,,False,False,False,main,macro
ECON-SP-ELITE-345,fiscal-policy-and-aggregate-demand,D NO ISSUE DETECTED,Other imported bank,stabilization-protocol,,False,False,False,elite,macro
P52A-FISCAD-EL-001,fiscal-policy-and-aggregate-demand,D NO ISSUE DETECTED,Authored/expansion,phase5.2a-concept-expansion,,False,False,False,elite,macro
P52A-FISCAD-L-001,fiscal-policy-and-aggregate-demand,D NO ISSUE DETECTED,Authored/expansion,phase5.2a-concept-expansion,,False,False,False,legendary,macro
P52A-FISCAD-L-002,fiscal-policy-and-aggregate-demand,D NO ISSUE DETECTED,Authored/expansion,phase5.2a-concept-expansion,,False,False,False,legendary,macro
P52A-FISCAD-L-003,fiscal-policy-and-aggregate-demand,D NO ISSUE DETECTED,Authored/expansion,phase5.2a-concept-expansion,,False,False,False,legendary,macro
PM2D2-FISCAD-L-002,fiscal-policy-and-aggregate-demand,D NO ISSUE DETECTED,Authored/expansion,macro-m2d2-fiscal-stabilization-family,phaseM2d2-fiscal-stabilization-family-maturation-v1,False,False,False,legendary,macro
P52A-FISCAD-EL-002,fiscal-policy-and-aggregate-demand,A PROTECTED MATURE,Authored/expansion,phase5.2a-concept-expansion,,False,False,True,elite,macro
P52A-FISCAD-L-004,fiscal-policy-and-aggregate-demand,D NO ISSUE DETECTED,Authored/expansion,phase5.2a-concept-expansion,,False,False,False,legendary,macro
P52A-FISCAD-L-005,fiscal-policy-and-aggregate-demand,D NO ISSUE DETECTED,Authored/expansion,phase5.2a-concept-expansion,,False,False,False,legendary,macro
PM2D2-FISCAD-L-001,fiscal-policy-and-aggregate-demand,D NO ISSUE DETECTED,Authored/expansion,macro-m2d2-fiscal-stabilization-family,phaseM2d2-fiscal-stabilization-family-maturation-v1,False,False,False,legendary,macro
LG-Q-277,fiscal-policy-and-aggregate-demand,D NO ISSUE DETECTED,Other imported bank,liquidity-grid,,False,False,False,calculation,macro
LG-Q-4006,fiscal-policy-and-aggregate-demand,D NO ISSUE DETECTED,Other imported bank,liquidity-grid,,False,False,False,boss,macro
LG-Q-4007,fiscal-policy-and-aggregate-demand,D NO ISSUE DETECTED,Other imported bank,liquidity-grid,,False,False,False,boss,macro
LG-Q-4008,fiscal-policy-and-aggregate-demand,D NO ISSUE DETECTED,Other imported bank,liquidity-grid,,False,False,False,boss,macro
P52A-FISCAD-B1-001,fiscal-policy-and-aggregate-demand,D NO ISSUE DETECTED,Authored/expansion,phase5.2a-concept-expansion,,False,False,False,boss,macro
P52A-FISCAD-B1-002,fiscal-policy-and-aggregate-demand,D NO ISSUE DETECTED,Authored/expansion,phase5.2a-concept-expansion,,False,False,False,boss,macro
P52A-FISCAD-B1-003,fiscal-policy-and-aggregate-demand,D NO ISSUE DETECTED,Authored/expansion,phase5.2a-concept-expansion,,False,False,False,boss,macro
P52A-FISCAD-B2-001,fiscal-policy-and-aggregate-demand,D NO ISSUE DETECTED,Authored/expansion,phase5.2a-concept-expansion,,False,False,False,boss,macro
P52A-FISCAD-B2-002,fiscal-policy-and-aggregate-demand,A PROTECTED MATURE,Authored/expansion,phase5.2a-concept-expansion,,False,False,True,boss,macro
P52A-FISCAD-B2-003,fiscal-policy-and-aggregate-demand,D NO ISSUE DETECTED,Authored/expansion,phase5.2a-concept-expansion,,False,False,False,boss,macro
LG-Q-9142,fiscal-policy-and-aggregate-demand,D NO ISSUE DETECTED,Other imported bank,liquidity-grid,,False,False,False,legendaryBoss,macro
P52A-FISCAD-LB-001,fiscal-policy-and-aggregate-demand,D NO ISSUE DETECTED,Authored/expansion,phase5.2a-concept-expansion,,False,False,False,legendaryBoss,macro
P52A-FISCAD-LB-002,fiscal-policy-and-aggregate-demand,D NO ISSUE DETECTED,Authored/expansion,phase5.2a-concept-expansion,,False,False,False,legendaryBoss,macro
ECON-SP-FISCAL-POLICY-AD-SHIFT-5041,fiscal-policy-and-aggregate-demand,D NO ISSUE DETECTED,Other imported bank,stabilization-protocol,,False,False,False,repair,macro
ECON-SP-TAX-CUT-AD-5042,fiscal-policy-and-aggregate-demand,D NO ISSUE DETECTED,Other imported bank,stabilization-protocol,,False,False,False,repair,macro
LG-R-5048,fiscal-policy-and-aggregate-demand,D NO ISSUE DETECTED,Other imported bank,liquidity-grid,,False,False,False,repair,macro
LG-R-5049,fiscal-policy-and-aggregate-demand,D NO ISSUE DETECTED,Other imported bank,liquidity-grid,,False,False,False,repair,macro
LG-R-5050,fiscal-policy-and-aggregate-demand,D NO ISSUE DETECTED,Other imported bank,liquidity-grid,,False,False,False,repair,macro
LG-R-5051,fiscal-policy-and-aggregate-demand,D NO ISSUE DETECTED,Other imported bank,liquidity-grid,,False,False,False,repair,macro
ECON-SP-FISCAL-POLICY-AD-SHIFT-6032,fiscal-policy-and-aggregate-demand,A PROTECTED MATURE,Other imported bank,stabilization-protocol,,False,False,True,bridge,macro
ECON-SP-TAX-CUT-AD-6033,fiscal-policy-and-aggregate-demand,A PROTECTED MATURE,Other imported bank,stabilization-protocol,,False,False,True,bridge,macro
LG-B-6021,fiscal-policy-and-aggregate-demand,D NO ISSUE DETECTED,Other imported bank,liquidity-grid,,False,False,False,bridge,macro
ECON-SP-EASY-21,fisher-effect,D NO ISSUE DETECTED,Other imported bank,stabilization-protocol,,False,False,False,main,macro
LG-Q-31,fisher-effect,D NO ISSUE DETECTED,Other imported bank,liquidity-grid,,False,False,False,main,macro
LG-Q-72,fisher-effect,D NO ISSUE DETECTED,Other imported bank,liquidity-grid,,False,False,False,main,macro
LG-Q-74,fisher-effect,D NO ISSUE DETECTED,Other imported bank,liquidity-grid,,False,False,False,main,macro
LG-Q-75,fisher-effect,D NO ISSUE DETECTED,Other imported bank,liquidity-grid,,False,False,False,main,macro
PM2C2-FISH-E-001,fisher-effect,D NO ISSUE DETECTED,Authored/expansion,macro-m2c2-money-growth-inflation-neutrality-family,phaseM2c2-money-growth-inflation-neutrality-family-maturation-v1,False,False,False,easy,macro
PM2C2-FISH-E-002,fisher-effect,D NO ISSUE DETECTED,Authored/expansion,macro-m2c2-money-growth-inflation-neutrality-family,phaseM2c2-money-growth-inflation-neutrality-family-maturation-v1,False,False,False,easy,macro
LG-Q-141,fisher-effect,D NO ISSUE DETECTED,Other imported bank,liquidity-grid,,False,False,False,main,macro
PM2C2-FISH-M-001,fisher-effect,D NO ISSUE DETECTED,Authored/expansion,macro-m2c2-money-growth-inflation-neutrality-family,phaseM2c2-money-growth-inflation-neutrality-family-maturation-v1,False,False,False,medium,macro
PM2C2-FISH-M-002,fisher-effect,D NO ISSUE DETECTED,Authored/expansion,macro-m2c2-money-growth-inflation-neutrality-family,phaseM2c2-money-growth-inflation-neutrality-family-maturation-v1,False,False,False,medium,macro
PM2C2-FISH-M-003,fisher-effect,D NO ISSUE DETECTED,Authored/expansion,macro-m2c2-money-growth-inflation-neutrality-family,phaseM2c2-money-growth-inflation-neutrality-family-maturation-v1,False,False,False,medium,macro
PM2C2-FISH-H-001,fisher-effect,D NO ISSUE DETECTED,Authored/expansion,macro-m2c2-money-growth-inflation-neutrality-family,phaseM2c2-money-growth-inflation-neutrality-family-maturation-v1,False,False,False,hard,macro
PM2C2-FISH-H-003,fisher-effect,D NO ISSUE DETECTED,Authored/expansion,macro-m2c2-money-growth-inflation-neutrality-family,phaseM2c2-money-growth-inflation-neutrality-family-maturation-v1,False,False,False,hard,macro
ECON-SP-ELITE-306,fisher-effect,D NO ISSUE DETECTED,Other imported bank,stabilization-protocol,,False,False,False,elite,macro
PM2C2-FISH-L-002,fisher-effect,D NO ISSUE DETECTED,Authored/expansion,macro-m2c2-money-growth-inflation-neutrality-family,phaseM2c2-money-growth-inflation-neutrality-family-maturation-v1,False,False,False,legendary,macro
PM2C2-FISH-H-002,fisher-effect,D NO ISSUE DETECTED,Authored/expansion,macro-m2c2-money-growth-inflation-neutrality-family,phaseM2c2-money-growth-inflation-neutrality-family-maturation-v1,False,False,False,hard,macro
PM2C2-FISH-H-004,fisher-effect,D NO ISSUE DETECTED,Authored/expansion,macro-m2c2-money-growth-inflation-neutrality-family,phaseM2c2-money-growth-inflation-neutrality-family-maturation-v1,False,False,False,hard,macro
PM2C2-FISH-H-005,fisher-effect,D NO ISSUE DETECTED,Authored/expansion,macro-m2c2-money-growth-inflation-neutrality-family,phaseM2c2-money-growth-inflation-neutrality-family-maturation-v1,False,False,False,hard,macro
LG-Q-341,fisher-effect,D NO ISSUE DETECTED,Other imported bank,liquidity-grid,,False,False,False,elite,macro
LG-Q-342,fisher-effect,D NO ISSUE DETECTED,Other imported bank,liquidity-grid,,False,False,False,elite,macro
LG-Q-9036,fisher-effect,D NO ISSUE DETECTED,Other imported bank,liquidity-grid,,False,False,False,legendary,macro
LG-Q-9048,fisher-effect,D NO ISSUE DETECTED,Other imported bank,liquidity-grid,,False,False,False,legendary,macro
PM2C2-FISH-L-001,fisher-effect,D NO ISSUE DETECTED,Authored/expansion,macro-m2c2-money-growth-inflation-neutrality-family,phaseM2c2-money-growth-inflation-neutrality-family-maturation-v1,False,False,False,legendary,macro
LG-Q-9035,fisher-effect,D NO ISSUE DETECTED,Other imported bank,liquidity-grid,,False,False,False,legendary,macro
LG-Q-9047,fisher-effect,D NO ISSUE DETECTED,Other imported bank,liquidity-grid,,False,False,False,legendary,macro
ECON-SP-HARD-209,fisher-effect,D NO ISSUE DETECTED,Other imported bank,stabilization-protocol,,False,False,False,calculation,macro
ECON-SP-MEDIUM-115,fisher-effect,D NO ISSUE DETECTED,Other imported bank,stabilization-protocol,,False,False,False,calculation,macro
LG-Q-139,fisher-effect,D NO ISSUE DETECTED,Other imported bank,liquidity-grid,,False,False,False,calculation,macro
LG-Q-140,fisher-effect,D NO ISSUE DETECTED,Other imported bank,liquidity-grid,,False,False,False,calculation,macro
LG-Q-242,fisher-effect,D NO ISSUE DETECTED,Other imported bank,liquidity-grid,,False,False,False,calculation,macro
LG-Q-243,fisher-effect,D NO ISSUE DETECTED,Other imported bank,liquidity-grid,,False,False,False,calculation,macro
LG-Q-32,fisher-effect,D NO ISSUE DETECTED,Other imported bank,liquidity-grid,,False,False,False,calculation,macro
LG-Q-73,fisher-effect,D NO ISSUE DETECTED,Other imported bank,liquidity-grid,,False,False,False,calculation,macro
LG-Q-3006,fisher-effect,D NO ISSUE DETECTED,Other imported bank,liquidity-grid,,False,False,False,boss,macro
LG-Q-3007,fisher-effect,D NO ISSUE DETECTED,Other imported bank,liquidity-grid,,False,False,False,boss,macro
LG-Q-3008,fisher-effect,D NO ISSUE DETECTED,Other imported bank,liquidity-grid,,False,False,False,boss,macro
PM2C2-FISH-EB-001,fisher-effect,D NO ISSUE DETECTED,Authored/expansion,macro-m2c2-money-growth-inflation-neutrality-family,phaseM2c2-money-growth-inflation-neutrality-family-maturation-v1,False,False,False,boss,macro
PM2C2-FISH-EB-002,fisher-effect,D NO ISSUE DETECTED,Authored/expansion,macro-m2c2-money-growth-inflation-neutrality-family,phaseM2c2-money-growth-inflation-neutrality-family-maturation-v1,False,False,False,boss,macro
PM2C2-FISH-EB-003,fisher-effect,D NO ISSUE DETECTED,Authored/expansion,macro-m2c2-money-growth-inflation-neutrality-family,phaseM2c2-money-growth-inflation-neutrality-family-maturation-v1,False,False,False,boss,macro
PM2C2-FISH-FB-004,fisher-effect,D NO ISSUE DETECTED,Authored/expansion,macro-m2c2-money-growth-inflation-neutrality-family,phaseM2c2-money-growth-inflation-neutrality-family-maturation-v1,False,False,False,boss,macro
PM2C2-FISH-FB-005,fisher-effect,D NO ISSUE DETECTED,Authored/expansion,macro-m2c2-money-growth-inflation-neutrality-family,phaseM2c2-money-growth-inflation-neutrality-family-maturation-v1,False,False,False,boss,macro
PM2C2-FISH-FB-006,fisher-effect,D NO ISSUE DETECTED,Authored/expansion,macro-m2c2-money-growth-inflation-neutrality-family,phaseM2c2-money-growth-inflation-neutrality-family-maturation-v1,False,False,False,boss,macro
LG-Q-9117,fisher-effect,D NO ISSUE DETECTED,Other imported bank,liquidity-grid,phaseM2c2-money-growth-inflation-neutrality-family-maturation-v1,False,False,False,legendaryBoss,macro
LG-Q-9127,fisher-effect,D NO ISSUE DETECTED,Other imported bank,liquidity-grid,phaseM2c2-money-growth-inflation-neutrality-family-maturation-v1,False,False,False,legendaryBoss,macro
LG-Q-9128,fisher-effect,D NO ISSUE DETECTED,Other imported bank,liquidity-grid,phaseM2c2-money-growth-inflation-neutrality-family-maturation-v1,False,False,False,legendaryBoss,macro
ECON-SP-FISHER-EFFECT-5020,fisher-effect,D NO ISSUE DETECTED,Other imported bank,stabilization-protocol,phaseM2c2-money-growth-inflation-neutrality-family-maturation-v1,False,False,False,repair,macro
ECON-SP-NOMINAL-REAL-INTEREST-RATE-5083,fisher-effect,A PROTECTED MATURE,Other imported bank,stabilization-protocol,,False,False,True,repair,macro
LG-R-5032,fisher-effect,D NO ISSUE DETECTED,Other imported bank,liquidity-grid,,False,False,False,repair,macro
LG-R-5033,fisher-effect,D NO ISSUE DETECTED,Other imported bank,liquidity-grid,,False,False,False,repair,macro
ECON-SP-FISHER-EFFECT-6015,fisher-effect,A PROTECTED MATURE,Other imported bank,stabilization-protocol,,False,False,True,bridge,macro
LG-B-6013,fisher-effect,D NO ISSUE DETECTED,Other imported bank,liquidity-grid,,False,False,False,bridge,macro
PM2C2-FISH-BR-001,fisher-effect,D NO ISSUE DETECTED,Authored/expansion,macro-m2c2-money-growth-inflation-neutrality-family,phaseM2c2-money-growth-inflation-neutrality-family-maturation-v1,False,False,False,bridge,macro
PMOE-FX-E-001,foreign-exchange-market,D NO ISSUE DETECTED,Authored/expansion,macro-open-economy-authoring,phaseMacroOpenEconomy-v1,False,False,False,main,macro
PMOE-FX-E-002,foreign-exchange-market,D NO ISSUE DETECTED,Authored/expansion,macro-open-economy-authoring,phaseMacroOpenEconomy-v1,False,False,False,main,macro
PMOE-FX-E-003,foreign-exchange-market,D NO ISSUE DETECTED,Authored/expansion,macro-open-economy-authoring,phaseMacroOpenEconomy-v1,False,False,False,main,macro
PMOE-FX-E-004,foreign-exchange-market,D NO ISSUE DETECTED,Authored/expansion,macro-open-economy-authoring,phaseMacroOpenEconomy-v1,False,False,False,main,macro
PMOE-FX-E-005,foreign-exchange-market,D NO ISSUE DETECTED,Authored/expansion,macro-open-economy-authoring,phaseMacroOpenEconomy-v1,False,False,False,main,macro
PMOE-FX-E-006,foreign-exchange-market,D NO ISSUE DETECTED,Authored/expansion,macro-open-economy-authoring,phaseMacroOpenEconomy-v1,False,False,False,main,macro
PMOE-FX-M-001,foreign-exchange-market,D NO ISSUE DETECTED,Authored/expansion,macro-open-economy-authoring,phaseMacroOpenEconomy-v1,False,False,False,main,macro
PMOE-FX-M-002,foreign-exchange-market,D NO ISSUE DETECTED,Authored/expansion,macro-open-economy-authoring,phaseMacroOpenEconomy-v1,False,False,False,main,macro
PMOE-FX-M-003,foreign-exchange-market,D NO ISSUE DETECTED,Authored/expansion,macro-open-economy-authoring,phaseMacroOpenEconomy-v1,False,False,False,main,macro
PMOE-FX-M-004,foreign-exchange-market,D NO ISSUE DETECTED,Authored/expansion,macro-open-economy-authoring,phaseMacroOpenEconomy-v1,False,False,False,main,macro
PMOE-FX-M-005,foreign-exchange-market,D NO ISSUE DETECTED,Authored/expansion,macro-open-economy-authoring,phaseMacroOpenEconomy-v1,False,False,False,main,macro
PMOE-FX-M-006,foreign-exchange-market,D NO ISSUE DETECTED,Authored/expansion,macro-open-economy-authoring,phaseMacroOpenEconomy-v1,False,False,False,main,macro
PMOE-FX-H-001,foreign-exchange-market,D NO ISSUE DETECTED,Authored/expansion,macro-open-economy-authoring,phaseMacroOpenEconomy-v1,False,False,False,main,macro
PMOE-FX-H-002,foreign-exchange-market,D NO ISSUE DETECTED,Authored/expansion,macro-open-economy-authoring,phaseMacroOpenEconomy-v1,False,False,False,main,macro
PMOE-FX-H-003,foreign-exchange-market,D NO ISSUE DETECTED,Authored/expansion,macro-open-economy-authoring,phaseMacroOpenEconomy-v1,False,False,False,main,macro
PMOE-FX-H-004,foreign-exchange-market,D NO ISSUE DETECTED,Authored/expansion,macro-open-economy-authoring,phaseMacroOpenEconomy-v1,False,False,False,main,macro
PMOE-FX-H-005,foreign-exchange-market,D NO ISSUE DETECTED,Authored/expansion,macro-open-economy-authoring,phaseMacroOpenEconomy-v1,False,False,False,main,macro
PMOE-FX-H-006,foreign-exchange-market,D NO ISSUE DETECTED,Authored/expansion,macro-open-economy-authoring,phaseMacroOpenEconomy-v1,False,False,False,main,macro
PMOE-FX-EL-001,foreign-exchange-market,D NO ISSUE DETECTED,Authored/expansion,macro-open-economy-authoring,phaseMacroOpenEconomy-v1,False,False,False,elite,macro
PMOE-FX-EL-002,foreign-exchange-market,D NO ISSUE DETECTED,Authored/expansion,macro-open-economy-authoring,phaseMacroOpenEconomy-v1,False,False,False,elite,macro
PMOE-FX-L-001,foreign-exchange-market,D NO ISSUE DETECTED,Authored/expansion,macro-open-economy-authoring,phaseMacroOpenEconomy-v1,False,False,False,legendary,macro
PMOE-FX-L-002,foreign-exchange-market,D NO ISSUE DETECTED,Authored/expansion,macro-open-economy-authoring,phaseMacroOpenEconomy-v1,False,False,False,legendary,macro
PMOE-FX-L-003,foreign-exchange-market,D NO ISSUE DETECTED,Authored/expansion,macro-open-economy-authoring,phaseMacroOpenEconomy-v1,False,False,False,legendary,macro
PMOE-FX-L-004,foreign-exchange-market,D NO ISSUE DETECTED,Authored/expansion,macro-open-economy-authoring,phaseMacroOpenEconomy-v1,False,False,False,legendary,macro
PMOE-FX-L-005,foreign-exchange-market,D NO ISSUE DETECTED,Authored/expansion,macro-open-economy-authoring,phaseMacroOpenEconomy-v1,False,False,False,legendary,macro
PMOE-FX-L-006,foreign-exchange-market,D NO ISSUE DETECTED,Authored/expansion,macro-open-economy-authoring,phaseMacroOpenEconomy-v1,False,False,False,legendary,macro
PMOE-FX-B1-001,foreign-exchange-market,D NO ISSUE DETECTED,Authored/expansion,macro-open-economy-authoring,phaseMacroOpenEconomy-v1,False,False,False,boss,macro
PMOE-FX-B1-002,foreign-exchange-market,D NO ISSUE DETECTED,Authored/expansion,macro-open-economy-authoring,phaseMacroOpenEconomy-v1,False,False,False,boss,macro
PMOE-FX-B1-003,foreign-exchange-market,D NO ISSUE DETECTED,Authored/expansion,macro-open-economy-authoring,phaseMacroOpenEconomy-v1,False,False,False,boss,macro
PMOE-FX-B2-001,foreign-exchange-market,D NO ISSUE DETECTED,Authored/expansion,macro-open-economy-authoring,phaseMacroOpenEconomy-v1,False,False,False,boss,macro
PMOE-FX-B2-002,foreign-exchange-market,D NO ISSUE DETECTED,Authored/expansion,macro-open-economy-authoring,phaseMacroOpenEconomy-v1,False,False,False,boss,macro
PMOE-FX-B2-003,foreign-exchange-market,D NO ISSUE DETECTED,Authored/expansion,macro-open-economy-authoring,phaseMacroOpenEconomy-v1,False,False,False,boss,macro
PMOE-FX-B3-001,foreign-exchange-market,D NO ISSUE DETECTED,Authored/expansion,macro-open-economy-authoring,phaseMacroOpenEconomy-v1,False,False,False,boss,macro
PMOE-FX-B3-002,foreign-exchange-market,D NO ISSUE DETECTED,Authored/expansion,macro-open-economy-authoring,phaseMacroOpenEconomy-v1,False,False,False,boss,macro
PMOE-FX-B3-003,foreign-exchange-market,D NO ISSUE DETECTED,Authored/expansion,macro-open-economy-authoring,phaseMacroOpenEconomy-v1,False,False,False,boss,macro
PMOE-FX-LB-001,foreign-exchange-market,D NO ISSUE DETECTED,Authored/expansion,macro-open-economy-authoring,phaseMacroOpenEconomy-v1,False,False,False,legendaryBoss,macro
PMOE-FX-LB-002,foreign-exchange-market,D NO ISSUE DETECTED,Authored/expansion,macro-open-economy-authoring,phaseMacroOpenEconomy-v1,False,False,False,legendaryBoss,macro
PMOE-FX-LB-003,foreign-exchange-market,D NO ISSUE DETECTED,Authored/expansion,macro-open-economy-authoring,phaseMacroOpenEconomy-v1,False,False,False,legendaryBoss,macro
PMOE-FX-R-001,foreign-exchange-market,D NO ISSUE DETECTED,Authored/expansion,macro-open-economy-authoring,phaseMacroOpenEconomy-v1,False,False,False,repair,macro
PMOE-FX-BR-001,foreign-exchange-market,D NO ISSUE DETECTED,Authored/expansion,macro-open-economy-authoring,phaseMacroOpenEconomy-v1,False,False,False,bridge,macro
ECON-MG-EASY-10,gains-from-trade,A PROTECTED MATURE,Market Gate: documented later descendant,market-gate,phaseQH7-principles-micro-human-read-curation-v1,True,True,False,main,general; macro; micro
P52B-TRADE-E-001,gains-from-trade,A PROTECTED MATURE,Authored/expansion,phase5.2b-minimum-coverage-rescue,phase7.5-comparative-advantage-gains-trade-standalone-expansion-v1,False,True,False,main,general; macro; micro
P52B-TRADE-E-002,gains-from-trade,A PROTECTED MATURE,Authored/expansion,phase5.2b-minimum-coverage-rescue,phaseQH7-principles-micro-human-read-curation-v1,False,True,False,main,general; macro; micro
P52B-TRADE-E-003,gains-from-trade,A PROTECTED MATURE,Authored/expansion,phase5.2b-minimum-coverage-rescue,,False,True,False,main,general; macro; micro
P52B-TRADE-E-004,gains-from-trade,A PROTECTED MATURE,Authored/expansion,phase5.2b-minimum-coverage-rescue,,False,True,False,main,general; macro; micro
P52B-TRADE-E-005,gains-from-trade,A PROTECTED MATURE,Authored/expansion,phase5.2b-minimum-coverage-rescue,,False,True,False,main,general; macro; micro
P52B-TRADE-M-001,gains-from-trade,A PROTECTED MATURE,Authored/expansion,phase5.2b-minimum-coverage-rescue,,False,True,False,main,general; macro; micro
P52B-TRADE-M-002,gains-from-trade,A PROTECTED MATURE,Authored/expansion,phase5.2b-minimum-coverage-rescue,,False,True,False,main,general; macro; micro
P52B-TRADE-M-003,gains-from-trade,A PROTECTED MATURE,Authored/expansion,phase5.2b-minimum-coverage-rescue,,False,True,False,main,general; macro; micro
P52B-TRADE-M-004,gains-from-trade,A PROTECTED MATURE,Authored/expansion,phase5.2b-minimum-coverage-rescue,,False,True,False,main,general; macro; micro
P52B-TRADE-M-005,gains-from-trade,A PROTECTED MATURE,Authored/expansion,phase5.2b-minimum-coverage-rescue,,False,True,False,main,general; macro; micro
P52B-TRADE-M-006,gains-from-trade,A PROTECTED MATURE,Authored/expansion,phase5.2b-minimum-coverage-rescue,,False,True,False,main,general; macro; micro
P75-TRADE-M-007,gains-from-trade,A PROTECTED MATURE,Authored/expansion,phase7.5-comparative-advantage-gains-trade-standalone-expansion,phaseQH7-principles-micro-human-read-curation-v1,False,True,False,main,general; macro; micro
P75-TRADE-M-008,gains-from-trade,A PROTECTED MATURE,Authored/expansion,phase7.5-comparative-advantage-gains-trade-standalone-expansion,phase7.5-comparative-advantage-gains-trade-standalone-expansion-v1,False,True,False,main,general; macro; micro
P75-TRADE-M-009,gains-from-trade,A PROTECTED MATURE,Authored/expansion,phase7.5-comparative-advantage-gains-trade-standalone-expansion,phaseQH7-principles-micro-human-read-curation-v1,False,True,False,main,general; macro; micro
P75-TRADE-M-010,gains-from-trade,A PROTECTED MATURE,Authored/expansion,phase7.5-comparative-advantage-gains-trade-standalone-expansion,phase7.5-comparative-advantage-gains-trade-standalone-expansion-v1,False,True,False,main,general; macro; micro
P75-TRADE-M-011,gains-from-trade,A PROTECTED MATURE,Authored/expansion,phase7.5-comparative-advantage-gains-trade-standalone-expansion,phase7.5-comparative-advantage-gains-trade-standalone-expansion-v1,False,True,False,main,general; macro; micro
P75-TRADE-M-012,gains-from-trade,A PROTECTED MATURE,Authored/expansion,phase7.5-comparative-advantage-gains-trade-standalone-expansion,phaseQH7-principles-micro-human-read-curation-v1,False,True,False,main,general; macro; micro
P75-TRADE-L-011,gains-from-trade,A PROTECTED MATURE,Authored/expansion,phase7.5-comparative-advantage-gains-trade-standalone-expansion,phaseQH7-principles-micro-human-read-curation-v1,False,True,False,main,general; macro; micro
P52B-TRADE-H-003,gains-from-trade,A PROTECTED MATURE,Authored/expansion,phase5.2b-minimum-coverage-rescue,,False,True,False,main,general; macro; micro
P52B-TRADE-H-004,gains-from-trade,A PROTECTED MATURE,Authored/expansion,phase5.2b-minimum-coverage-rescue,,False,True,False,main,general; macro; micro
P52B-TRADE-H-005,gains-from-trade,A PROTECTED MATURE,Authored/expansion,phase5.2b-minimum-coverage-rescue,phaseQH7-principles-micro-human-read-curation-v1,False,True,False,main,general; macro; micro
P52B-TRADE-EL-002,gains-from-trade,A PROTECTED MATURE,Authored/expansion,phase5.2b-minimum-coverage-rescue,,False,True,False,main,general; macro; micro
P52B-TRADE-L-005,gains-from-trade,A PROTECTED MATURE,Authored/expansion,phase5.2b-minimum-coverage-rescue,,False,True,False,main,general; macro; micro
P52B-TRADE-L-006,gains-from-trade,A PROTECTED MATURE,Authored/expansion,phase5.2b-minimum-coverage-rescue,,False,True,False,main,general; macro; micro
P75-TRADE-L-027,gains-from-trade,A PROTECTED MATURE,Authored/expansion,phase7.5-comparative-advantage-gains-trade-standalone-expansion,phaseQH7-principles-micro-human-read-curation-v1,False,True,False,main,general; macro; micro
P75-TRADE-E-007,gains-from-trade,A PROTECTED MATURE,Authored/expansion,phase7.5-comparative-advantage-gains-trade-standalone-expansion,phase7.5-comparative-advantage-gains-trade-standalone-expansion-v1,False,True,False,main,general; macro; micro
P75-TRADE-E-008,gains-from-trade,A PROTECTED MATURE,Authored/expansion,phase7.5-comparative-advantage-gains-trade-standalone-expansion,phaseQH7-principles-micro-human-read-curation-v1,False,True,False,main,general; macro; micro
P75-TRADE-E-009,gains-from-trade,A PROTECTED MATURE,Authored/expansion,phase7.5-comparative-advantage-gains-trade-standalone-expansion,phase7.5-comparative-advantage-gains-trade-standalone-expansion-v1,False,True,False,main,general; macro; micro
P75-TRADE-E-010,gains-from-trade,A PROTECTED MATURE,Authored/expansion,phase7.5-comparative-advantage-gains-trade-standalone-expansion,phaseQH7-principles-micro-human-read-curation-v1,False,True,False,main,general; macro; micro
P75-TRADE-H-011,gains-from-trade,A PROTECTED MATURE,Authored/expansion,phase7.5-comparative-advantage-gains-trade-standalone-expansion,phaseQH7-principles-micro-human-read-curation-v1,False,True,False,main,general; macro; micro
P52B-TRADE-H-001,gains-from-trade,A PROTECTED MATURE,Authored/expansion,phase5.2b-minimum-coverage-rescue,,False,True,False,main,general; macro; micro
P52B-TRADE-H-002,gains-from-trade,A PROTECTED MATURE,Authored/expansion,phase5.2b-minimum-coverage-rescue,,False,True,False,main,general; macro; micro
P52B-TRADE-H-006,gains-from-trade,A PROTECTED MATURE,Authored/expansion,phase5.2b-minimum-coverage-rescue,phaseQH7-principles-micro-human-read-curation-v1,False,True,False,main,general; macro; micro
P75-TRADE-H-007,gains-from-trade,A PROTECTED MATURE,Authored/expansion,phase7.5-comparative-advantage-gains-trade-standalone-expansion,phase7.5-comparative-advantage-gains-trade-standalone-expansion-v1,False,True,False,main,general; macro; micro
P75-TRADE-H-008,gains-from-trade,A PROTECTED MATURE,Authored/expansion,phase7.5-comparative-advantage-gains-trade-standalone-expansion,phase7.5-comparative-advantage-gains-trade-standalone-expansion-v1,False,True,False,main,general; macro; micro
P75-TRADE-H-009,gains-from-trade,A PROTECTED MATURE,Authored/expansion,phase7.5-comparative-advantage-gains-trade-standalone-expansion,phaseQH7-principles-micro-human-read-curation-v1,False,True,False,main,general; macro; micro
P75-TRADE-H-010,gains-from-trade,A PROTECTED MATURE,Authored/expansion,phase7.5-comparative-advantage-gains-trade-standalone-expansion,phaseQH7-principles-micro-human-read-curation-v1,False,True,False,main,general; macro; micro
P75-TRADE-H-012,gains-from-trade,A PROTECTED MATURE,Authored/expansion,phase7.5-comparative-advantage-gains-trade-standalone-expansion,phaseQH7-principles-micro-human-read-curation-v1,False,True,False,main,general; macro; micro
P75-TRADE-L-014,gains-from-trade,A PROTECTED MATURE,Authored/expansion,phase7.5-comparative-advantage-gains-trade-standalone-expansion,phase7.5-comparative-advantage-gains-trade-standalone-expansion-v1,False,True,False,main,general; macro; micro
P75-TRADE-L-019,gains-from-trade,A PROTECTED MATURE,Authored/expansion,phase7.5-comparative-advantage-gains-trade-standalone-expansion,phaseQH7-principles-micro-human-read-curation-v1,False,True,False,main,general; macro; micro
P75-TRADE-L-020,gains-from-trade,A PROTECTED MATURE,Authored/expansion,phase7.5-comparative-advantage-gains-trade-standalone-expansion,phaseQH7-principles-micro-human-read-curation-v1,False,True,False,main,general; macro; micro
P75-TRADE-L-021,gains-from-trade,A PROTECTED MATURE,Authored/expansion,phase7.5-comparative-advantage-gains-trade-standalone-expansion,phaseQH7-principles-micro-human-read-curation-v1,False,True,False,main,general; macro; micro
P52B-TRADE-EL-003,gains-from-trade,A PROTECTED MATURE,Authored/expansion,phase5.2b-minimum-coverage-rescue,phaseQH7-principles-micro-human-read-curation-v1,False,True,False,main,general; macro; micro
P52B-TRADE-L-002,gains-from-trade,A PROTECTED MATURE,Authored/expansion,phase5.2b-minimum-coverage-rescue,,False,True,False,main,general; macro; micro
P52B-TRADE-L-003,gains-from-trade,A PROTECTED MATURE,Authored/expansion,phase5.2b-minimum-coverage-rescue,,False,True,False,main,general; macro; micro
P75-TRADE-L-022,gains-from-trade,A PROTECTED MATURE,Authored/expansion,phase7.5-comparative-advantage-gains-trade-standalone-expansion,phaseQH7-principles-micro-human-read-curation-v1,False,True,False,main,general; macro; micro
P52B-TRADE-EL-001,gains-from-trade,A PROTECTED MATURE,Authored/expansion,phase5.2b-minimum-coverage-rescue,,False,True,False,elite,general; macro; micro
P52B-TRADE-EL-004,gains-from-trade,A PROTECTED MATURE,Authored/expansion,phase5.2b-minimum-coverage-rescue,,False,True,False,elite,general; macro; micro
P75-TRADE-EL-005,gains-from-trade,A PROTECTED MATURE,Authored/expansion,phase7.5-comparative-advantage-gains-trade-standalone-expansion,phase7.5-comparative-advantage-gains-trade-standalone-expansion-v1,False,True,False,elite,general; macro; micro
P75-TRADE-EL-006,gains-from-trade,A PROTECTED MATURE,Authored/expansion,phase7.5-comparative-advantage-gains-trade-standalone-expansion,phase7.5-comparative-advantage-gains-trade-standalone-expansion-v1,False,True,False,elite,general; macro; micro
P52B-TRADE-L-001,gains-from-trade,A PROTECTED MATURE,Authored/expansion,phase5.2b-minimum-coverage-rescue,,False,True,False,legendary,general; macro; micro
P52B-TRADE-L-004,gains-from-trade,A PROTECTED MATURE,Authored/expansion,phase5.2b-minimum-coverage-rescue,,False,True,False,legendary,general; macro; micro
P75-TRADE-L-007,gains-from-trade,A PROTECTED MATURE,Authored/expansion,phase7.5-comparative-advantage-gains-trade-standalone-expansion,phase7.5-comparative-advantage-gains-trade-standalone-expansion-v1,False,True,False,legendary,general; macro; micro
P75-TRADE-L-008,gains-from-trade,A PROTECTED MATURE,Authored/expansion,phase7.5-comparative-advantage-gains-trade-standalone-expansion,phase7.5-comparative-advantage-gains-trade-standalone-expansion-v1,False,True,False,legendary,general; macro; micro
P75-TRADE-L-009,gains-from-trade,A PROTECTED MATURE,Authored/expansion,phase7.5-comparative-advantage-gains-trade-standalone-expansion,phase7.5-comparative-advantage-gains-trade-standalone-expansion-v1,False,True,False,legendary,general; macro; micro
P75-TRADE-L-010,gains-from-trade,A PROTECTED MATURE,Authored/expansion,phase7.5-comparative-advantage-gains-trade-standalone-expansion,phase7.5-comparative-advantage-gains-trade-standalone-expansion-v1,False,True,False,legendary,general; macro; micro
P75-TRADE-L-012,gains-from-trade,A PROTECTED MATURE,Authored/expansion,phase7.5-comparative-advantage-gains-trade-standalone-expansion,phase7.5-comparative-advantage-gains-trade-standalone-expansion-v1,False,True,False,legendary,general; macro; micro
P75-TRADE-L-013,gains-from-trade,A PROTECTED MATURE,Authored/expansion,phase7.5-comparative-advantage-gains-trade-standalone-expansion,phase7.5-comparative-advantage-gains-trade-standalone-expansion-v1,False,True,False,legendary,general; macro; micro
P75-TRADE-L-015,gains-from-trade,A PROTECTED MATURE,Authored/expansion,phase7.5-comparative-advantage-gains-trade-standalone-expansion,phaseQH7-principles-micro-human-read-curation-v1,False,True,False,legendary,general; macro; micro
P75-TRADE-L-016,gains-from-trade,A PROTECTED MATURE,Authored/expansion,phase7.5-comparative-advantage-gains-trade-standalone-expansion,phaseQH7-principles-micro-human-read-curation-v1,False,True,False,legendary,general; macro; micro
P75-TRADE-L-017,gains-from-trade,A PROTECTED MATURE,Authored/expansion,phase7.5-comparative-advantage-gains-trade-standalone-expansion,phaseQH7-principles-micro-human-read-curation-v1,False,True,False,legendary,general; macro; micro
P75-TRADE-L-018,gains-from-trade,A PROTECTED MATURE,Authored/expansion,phase7.5-comparative-advantage-gains-trade-standalone-expansion,phase7.5-comparative-advantage-gains-trade-standalone-expansion-v1,False,True,False,legendary,general; macro; micro
P75-TRADE-L-023,gains-from-trade,A PROTECTED MATURE,Authored/expansion,phase7.5-comparative-advantage-gains-trade-standalone-expansion,phaseQH7-principles-micro-human-read-curation-v1,False,True,False,legendary,general; macro; micro
P75-TRADE-L-024,gains-from-trade,A PROTECTED MATURE,Authored/expansion,phase7.5-comparative-advantage-gains-trade-standalone-expansion,phase7.5-comparative-advantage-gains-trade-standalone-expansion-v1,False,True,False,legendary,general; macro; micro
P75-TRADE-L-025,gains-from-trade,A PROTECTED MATURE,Authored/expansion,phase7.5-comparative-advantage-gains-trade-standalone-expansion,phase7.5-comparative-advantage-gains-trade-standalone-expansion-v1,False,True,False,legendary,general; macro; micro
P75-TRADE-L-026,gains-from-trade,A PROTECTED MATURE,Authored/expansion,phase7.5-comparative-advantage-gains-trade-standalone-expansion,phase7.5-comparative-advantage-gains-trade-standalone-expansion-v1,False,True,False,legendary,general; macro; micro
P52B-TRADE-B1-001,gains-from-trade,A PROTECTED MATURE,Authored/expansion,phase5.2b-minimum-coverage-rescue,,False,True,False,boss,general; macro; micro
P52B-TRADE-B1-002,gains-from-trade,A PROTECTED MATURE,Authored/expansion,phase5.2b-minimum-coverage-rescue,,False,True,False,boss,general; macro; micro
P52B-TRADE-B1-003,gains-from-trade,A PROTECTED MATURE,Authored/expansion,phase5.2b-minimum-coverage-rescue,,False,True,False,boss,general; macro; micro
P52B-TRADE-B2-001,gains-from-trade,A PROTECTED MATURE,Authored/expansion,phase5.2b-minimum-coverage-rescue,,False,True,False,boss,general; macro; micro
P52B-TRADE-B2-002,gains-from-trade,A PROTECTED MATURE,Authored/expansion,phase5.2b-minimum-coverage-rescue,,False,True,False,boss,general; macro; micro
P52B-TRADE-B2-003,gains-from-trade,A PROTECTED MATURE,Authored/expansion,phase5.2b-minimum-coverage-rescue,,False,True,False,boss,general; macro; micro
P52B-TRADE-B3-001,gains-from-trade,A PROTECTED MATURE,Authored/expansion,phase5.2b-minimum-coverage-rescue,,False,True,False,boss,general; macro; micro
P52B-TRADE-B3-002,gains-from-trade,A PROTECTED MATURE,Authored/expansion,phase5.2b-minimum-coverage-rescue,,False,True,False,boss,general; macro; micro
P52B-TRADE-B3-003,gains-from-trade,A PROTECTED MATURE,Authored/expansion,phase5.2b-minimum-coverage-rescue,,False,True,False,boss,general; macro; micro
P75-TRADE-EB-004,gains-from-trade,A PROTECTED MATURE,Authored/expansion,phase7.5-comparative-advantage-gains-trade-standalone-expansion,phaseQH7-principles-micro-human-read-curation-v1,False,True,False,boss,general; macro; micro
P75-TRADE-EB-005,gains-from-trade,A PROTECTED MATURE,Authored/expansion,phase7.5-comparative-advantage-gains-trade-standalone-expansion,phaseQH7-principles-micro-human-read-curation-v1,False,True,False,boss,general; macro; micro
P75-TRADE-FB-004,gains-from-trade,A PROTECTED MATURE,Authored/expansion,phase7.5-comparative-advantage-gains-trade-standalone-expansion,phase7.5-comparative-advantage-gains-trade-standalone-expansion-v1,False,True,False,boss,general; macro; micro
P75-TRADE-FB-005,gains-from-trade,A PROTECTED MATURE,Authored/expansion,phase7.5-comparative-advantage-gains-trade-standalone-expansion,phaseQH7-principles-micro-human-read-curation-v1,False,True,False,boss,general; macro; micro
P75-TRADE-MB-004,gains-from-trade,A PROTECTED MATURE,Authored/expansion,phase7.5-comparative-advantage-gains-trade-standalone-expansion,phase7.5-comparative-advantage-gains-trade-standalone-expansion-v1,False,True,False,boss,general; macro; micro
P75-TRADE-MB-005,gains-from-trade,A PROTECTED MATURE,Authored/expansion,phase7.5-comparative-advantage-gains-trade-standalone-expansion,phase7.5-comparative-advantage-gains-trade-standalone-expansion-v1,False,True,False,boss,general; macro; micro
P52B-TRADE-LB-001,gains-from-trade,A PROTECTED MATURE,Authored/expansion,phase5.2b-minimum-coverage-rescue,,False,True,False,legendaryBoss,general; macro; micro
P52B-TRADE-LB-002,gains-from-trade,A PROTECTED MATURE,Authored/expansion,phase5.2b-minimum-coverage-rescue,,False,True,False,legendaryBoss,general; macro; micro
P52B-TRADE-LB-003,gains-from-trade,A PROTECTED MATURE,Authored/expansion,phase5.2b-minimum-coverage-rescue,,False,True,False,legendaryBoss,general; macro; micro
P75-TRADE-LB-004,gains-from-trade,A PROTECTED MATURE,Authored/expansion,phase7.5-comparative-advantage-gains-trade-standalone-expansion,phase7.5-comparative-advantage-gains-trade-standalone-expansion-v1,False,True,False,legendaryBoss,general; macro; micro
P75-TRADE-LB-005,gains-from-trade,A PROTECTED MATURE,Authored/expansion,phase7.5-comparative-advantage-gains-trade-standalone-expansion,phase7.5-comparative-advantage-gains-trade-standalone-expansion-v1,False,True,False,legendaryBoss,general; macro; micro
P75-TRADE-LB-006,gains-from-trade,A PROTECTED MATURE,Authored/expansion,phase7.5-comparative-advantage-gains-trade-standalone-expansion,phase7.5-comparative-advantage-gains-trade-standalone-expansion-v1,False,True,False,legendaryBoss,general; macro; micro
P75-TRADE-LB-007,gains-from-trade,A PROTECTED MATURE,Authored/expansion,phase7.5-comparative-advantage-gains-trade-standalone-expansion,phase7.5-comparative-advantage-gains-trade-standalone-expansion-v1,False,True,False,legendaryBoss,general; macro; micro
P75-TRADE-LB-008,gains-from-trade,A PROTECTED MATURE,Authored/expansion,phase7.5-comparative-advantage-gains-trade-standalone-expansion,phase7.5-comparative-advantage-gains-trade-standalone-expansion-v1,False,True,False,legendaryBoss,general; macro; micro
P75-TRADE-LB-009,gains-from-trade,A PROTECTED MATURE,Authored/expansion,phase7.5-comparative-advantage-gains-trade-standalone-expansion,phase7.5-comparative-advantage-gains-trade-standalone-expansion-v1,False,True,False,legendaryBoss,general; macro; micro
P52B-TRADE-R-001,gains-from-trade,A PROTECTED MATURE,Authored/expansion,phase5.2b-minimum-coverage-rescue,,False,True,False,repair,general; macro; micro
P52B-TRADE-R-002,gains-from-trade,A PROTECTED MATURE,Authored/expansion,phase5.2b-minimum-coverage-rescue,,False,True,False,repair,general; macro; micro
P52B-TRADE-R-003,gains-from-trade,A PROTECTED MATURE,Authored/expansion,phase5.2b-minimum-coverage-rescue,,False,True,False,repair,general; macro; micro
P75-TRADE-R-004,gains-from-trade,A PROTECTED MATURE,Authored/expansion,phase7.5-comparative-advantage-gains-trade-standalone-expansion,phase7.5-comparative-advantage-gains-trade-standalone-expansion-v1,False,True,False,repair,general; macro; micro
P75-TRADE-R-005,gains-from-trade,A PROTECTED MATURE,Authored/expansion,phase7.5-comparative-advantage-gains-trade-standalone-expansion,phaseQH7-principles-micro-human-read-curation-v1,False,True,False,repair,general; macro; micro
P75-TRADE-R-006,gains-from-trade,A PROTECTED MATURE,Authored/expansion,phase7.5-comparative-advantage-gains-trade-standalone-expansion,phaseQH7-principles-micro-human-read-curation-v1,False,True,False,repair,general; macro; micro
P75-TRADE-R-007,gains-from-trade,A PROTECTED MATURE,Authored/expansion,phase7.5-comparative-advantage-gains-trade-standalone-expansion,phaseQH7-principles-micro-human-read-curation-v1,False,True,False,repair,general; macro; micro
P75-TRADE-R-008,gains-from-trade,A PROTECTED MATURE,Authored/expansion,phase7.5-comparative-advantage-gains-trade-standalone-expansion,phase7.5-comparative-advantage-gains-trade-standalone-expansion-v1,False,True,False,repair,general; macro; micro
ECON-MG-CORE-TRADE-30010,gains-from-trade,A PROTECTED MATURE,Market Gate: documented later descendant,market-gate,,True,True,False,repairSeed,general; macro; micro
P52B-TRADE-BR-001,gains-from-trade,A PROTECTED MATURE,Authored/expansion,phase5.2b-minimum-coverage-rescue,phase7.5-comparative-advantage-gains-trade-standalone-expansion-v1,False,True,False,bridge,general; macro; micro
P52B-TRADE-BR-002,gains-from-trade,A PROTECTED MATURE,Authored/expansion,phase5.2b-minimum-coverage-rescue,phase7.5-comparative-advantage-gains-trade-standalone-expansion-v1,False,True,False,bridge,general; macro; micro
P75-TRADE-BR-003,gains-from-trade,A PROTECTED MATURE,Authored/expansion,phase7.5-comparative-advantage-gains-trade-standalone-expansion,phaseQH7-principles-micro-human-read-curation-v1,False,True,False,bridge,general; macro; micro
P75-TRADE-BR-004,gains-from-trade,A PROTECTED MATURE,Authored/expansion,phase7.5-comparative-advantage-gains-trade-standalone-expansion,phase7.5-comparative-advantage-gains-trade-standalone-expansion-v1,False,True,False,bridge,general; macro; micro
P75-TRADE-BR-005,gains-from-trade,A PROTECTED MATURE,Authored/expansion,phase7.5-comparative-advantage-gains-trade-standalone-expansion,phaseQH7-principles-micro-human-read-curation-v1,False,True,False,bridge,general; macro; micro
P75-TRADE-BR-006,gains-from-trade,A PROTECTED MATURE,Authored/expansion,phase7.5-comparative-advantage-gains-trade-standalone-expansion,phaseQH7-principles-micro-human-read-curation-v1,False,True,False,bridge,general; macro; micro
ECON-NL-EASY-10,gdp-components,D NO ISSUE DETECTED,Other imported bank,national-ledger,,False,False,False,main,macro
ECON-NL-EASY-11,gdp-components,D NO ISSUE DETECTED,Other imported bank,national-ledger,,False,False,False,main,macro
ECON-NL-EASY-13,gdp-components,D NO ISSUE DETECTED,Other imported bank,national-ledger,,False,False,False,main,macro
ECON-NL-EASY-14,gdp-components,D NO ISSUE DETECTED,Other imported bank,national-ledger,,False,False,False,main,macro
ECON-NL-EASY-15,gdp-components,D NO ISSUE DETECTED,Other imported bank,national-ledger,,False,False,False,main,macro
PM2B1-GDPC-E-001,gdp-components,A PROTECTED MATURE,Authored/expansion,macro-m2b1-gdp-family,phaseM2b1-gdp-national-output-family-maturation-v1,False,False,True,easy,macro
ECON-NL-MEDIUM-110,gdp-components,D NO ISSUE DETECTED,Other imported bank,national-ledger,,False,False,False,main,macro
ECON-NL-MEDIUM-111,gdp-components,D NO ISSUE DETECTED,Other imported bank,national-ledger,,False,False,False,main,macro
ECON-NL-MEDIUM-114,gdp-components,D NO ISSUE DETECTED,Other imported bank,national-ledger,,False,False,False,main,macro
PM2B1-GDPC-M-001,gdp-components,D NO ISSUE DETECTED,Authored/expansion,macro-m2b1-gdp-family,phaseM2b1-gdp-national-output-family-maturation-v1,False,False,False,medium,macro
PM2B1-GDPC-M-002,gdp-components,A PROTECTED MATURE,Authored/expansion,macro-m2b1-gdp-family,phaseM2b1-gdp-national-output-family-maturation-v1,False,False,True,medium,macro
PM2B1-GDPC-M-003,gdp-components,D NO ISSUE DETECTED,Authored/expansion,macro-m2b1-gdp-family,phaseM2b1-gdp-national-output-family-maturation-v1,False,False,False,medium,macro
ECON-NL-ELITE-310,gdp-components,A PROTECTED MATURE,Other imported bank,national-ledger,,False,False,True,elite,macro
ECON-NL-LEGENDARY-9008,gdp-components,A PROTECTED MATURE,Other imported bank,national-ledger,,False,False,True,legendary,macro
ECON-NL-LEGENDARY-9021,gdp-components,A PROTECTED MATURE,Other imported bank,national-ledger,,False,False,True,legendary,macro
PM2B1-GDPC-H-002,gdp-components,A PROTECTED MATURE,Authored/expansion,macro-m2b1-gdp-family,phaseM2b1-gdp-national-output-family-maturation-v1,False,False,True,hard,macro
ECON-NL-HARD-210,gdp-components,D NO ISSUE DETECTED,Other imported bank,national-ledger,,False,False,False,main,macro
ECON-NL-HARD-211,gdp-components,D NO ISSUE DETECTED,Other imported bank,national-ledger,,False,False,False,main,macro
PM2B1-GDPC-H-001,gdp-components,A PROTECTED MATURE,Authored/expansion,macro-m2b1-gdp-family,phaseM2b1-gdp-national-output-family-maturation-v1,False,False,True,hard,macro
PM2B1-GDPC-H-003,gdp-components,A PROTECTED MATURE,Authored/expansion,macro-m2b1-gdp-family,phaseM2b1-gdp-national-output-family-maturation-v1,False,False,True,hard,macro
PM2B1-GDPC-H-004,gdp-components,A PROTECTED MATURE,Authored/expansion,macro-m2b1-gdp-family,phaseM2b1-gdp-national-output-family-maturation-v1,False,False,True,hard,macro
ECON-NL-ELITE-308,gdp-components,D NO ISSUE DETECTED,Other imported bank,national-ledger,,False,False,False,elite,macro
ECON-NL-ELITE-309,gdp-components,D NO ISSUE DETECTED,Other imported bank,national-ledger,,False,False,False,elite,macro
ECON-NL-ELITE-311,gdp-components,D NO ISSUE DETECTED,Other imported bank,national-ledger,,False,False,False,elite,macro
ECON-NL-ELITE-312,gdp-components,D NO ISSUE DETECTED,Other imported bank,national-ledger,,False,False,False,elite,macro
ECON-NL-LEGENDARY-9000,gdp-components,D NO ISSUE DETECTED,Other imported bank,national-ledger,,False,False,False,legendary,macro
ECON-NL-LEGENDARY-9004,gdp-components,D NO ISSUE DETECTED,Other imported bank,national-ledger,,False,False,False,legendary,macro
ECON-NL-LEGENDARY-9012,gdp-components,D NO ISSUE DETECTED,Other imported bank,national-ledger,,False,False,False,legendary,macro
ECON-NL-LEGENDARY-9017,gdp-components,D NO ISSUE DETECTED,Other imported bank,national-ledger,,False,False,False,legendary,macro
ECON-NL-EASY-12,gdp-components,D NO ISSUE DETECTED,Other imported bank,national-ledger,,False,False,False,calculation,macro
ECON-NL-HARD-208,gdp-components,D NO ISSUE DETECTED,Other imported bank,national-ledger,,False,False,False,calculation,macro
ECON-NL-HARD-209,gdp-components,D NO ISSUE DETECTED,Other imported bank,national-ledger,,False,False,False,calculation,macro
ECON-NL-HARD-212,gdp-components,D NO ISSUE DETECTED,Other imported bank,national-ledger,,False,False,False,calculation,macro
ECON-NL-MEDIUM-109,gdp-components,D NO ISSUE DETECTED,Other imported bank,national-ledger,,False,False,False,calculation,macro
ECON-NL-MEDIUM-112,gdp-components,D NO ISSUE DETECTED,Other imported bank,national-ledger,,False,False,False,calculation,macro
ECON-NL-MEDIUM-113,gdp-components,D NO ISSUE DETECTED,Other imported bank,national-ledger,,False,False,False,calculation,macro
ECON-EC-EASYBOSS-17008,gdp-components,D NO ISSUE DETECTED,Other imported bank,equilibrium-crisis,,False,False,False,boss,macro
ECON-EC-EASYBOSS-17019,gdp-components,D NO ISSUE DETECTED,Other imported bank,equilibrium-crisis,,False,False,False,boss,macro
ECON-EC-EASYBOSS-17020,gdp-components,D NO ISSUE DETECTED,Other imported bank,equilibrium-crisis,,False,False,False,boss,macro
ECON-NL-EASYBOSS-2006,gdp-components,D NO ISSUE DETECTED,Other imported bank,national-ledger,,False,False,False,boss,macro
ECON-NL-EASYBOSS-2007,gdp-components,D NO ISSUE DETECTED,Other imported bank,national-ledger,,False,False,False,boss,macro
ECON-NL-EASYBOSS-2008,gdp-components,D NO ISSUE DETECTED,Other imported bank,national-ledger,,False,False,False,boss,macro
ECON-NL-EASYBOSS-2009,gdp-components,D NO ISSUE DETECTED,Other imported bank,national-ledger,,False,False,False,boss,macro
ECON-NL-EASYBOSS-2010,gdp-components,D NO ISSUE DETECTED,Other imported bank,national-ledger,,False,False,False,boss,macro
ECON-NL-EASYBOSS-2011,gdp-components,D NO ISSUE DETECTED,Other imported bank,national-ledger,,False,False,False,boss,macro
PM2B1-GDPC-FB-004,gdp-components,A PROTECTED MATURE,Authored/expansion,macro-m2b1-gdp-family,phaseM2b1-gdp-national-output-family-maturation-v1,False,False,True,boss,macro
PM2B1-GDPC-FB-005,gdp-components,A PROTECTED MATURE,Authored/expansion,macro-m2b1-gdp-family,phaseM2b1-gdp-national-output-family-maturation-v1,False,False,True,boss,macro
PM2B1-GDPC-FB-006,gdp-components,A PROTECTED MATURE,Authored/expansion,macro-m2b1-gdp-family,phaseM2b1-gdp-national-output-family-maturation-v1,False,False,True,boss,macro
PM2B1-GDPC-MB-001,gdp-components,D NO ISSUE DETECTED,Authored/expansion,macro-m2b1-gdp-family,phaseM2b1-gdp-national-output-family-maturation-v1,False,False,False,boss,macro
PM2B1-GDPC-MB-002,gdp-components,D NO ISSUE DETECTED,Authored/expansion,macro-m2b1-gdp-family,phaseM2b1-gdp-national-output-family-maturation-v1,False,False,False,boss,macro
PM2B1-GDPC-MB-003,gdp-components,D NO ISSUE DETECTED,Authored/expansion,macro-m2b1-gdp-family,phaseM2b1-gdp-national-output-family-maturation-v1,False,False,False,boss,macro
ECON-NL-LEGENDARYBOSS-9100,gdp-components,A PROTECTED MATURE,Other imported bank,national-ledger,,False,False,True,legendaryBoss,macro
ECON-NL-LEGENDARYBOSS-9106,gdp-components,A PROTECTED MATURE,Other imported bank,national-ledger,,False,False,True,legendaryBoss,macro
PM2B1-GDPC-LB-001,gdp-components,A PROTECTED MATURE,Authored/expansion,macro-m2b1-gdp-family,phaseM2b1-gdp-national-output-family-maturation-v1,False,False,True,legendaryBoss,macro
ECON-NL-GDP-COMPONENTS-IDENTITY-5006,gdp-components,D NO ISSUE DETECTED,Other imported bank,national-ledger,,False,False,False,repair,macro
ECON-NL-GDP-COMPONENTS-IDENTITY-5007,gdp-components,D NO ISSUE DETECTED,Other imported bank,national-ledger,,False,False,False,repair,macro
ECON-NL-IMPORTS-EXPORTS-NX-5008,gdp-components,D NO ISSUE DETECTED,Other imported bank,national-ledger,,False,False,False,repair,macro
ECON-NL-IMPORTS-EXPORTS-NX-5009,gdp-components,D NO ISSUE DETECTED,Other imported bank,national-ledger,phaseM2b1-gdp-national-output-family-maturation-v1,False,False,False,repair,macro
ECON-NL-INVENTORY-INVESTMENT-5010,gdp-components,D NO ISSUE DETECTED,Other imported bank,national-ledger,,False,False,False,repair,macro
ECON-NL-GDP-COMPONENTS-IDENTITY-6003,gdp-components,A PROTECTED MATURE,Other imported bank,national-ledger,phaseM2b1-gdp-national-output-family-maturation-v1,False,False,True,bridge,macro
ECON-NL-IMPORTS-EXPORTS-NX-6004,gdp-components,A PROTECTED MATURE,Other imported bank,national-ledger,phaseM2b1-gdp-national-output-family-maturation-v1,False,False,True,bridge,macro
ECON-NL-INVENTORY-INVESTMENT-6005,gdp-components,A PROTECTED MATURE,Other imported bank,national-ledger,phaseM2b1-gdp-national-output-family-maturation-v1,False,False,True,bridge,macro
ECON-NL-EASY-1,gdp-measurement,D NO ISSUE DETECTED,Other imported bank,national-ledger,,False,False,False,main,macro
ECON-NL-EASY-2,gdp-measurement,D NO ISSUE DETECTED,Other imported bank,national-ledger,,False,False,False,main,macro
ECON-NL-EASY-3,gdp-measurement,D NO ISSUE DETECTED,Other imported bank,national-ledger,,False,False,False,main,macro
ECON-NL-EASY-5,gdp-measurement,D NO ISSUE DETECTED,Other imported bank,national-ledger,,False,False,False,main,macro
ECON-NL-EASY-6,gdp-measurement,D NO ISSUE DETECTED,Other imported bank,national-ledger,,False,False,False,main,macro
ECON-NL-EASY-7,gdp-measurement,A PROTECTED MATURE,Other imported bank,national-ledger,,False,False,True,main,macro
ECON-NL-EASY-9,gdp-measurement,D NO ISSUE DETECTED,Other imported bank,national-ledger,,False,False,False,main,macro
ECON-NL-HARD-202,gdp-measurement,D NO ISSUE DETECTED,Other imported bank,national-ledger,,False,False,False,main,macro
ECON-NL-ELITE-301,gdp-measurement,D NO ISSUE DETECTED,Other imported bank,national-ledger,,False,False,False,elite,macro
ECON-NL-MEDIUM-100,gdp-measurement,D NO ISSUE DETECTED,Other imported bank,national-ledger,,False,False,False,main,macro
ECON-NL-MEDIUM-102,gdp-measurement,D NO ISSUE DETECTED,Other imported bank,national-ledger,,False,False,False,main,macro
ECON-NL-MEDIUM-104,gdp-measurement,D NO ISSUE DETECTED,Other imported bank,national-ledger,,False,False,False,main,macro
ECON-NL-MEDIUM-106,gdp-measurement,D NO ISSUE DETECTED,Other imported bank,national-ledger,,False,False,False,main,macro
ECON-NL-MEDIUM-107,gdp-measurement,D NO ISSUE DETECTED,Other imported bank,national-ledger,,False,False,False,main,macro
ECON-NL-MEDIUM-108,gdp-measurement,D NO ISSUE DETECTED,Other imported bank,national-ledger,,False,False,False,main,macro
ECON-NL-LEGENDARY-9016,gdp-measurement,A PROTECTED MATURE,Other imported bank,national-ledger,,False,False,True,legendary,macro
ECON-NL-HARD-200,gdp-measurement,D NO ISSUE DETECTED,Other imported bank,national-ledger,,False,False,False,main,macro
ECON-NL-HARD-201,gdp-measurement,A PROTECTED MATURE,Other imported bank,national-ledger,,False,False,True,main,macro
ECON-NL-HARD-203,gdp-measurement,D NO ISSUE DETECTED,Other imported bank,national-ledger,,False,False,False,main,macro
ECON-NL-HARD-204,gdp-measurement,D NO ISSUE DETECTED,Other imported bank,national-ledger,,False,False,False,main,macro
ECON-NL-HARD-206,gdp-measurement,D NO ISSUE DETECTED,Other imported bank,national-ledger,,False,False,False,main,macro
ECON-NL-ELITE-305,gdp-measurement,D NO ISSUE DETECTED,Other imported bank,national-ledger,,False,False,False,elite,macro
ECON-NL-LEGENDARY-9020,gdp-measurement,D NO ISSUE DETECTED,Other imported bank,national-ledger,,False,False,False,legendary,macro
ECON-NL-HARD-207,gdp-measurement,A PROTECTED MATURE,Other imported bank,national-ledger,,False,False,True,main,macro
ECON-NL-ELITE-300,gdp-measurement,D NO ISSUE DETECTED,Other imported bank,national-ledger,,False,False,False,elite,macro
ECON-NL-ELITE-302,gdp-measurement,D NO ISSUE DETECTED,Other imported bank,national-ledger,,False,False,False,elite,macro
ECON-NL-ELITE-304,gdp-measurement,D NO ISSUE DETECTED,Other imported bank,national-ledger,,False,False,False,elite,macro
ECON-NL-ELITE-306,gdp-measurement,D NO ISSUE DETECTED,Other imported bank,national-ledger,,False,False,False,elite,macro
ECON-NL-ELITE-307,gdp-measurement,D NO ISSUE DETECTED,Other imported bank,national-ledger,,False,False,False,elite,macro
ECON-NL-LEGENDARY-9002,gdp-measurement,D NO ISSUE DETECTED,Other imported bank,national-ledger,,False,False,False,legendary,macro
ECON-NL-ELITE-303,gdp-measurement,D NO ISSUE DETECTED,Other imported bank,national-ledger,,False,False,False,elite,macro
ECON-NL-LEGENDARY-9001,gdp-measurement,D NO ISSUE DETECTED,Other imported bank,national-ledger,,False,False,False,legendary,macro
ECON-NL-LEGENDARY-9003,gdp-measurement,D NO ISSUE DETECTED,Other imported bank,national-ledger,,False,False,False,legendary,macro
ECON-NL-LEGENDARY-9009,gdp-measurement,D NO ISSUE DETECTED,Other imported bank,national-ledger,,False,False,False,legendary,macro
ECON-NL-LEGENDARY-9010,gdp-measurement,D NO ISSUE DETECTED,Other imported bank,national-ledger,,False,False,False,legendary,macro
ECON-NL-LEGENDARY-9011,gdp-measurement,D NO ISSUE DETECTED,Other imported bank,national-ledger,,False,False,False,legendary,macro
ECON-NL-EASY-4,gdp-measurement,D NO ISSUE DETECTED,Other imported bank,national-ledger,,False,False,False,calculation,macro
ECON-NL-EASY-8,gdp-measurement,D NO ISSUE DETECTED,Other imported bank,national-ledger,,False,False,False,calculation,macro
ECON-NL-HARD-205,gdp-measurement,D NO ISSUE DETECTED,Other imported bank,national-ledger,,False,False,False,calculation,macro
ECON-NL-MEDIUM-101,gdp-measurement,D NO ISSUE DETECTED,Other imported bank,national-ledger,,False,False,False,calculation,macro
ECON-NL-MEDIUM-103,gdp-measurement,A PROTECTED MATURE,Other imported bank,national-ledger,,False,False,True,calculation,macro
ECON-NL-MEDIUM-105,gdp-measurement,D NO ISSUE DETECTED,Other imported bank,national-ledger,,False,False,False,calculation,macro
ECON-EC-EASYBOSS-17004,gdp-measurement,D NO ISSUE DETECTED,Other imported bank,equilibrium-crisis,,False,False,False,boss,macro
ECON-EC-EASYBOSS-17005,gdp-measurement,A PROTECTED MATURE,Other imported bank,equilibrium-crisis,,False,False,True,boss,macro
ECON-EC-EASYBOSS-17010,gdp-measurement,D NO ISSUE DETECTED,Other imported bank,equilibrium-crisis,,False,False,False,boss,macro
ECON-EC-EASYBOSS-17011,gdp-measurement,A PROTECTED MATURE,Other imported bank,equilibrium-crisis,,False,False,True,boss,macro
ECON-EC-EASYBOSS-17013,gdp-measurement,D NO ISSUE DETECTED,Other imported bank,equilibrium-crisis,,False,False,False,boss,macro
ECON-EC-EASYBOSS-17014,gdp-measurement,A PROTECTED MATURE,Other imported bank,equilibrium-crisis,,False,False,True,boss,macro
ECON-EC-EASYBOSS-17022,gdp-measurement,D NO ISSUE DETECTED,Other imported bank,equilibrium-crisis,,False,False,False,boss,macro
ECON-NL-EASYBOSS-2000,gdp-measurement,D NO ISSUE DETECTED,Other imported bank,national-ledger,,False,False,False,boss,macro
ECON-NL-EASYBOSS-2001,gdp-measurement,D NO ISSUE DETECTED,Other imported bank,national-ledger,,False,False,False,boss,macro
ECON-NL-EASYBOSS-2002,gdp-measurement,D NO ISSUE DETECTED,Other imported bank,national-ledger,,False,False,False,boss,macro
ECON-NL-EASYBOSS-2003,gdp-measurement,D NO ISSUE DETECTED,Other imported bank,national-ledger,,False,False,False,boss,macro
ECON-NL-EASYBOSS-2004,gdp-measurement,D NO ISSUE DETECTED,Other imported bank,national-ledger,,False,False,False,boss,macro
ECON-NL-EASYBOSS-2005,gdp-measurement,D NO ISSUE DETECTED,Other imported bank,national-ledger,,False,False,False,boss,macro
P52B-S3-GDPM-B2-001,gdp-measurement,D NO ISSUE DETECTED,Authored/expansion,phase5.2b-stage3-rescue,,False,False,False,boss,macro
P52B-S3-GDPM-B2-002,gdp-measurement,D NO ISSUE DETECTED,Authored/expansion,phase5.2b-stage3-rescue,,False,False,False,boss,macro
P52B-S3-GDPM-B2-003,gdp-measurement,D NO ISSUE DETECTED,Authored/expansion,phase5.2b-stage3-rescue,,False,False,False,boss,macro
P52B-S3-GDPM-B3-001,gdp-measurement,D NO ISSUE DETECTED,Authored/expansion,phase5.2b-stage3-rescue,,False,False,False,boss,macro
P52B-S3-GDPM-B3-002,gdp-measurement,D NO ISSUE DETECTED,Authored/expansion,phase5.2b-stage3-rescue,,False,False,False,boss,macro
P52B-S3-GDPM-B3-003,gdp-measurement,D NO ISSUE DETECTED,Authored/expansion,phase5.2b-stage3-rescue,,False,False,False,boss,macro
ECON-NL-LEGENDARYBOSS-9101,gdp-measurement,A PROTECTED MATURE,Other imported bank,national-ledger,,False,False,True,legendaryBoss,macro
ECON-NL-LEGENDARYBOSS-9102,gdp-measurement,A PROTECTED MATURE,Other imported bank,national-ledger,,False,False,True,legendaryBoss,macro
ECON-NL-LEGENDARYBOSS-9107,gdp-measurement,A PROTECTED MATURE,Other imported bank,national-ledger,,False,False,True,legendaryBoss,macro
ECON-NL-GDP-COUNTING-RULES-5002,gdp-measurement,D NO ISSUE DETECTED,Other imported bank,national-ledger,,False,False,False,repair,macro
ECON-NL-GDP-COUNTING-RULES-5003,gdp-measurement,D NO ISSUE DETECTED,Other imported bank,national-ledger,,False,False,False,repair,macro
ECON-NL-INCOME-EXPENDITURE-IDENTITY-5000,gdp-measurement,D NO ISSUE DETECTED,Other imported bank,national-ledger,,False,False,False,repair,macro
ECON-NL-INCOME-EXPENDITURE-IDENTITY-5001,gdp-measurement,D NO ISSUE DETECTED,Other imported bank,national-ledger,,False,False,False,repair,macro
ECON-NL-INTERMEDIATE-VS-FINAL-GOODS-5004,gdp-measurement,A PROTECTED MATURE,Other imported bank,national-ledger,,False,False,True,repair,macro
ECON-NL-INTERMEDIATE-VS-FINAL-GOODS-5005,gdp-measurement,D NO ISSUE DETECTED,Other imported bank,national-ledger,,False,False,False,repair,macro
ECON-NL-GDP-COUNTING-RULES-6001,gdp-measurement,D NO ISSUE DETECTED,Other imported bank,national-ledger,,False,False,False,bridge,macro
ECON-NL-INCOME-EXPENDITURE-IDENTITY-6000,gdp-measurement,D NO ISSUE DETECTED,Other imported bank,national-ledger,,False,False,False,bridge,macro
ECON-NL-INTERMEDIATE-VS-FINAL-GOODS-6002,gdp-measurement,D NO ISSUE DETECTED,Other imported bank,national-ledger,,False,False,False,bridge,macro
ECON-MG-EASY-8,incentives,A PROTECTED MATURE,Market Gate: documented later descendant,market-gate,phase7.4-incentives-standalone-expansion-v1,True,True,False,main,general; macro; micro
ECON-MG-EASY-9,incentives,A PROTECTED MATURE,Market Gate: documented later descendant,market-gate,phaseQH5-foundations-curation-graph-evidence-v1,True,True,False,main,general; macro; micro
P52B-INC-E-001,incentives,A PROTECTED MATURE,Authored/expansion,phase5.2b-minimum-coverage-rescue,phase7.4-incentives-standalone-expansion-v1,False,True,False,main,general; macro; micro
P52B-INC-E-002,incentives,A PROTECTED MATURE,Authored/expansion,phase5.2b-minimum-coverage-rescue,,False,True,False,main,general; macro; micro
P74-INC-E-005,incentives,A PROTECTED MATURE,Authored/expansion,phase7.4-incentives-standalone-expansion,phase7.4-incentives-standalone-expansion-v1,False,True,False,main,general; macro; micro
P74-INC-E-006,incentives,A PROTECTED MATURE,Authored/expansion,phase7.4-incentives-standalone-expansion,phase7.4-incentives-standalone-expansion-v1,False,True,False,main,general; macro; micro
P74-INC-E-007,incentives,A PROTECTED MATURE,Authored/expansion,phase7.4-incentives-standalone-expansion,phase7.4-incentives-standalone-expansion-v1,False,True,False,main,general; macro; micro
P74-INC-E-008,incentives,A PROTECTED MATURE,Authored/expansion,phase7.4-incentives-standalone-expansion,phase7.4-incentives-standalone-expansion-v1,False,True,False,main,general; macro; micro
P74-INC-E-009,incentives,A PROTECTED MATURE,Authored/expansion,phase7.4-incentives-standalone-expansion,phase7.4-incentives-standalone-expansion-v1,False,True,False,main,general; macro; micro
P74-INC-E-010,incentives,A PROTECTED MATURE,Authored/expansion,phase7.4-incentives-standalone-expansion,phase7.4-incentives-standalone-expansion-v1,False,True,False,main,general; macro; micro
ECON-MG-MEDIUM-102,incentives,A PROTECTED MATURE,Market Gate: documented later descendant,market-gate,phase7.4-incentives-standalone-expansion-v1,True,True,False,main,general; macro; micro
ECON-MG-MEDIUM-103,incentives,A PROTECTED MATURE,Market Gate: no later curation recorded,market-gate,,True,True,False,main,general; macro; micro
P52B-INC-M-001,incentives,A PROTECTED MATURE,Authored/expansion,phase5.2b-minimum-coverage-rescue,,False,True,False,main,general; macro; micro
P52B-INC-M-002,incentives,A PROTECTED MATURE,Authored/expansion,phase5.2b-minimum-coverage-rescue,,False,True,False,main,general; macro; micro
P74-INC-M-005,incentives,A PROTECTED MATURE,Authored/expansion,phase7.4-incentives-standalone-expansion,phase7.4-incentives-standalone-expansion-v1,False,True,False,main,general; macro; micro
P74-INC-M-006,incentives,A PROTECTED MATURE,Authored/expansion,phase7.4-incentives-standalone-expansion,phase7.4-incentives-standalone-expansion-v1,False,True,False,main,general; macro; micro
P74-INC-M-007,incentives,A PROTECTED MATURE,Authored/expansion,phase7.4-incentives-standalone-expansion,phase7.4-incentives-standalone-expansion-v1,False,True,False,main,general; macro; micro
P74-INC-M-008,incentives,A PROTECTED MATURE,Authored/expansion,phase7.4-incentives-standalone-expansion,phase7.4-incentives-standalone-expansion-v1,False,True,False,main,general; macro; micro
P74-INC-M-009,incentives,A PROTECTED MATURE,Authored/expansion,phase7.4-incentives-standalone-expansion,phase7.4-incentives-standalone-expansion-v1,False,True,False,main,general; macro; micro
P74-INC-M-010,incentives,A PROTECTED MATURE,Authored/expansion,phase7.4-incentives-standalone-expansion,phase7.4-incentives-standalone-expansion-v1,False,True,False,main,general; macro; micro
ECON-MG-HARD-203,incentives,A PROTECTED MATURE,Market Gate: no later curation recorded,market-gate,,True,True,False,main,general; macro; micro
ECON-MG-HARD-202,incentives,A PROTECTED MATURE,Market Gate: no later curation recorded,market-gate,,True,True,False,main,general; macro; micro
P74-INC-L-018,incentives,A PROTECTED MATURE,Authored/expansion,phase7.4-incentives-standalone-expansion,phase7.4-incentives-standalone-expansion-v1,False,True,False,main,general; macro; micro
P74-INC-L-024,incentives,A PROTECTED MATURE,Authored/expansion,phase7.4-incentives-standalone-expansion,phase7.4-incentives-standalone-expansion-v1,False,True,False,main,general; macro; micro
P52B-INC-H-001,incentives,A PROTECTED MATURE,Authored/expansion,phase5.2b-minimum-coverage-rescue,phaseQH7-principles-micro-human-read-curation-v1,False,True,False,main,general; macro; micro
P52B-INC-H-002,incentives,A PROTECTED MATURE,Authored/expansion,phase5.2b-minimum-coverage-rescue,phaseQH7-principles-micro-human-read-curation-v1,False,True,False,main,general; macro; micro
P74-INC-H-005,incentives,A PROTECTED MATURE,Authored/expansion,phase7.4-incentives-standalone-expansion,phase7.4-incentives-standalone-expansion-v1,False,True,False,main,general; macro; micro
P74-INC-H-006,incentives,A PROTECTED MATURE,Authored/expansion,phase7.4-incentives-standalone-expansion,phase7.4-incentives-standalone-expansion-v1,False,True,False,main,general; macro; micro
P74-INC-H-007,incentives,A PROTECTED MATURE,Authored/expansion,phase7.4-incentives-standalone-expansion,phase7.4-incentives-standalone-expansion-v1,False,True,False,main,general; macro; micro
P74-INC-H-008,incentives,A PROTECTED MATURE,Authored/expansion,phase7.4-incentives-standalone-expansion,phase7.4-incentives-standalone-expansion-v1,False,True,False,main,general; macro; micro
P74-INC-H-009,incentives,A PROTECTED MATURE,Authored/expansion,phase7.4-incentives-standalone-expansion,phase7.4-incentives-standalone-expansion-v1,False,True,False,main,general; macro; micro
P74-INC-H-010,incentives,A PROTECTED MATURE,Authored/expansion,phase7.4-incentives-standalone-expansion,phaseQH5-foundations-curation-graph-evidence-v1,False,True,False,main,general; macro; micro
P52B-INC-EL-002,incentives,A PROTECTED MATURE,Authored/expansion,phase5.2b-minimum-coverage-rescue,,False,True,False,main,general; macro; micro
ECON-MG-LEGENDARY-9076,incentives,A PROTECTED MATURE,Market Gate: no later curation recorded,market-gate,,True,True,False,main,general; macro; micro
P74-INC-L-009,incentives,A PROTECTED MATURE,Authored/expansion,phase7.4-incentives-standalone-expansion,phase7.4-incentives-standalone-expansion-v1,False,True,False,main,general; macro; micro
P74-INC-L-012,incentives,A PROTECTED MATURE,Authored/expansion,phase7.4-incentives-standalone-expansion,phase7.4-incentives-standalone-expansion-v1,False,True,False,main,general; macro; micro
P74-INC-L-013,incentives,A PROTECTED MATURE,Authored/expansion,phase7.4-incentives-standalone-expansion,phase7.4-incentives-standalone-expansion-v1,False,True,False,main,general; macro; micro
P74-INC-L-015,incentives,A PROTECTED MATURE,Authored/expansion,phase7.4-incentives-standalone-expansion,phaseQH5-foundations-curation-graph-evidence-v1,False,True,False,main,general; macro; micro
P74-INC-L-020,incentives,A PROTECTED MATURE,Authored/expansion,phase7.4-incentives-standalone-expansion,phase7.4-incentives-standalone-expansion-v1,False,True,False,main,general; macro; micro
P74-INC-L-021,incentives,A PROTECTED MATURE,Authored/expansion,phase7.4-incentives-standalone-expansion,phase7.4-incentives-standalone-expansion-v1,False,True,False,main,general; macro; micro
P74-INC-L-022,incentives,A PROTECTED MATURE,Authored/expansion,phase7.4-incentives-standalone-expansion,phase7.4-incentives-standalone-expansion-v1,False,True,False,main,general; macro; micro
P74-INC-L-023,incentives,A PROTECTED MATURE,Authored/expansion,phase7.4-incentives-standalone-expansion,phaseQH7-principles-micro-human-read-curation-v1,False,True,False,main,general; macro; micro
P74-INC-L-025,incentives,A PROTECTED MATURE,Authored/expansion,phase7.4-incentives-standalone-expansion,phase7.4-incentives-standalone-expansion-v1,False,True,False,main,general; macro; micro
P74-INC-L-026,incentives,A PROTECTED MATURE,Authored/expansion,phase7.4-incentives-standalone-expansion,phase7.4-incentives-standalone-expansion-v1,False,True,False,main,general; macro; micro
P52B-INC-EL-001,incentives,A PROTECTED MATURE,Authored/expansion,phase5.2b-minimum-coverage-rescue,,False,True,False,elite,general; macro; micro
P74-INC-EL-003,incentives,A PROTECTED MATURE,Authored/expansion,phase7.4-incentives-standalone-expansion,phase7.4-incentives-standalone-expansion-v1,False,True,False,elite,general; macro; micro
P74-INC-EL-004,incentives,A PROTECTED MATURE,Authored/expansion,phase7.4-incentives-standalone-expansion,phase7.4-incentives-standalone-expansion-v1,False,True,False,elite,general; macro; micro
ECON-MG-LEGENDARY-9043,incentives,A PROTECTED MATURE,Market Gate: documented later descendant,market-gate,phaseQH7-principles-micro-human-read-curation-v1,True,True,False,legendary,general; macro; micro
ECON-MG-LEGENDARY-9079,incentives,A PROTECTED MATURE,Market Gate: documented later descendant,market-gate,phase7.4-incentives-standalone-expansion-v1,True,True,False,legendary,general; macro; micro
ECON-MG-LEGENDARY-9082,incentives,A PROTECTED MATURE,Market Gate: documented later descendant,market-gate,phaseQH7-principles-micro-human-read-curation-v1,True,True,False,legendary,general; macro; micro
ECON-MG-LEGENDARY-9085,incentives,A PROTECTED MATURE,Market Gate: documented later descendant,market-gate,phase7.4-incentives-standalone-expansion-v1,True,True,False,legendary,general; macro; micro
ECON-MG-LEGENDARY-9088,incentives,A PROTECTED MATURE,Market Gate: no later curation recorded,market-gate,,True,True,False,legendary,general; macro; micro
P74-INC-L-007,incentives,A PROTECTED MATURE,Authored/expansion,phase7.4-incentives-standalone-expansion,phase7.4-incentives-standalone-expansion-v1,False,True,False,legendary,general; macro; micro
P74-INC-L-008,incentives,A PROTECTED MATURE,Authored/expansion,phase7.4-incentives-standalone-expansion,phase7.4-incentives-standalone-expansion-v1,False,True,False,legendary,general; macro; micro
P74-INC-L-010,incentives,A PROTECTED MATURE,Authored/expansion,phase7.4-incentives-standalone-expansion,phase7.4-incentives-standalone-expansion-v1,False,True,False,legendary,general; macro; micro
P74-INC-L-011,incentives,A PROTECTED MATURE,Authored/expansion,phase7.4-incentives-standalone-expansion,phase7.4-incentives-standalone-expansion-v1,False,True,False,legendary,general; macro; micro
P74-INC-L-014,incentives,A PROTECTED MATURE,Authored/expansion,phase7.4-incentives-standalone-expansion,phase7.4-incentives-standalone-expansion-v1,False,True,False,legendary,general; macro; micro
P74-INC-L-016,incentives,A PROTECTED MATURE,Authored/expansion,phase7.4-incentives-standalone-expansion,phase7.4-incentives-standalone-expansion-v1,False,True,False,legendary,general; macro; micro
P74-INC-L-017,incentives,A PROTECTED MATURE,Authored/expansion,phase7.4-incentives-standalone-expansion,phase7.4-incentives-standalone-expansion-v1,False,True,False,legendary,general; macro; micro
P74-INC-L-019,incentives,A PROTECTED MATURE,Authored/expansion,phase7.4-incentives-standalone-expansion,phase7.4-incentives-standalone-expansion-v1,False,True,False,legendary,general; macro; micro
P74-INC-L-027,incentives,A PROTECTED MATURE,Authored/expansion,phase7.4-incentives-standalone-expansion,phase7.4-incentives-standalone-expansion-v1,False,True,False,legendary,general; macro; micro
ECON-MG-EASYBOSS-2006,incentives,A PROTECTED MATURE,Market Gate: documented later descendant,market-gate,phase7.4-incentives-standalone-expansion-v1,True,True,False,boss,general; macro; micro
ECON-MG-EASYBOSS-2007,incentives,A PROTECTED MATURE,Market Gate: no later curation recorded,market-gate,,True,True,False,boss,general; macro; micro
ECON-MG-EASYBOSS-2008,incentives,A PROTECTED MATURE,Market Gate: no later curation recorded,market-gate,,True,True,False,boss,general; macro; micro
P52B-INC-B2-001,incentives,A PROTECTED MATURE,Authored/expansion,phase5.2b-minimum-coverage-rescue,phase7.4-incentives-standalone-expansion-v1,False,True,False,boss,general; macro; micro
P52B-INC-B2-002,incentives,A PROTECTED MATURE,Authored/expansion,phase5.2b-minimum-coverage-rescue,,False,True,False,boss,general; macro; micro
P52B-INC-B2-003,incentives,A PROTECTED MATURE,Authored/expansion,phase5.2b-minimum-coverage-rescue,,False,True,False,boss,general; macro; micro
P74-INC-EB-004,incentives,A PROTECTED MATURE,Authored/expansion,phase7.4-incentives-standalone-expansion,phase7.4-incentives-standalone-expansion-v1,False,True,False,boss,general; macro; micro
P74-INC-FB-001,incentives,A PROTECTED MATURE,Authored/expansion,phase7.4-incentives-standalone-expansion,phase7.4-incentives-standalone-expansion-v1,False,True,False,boss,general; macro; micro
P74-INC-FB-002,incentives,A PROTECTED MATURE,Authored/expansion,phase7.4-incentives-standalone-expansion,phase7.4-incentives-standalone-expansion-v1,False,True,False,boss,general; macro; micro
P74-INC-FB-003,incentives,A PROTECTED MATURE,Authored/expansion,phase7.4-incentives-standalone-expansion,phase7.4-incentives-standalone-expansion-v1,False,True,False,boss,general; macro; micro
P74-INC-FB-004,incentives,A PROTECTED MATURE,Authored/expansion,phase7.4-incentives-standalone-expansion,phase7.4-incentives-standalone-expansion-v1,False,True,False,boss,general; macro; micro
P74-INC-MB-004,incentives,A PROTECTED MATURE,Authored/expansion,phase7.4-incentives-standalone-expansion,phase7.4-incentives-standalone-expansion-v1,False,True,False,boss,general; macro; micro
ECON-MG-LEGENDARYBOSS-9109,incentives,A PROTECTED MATURE,Market Gate: no later curation recorded,market-gate,,True,True,False,legendaryBoss,general; macro; micro
ECON-MG-LEGENDARYBOSS-9110,incentives,A PROTECTED MATURE,Market Gate: no later curation recorded,market-gate,,True,True,False,legendaryBoss,general; macro; micro
ECON-MG-LEGENDARYBOSS-9111,incentives,A PROTECTED MATURE,Market Gate: no later curation recorded,market-gate,,True,True,False,legendaryBoss,general; macro; micro
P74-INC-LB-004,incentives,A PROTECTED MATURE,Authored/expansion,phase7.4-incentives-standalone-expansion,phase7.4-incentives-standalone-expansion-v1,False,True,False,legendaryBoss,general; macro; micro
P74-INC-LB-005,incentives,A PROTECTED MATURE,Authored/expansion,phase7.4-incentives-standalone-expansion,phase7.4-incentives-standalone-expansion-v1,False,True,False,legendaryBoss,general; macro; micro
P74-INC-LB-006,incentives,A PROTECTED MATURE,Authored/expansion,phase7.4-incentives-standalone-expansion,phase7.4-incentives-standalone-expansion-v1,False,True,False,legendaryBoss,general; macro; micro
P74-INC-LB-007,incentives,A PROTECTED MATURE,Authored/expansion,phase7.4-incentives-standalone-expansion,phase7.4-incentives-standalone-expansion-v1,False,True,False,legendaryBoss,general; macro; micro
P74-INC-LB-008,incentives,A PROTECTED MATURE,Authored/expansion,phase7.4-incentives-standalone-expansion,phaseQH7-principles-micro-human-read-curation-v1,False,True,False,legendaryBoss,general; macro; micro
P74-INC-LB-009,incentives,A PROTECTED MATURE,Authored/expansion,phase7.4-incentives-standalone-expansion,phase7.4-incentives-standalone-expansion-v1,False,True,False,legendaryBoss,general; macro; micro
P52B-INC-R-001,incentives,A PROTECTED MATURE,Authored/expansion,phase5.2b-minimum-coverage-rescue,phase7.4-incentives-standalone-expansion-v1,False,True,False,repair,general; macro; micro
P52B-INC-R-002,incentives,A PROTECTED MATURE,Authored/expansion,phase5.2b-minimum-coverage-rescue,phase7.4-incentives-standalone-expansion-v1,False,True,False,repair,general; macro; micro
P74-INC-R-003,incentives,A PROTECTED MATURE,Authored/expansion,phase7.4-incentives-standalone-expansion,phase7.4-incentives-standalone-expansion-v1,False,True,False,repair,general; macro; micro
P74-INC-R-004,incentives,A PROTECTED MATURE,Authored/expansion,phase7.4-incentives-standalone-expansion,phase7.4-incentives-standalone-expansion-v1,False,True,False,repair,general; macro; micro
P74-INC-R-005,incentives,A PROTECTED MATURE,Authored/expansion,phase7.4-incentives-standalone-expansion,phase7.4-incentives-standalone-expansion-v1,False,True,False,repair,general; macro; micro
P74-INC-R-006,incentives,A PROTECTED MATURE,Authored/expansion,phase7.4-incentives-standalone-expansion,phase7.4-incentives-standalone-expansion-v1,False,True,False,repair,general; macro; micro
P74-INC-R-007,incentives,A PROTECTED MATURE,Authored/expansion,phase7.4-incentives-standalone-expansion,phase7.4-incentives-standalone-expansion-v1,False,True,False,repair,general; macro; micro
ECON-MG-CORE-INCENTIVES-30005,incentives,A PROTECTED MATURE,Market Gate: documented later descendant,market-gate,phaseQH5-foundations-curation-graph-evidence-v1,True,True,False,repairSeed,general; macro; micro
P52B-INC-BR-001,incentives,A PROTECTED MATURE,Authored/expansion,phase5.2b-minimum-coverage-rescue,phaseQH7-principles-micro-human-read-curation-v1,False,True,False,bridge,general; macro; micro
P74-INC-BR-002,incentives,A PROTECTED MATURE,Authored/expansion,phase7.4-incentives-standalone-expansion,phase7.4-incentives-standalone-expansion-v1,False,True,False,bridge,general; macro; micro
P74-INC-BR-003,incentives,A PROTECTED MATURE,Authored/expansion,phase7.4-incentives-standalone-expansion,phase7.4-incentives-standalone-expansion-v1,False,True,False,bridge,general; macro; micro
P74-INC-BR-004,incentives,A PROTECTED MATURE,Authored/expansion,phase7.4-incentives-standalone-expansion,phase7.4-incentives-standalone-expansion-v1,False,True,False,bridge,general; macro; micro
P74-INC-BR-005,incentives,A PROTECTED MATURE,Authored/expansion,phase7.4-incentives-standalone-expansion,phaseQH7-principles-micro-human-read-curation-v1,False,True,False,bridge,general; macro; micro
ECON-NL-EASY-34,indexing-and-real-values,D NO ISSUE DETECTED,Other imported bank,national-ledger,,False,False,False,main,macro
PM2B2-INDEX-E-001,indexing-and-real-values,D NO ISSUE DETECTED,Authored/expansion,macro-m2b2-inflation-family,phaseM2b2-inflation-real-values-family-maturation-v1,False,False,False,easy,macro
PM2B2-INDEX-E-002,indexing-and-real-values,D NO ISSUE DETECTED,Authored/expansion,macro-m2b2-inflation-family,phaseM2b2-inflation-real-values-family-maturation-v1,False,False,False,easy,macro
PM2B2-INDEX-E-003,indexing-and-real-values,D NO ISSUE DETECTED,Authored/expansion,macro-m2b2-inflation-family,phaseM2b2-inflation-real-values-family-maturation-v1,False,False,False,easy,macro
PM2B2-INDEX-E-004,indexing-and-real-values,D NO ISSUE DETECTED,Authored/expansion,macro-m2b2-inflation-family,phaseM2b2-inflation-real-values-family-maturation-v1,False,False,False,easy,macro
PM2B2-INDEX-E-005,indexing-and-real-values,D NO ISSUE DETECTED,Authored/expansion,macro-m2b2-inflation-family,phaseM2b2-inflation-real-values-family-maturation-v1,False,False,False,easy,macro
ECON-NL-MEDIUM-136,indexing-and-real-values,D NO ISSUE DETECTED,Other imported bank,national-ledger,,False,False,False,main,macro
P52B-S1-INDEX-M-001,indexing-and-real-values,D NO ISSUE DETECTED,Authored/expansion,phase5.2b-stage1-rescue,,False,False,False,main,macro
PM2B2-INDEX-M-001,indexing-and-real-values,D NO ISSUE DETECTED,Authored/expansion,macro-m2b2-inflation-family,phaseM2b2-inflation-real-values-family-maturation-v1,False,False,False,medium,macro
PM2B2-INDEX-M-002,indexing-and-real-values,D NO ISSUE DETECTED,Authored/expansion,macro-m2b2-inflation-family,phaseM2b2-inflation-real-values-family-maturation-v1,False,False,False,medium,macro
PM2B2-INDEX-M-003,indexing-and-real-values,D NO ISSUE DETECTED,Authored/expansion,macro-m2b2-inflation-family,phaseM2b2-inflation-real-values-family-maturation-v1,False,False,False,medium,macro
PM2B2-INDEX-M-004,indexing-and-real-values,D NO ISSUE DETECTED,Authored/expansion,macro-m2b2-inflation-family,phaseM2b2-inflation-real-values-family-maturation-v1,False,False,False,medium,macro
PM2B2-INDEX-H-001,indexing-and-real-values,D NO ISSUE DETECTED,Authored/expansion,macro-m2b2-inflation-family,phaseM2b2-inflation-real-values-family-maturation-v1,False,False,False,hard,macro
PM2B2-INDEX-H-002,indexing-and-real-values,D NO ISSUE DETECTED,Authored/expansion,macro-m2b2-inflation-family,phaseM2b2-inflation-real-values-family-maturation-v1,False,False,False,hard,macro
PM2B2-INDEX-H-005,indexing-and-real-values,D NO ISSUE DETECTED,Authored/expansion,macro-m2b2-inflation-family,phaseM2b2-inflation-real-values-family-maturation-v1,False,False,False,hard,macro
ECON-NL-ELITE-334,indexing-and-real-values,D NO ISSUE DETECTED,Other imported bank,national-ledger,,False,False,False,elite,macro
ECON-NL-ELITE-335,indexing-and-real-values,D NO ISSUE DETECTED,Other imported bank,national-ledger,,False,False,False,elite,macro
ECON-NL-LEGENDARY-9037,indexing-and-real-values,D NO ISSUE DETECTED,Other imported bank,national-ledger,,False,False,False,legendary,macro
PM2B2-INDEX-L-001,indexing-and-real-values,D NO ISSUE DETECTED,Authored/expansion,macro-m2b2-inflation-family,phaseM2b2-inflation-real-values-family-maturation-v1,False,False,False,legendary,macro
P52B-S1-INDEX-H-001,indexing-and-real-values,D NO ISSUE DETECTED,Authored/expansion,phase5.2b-stage1-rescue,,False,False,False,main,macro
PM2B2-INDEX-H-003,indexing-and-real-values,D NO ISSUE DETECTED,Authored/expansion,macro-m2b2-inflation-family,phaseM2b2-inflation-real-values-family-maturation-v1,False,False,False,hard,macro
PM2B2-INDEX-H-004,indexing-and-real-values,D NO ISSUE DETECTED,Authored/expansion,macro-m2b2-inflation-family,phaseM2b2-inflation-real-values-family-maturation-v1,False,False,False,hard,macro
ECON-NL-ELITE-333,indexing-and-real-values,D NO ISSUE DETECTED,Other imported bank,national-ledger,,False,False,False,elite,macro
PM2B2-INDEX-L-002,indexing-and-real-values,D NO ISSUE DETECTED,Authored/expansion,macro-m2b2-inflation-family,phaseM2b2-inflation-real-values-family-maturation-v1,False,False,False,legendary,macro
ECON-NL-LEGENDARY-9035,indexing-and-real-values,D NO ISSUE DETECTED,Other imported bank,national-ledger,,False,False,False,legendary,macro
ECON-NL-LEGENDARY-9036,indexing-and-real-values,D NO ISSUE DETECTED,Other imported bank,national-ledger,,False,False,False,legendary,macro
PM2B2-INDEX-L-003,indexing-and-real-values,D NO ISSUE DETECTED,Authored/expansion,macro-m2b2-inflation-family,phaseM2b2-inflation-real-values-family-maturation-v1,False,False,False,legendary,macro
ECON-NL-EASY-35,indexing-and-real-values,D NO ISSUE DETECTED,Other imported bank,national-ledger,,False,False,False,calculation,macro
ECON-NL-EASY-36,indexing-and-real-values,D NO ISSUE DETECTED,Other imported bank,national-ledger,,False,False,False,calculation,macro
ECON-NL-HARD-233,indexing-and-real-values,D NO ISSUE DETECTED,Other imported bank,national-ledger,,False,False,False,calculation,macro
ECON-NL-HARD-234,indexing-and-real-values,D NO ISSUE DETECTED,Other imported bank,national-ledger,,False,False,False,calculation,macro
ECON-NL-HARD-235,indexing-and-real-values,D NO ISSUE DETECTED,Other imported bank,national-ledger,,False,False,False,calculation,macro
ECON-NL-MEDIUM-134,indexing-and-real-values,D NO ISSUE DETECTED,Other imported bank,national-ledger,,False,False,False,calculation,macro
ECON-NL-MEDIUM-135,indexing-and-real-values,D NO ISSUE DETECTED,Other imported bank,national-ledger,,False,False,False,calculation,macro
ECON-NL-EASYBOSS-2030,indexing-and-real-values,D NO ISSUE DETECTED,Other imported bank,national-ledger,,False,False,False,boss,macro
ECON-NL-EASYBOSS-2031,indexing-and-real-values,D NO ISSUE DETECTED,Other imported bank,national-ledger,,False,False,False,boss,macro
ECON-NL-EASYBOSS-2032,indexing-and-real-values,D NO ISSUE DETECTED,Other imported bank,national-ledger,,False,False,False,boss,macro
PM2B2-INDEX-FB-004,indexing-and-real-values,D NO ISSUE DETECTED,Authored/expansion,macro-m2b2-inflation-family,phaseM2b2-inflation-real-values-family-maturation-v1,False,False,False,boss,macro
PM2B2-INDEX-FB-005,indexing-and-real-values,D NO ISSUE DETECTED,Authored/expansion,macro-m2b2-inflation-family,phaseM2b2-inflation-real-values-family-maturation-v1,False,False,False,boss,macro
PM2B2-INDEX-FB-006,indexing-and-real-values,D NO ISSUE DETECTED,Authored/expansion,macro-m2b2-inflation-family,phaseM2b2-inflation-real-values-family-maturation-v1,False,False,False,boss,macro
PM2B2-INDEX-MB-001,indexing-and-real-values,D NO ISSUE DETECTED,Authored/expansion,macro-m2b2-inflation-family,phaseM2b2-inflation-real-values-family-maturation-v1,False,False,False,boss,macro
PM2B2-INDEX-MB-002,indexing-and-real-values,D NO ISSUE DETECTED,Authored/expansion,macro-m2b2-inflation-family,phaseM2b2-inflation-real-values-family-maturation-v1,False,False,False,boss,macro
PM2B2-INDEX-MB-003,indexing-and-real-values,D NO ISSUE DETECTED,Authored/expansion,macro-m2b2-inflation-family,phaseM2b2-inflation-real-values-family-maturation-v1,False,False,False,boss,macro
ECON-NL-LEGENDARYBOSS-9112,indexing-and-real-values,A PROTECTED MATURE,Other imported bank,national-ledger,,False,False,True,legendaryBoss,macro
ECON-NL-LEGENDARYBOSS-9113,indexing-and-real-values,A PROTECTED MATURE,Other imported bank,national-ledger,,False,False,True,legendaryBoss,macro
PM2B2-INDEX-LB-001,indexing-and-real-values,D NO ISSUE DETECTED,Authored/expansion,macro-m2b2-inflation-family,phaseM2b2-inflation-real-values-family-maturation-v1,False,False,False,legendaryBoss,macro
ECON-NL-INFLATION-ADJUSTMENT-5028,indexing-and-real-values,D NO ISSUE DETECTED,Other imported bank,national-ledger,,False,False,False,repair,macro
ECON-NL-INFLATION-ADJUSTMENT-5029,indexing-and-real-values,D NO ISSUE DETECTED,Other imported bank,national-ledger,,False,False,False,repair,macro
ECON-NL-INFLATION-ADJUSTMENT-6014,indexing-and-real-values,D NO ISSUE DETECTED,Other imported bank,national-ledger,,False,False,False,bridge,macro
ECON-SP-EASY-22,inflation-costs,D NO ISSUE DETECTED,Other imported bank,stabilization-protocol,,False,False,False,main,macro
ECON-SP-EASY-23,inflation-costs,D NO ISSUE DETECTED,Other imported bank,stabilization-protocol,,False,False,False,main,macro
LG-Q-33,inflation-costs,D NO ISSUE DETECTED,Other imported bank,liquidity-grid,,False,False,False,main,macro
LG-Q-34,inflation-costs,D NO ISSUE DETECTED,Other imported bank,liquidity-grid,,False,False,False,main,macro
LG-Q-35,inflation-costs,D NO ISSUE DETECTED,Other imported bank,liquidity-grid,,False,False,False,main,macro
LG-Q-36,inflation-costs,D NO ISSUE DETECTED,Other imported bank,liquidity-grid,,False,False,False,main,macro
LG-Q-246,inflation-costs,D NO ISSUE DETECTED,Other imported bank,liquidity-grid,,False,False,False,main,macro
LG-Q-247,inflation-costs,D NO ISSUE DETECTED,Other imported bank,liquidity-grid,,False,False,False,main,macro
LG-Q-345,inflation-costs,D NO ISSUE DETECTED,Other imported bank,liquidity-grid,,False,False,False,elite,macro
LG-Q-346,inflation-costs,D NO ISSUE DETECTED,Other imported bank,liquidity-grid,,False,False,False,elite,macro
LG-Q-347,inflation-costs,D NO ISSUE DETECTED,Other imported bank,liquidity-grid,,False,False,False,elite,macro
LG-Q-9042,inflation-costs,D NO ISSUE DETECTED,Other imported bank,liquidity-grid,,False,False,False,legendary,macro
LG-Q-9043,inflation-costs,D NO ISSUE DETECTED,Other imported bank,liquidity-grid,,False,False,False,legendary,macro
ECON-SP-MEDIUM-116,inflation-costs,D NO ISSUE DETECTED,Other imported bank,stabilization-protocol,,False,False,False,main,macro
ECON-SP-MEDIUM-117,inflation-costs,D NO ISSUE DETECTED,Other imported bank,stabilization-protocol,,False,False,False,main,macro
ECON-SP-MEDIUM-118,inflation-costs,D NO ISSUE DETECTED,Other imported bank,stabilization-protocol,,False,False,False,main,macro
LG-Q-142,inflation-costs,D NO ISSUE DETECTED,Other imported bank,liquidity-grid,,False,False,False,main,macro
LG-Q-143,inflation-costs,D NO ISSUE DETECTED,Other imported bank,liquidity-grid,,False,False,False,main,macro
LG-Q-144,inflation-costs,D NO ISSUE DETECTED,Other imported bank,liquidity-grid,,False,False,False,main,macro
LG-Q-145,inflation-costs,D NO ISSUE DETECTED,Other imported bank,liquidity-grid,,False,False,False,main,macro
PM2C2-ICOST-M-001,inflation-costs,D NO ISSUE DETECTED,Authored/expansion,macro-m2c2-money-growth-inflation-neutrality-family,phaseM2c2-money-growth-inflation-neutrality-family-maturation-v1,False,False,False,medium,macro
ECON-SP-HARD-208,inflation-costs,D NO ISSUE DETECTED,Other imported bank,stabilization-protocol,,False,False,False,main,macro
LG-Q-248,inflation-costs,D NO ISSUE DETECTED,Other imported bank,liquidity-grid,,False,False,False,main,macro
LG-Q-9044,inflation-costs,D NO ISSUE DETECTED,Other imported bank,liquidity-grid,,False,False,False,legendary,macro
LG-Q-244,inflation-costs,D NO ISSUE DETECTED,Other imported bank,liquidity-grid,,False,False,False,main,macro
LG-Q-245,inflation-costs,D NO ISSUE DETECTED,Other imported bank,liquidity-grid,,False,False,False,main,macro
LG-Q-254,inflation-costs,D NO ISSUE DETECTED,Other imported bank,liquidity-grid,,False,False,False,main,macro
PM2C2-ICOST-H-001,inflation-costs,A PROTECTED MATURE,Authored/expansion,macro-m2c2-money-growth-inflation-neutrality-family,phaseM2c2-money-growth-inflation-neutrality-family-maturation-v1,False,False,True,hard,macro
LG-Q-343,inflation-costs,D NO ISSUE DETECTED,Other imported bank,liquidity-grid,,False,False,False,elite,macro
LG-Q-344,inflation-costs,D NO ISSUE DETECTED,Other imported bank,liquidity-grid,,False,False,False,elite,macro
LG-Q-355,inflation-costs,D NO ISSUE DETECTED,Other imported bank,liquidity-grid,,False,False,False,elite,macro
LG-Q-9037,inflation-costs,D NO ISSUE DETECTED,Other imported bank,liquidity-grid,,False,False,False,legendary,macro
LG-Q-9038,inflation-costs,D NO ISSUE DETECTED,Other imported bank,liquidity-grid,,False,False,False,legendary,macro
PM2C2-ICOST-L-001,inflation-costs,D NO ISSUE DETECTED,Authored/expansion,macro-m2c2-money-growth-inflation-neutrality-family,phaseM2c2-money-growth-inflation-neutrality-family-maturation-v1,False,False,False,legendary,macro
LG-Q-3009,inflation-costs,D NO ISSUE DETECTED,Other imported bank,liquidity-grid,,False,False,False,boss,macro
LG-Q-3010,inflation-costs,D NO ISSUE DETECTED,Other imported bank,liquidity-grid,,False,False,False,boss,macro
LG-Q-3011,inflation-costs,D NO ISSUE DETECTED,Other imported bank,liquidity-grid,,False,False,False,boss,macro
PM2C2-ICOST-EB-001,inflation-costs,A PROTECTED MATURE,Authored/expansion,macro-m2c2-money-growth-inflation-neutrality-family,phaseM2c2-money-growth-inflation-neutrality-family-maturation-v1,False,False,True,boss,macro
PM2C2-ICOST-EB-002,inflation-costs,C FACULTY-REVIEW CANDIDATE,Authored/expansion,macro-m2c2-money-growth-inflation-neutrality-family,phaseM2c2-money-growth-inflation-neutrality-family-maturation-v1,False,False,True,boss,macro
PM2C2-ICOST-EB-003,inflation-costs,D NO ISSUE DETECTED,Authored/expansion,macro-m2c2-money-growth-inflation-neutrality-family,phaseM2c2-money-growth-inflation-neutrality-family-maturation-v1,False,False,False,boss,macro
PM2C2-ICOST-FB-004,inflation-costs,D NO ISSUE DETECTED,Authored/expansion,macro-m2c2-money-growth-inflation-neutrality-family,phaseM2c2-money-growth-inflation-neutrality-family-maturation-v1,False,False,False,boss,macro
PM2C2-ICOST-FB-005,inflation-costs,D NO ISSUE DETECTED,Authored/expansion,macro-m2c2-money-growth-inflation-neutrality-family,phaseM2c2-money-growth-inflation-neutrality-family-maturation-v1,False,False,False,boss,macro
PM2C2-ICOST-FB-006,inflation-costs,A PROTECTED MATURE,Authored/expansion,macro-m2c2-money-growth-inflation-neutrality-family,phaseM2c2-money-growth-inflation-neutrality-family-maturation-v1,False,False,True,boss,macro
LG-Q-9119,inflation-costs,D NO ISSUE DETECTED,Other imported bank,liquidity-grid,phaseM2c2-money-growth-inflation-neutrality-family-maturation-v1,False,False,False,legendaryBoss,macro
LG-Q-9120,inflation-costs,D NO ISSUE DETECTED,Other imported bank,liquidity-grid,phaseM2c2-money-growth-inflation-neutrality-family-maturation-v1,False,False,False,legendaryBoss,macro
LG-Q-9125,inflation-costs,D NO ISSUE DETECTED,Other imported bank,liquidity-grid,phaseM2c2-money-growth-inflation-neutrality-family-maturation-v1,False,False,False,legendaryBoss,macro
LG-Q-9129,inflation-costs,D NO ISSUE DETECTED,Other imported bank,liquidity-grid,phaseM2c2-money-growth-inflation-neutrality-family-maturation-v1,False,False,False,legendaryBoss,macro
ECON-SP-INFLATION-REDISTRIBUTION-5079,inflation-costs,A PROTECTED MATURE,Other imported bank,stabilization-protocol,,False,False,True,repair,macro
ECON-SP-MENU-COSTS-5022,inflation-costs,A PROTECTED MATURE,Other imported bank,stabilization-protocol,,False,False,True,repair,macro
ECON-SP-SHOELEATHER-COSTS-5021,inflation-costs,A PROTECTED MATURE,Other imported bank,stabilization-protocol,,False,False,True,repair,macro
LG-R-5034,inflation-costs,D NO ISSUE DETECTED,Other imported bank,liquidity-grid,,False,False,False,repair,macro
LG-R-5035,inflation-costs,D NO ISSUE DETECTED,Other imported bank,liquidity-grid,,False,False,False,repair,macro
LG-R-5036,inflation-costs,D NO ISSUE DETECTED,Other imported bank,liquidity-grid,phaseM2c2-money-growth-inflation-neutrality-family-maturation-v1,False,False,False,repair,macro
LG-R-5037,inflation-costs,D NO ISSUE DETECTED,Other imported bank,liquidity-grid,,False,False,False,repair,macro
ECON-SP-MENU-COSTS-6017,inflation-costs,A PROTECTED MATURE,Other imported bank,stabilization-protocol,,False,False,True,bridge,macro
ECON-SP-SHOELEATHER-COSTS-6016,inflation-costs,A PROTECTED MATURE,Other imported bank,stabilization-protocol,,False,False,True,bridge,macro
LG-B-6014,inflation-costs,D NO ISSUE DETECTED,Other imported bank,liquidity-grid,,False,False,False,bridge,macro
LG-B-6015,inflation-costs,D NO ISSUE DETECTED,Other imported bank,liquidity-grid,,False,False,False,bridge,macro
LG-Q-76,inflation-tax-and-deflation,D NO ISSUE DETECTED,Other imported bank,liquidity-grid,,False,False,False,main,macro
LG-Q-77,inflation-tax-and-deflation,D NO ISSUE DETECTED,Other imported bank,liquidity-grid,,False,False,False,main,macro
LG-Q-78,inflation-tax-and-deflation,D NO ISSUE DETECTED,Other imported bank,liquidity-grid,,False,False,False,main,macro
LG-Q-79,inflation-tax-and-deflation,D NO ISSUE DETECTED,Other imported bank,liquidity-grid,,False,False,False,main,macro
LG-Q-80,inflation-tax-and-deflation,D NO ISSUE DETECTED,Other imported bank,liquidity-grid,,False,False,False,main,macro
PM2C2-ITAX-E-001,inflation-tax-and-deflation,D NO ISSUE DETECTED,Authored/expansion,macro-m2c2-money-growth-inflation-neutrality-family,phaseM2c2-money-growth-inflation-neutrality-family-maturation-v1,False,False,False,easy,macro
LG-Q-251,inflation-tax-and-deflation,D NO ISSUE DETECTED,Other imported bank,liquidity-grid,,False,False,False,main,macro
LG-Q-253,inflation-tax-and-deflation,D NO ISSUE DETECTED,Other imported bank,liquidity-grid,,False,False,False,main,macro
LG-Q-351,inflation-tax-and-deflation,D NO ISSUE DETECTED,Other imported bank,liquidity-grid,,False,False,False,elite,macro
PM2C2-ITAX-L-003,inflation-tax-and-deflation,D NO ISSUE DETECTED,Authored/expansion,macro-m2c2-money-growth-inflation-neutrality-family,phaseM2c2-money-growth-inflation-neutrality-family-maturation-v1,False,False,False,legendary,macro
ECON-SP-MEDIUM-119,inflation-tax-and-deflation,D NO ISSUE DETECTED,Other imported bank,stabilization-protocol,,False,False,False,main,macro
LG-Q-146,inflation-tax-and-deflation,D NO ISSUE DETECTED,Other imported bank,liquidity-grid,,False,False,False,main,macro
LG-Q-147,inflation-tax-and-deflation,D NO ISSUE DETECTED,Other imported bank,liquidity-grid,,False,False,False,main,macro
LG-Q-148,inflation-tax-and-deflation,D NO ISSUE DETECTED,Other imported bank,liquidity-grid,,False,False,False,main,macro
LG-Q-149,inflation-tax-and-deflation,D NO ISSUE DETECTED,Other imported bank,liquidity-grid,,False,False,False,main,macro
PM2C2-ITAX-M-001,inflation-tax-and-deflation,D NO ISSUE DETECTED,Authored/expansion,macro-m2c2-money-growth-inflation-neutrality-family,phaseM2c2-money-growth-inflation-neutrality-family-maturation-v1,False,False,False,medium,macro
ECON-SP-HARD-210,inflation-tax-and-deflation,D NO ISSUE DETECTED,Other imported bank,stabilization-protocol,,False,False,False,main,macro
LG-Q-250,inflation-tax-and-deflation,D NO ISSUE DETECTED,Other imported bank,liquidity-grid,,False,False,False,main,macro
PM2C2-ITAX-H-001,inflation-tax-and-deflation,D NO ISSUE DETECTED,Authored/expansion,macro-m2c2-money-growth-inflation-neutrality-family,phaseM2c2-money-growth-inflation-neutrality-family-maturation-v1,False,False,False,hard,macro
LG-Q-348,inflation-tax-and-deflation,D NO ISSUE DETECTED,Other imported bank,liquidity-grid,,False,False,False,elite,macro
PM2C2-ITAX-L-002,inflation-tax-and-deflation,D NO ISSUE DETECTED,Authored/expansion,macro-m2c2-money-growth-inflation-neutrality-family,phaseM2c2-money-growth-inflation-neutrality-family-maturation-v1,False,False,False,legendary,macro
LG-Q-249,inflation-tax-and-deflation,D NO ISSUE DETECTED,Other imported bank,liquidity-grid,,False,False,False,main,macro
ECON-SP-ELITE-307,inflation-tax-and-deflation,D NO ISSUE DETECTED,Other imported bank,stabilization-protocol,,False,False,False,elite,macro
LG-Q-349,inflation-tax-and-deflation,D NO ISSUE DETECTED,Other imported bank,liquidity-grid,,False,False,False,elite,macro
LG-Q-350,inflation-tax-and-deflation,D NO ISSUE DETECTED,Other imported bank,liquidity-grid,,False,False,False,elite,macro
LG-Q-352,inflation-tax-and-deflation,D NO ISSUE DETECTED,Other imported bank,liquidity-grid,,False,False,False,elite,macro
LG-Q-9039,inflation-tax-and-deflation,D NO ISSUE DETECTED,Other imported bank,liquidity-grid,,False,False,False,legendary,macro
LG-Q-9040,inflation-tax-and-deflation,D NO ISSUE DETECTED,Other imported bank,liquidity-grid,,False,False,False,legendary,macro
LG-Q-9041,inflation-tax-and-deflation,D NO ISSUE DETECTED,Other imported bank,liquidity-grid,,False,False,False,legendary,macro
PM2C2-ITAX-L-001,inflation-tax-and-deflation,D NO ISSUE DETECTED,Authored/expansion,macro-m2c2-money-growth-inflation-neutrality-family,phaseM2c2-money-growth-inflation-neutrality-family-maturation-v1,False,False,False,legendary,macro
LG-Q-252,inflation-tax-and-deflation,D NO ISSUE DETECTED,Other imported bank,liquidity-grid,,False,False,False,calculation,macro
LG-Q-3012,inflation-tax-and-deflation,D NO ISSUE DETECTED,Other imported bank,liquidity-grid,,False,False,False,boss,macro
LG-Q-3013,inflation-tax-and-deflation,D NO ISSUE DETECTED,Other imported bank,liquidity-grid,,False,False,False,boss,macro
LG-Q-3014,inflation-tax-and-deflation,D NO ISSUE DETECTED,Other imported bank,liquidity-grid,,False,False,False,boss,macro
PM2C2-ITAX-EB-001,inflation-tax-and-deflation,D NO ISSUE DETECTED,Authored/expansion,macro-m2c2-money-growth-inflation-neutrality-family,phaseM2c2-money-growth-inflation-neutrality-family-maturation-v1,False,False,False,boss,macro
PM2C2-ITAX-EB-002,inflation-tax-and-deflation,D NO ISSUE DETECTED,Authored/expansion,macro-m2c2-money-growth-inflation-neutrality-family,phaseM2c2-money-growth-inflation-neutrality-family-maturation-v1,False,False,False,boss,macro
PM2C2-ITAX-EB-003,inflation-tax-and-deflation,D NO ISSUE DETECTED,Authored/expansion,macro-m2c2-money-growth-inflation-neutrality-family,phaseM2c2-money-growth-inflation-neutrality-family-maturation-v1,False,False,False,boss,macro
PM2C2-ITAX-FB-004,inflation-tax-and-deflation,D NO ISSUE DETECTED,Authored/expansion,macro-m2c2-money-growth-inflation-neutrality-family,phaseM2c2-money-growth-inflation-neutrality-family-maturation-v1,False,False,False,boss,macro
PM2C2-ITAX-FB-005,inflation-tax-and-deflation,D NO ISSUE DETECTED,Authored/expansion,macro-m2c2-money-growth-inflation-neutrality-family,phaseM2c2-money-growth-inflation-neutrality-family-maturation-v1,False,False,False,boss,macro
PM2C2-ITAX-FB-006,inflation-tax-and-deflation,D NO ISSUE DETECTED,Authored/expansion,macro-m2c2-money-growth-inflation-neutrality-family,phaseM2c2-money-growth-inflation-neutrality-family-maturation-v1,False,False,False,boss,macro
LG-Q-9121,inflation-tax-and-deflation,D NO ISSUE DETECTED,Other imported bank,liquidity-grid,phaseM2c2-money-growth-inflation-neutrality-family-maturation-v1,False,False,False,legendaryBoss,macro
LG-Q-9124,inflation-tax-and-deflation,D NO ISSUE DETECTED,Other imported bank,liquidity-grid,phaseM2c2-money-growth-inflation-neutrality-family-maturation-v1,False,False,False,legendaryBoss,macro
PM2C2-ITAX-LB-001,inflation-tax-and-deflation,D NO ISSUE DETECTED,Authored/expansion,macro-m2c2-money-growth-inflation-neutrality-family,phaseM2c2-money-growth-inflation-neutrality-family-maturation-v1,False,False,False,legendaryBoss,macro
ECON-SP-INFLATION-TAX-5023,inflation-tax-and-deflation,D NO ISSUE DETECTED,Other imported bank,stabilization-protocol,phaseM2c2-money-growth-inflation-neutrality-family-maturation-v1,False,False,False,repair,macro
LG-R-5038,inflation-tax-and-deflation,D NO ISSUE DETECTED,Other imported bank,liquidity-grid,,False,False,False,repair,macro
LG-R-5039,inflation-tax-and-deflation,D NO ISSUE DETECTED,Other imported bank,liquidity-grid,,False,False,False,repair,macro
ECON-SP-INFLATION-TAX-6018,inflation-tax-and-deflation,A PROTECTED MATURE,Other imported bank,stabilization-protocol,,False,False,True,bridge,macro
LG-B-6016,inflation-tax-and-deflation,A PROTECTED MATURE,Other imported bank,liquidity-grid,phaseM2c2-money-growth-inflation-neutrality-family-maturation-v1,False,False,True,bridge,macro
ECON-SP-ELITE-332,integrated-macroeconomic-analysis,D NO ISSUE DETECTED,Other imported bank,stabilization-protocol,,False,False,False,elite,macro
ECON-SP-ELITE-333,integrated-macroeconomic-analysis,D NO ISSUE DETECTED,Other imported bank,stabilization-protocol,,False,False,False,elite,macro
ECON-SP-ELITE-334,integrated-macroeconomic-analysis,D NO ISSUE DETECTED,Other imported bank,stabilization-protocol,,False,False,False,elite,macro
ECON-SP-ELITE-335,integrated-macroeconomic-analysis,D NO ISSUE DETECTED,Other imported bank,stabilization-protocol,,False,False,False,elite,macro
ECON-SP-ELITE-336,integrated-macroeconomic-analysis,D NO ISSUE DETECTED,Other imported bank,stabilization-protocol,,False,False,False,elite,macro
ECON-SP-ELITE-352,integrated-macroeconomic-analysis,D NO ISSUE DETECTED,Other imported bank,stabilization-protocol,,False,False,False,elite,macro
ECON-SP-ELITE-353,integrated-macroeconomic-analysis,D NO ISSUE DETECTED,Other imported bank,stabilization-protocol,,False,False,False,elite,macro
ECON-SP-LEGENDARY-9000,integrated-macroeconomic-analysis,D NO ISSUE DETECTED,Other imported bank,stabilization-protocol,,False,False,False,legendary,macro
ECON-SP-LEGENDARY-9001,integrated-macroeconomic-analysis,D NO ISSUE DETECTED,Other imported bank,stabilization-protocol,,False,False,False,legendary,macro
ECON-SP-LEGENDARY-9005,integrated-macroeconomic-analysis,D NO ISSUE DETECTED,Other imported bank,stabilization-protocol,,False,False,False,legendary,macro
ECON-SP-LEGENDARY-9006,integrated-macroeconomic-analysis,D NO ISSUE DETECTED,Other imported bank,stabilization-protocol,,False,False,False,legendary,macro
ECON-SP-LEGENDARY-9010,integrated-macroeconomic-analysis,D NO ISSUE DETECTED,Other imported bank,stabilization-protocol,,False,False,False,legendary,macro
ECON-SP-LEGENDARY-9011,integrated-macroeconomic-analysis,D NO ISSUE DETECTED,Other imported bank,stabilization-protocol,,False,False,False,legendary,macro
ECON-SP-LEGENDARY-9012,integrated-macroeconomic-analysis,D NO ISSUE DETECTED,Other imported bank,stabilization-protocol,,False,False,False,legendary,macro
ECON-SP-LEGENDARY-9013,integrated-macroeconomic-analysis,D NO ISSUE DETECTED,Other imported bank,stabilization-protocol,,False,False,False,legendary,macro
ECON-SP-LEGENDARY-9017,integrated-macroeconomic-analysis,D NO ISSUE DETECTED,Other imported bank,stabilization-protocol,,False,False,False,legendary,macro
ECON-SP-LEGENDARY-9019,integrated-macroeconomic-analysis,D NO ISSUE DETECTED,Other imported bank,stabilization-protocol,,False,False,False,legendary,macro
ECON-SP-LEGENDARY-9025,integrated-macroeconomic-analysis,D NO ISSUE DETECTED,Other imported bank,stabilization-protocol,,False,False,False,legendary,macro
ECON-SP-LEGENDARY-9026,integrated-macroeconomic-analysis,D NO ISSUE DETECTED,Other imported bank,stabilization-protocol,,False,False,False,legendary,macro
ECON-SP-LEGENDARY-9028,integrated-macroeconomic-analysis,D NO ISSUE DETECTED,Other imported bank,stabilization-protocol,,False,False,False,legendary,macro
ECON-SP-LEGENDARY-9029,integrated-macroeconomic-analysis,D NO ISSUE DETECTED,Other imported bank,stabilization-protocol,,False,False,False,legendary,macro
ECON-SP-LEGENDARY-9030,integrated-macroeconomic-analysis,D NO ISSUE DETECTED,Other imported bank,stabilization-protocol,,False,False,False,legendary,macro
ECON-SP-LEGENDARY-9031,integrated-macroeconomic-analysis,D NO ISSUE DETECTED,Other imported bank,stabilization-protocol,,False,False,False,legendary,macro
ECON-SP-LEGENDARY-9032,integrated-macroeconomic-analysis,D NO ISSUE DETECTED,Other imported bank,stabilization-protocol,,False,False,False,legendary,macro
ECON-SP-LEGENDARY-9033,integrated-macroeconomic-analysis,D NO ISSUE DETECTED,Other imported bank,stabilization-protocol,,False,False,False,legendary,macro
ECON-SP-LEGENDARY-9034,integrated-macroeconomic-analysis,D NO ISSUE DETECTED,Other imported bank,stabilization-protocol,,False,False,False,legendary,macro
ECON-SP-LEGENDARY-9035,integrated-macroeconomic-analysis,D NO ISSUE DETECTED,Other imported bank,stabilization-protocol,,False,False,False,legendary,macro
ECON-SP-LEGENDARY-9036,integrated-macroeconomic-analysis,D NO ISSUE DETECTED,Other imported bank,stabilization-protocol,,False,False,False,legendary,macro
ECON-SP-LEGENDARY-9037,integrated-macroeconomic-analysis,D NO ISSUE DETECTED,Other imported bank,stabilization-protocol,,False,False,False,legendary,macro
ECON-SP-LEGENDARY-9040,integrated-macroeconomic-analysis,D NO ISSUE DETECTED,Other imported bank,stabilization-protocol,,False,False,False,legendary,macro
ECON-SP-LEGENDARY-9041,integrated-macroeconomic-analysis,D NO ISSUE DETECTED,Other imported bank,stabilization-protocol,,False,False,False,legendary,macro
ECON-SP-LEGENDARY-9044,integrated-macroeconomic-analysis,D NO ISSUE DETECTED,Other imported bank,stabilization-protocol,,False,False,False,legendary,macro
ECON-SP-LEGENDARY-9045,integrated-macroeconomic-analysis,D NO ISSUE DETECTED,Other imported bank,stabilization-protocol,,False,False,False,legendary,macro
ECON-SP-LEGENDARY-9053,integrated-macroeconomic-analysis,D NO ISSUE DETECTED,Other imported bank,stabilization-protocol,,False,False,False,legendary,macro
ECON-SP-LEGENDARY-9054,integrated-macroeconomic-analysis,D NO ISSUE DETECTED,Other imported bank,stabilization-protocol,,False,False,False,legendary,macro
ECON-SP-LEGENDARY-9055,integrated-macroeconomic-analysis,D NO ISSUE DETECTED,Other imported bank,stabilization-protocol,,False,False,False,legendary,macro
ECON-SP-FINALBOSS-4000,integrated-macroeconomic-analysis,D NO ISSUE DETECTED,Other imported bank,stabilization-protocol,,False,False,False,boss,macro
ECON-SP-FINALBOSS-4001,integrated-macroeconomic-analysis,D NO ISSUE DETECTED,Other imported bank,stabilization-protocol,,False,False,False,boss,macro
ECON-SP-FINALBOSS-4002,integrated-macroeconomic-analysis,D NO ISSUE DETECTED,Other imported bank,stabilization-protocol,,False,False,False,boss,macro
ECON-SP-FINALBOSS-4003,integrated-macroeconomic-analysis,D NO ISSUE DETECTED,Other imported bank,stabilization-protocol,,False,False,False,boss,macro
ECON-SP-FINALBOSS-4004,integrated-macroeconomic-analysis,D NO ISSUE DETECTED,Other imported bank,stabilization-protocol,,False,False,False,boss,macro
ECON-SP-FINALBOSS-4005,integrated-macroeconomic-analysis,A PROTECTED MATURE,Other imported bank,stabilization-protocol,,False,False,True,boss,macro
ECON-SP-FINALBOSS-4006,integrated-macroeconomic-analysis,D NO ISSUE DETECTED,Other imported bank,stabilization-protocol,,False,False,False,boss,macro
ECON-SP-FINALBOSS-4007,integrated-macroeconomic-analysis,D NO ISSUE DETECTED,Other imported bank,stabilization-protocol,,False,False,False,boss,macro
ECON-SP-FINALBOSS-4008,integrated-macroeconomic-analysis,D NO ISSUE DETECTED,Other imported bank,stabilization-protocol,,False,False,False,boss,macro
ECON-SP-FINALBOSS-4009,integrated-macroeconomic-analysis,D NO ISSUE DETECTED,Other imported bank,stabilization-protocol,,False,False,False,boss,macro
ECON-SP-FINALBOSS-4010,integrated-macroeconomic-analysis,D NO ISSUE DETECTED,Other imported bank,stabilization-protocol,,False,False,False,boss,macro
ECON-SP-FINALBOSS-4011,integrated-macroeconomic-analysis,D NO ISSUE DETECTED,Other imported bank,stabilization-protocol,,False,False,False,boss,macro
ECON-SP-FINALBOSS-4012,integrated-macroeconomic-analysis,D NO ISSUE DETECTED,Other imported bank,stabilization-protocol,,False,False,False,boss,macro
ECON-SP-FINALBOSS-4013,integrated-macroeconomic-analysis,D NO ISSUE DETECTED,Other imported bank,stabilization-protocol,,False,False,False,boss,macro
ECON-SP-FINALBOSS-4014,integrated-macroeconomic-analysis,D NO ISSUE DETECTED,Other imported bank,stabilization-protocol,,False,False,False,boss,macro
ECON-SP-FINALBOSS-4015,integrated-macroeconomic-analysis,D NO ISSUE DETECTED,Other imported bank,stabilization-protocol,,False,False,False,boss,macro
ECON-SP-FINALBOSS-4016,integrated-macroeconomic-analysis,D NO ISSUE DETECTED,Other imported bank,stabilization-protocol,,False,False,False,boss,macro
ECON-SP-FINALBOSS-4017,integrated-macroeconomic-analysis,D NO ISSUE DETECTED,Other imported bank,stabilization-protocol,,False,False,False,boss,macro
ECON-SP-FINALBOSS-4018,integrated-macroeconomic-analysis,D NO ISSUE DETECTED,Other imported bank,stabilization-protocol,,False,False,False,boss,macro
ECON-SP-FINALBOSS-4019,integrated-macroeconomic-analysis,D NO ISSUE DETECTED,Other imported bank,stabilization-protocol,,False,False,False,boss,macro
ECON-SP-FINALBOSS-4020,integrated-macroeconomic-analysis,D NO ISSUE DETECTED,Other imported bank,stabilization-protocol,,False,False,False,boss,macro
ECON-SP-FINALBOSS-4021,integrated-macroeconomic-analysis,D NO ISSUE DETECTED,Other imported bank,stabilization-protocol,,False,False,False,boss,macro
ECON-SP-FINALBOSS-4022,integrated-macroeconomic-analysis,D NO ISSUE DETECTED,Other imported bank,stabilization-protocol,,False,False,False,boss,macro
ECON-SP-FINALBOSS-4023,integrated-macroeconomic-analysis,D NO ISSUE DETECTED,Other imported bank,stabilization-protocol,,False,False,False,boss,macro
ECON-SP-MEDIUMBOSS-3002,integrated-macroeconomic-analysis,D NO ISSUE DETECTED,Other imported bank,stabilization-protocol,,False,False,False,boss,macro
ECON-SP-MEDIUMBOSS-3005,integrated-macroeconomic-analysis,D NO ISSUE DETECTED,Other imported bank,stabilization-protocol,,False,False,False,boss,macro
ECON-SP-MEDIUMBOSS-3008,integrated-macroeconomic-analysis,D NO ISSUE DETECTED,Other imported bank,stabilization-protocol,,False,False,False,boss,macro
ECON-SP-MEDIUMBOSS-3011,integrated-macroeconomic-analysis,C FACULTY-REVIEW CANDIDATE,Other imported bank,stabilization-protocol,,False,False,False,boss,macro
ECON-SP-MEDIUMBOSS-3014,integrated-macroeconomic-analysis,D NO ISSUE DETECTED,Other imported bank,stabilization-protocol,,False,False,False,boss,macro
PM2E-CH-FINAL-001,integrated-macroeconomic-analysis,D NO ISSUE DETECTED,Authored/expansion,phaseM2e-advanced-macro-checkpoint-supplement,,False,False,False,boss,macro
PM2E-CH-FINAL-002,integrated-macroeconomic-analysis,D NO ISSUE DETECTED,Authored/expansion,phaseM2e-advanced-macro-checkpoint-supplement,,False,False,False,boss,macro
PM2E-CH-MID-001,integrated-macroeconomic-analysis,D NO ISSUE DETECTED,Authored/expansion,phaseM2e-advanced-macro-checkpoint-supplement,,False,False,False,boss,macro
PM2E-CH-MID-002,integrated-macroeconomic-analysis,D NO ISSUE DETECTED,Authored/expansion,phaseM2e-advanced-macro-checkpoint-supplement,,False,False,False,boss,macro
PM2E-CH-OPEN-001,integrated-macroeconomic-analysis,D NO ISSUE DETECTED,Authored/expansion,phaseM2e-advanced-macro-checkpoint-supplement,,False,False,False,boss,macro
PM2E-CH-OPEN-002,integrated-macroeconomic-analysis,D NO ISSUE DETECTED,Authored/expansion,phaseM2e-advanced-macro-checkpoint-supplement,,False,False,False,boss,macro
ECON-NL-LEGENDARYBOSS-9132,integrated-macroeconomic-analysis,A PROTECTED MATURE,Other imported bank,national-ledger,,False,False,True,legendaryBoss,macro
ECON-SP-LEGENDARYBOSS-9100,integrated-macroeconomic-analysis,D NO ISSUE DETECTED,Other imported bank,stabilization-protocol,,False,False,False,legendaryBoss,macro
ECON-SP-LEGENDARYBOSS-9101,integrated-macroeconomic-analysis,A PROTECTED MATURE,Other imported bank,stabilization-protocol,,False,False,True,legendaryBoss,macro
ECON-SP-LEGENDARYBOSS-9102,integrated-macroeconomic-analysis,D NO ISSUE DETECTED,Other imported bank,stabilization-protocol,,False,False,False,legendaryBoss,macro
ECON-SP-LEGENDARYBOSS-9103,integrated-macroeconomic-analysis,D NO ISSUE DETECTED,Other imported bank,stabilization-protocol,,False,False,False,legendaryBoss,macro
ECON-SP-LEGENDARYBOSS-9104,integrated-macroeconomic-analysis,D NO ISSUE DETECTED,Other imported bank,stabilization-protocol,,False,False,False,legendaryBoss,macro
ECON-SP-LEGENDARYBOSS-9105,integrated-macroeconomic-analysis,D NO ISSUE DETECTED,Other imported bank,stabilization-protocol,,False,False,False,legendaryBoss,macro
ECON-SP-LEGENDARYBOSS-9106,integrated-macroeconomic-analysis,A PROTECTED MATURE,Other imported bank,stabilization-protocol,,False,False,True,legendaryBoss,macro
ECON-SP-LEGENDARYBOSS-9107,integrated-macroeconomic-analysis,D NO ISSUE DETECTED,Other imported bank,stabilization-protocol,,False,False,False,legendaryBoss,macro
ECON-SP-LEGENDARYBOSS-9108,integrated-macroeconomic-analysis,D NO ISSUE DETECTED,Other imported bank,stabilization-protocol,,False,False,False,legendaryBoss,macro
ECON-SP-LEGENDARYBOSS-9109,integrated-macroeconomic-analysis,D NO ISSUE DETECTED,Other imported bank,stabilization-protocol,,False,False,False,legendaryBoss,macro
ECON-SP-LEGENDARYBOSS-9110,integrated-macroeconomic-analysis,D NO ISSUE DETECTED,Other imported bank,stabilization-protocol,,False,False,False,legendaryBoss,macro
ECON-SP-LEGENDARYBOSS-9111,integrated-macroeconomic-analysis,D NO ISSUE DETECTED,Other imported bank,stabilization-protocol,,False,False,False,legendaryBoss,macro
ECON-SP-LEGENDARYBOSS-9112,integrated-macroeconomic-analysis,D NO ISSUE DETECTED,Other imported bank,stabilization-protocol,,False,False,False,legendaryBoss,macro
ECON-SP-LEGENDARYBOSS-9113,integrated-macroeconomic-analysis,D NO ISSUE DETECTED,Other imported bank,stabilization-protocol,,False,False,False,legendaryBoss,macro
ECON-SP-LEGENDARYBOSS-9114,integrated-macroeconomic-analysis,D NO ISSUE DETECTED,Other imported bank,stabilization-protocol,,False,False,False,legendaryBoss,macro
ECON-SP-LEGENDARYBOSS-9115,integrated-macroeconomic-analysis,D NO ISSUE DETECTED,Other imported bank,stabilization-protocol,,False,False,False,legendaryBoss,macro
ECON-SP-LEGENDARYBOSS-9116,integrated-macroeconomic-analysis,D NO ISSUE DETECTED,Other imported bank,stabilization-protocol,,False,False,False,legendaryBoss,macro
ECON-SP-LEGENDARYBOSS-9117,integrated-macroeconomic-analysis,D NO ISSUE DETECTED,Other imported bank,stabilization-protocol,,False,False,False,legendaryBoss,macro
ECON-SP-LEGENDARYBOSS-9118,integrated-macroeconomic-analysis,D NO ISSUE DETECTED,Other imported bank,stabilization-protocol,,False,False,False,legendaryBoss,macro
ECON-SP-LEGENDARYBOSS-9119,integrated-macroeconomic-analysis,A PROTECTED MATURE,Other imported bank,stabilization-protocol,,False,False,True,legendaryBoss,macro
ECON-SP-LEGENDARYBOSS-9120,integrated-macroeconomic-analysis,D NO ISSUE DETECTED,Other imported bank,stabilization-protocol,,False,False,False,legendaryBoss,macro
PM2E-CH-LEG-001,integrated-macroeconomic-analysis,D NO ISSUE DETECTED,Authored/expansion,phaseM2e-advanced-macro-checkpoint-supplement,,False,False,False,legendaryBoss,macro
PM2E-CH-LEG-002,integrated-macroeconomic-analysis,D NO ISSUE DETECTED,Authored/expansion,phaseM2e-advanced-macro-checkpoint-supplement,,False,False,False,legendaryBoss,macro
ECON-EC-LEGENDARYBOSS-20022,integrated-macroeconomic-analysis,D NO ISSUE DETECTED,Other imported bank,equilibrium-crisis,phase7.7-general-economics-final-maturation-v1,False,False,False,legendaryBoss,macro
ECON-EC-LEGENDARYBOSS-20023,integrated-macroeconomic-analysis,D NO ISSUE DETECTED,Other imported bank,equilibrium-crisis,phaseQH7-principles-micro-human-read-curation-v1,False,False,False,legendaryBoss,macro
ECON-SP-EASY-80,integrated-macroeconomic-analysis,D NO ISSUE DETECTED,Other imported bank,stabilization-protocol,,False,False,False,integration,macro
ECON-SP-HARD-251,integrated-macroeconomic-analysis,D NO ISSUE DETECTED,Other imported bank,stabilization-protocol,,False,False,False,integration,macro
ECON-SP-HARD-252,integrated-macroeconomic-analysis,D NO ISSUE DETECTED,Other imported bank,stabilization-protocol,,False,False,False,integration,macro
ECON-SP-HARD-253,integrated-macroeconomic-analysis,D NO ISSUE DETECTED,Other imported bank,stabilization-protocol,,False,False,False,integration,macro
ECON-SP-HARD-254,integrated-macroeconomic-analysis,D NO ISSUE DETECTED,Other imported bank,stabilization-protocol,,False,False,False,integration,macro
ECON-SP-HARD-261,integrated-macroeconomic-analysis,D NO ISSUE DETECTED,Other imported bank,stabilization-protocol,,False,False,False,integration,macro
ECON-SP-HARD-262,integrated-macroeconomic-analysis,D NO ISSUE DETECTED,Other imported bank,stabilization-protocol,,False,False,False,integration,macro
ECON-SP-HARD-269,integrated-macroeconomic-analysis,D NO ISSUE DETECTED,Other imported bank,stabilization-protocol,,False,False,False,integration,macro
ECON-SP-MEDIUM-168,integrated-macroeconomic-analysis,D NO ISSUE DETECTED,Other imported bank,stabilization-protocol,,False,False,False,integration,macro
ECON-SP-MEDIUM-169,integrated-macroeconomic-analysis,D NO ISSUE DETECTED,Other imported bank,stabilization-protocol,,False,False,False,integration,macro
ECON-SP-MAP-AD-AS-TO-PC-5061,integrated-macroeconomic-analysis,A PROTECTED MATURE,Other imported bank,stabilization-protocol,,False,False,True,repair,macro
ECON-SP-MAP-AD-AS-TO-PC-6052,integrated-macroeconomic-analysis,A PROTECTED MATURE,Other imported bank,stabilization-protocol,,False,False,True,bridge,macro
P62D-ITP-E-001,international-trade-and-trade-policy,A PROTECTED MATURE,Other imported bank,internationalTradeTradePolicy,,False,True,False,main,general; macro; micro
P62D-ITP-E-002,international-trade-and-trade-policy,A PROTECTED MATURE,Other imported bank,internationalTradeTradePolicy,,False,True,False,main,general; macro; micro
P62D-ITP-E-003,international-trade-and-trade-policy,A PROTECTED MATURE,Other imported bank,internationalTradeTradePolicy,,False,True,False,main,general; macro; micro
P62D-ITP-E-016,international-trade-and-trade-policy,A PROTECTED MATURE,Other imported bank,internationalTradeTradePolicy,,False,True,False,main,general; macro; micro
P62D-ITP-E-017,international-trade-and-trade-policy,A PROTECTED MATURE,Other imported bank,internationalTradeTradePolicy,,False,True,False,main,general; macro; micro
P62D-ITP-E-018,international-trade-and-trade-policy,A PROTECTED MATURE,Other imported bank,internationalTradeTradePolicy,,False,True,False,main,general; macro; micro
P62D-ITP-E-019,international-trade-and-trade-policy,A PROTECTED MATURE,Other imported bank,internationalTradeTradePolicy,,False,True,False,main,general; macro; micro
P62D-ITP-E-020,international-trade-and-trade-policy,A PROTECTED MATURE,Other imported bank,internationalTradeTradePolicy,,False,True,False,main,general; macro; micro
P62D-ITP-E-021,international-trade-and-trade-policy,A PROTECTED MATURE,Other imported bank,internationalTradeTradePolicy,,False,True,False,main,general; macro; micro
P62D-ITP-E-022,international-trade-and-trade-policy,A PROTECTED MATURE,Other imported bank,internationalTradeTradePolicy,,False,True,False,main,general; macro; micro
P62D-ITP-E-023,international-trade-and-trade-policy,A PROTECTED MATURE,Other imported bank,internationalTradeTradePolicy,,False,True,False,main,general; macro; micro
P62D-ITP-E-024,international-trade-and-trade-policy,A PROTECTED MATURE,Other imported bank,internationalTradeTradePolicy,,False,True,False,main,general; macro; micro
P62D-ITP-E-025,international-trade-and-trade-policy,A PROTECTED MATURE,Other imported bank,internationalTradeTradePolicy,,False,True,False,main,general; macro; micro
P62D-ITP-E-026,international-trade-and-trade-policy,A PROTECTED MATURE,Other imported bank,internationalTradeTradePolicy,,False,True,False,main,general; macro; micro
P62D-ITP-E-027,international-trade-and-trade-policy,A PROTECTED MATURE,Other imported bank,internationalTradeTradePolicy,,False,True,False,main,general; macro; micro
P62D-ITP-E-028,international-trade-and-trade-policy,A PROTECTED MATURE,Other imported bank,internationalTradeTradePolicy,,False,True,False,main,general; macro; micro
P62D-ITP-E-029,international-trade-and-trade-policy,A PROTECTED MATURE,Other imported bank,internationalTradeTradePolicy,,False,True,False,main,general; macro; micro
P62D-ITP-E-030,international-trade-and-trade-policy,A PROTECTED MATURE,Other imported bank,internationalTradeTradePolicy,,False,True,False,main,general; macro; micro
P62D-ITP-E-031,international-trade-and-trade-policy,A PROTECTED MATURE,Other imported bank,micro-concept-library,,False,True,False,main,general; macro; micro
P62D-ITP-E-034,international-trade-and-trade-policy,A PROTECTED MATURE,Other imported bank,micro-concept-library,,False,True,False,main,general; macro; micro
P62D-ITP-E-037,international-trade-and-trade-policy,A PROTECTED MATURE,Other imported bank,micro-concept-library,,False,True,False,main,general; macro; micro
P62D-ITP-E-038,international-trade-and-trade-policy,A PROTECTED MATURE,Other imported bank,micro-concept-library,,False,True,False,main,general; macro; micro
P62D-ITP-E-039,international-trade-and-trade-policy,A PROTECTED MATURE,Other imported bank,micro-concept-library,,False,True,False,main,general; macro; micro
P62D-ITP-E-040,international-trade-and-trade-policy,A PROTECTED MATURE,Other imported bank,micro-concept-library,,False,True,False,main,general; macro; micro
PMA-ITP-E-018,international-trade-and-trade-policy,A PROTECTED MATURE,Other imported bank,micro-concept-library,,False,True,False,main,general; macro; micro
PMA-ITP-E-019,international-trade-and-trade-policy,A PROTECTED MATURE,Other imported bank,micro-concept-library,,False,True,False,main,general; macro; micro
PMA-ITP-E-020,international-trade-and-trade-policy,A PROTECTED MATURE,Other imported bank,micro-concept-library,,False,True,False,main,general; macro; micro
PMA-ITP-E-024,international-trade-and-trade-policy,A PROTECTED MATURE,Other imported bank,micro-concept-library,,False,True,False,main,general; macro; micro
PMA-ITP-E-025,international-trade-and-trade-policy,A PROTECTED MATURE,Other imported bank,micro-concept-library,,False,True,False,main,general; macro; micro
PMA-ITP-E-026,international-trade-and-trade-policy,A PROTECTED MATURE,Other imported bank,micro-concept-library,,False,True,False,main,general; macro; micro
P62D-ITP-M-001,international-trade-and-trade-policy,A PROTECTED MATURE,Other imported bank,internationalTradeTradePolicy,,False,True,False,main,general; macro; micro
P62D-ITP-M-002,international-trade-and-trade-policy,A PROTECTED MATURE,Other imported bank,internationalTradeTradePolicy,,False,True,False,main,general; macro; micro
P62D-ITP-M-003,international-trade-and-trade-policy,A PROTECTED MATURE,Other imported bank,internationalTradeTradePolicy,,False,True,False,main,general; macro; micro
P62D-ITP-M-004,international-trade-and-trade-policy,A PROTECTED MATURE,Other imported bank,internationalTradeTradePolicy,,False,True,False,main,general; macro; micro
P62D-ITP-M-005,international-trade-and-trade-policy,A PROTECTED MATURE,Other imported bank,internationalTradeTradePolicy,,False,True,False,main,general; macro; micro
P62D-ITP-M-006,international-trade-and-trade-policy,A PROTECTED MATURE,Other imported bank,internationalTradeTradePolicy,,False,True,False,main,general; macro; micro
P62D-ITP-M-007,international-trade-and-trade-policy,A PROTECTED MATURE,Other imported bank,internationalTradeTradePolicy,,False,True,False,main,general; macro; micro
P62D-ITP-M-008,international-trade-and-trade-policy,A PROTECTED MATURE,Other imported bank,internationalTradeTradePolicy,,False,True,False,main,general; macro; micro
P62D-ITP-M-009,international-trade-and-trade-policy,A PROTECTED MATURE,Other imported bank,internationalTradeTradePolicy,,False,True,False,main,general; macro; micro
P62D-ITP-M-010,international-trade-and-trade-policy,A PROTECTED MATURE,Other imported bank,internationalTradeTradePolicy,,False,True,False,main,general; macro; micro
P62D-ITP-M-023,international-trade-and-trade-policy,A PROTECTED MATURE,Other imported bank,internationalTradeTradePolicy,,False,True,False,main,general; macro; micro
P62D-ITP-M-024,international-trade-and-trade-policy,A PROTECTED MATURE,Other imported bank,internationalTradeTradePolicy,,False,True,False,main,general; macro; micro
P62D-ITP-M-025,international-trade-and-trade-policy,A PROTECTED MATURE,Other imported bank,internationalTradeTradePolicy,phaseQH7-principles-micro-human-read-curation-v1,False,True,False,main,general; macro; micro
P62D-ITP-M-026,international-trade-and-trade-policy,A PROTECTED MATURE,Other imported bank,internationalTradeTradePolicy,,False,True,False,main,general; macro; micro
P62D-ITP-M-027,international-trade-and-trade-policy,A PROTECTED MATURE,Other imported bank,internationalTradeTradePolicy,,False,True,False,main,general; macro; micro
P62D-ITP-M-028,international-trade-and-trade-policy,A PROTECTED MATURE,Other imported bank,internationalTradeTradePolicy,,False,True,False,main,general; macro; micro
P62D-ITP-M-029,international-trade-and-trade-policy,A PROTECTED MATURE,Other imported bank,internationalTradeTradePolicy,,False,True,False,main,general; macro; micro
P62D-ITP-M-030,international-trade-and-trade-policy,A PROTECTED MATURE,Other imported bank,internationalTradeTradePolicy,,False,True,False,main,general; macro; micro
P62D-ITP-M-032,international-trade-and-trade-policy,A PROTECTED MATURE,Other imported bank,micro-concept-library,,False,True,False,main,general; macro; micro
P62D-ITP-M-034,international-trade-and-trade-policy,A PROTECTED MATURE,Other imported bank,micro-concept-library,,False,True,False,main,general; macro; micro
P62D-ITP-M-035,international-trade-and-trade-policy,A PROTECTED MATURE,Other imported bank,micro-concept-library,,False,True,False,main,general; macro; micro
P62D-ITP-M-036,international-trade-and-trade-policy,A PROTECTED MATURE,Other imported bank,micro-concept-library,phaseQH7-principles-micro-human-read-curation-v1,False,True,False,main,general; macro; micro
P62D-ITP-M-037,international-trade-and-trade-policy,A PROTECTED MATURE,Other imported bank,micro-concept-library,,False,True,False,main,general; macro; micro
P62D-ITP-M-038,international-trade-and-trade-policy,A PROTECTED MATURE,Other imported bank,micro-concept-library,,False,True,False,main,general; macro; micro
P62D-ITP-M-039,international-trade-and-trade-policy,A PROTECTED MATURE,Other imported bank,micro-concept-library,,False,True,False,main,general; macro; micro
P62D-ITP-M-040,international-trade-and-trade-policy,A PROTECTED MATURE,Other imported bank,micro-concept-library,,False,True,False,main,general; macro; micro
P62D-ITP-M-041,international-trade-and-trade-policy,A PROTECTED MATURE,Other imported bank,micro-concept-library,,False,True,False,main,general; macro; micro
P62D-ITP-M-042,international-trade-and-trade-policy,A PROTECTED MATURE,Other imported bank,micro-concept-library,,False,True,False,main,general; macro; micro
PMA-ITP-M-021,international-trade-and-trade-policy,A PROTECTED MATURE,Other imported bank,micro-concept-library,,False,True,False,main,general; macro; micro
PMA-ITP-M-022,international-trade-and-trade-policy,A PROTECTED MATURE,Other imported bank,micro-concept-library,,False,True,False,main,general; macro; micro
PMA-ITP-M-023,international-trade-and-trade-policy,A PROTECTED MATURE,Other imported bank,micro-concept-library,,False,True,False,main,general; macro; micro
PMA-ITP-M-027,international-trade-and-trade-policy,A PROTECTED MATURE,Other imported bank,micro-concept-library,,False,True,False,main,general; macro; micro
PMA-ITP-M-028,international-trade-and-trade-policy,A PROTECTED MATURE,Other imported bank,micro-concept-library,,False,True,False,main,general; macro; micro
PMA-ITP-M-029,international-trade-and-trade-policy,A PROTECTED MATURE,Other imported bank,micro-concept-library,,False,True,False,main,general; macro; micro
PMA-ITP-M-032,international-trade-and-trade-policy,A PROTECTED MATURE,Other imported bank,micro-concept-library,,False,True,False,main,general; macro; micro
PMA-ITP-M-033,international-trade-and-trade-policy,A PROTECTED MATURE,Other imported bank,micro-concept-library,,False,True,False,main,general; macro; micro
PMA-ITP-M-034,international-trade-and-trade-policy,A PROTECTED MATURE,Other imported bank,micro-concept-library,,False,True,False,main,general; macro; micro
P62D-ITP-EL-011,international-trade-and-trade-policy,A PROTECTED MATURE,Other imported bank,internationalTradeTradePolicy,,False,True,False,main,general; macro; micro
P62D-ITP-H-008,international-trade-and-trade-policy,A PROTECTED MATURE,Other imported bank,internationalTradeTradePolicy,phaseQH7-principles-micro-human-read-curation-v1,False,True,False,main,general; macro; micro
P62D-ITP-H-013,international-trade-and-trade-policy,A PROTECTED MATURE,Other imported bank,internationalTradeTradePolicy,phaseQH7-principles-micro-human-read-curation-v1,False,True,False,main,general; macro; micro
P62D-ITP-H-014,international-trade-and-trade-policy,A PROTECTED MATURE,Other imported bank,internationalTradeTradePolicy,phaseQH7-principles-micro-human-read-curation-v1,False,True,False,main,general; macro; micro
P62D-ITP-H-039,international-trade-and-trade-policy,A PROTECTED MATURE,Other imported bank,micro-concept-library,,False,True,False,main,general; macro; micro
P62D-ITP-EL-005,international-trade-and-trade-policy,A PROTECTED MATURE,Other imported bank,internationalTradeTradePolicy,,False,True,False,main,general; macro; micro
P62D-ITP-H-009,international-trade-and-trade-policy,A PROTECTED MATURE,Other imported bank,internationalTradeTradePolicy,phaseQH7-principles-micro-human-read-curation-v1,False,True,False,main,general; macro; micro
P62D-ITP-H-010,international-trade-and-trade-policy,A PROTECTED MATURE,Other imported bank,internationalTradeTradePolicy,phaseQH7-principles-micro-human-read-curation-v1,False,True,False,main,general; macro; micro
P62D-ITP-H-011,international-trade-and-trade-policy,A PROTECTED MATURE,Other imported bank,internationalTradeTradePolicy,phaseQH7-principles-micro-human-read-curation-v1,False,True,False,main,general; macro; micro
P62D-ITP-H-012,international-trade-and-trade-policy,A PROTECTED MATURE,Other imported bank,internationalTradeTradePolicy,phaseQH7-principles-micro-human-read-curation-v1,False,True,False,main,general; macro; micro
P62D-ITP-H-015,international-trade-and-trade-policy,A PROTECTED MATURE,Other imported bank,internationalTradeTradePolicy,,False,True,False,main,general; macro; micro
P62D-ITP-H-035,international-trade-and-trade-policy,A PROTECTED MATURE,Other imported bank,micro-concept-library,,False,True,False,main,general; macro; micro
P62D-ITP-H-036,international-trade-and-trade-policy,A PROTECTED MATURE,Other imported bank,micro-concept-library,,False,True,False,main,general; macro; micro
P62D-ITP-H-037,international-trade-and-trade-policy,A PROTECTED MATURE,Other imported bank,micro-concept-library,,False,True,False,main,general; macro; micro
P62D-ITP-H-038,international-trade-and-trade-policy,A PROTECTED MATURE,Other imported bank,micro-concept-library,,False,True,False,main,general; macro; micro
P62D-ITP-H-040,international-trade-and-trade-policy,A PROTECTED MATURE,Other imported bank,micro-concept-library,,False,True,False,main,general; macro; micro
P62D-ITP-H-041,international-trade-and-trade-policy,A PROTECTED MATURE,Other imported bank,micro-concept-library,phaseQH7-principles-micro-human-read-curation-v1,False,True,False,main,general; macro; micro
P62D-ITP-H-042,international-trade-and-trade-policy,A PROTECTED MATURE,Other imported bank,micro-concept-library,phaseQH7-principles-micro-human-read-curation-v1,False,True,False,main,general; macro; micro
PMA-ITP-H-002,international-trade-and-trade-policy,A PROTECTED MATURE,Other imported bank,micro-concept-library,,False,True,False,main,general; macro; micro
PMA-ITP-H-003,international-trade-and-trade-policy,A PROTECTED MATURE,Other imported bank,micro-concept-library,,False,True,False,main,general; macro; micro
PMA-ITP-H-004,international-trade-and-trade-policy,A PROTECTED MATURE,Other imported bank,micro-concept-library,,False,True,False,main,general; macro; micro
PMA-ITP-H-005,international-trade-and-trade-policy,A PROTECTED MATURE,Other imported bank,micro-concept-library,,False,True,False,main,general; macro; micro
PMA-ITP-H-030,international-trade-and-trade-policy,A PROTECTED MATURE,Other imported bank,micro-concept-library,,False,True,False,main,general; macro; micro
PMA-ITP-H-031,international-trade-and-trade-policy,A PROTECTED MATURE,Other imported bank,micro-concept-library,,False,True,False,main,general; macro; micro
PMA-ITP-H-035,international-trade-and-trade-policy,A PROTECTED MATURE,Other imported bank,micro-concept-library,,False,True,False,main,general; macro; micro
PMA-ITP-H-036,international-trade-and-trade-policy,A PROTECTED MATURE,Other imported bank,micro-concept-library,,False,True,False,main,general; macro; micro
PMA-ITP-H-037,international-trade-and-trade-policy,A PROTECTED MATURE,Other imported bank,micro-concept-library,,False,True,False,main,general; macro; micro
PMA-ITP-H-038,international-trade-and-trade-policy,A PROTECTED MATURE,Other imported bank,micro-concept-library,,False,True,False,main,general; macro; micro
PMA-ITP-H-039,international-trade-and-trade-policy,A PROTECTED MATURE,Other imported bank,micro-concept-library,,False,True,False,main,general; macro; micro
P62D-ITP-EL-006,international-trade-and-trade-policy,A PROTECTED MATURE,Other imported bank,internationalTradeTradePolicy,,False,True,False,main,general; macro; micro
P62D-ITP-EL-007,international-trade-and-trade-policy,A PROTECTED MATURE,Other imported bank,internationalTradeTradePolicy,,False,True,False,main,general; macro; micro
P62D-ITP-EL-028,international-trade-and-trade-policy,A PROTECTED MATURE,Other imported bank,internationalTradeTradePolicy,,False,True,False,main,general; macro; micro
P62D-ITP-EL-037,international-trade-and-trade-policy,A PROTECTED MATURE,Other imported bank,micro-concept-library,,False,True,False,main,general; macro; micro
P62D-ITP-EL-004,international-trade-and-trade-policy,A PROTECTED MATURE,Other imported bank,internationalTradeTradePolicy,,False,True,False,main,general; macro; micro
P62D-ITP-EL-015,international-trade-and-trade-policy,A PROTECTED MATURE,Other imported bank,internationalTradeTradePolicy,phaseQH7-principles-micro-human-read-curation-v1,False,True,False,main,general; macro; micro
P62D-ITP-EL-020,international-trade-and-trade-policy,A PROTECTED MATURE,Other imported bank,internationalTradeTradePolicy,,False,True,False,main,general; macro; micro
P62D-ITP-EL-027,international-trade-and-trade-policy,A PROTECTED MATURE,Other imported bank,internationalTradeTradePolicy,,False,True,False,main,general; macro; micro
P62D-ITP-EL-001,international-trade-and-trade-policy,A PROTECTED MATURE,Other imported bank,internationalTradeTradePolicy,,False,True,False,elite,general; macro; micro
P62D-ITP-EL-002,international-trade-and-trade-policy,A PROTECTED MATURE,Other imported bank,internationalTradeTradePolicy,,False,True,False,elite,general; macro; micro
P62D-ITP-EL-003,international-trade-and-trade-policy,A PROTECTED MATURE,Other imported bank,internationalTradeTradePolicy,,False,True,False,elite,general; macro; micro
P62D-ITP-EL-008,international-trade-and-trade-policy,A PROTECTED MATURE,Other imported bank,internationalTradeTradePolicy,,False,True,False,elite,general; macro; micro
P62D-ITP-EL-009,international-trade-and-trade-policy,A PROTECTED MATURE,Other imported bank,internationalTradeTradePolicy,,False,True,False,elite,general; macro; micro
P62D-ITP-EL-010,international-trade-and-trade-policy,A PROTECTED MATURE,Other imported bank,internationalTradeTradePolicy,,False,True,False,elite,general; macro; micro
P62D-ITP-EL-012,international-trade-and-trade-policy,A PROTECTED MATURE,Other imported bank,internationalTradeTradePolicy,,False,True,False,elite,general; macro; micro
P62D-ITP-EL-013,international-trade-and-trade-policy,A PROTECTED MATURE,Other imported bank,internationalTradeTradePolicy,,False,True,False,elite,general; macro; micro
P62D-ITP-EL-014,international-trade-and-trade-policy,A PROTECTED MATURE,Other imported bank,internationalTradeTradePolicy,,False,True,False,elite,general; macro; micro
P62D-ITP-EL-016,international-trade-and-trade-policy,A PROTECTED MATURE,Other imported bank,internationalTradeTradePolicy,,False,True,False,elite,general; macro; micro
P62D-ITP-EL-017,international-trade-and-trade-policy,A PROTECTED MATURE,Other imported bank,internationalTradeTradePolicy,phaseQH7-principles-micro-human-read-curation-v1,False,True,False,elite,general; macro; micro
P62D-ITP-EL-021,international-trade-and-trade-policy,A PROTECTED MATURE,Other imported bank,internationalTradeTradePolicy,,False,True,False,elite,general; macro; micro
P62D-ITP-EL-024,international-trade-and-trade-policy,A PROTECTED MATURE,Other imported bank,internationalTradeTradePolicy,,False,True,False,elite,general; macro; micro
P62D-ITP-EL-025,international-trade-and-trade-policy,A PROTECTED MATURE,Other imported bank,internationalTradeTradePolicy,,False,True,False,elite,general; macro; micro
P62D-ITP-EL-026,international-trade-and-trade-policy,A PROTECTED MATURE,Other imported bank,internationalTradeTradePolicy,,False,True,False,elite,general; macro; micro
P62D-ITP-EL-029,international-trade-and-trade-policy,A PROTECTED MATURE,Other imported bank,internationalTradeTradePolicy,,False,True,False,elite,general; macro; micro
P62D-ITP-EL-030,international-trade-and-trade-policy,A PROTECTED MATURE,Other imported bank,internationalTradeTradePolicy,,False,True,False,elite,general; macro; micro
P62D-ITP-EL-035,international-trade-and-trade-policy,A PROTECTED MATURE,Other imported bank,micro-concept-library,,False,True,False,elite,general; macro; micro
P62D-ITP-EL-036,international-trade-and-trade-policy,A PROTECTED MATURE,Other imported bank,micro-concept-library,,False,True,False,elite,general; macro; micro
P62D-ITP-EL-038,international-trade-and-trade-policy,A PROTECTED MATURE,Other imported bank,micro-concept-library,,False,True,False,elite,general; macro; micro
P62D-ITP-H-018,international-trade-and-trade-policy,A PROTECTED MATURE,Other imported bank,internationalTradeTradePolicy,phaseQH7-principles-micro-human-read-curation-v1,False,True,False,main,general; macro; micro
P62D-ITP-H-021,international-trade-and-trade-policy,A PROTECTED MATURE,Other imported bank,internationalTradeTradePolicy,,False,True,False,main,general; macro; micro
P62D-ITP-H-024,international-trade-and-trade-policy,A PROTECTED MATURE,Other imported bank,internationalTradeTradePolicy,phaseQH7-principles-micro-human-read-curation-v1,False,True,False,main,general; macro; micro
P62D-ITP-H-027,international-trade-and-trade-policy,A PROTECTED MATURE,Other imported bank,internationalTradeTradePolicy,,False,True,False,main,general; macro; micro
P62D-ITP-H-030,international-trade-and-trade-policy,A PROTECTED MATURE,Other imported bank,internationalTradeTradePolicy,phaseQH7-principles-micro-human-read-curation-v1,False,True,False,main,general; macro; micro
PMA-ITP-H-001,international-trade-and-trade-policy,A PROTECTED MATURE,Other imported bank,micro-concept-library,,False,True,False,main,general; macro; micro
P62D-ITP-L-003,international-trade-and-trade-policy,A PROTECTED MATURE,Other imported bank,internationalTradeTradePolicy,,False,True,False,legendary,general; macro; micro
P62D-ITP-L-006,international-trade-and-trade-policy,A PROTECTED MATURE,Other imported bank,internationalTradeTradePolicy,phaseQH7-principles-micro-human-read-curation-v1,False,True,False,legendary,general; macro; micro
P62D-ITP-L-009,international-trade-and-trade-policy,A PROTECTED MATURE,Other imported bank,internationalTradeTradePolicy,,False,True,False,legendary,general; macro; micro
P62D-ITP-L-012,international-trade-and-trade-policy,A PROTECTED MATURE,Other imported bank,internationalTradeTradePolicy,phaseQH7-principles-micro-human-read-curation-v1,False,True,False,legendary,general; macro; micro
P62D-ITP-L-015,international-trade-and-trade-policy,A PROTECTED MATURE,Other imported bank,internationalTradeTradePolicy,,False,True,False,legendary,general; macro; micro
P62D-ITP-L-018,international-trade-and-trade-policy,A PROTECTED MATURE,Other imported bank,internationalTradeTradePolicy,,False,True,False,legendary,general; macro; micro
P62D-ITP-L-021,international-trade-and-trade-policy,A PROTECTED MATURE,Other imported bank,internationalTradeTradePolicy,phaseQH7-principles-micro-human-read-curation-v1,False,True,False,legendary,general; macro; micro
P62D-ITP-L-024,international-trade-and-trade-policy,A PROTECTED MATURE,Other imported bank,internationalTradeTradePolicy,,False,True,False,legendary,general; macro; micro
P62D-ITP-L-027,international-trade-and-trade-policy,A PROTECTED MATURE,Other imported bank,internationalTradeTradePolicy,phaseQH7-principles-micro-human-read-curation-v1,False,True,False,legendary,general; macro; micro
P62D-ITP-L-030,international-trade-and-trade-policy,A PROTECTED MATURE,Other imported bank,internationalTradeTradePolicy,,False,True,False,legendary,general; macro; micro
P62D-ITP-L-033,international-trade-and-trade-policy,A PROTECTED MATURE,Other imported bank,internationalTradeTradePolicy,,False,True,False,legendary,general; macro; micro
P62D-ITP-L-036,international-trade-and-trade-policy,A PROTECTED MATURE,Other imported bank,internationalTradeTradePolicy,,False,True,False,legendary,general; macro; micro
P62D-ITP-L-039,international-trade-and-trade-policy,A PROTECTED MATURE,Other imported bank,internationalTradeTradePolicy,,False,True,False,legendary,general; macro; micro
P62D-ITP-L-042,international-trade-and-trade-policy,A PROTECTED MATURE,Other imported bank,internationalTradeTradePolicy,phaseQH7-principles-micro-human-read-curation-v1,False,True,False,legendary,general; macro; micro
P62D-ITP-L-045,international-trade-and-trade-policy,A PROTECTED MATURE,Other imported bank,internationalTradeTradePolicy,phaseQH7-principles-micro-human-read-curation-v1,False,True,False,legendary,general; macro; micro
P62D-ITP-L-048,international-trade-and-trade-policy,A PROTECTED MATURE,Other imported bank,internationalTradeTradePolicy,,False,True,False,legendary,general; macro; micro
P62D-ITP-L-051,international-trade-and-trade-policy,A PROTECTED MATURE,Other imported bank,internationalTradeTradePolicy,,False,True,False,legendary,general; macro; micro
P62D-ITP-L-054,international-trade-and-trade-policy,A PROTECTED MATURE,Other imported bank,internationalTradeTradePolicy,,False,True,False,legendary,general; macro; micro
P62D-ITP-L-057,international-trade-and-trade-policy,A PROTECTED MATURE,Other imported bank,internationalTradeTradePolicy,phaseQH7-principles-micro-human-read-curation-v1,False,True,False,legendary,general; macro; micro
P62D-ITP-L-060,international-trade-and-trade-policy,A PROTECTED MATURE,Other imported bank,internationalTradeTradePolicy,phaseQH7-principles-micro-human-read-curation-v1,False,True,False,legendary,general; macro; micro
P62D-ITP-L-061,international-trade-and-trade-policy,A PROTECTED MATURE,Other imported bank,internationalTradeTradePolicy,phaseQH7-principles-micro-human-read-curation-v1,False,True,False,legendary,general; macro; micro
P62D-ITP-L-062,international-trade-and-trade-policy,A PROTECTED MATURE,Other imported bank,internationalTradeTradePolicy,,False,True,False,legendary,general; macro; micro
P62D-ITP-L-063,international-trade-and-trade-policy,A PROTECTED MATURE,Other imported bank,internationalTradeTradePolicy,,False,True,False,legendary,general; macro; micro
P62D-ITP-L-064,international-trade-and-trade-policy,A PROTECTED MATURE,Other imported bank,internationalTradeTradePolicy,,False,True,False,legendary,general; macro; micro
P62D-ITP-L-065,international-trade-and-trade-policy,A PROTECTED MATURE,Other imported bank,internationalTradeTradePolicy,,False,True,False,legendary,general; macro; micro
P62D-ITP-L-066,international-trade-and-trade-policy,A PROTECTED MATURE,Other imported bank,internationalTradeTradePolicy,,False,True,False,legendary,general; macro; micro
P62D-ITP-L-067,international-trade-and-trade-policy,A PROTECTED MATURE,Other imported bank,internationalTradeTradePolicy,,False,True,False,legendary,general; macro; micro
P62D-ITP-L-068,international-trade-and-trade-policy,A PROTECTED MATURE,Other imported bank,internationalTradeTradePolicy,phaseQH7-principles-micro-human-read-curation-v1,False,True,False,legendary,general; macro; micro
P62D-ITP-L-069,international-trade-and-trade-policy,A PROTECTED MATURE,Other imported bank,internationalTradeTradePolicy,phaseQH7-principles-micro-human-read-curation-v1,False,True,False,legendary,general; macro; micro
P62D-ITP-L-070,international-trade-and-trade-policy,A PROTECTED MATURE,Other imported bank,internationalTradeTradePolicy,,False,True,False,legendary,general; macro; micro
P62D-ITP-L-071,international-trade-and-trade-policy,A PROTECTED MATURE,Other imported bank,internationalTradeTradePolicy,,False,True,False,legendary,general; macro; micro
P62D-ITP-L-072,international-trade-and-trade-policy,A PROTECTED MATURE,Other imported bank,internationalTradeTradePolicy,,False,True,False,legendary,general; macro; micro
P62D-ITP-L-073,international-trade-and-trade-policy,A PROTECTED MATURE,Other imported bank,internationalTradeTradePolicy,phaseQH7-principles-micro-human-read-curation-v1,False,True,False,legendary,general; macro; micro
P62D-ITP-L-074,international-trade-and-trade-policy,A PROTECTED MATURE,Other imported bank,internationalTradeTradePolicy,,False,True,False,legendary,general; macro; micro
P62D-ITP-L-075,international-trade-and-trade-policy,A PROTECTED MATURE,Other imported bank,internationalTradeTradePolicy,,False,True,False,legendary,general; macro; micro
P62D-ITP-L-076,international-trade-and-trade-policy,A PROTECTED MATURE,Other imported bank,internationalTradeTradePolicy,,False,True,False,legendary,general; macro; micro
P62D-ITP-L-077,international-trade-and-trade-policy,A PROTECTED MATURE,Other imported bank,internationalTradeTradePolicy,,False,True,False,legendary,general; macro; micro
P62D-ITP-L-078,international-trade-and-trade-policy,A PROTECTED MATURE,Other imported bank,internationalTradeTradePolicy,phaseQH7-principles-micro-human-read-curation-v1,False,True,False,legendary,general; macro; micro
P62D-ITP-L-079,international-trade-and-trade-policy,A PROTECTED MATURE,Other imported bank,internationalTradeTradePolicy,phaseQH7-principles-micro-human-read-curation-v1,False,True,False,legendary,general; macro; micro
P62D-ITP-L-080,international-trade-and-trade-policy,A PROTECTED MATURE,Other imported bank,internationalTradeTradePolicy,,False,True,False,legendary,general; macro; micro
P62D-ITP-L-081,international-trade-and-trade-policy,A PROTECTED MATURE,Other imported bank,internationalTradeTradePolicy,,False,True,False,legendary,general; macro; micro
P62D-ITP-L-082,international-trade-and-trade-policy,A PROTECTED MATURE,Other imported bank,internationalTradeTradePolicy,,False,True,False,legendary,general; macro; micro
P62D-ITP-L-083,international-trade-and-trade-policy,A PROTECTED MATURE,Other imported bank,internationalTradeTradePolicy,,False,True,False,legendary,general; macro; micro
P62D-ITP-L-084,international-trade-and-trade-policy,A PROTECTED MATURE,Other imported bank,internationalTradeTradePolicy,,False,True,False,legendary,general; macro; micro
P62D-ITP-L-085,international-trade-and-trade-policy,A PROTECTED MATURE,Other imported bank,internationalTradeTradePolicy,phaseQH7-principles-micro-human-read-curation-v1,False,True,False,legendary,general; macro; micro
P62D-ITP-L-086,international-trade-and-trade-policy,A PROTECTED MATURE,Other imported bank,internationalTradeTradePolicy,,False,True,False,legendary,general; macro; micro
P62D-ITP-L-087,international-trade-and-trade-policy,A PROTECTED MATURE,Other imported bank,internationalTradeTradePolicy,,False,True,False,legendary,general; macro; micro
P62D-ITP-L-088,international-trade-and-trade-policy,A PROTECTED MATURE,Other imported bank,internationalTradeTradePolicy,,False,True,False,legendary,general; macro; micro
P62D-ITP-L-089,international-trade-and-trade-policy,A PROTECTED MATURE,Other imported bank,internationalTradeTradePolicy,,False,True,False,legendary,general; macro; micro
P62D-ITP-L-090,international-trade-and-trade-policy,A PROTECTED MATURE,Other imported bank,internationalTradeTradePolicy,,False,True,False,legendary,general; macro; micro
P62D-ITP-L-095,international-trade-and-trade-policy,A PROTECTED MATURE,Other imported bank,micro-concept-library,,False,True,False,legendary,general; macro; micro
P62D-ITP-L-096,international-trade-and-trade-policy,A PROTECTED MATURE,Other imported bank,micro-concept-library,,False,True,False,legendary,general; macro; micro
P62D-ITP-L-097,international-trade-and-trade-policy,A PROTECTED MATURE,Other imported bank,micro-concept-library,,False,True,False,legendary,general; macro; micro
P62D-ITP-L-098,international-trade-and-trade-policy,A PROTECTED MATURE,Other imported bank,micro-concept-library,,False,True,False,legendary,general; macro; micro
P62D-ITP-L-099,international-trade-and-trade-policy,A PROTECTED MATURE,Other imported bank,micro-concept-library,,False,True,False,legendary,general; macro; micro
P62D-ITP-L-100,international-trade-and-trade-policy,A PROTECTED MATURE,Other imported bank,micro-concept-library,,False,True,False,legendary,general; macro; micro
P62D-ITP-C-024,international-trade-and-trade-policy,A PROTECTED MATURE,Other imported bank,internationalTradeTradePolicy,phaseQH7-principles-micro-human-read-curation-v1,False,True,False,calculation,general; macro; micro
P62D-ITP-C-025,international-trade-and-trade-policy,A PROTECTED MATURE,Other imported bank,internationalTradeTradePolicy,,False,True,False,calculation,general; macro; micro
P62D-ITP-C-026,international-trade-and-trade-policy,A PROTECTED MATURE,Other imported bank,internationalTradeTradePolicy,phaseQH7-principles-micro-human-read-curation-v1,False,True,False,calculation,general; macro; micro
P62D-ITP-C-027,international-trade-and-trade-policy,A PROTECTED MATURE,Other imported bank,internationalTradeTradePolicy,,False,True,False,calculation,general; macro; micro
P62D-ITP-C-028,international-trade-and-trade-policy,A PROTECTED MATURE,Other imported bank,internationalTradeTradePolicy,phaseQH7-principles-micro-human-read-curation-v1,False,True,False,calculation,general; macro; micro
P62D-ITP-C-029,international-trade-and-trade-policy,A PROTECTED MATURE,Other imported bank,internationalTradeTradePolicy,,False,True,False,calculation,general; macro; micro
P62D-ITP-C-030,international-trade-and-trade-policy,A PROTECTED MATURE,Other imported bank,internationalTradeTradePolicy,,False,True,False,calculation,general; macro; micro
P62D-ITP-B1-001,international-trade-and-trade-policy,A PROTECTED MATURE,Other imported bank,internationalTradeTradePolicy,phaseQH7-principles-micro-human-read-curation-v1,False,True,False,boss,general; macro; micro
P62D-ITP-B1-002,international-trade-and-trade-policy,A PROTECTED MATURE,Other imported bank,internationalTradeTradePolicy,phaseQH7-principles-micro-human-read-curation-v1,False,True,False,boss,general; macro; micro
P62D-ITP-B1-011,international-trade-and-trade-policy,A PROTECTED MATURE,Other imported bank,internationalTradeTradePolicy,phaseQH7-principles-micro-human-read-curation-v1,False,True,False,boss,general; macro; micro
P62D-ITP-B1-012,international-trade-and-trade-policy,A PROTECTED MATURE,Other imported bank,internationalTradeTradePolicy,phaseQH7-principles-micro-human-read-curation-v1,False,True,False,boss,general; macro; micro
P62D-ITP-B2-029,international-trade-and-trade-policy,A PROTECTED MATURE,Other imported bank,internationalTradeTradePolicy,phaseQH7-principles-micro-human-read-curation-v1,False,True,False,boss,general; macro; micro
P62D-ITP-B2-030,international-trade-and-trade-policy,A PROTECTED MATURE,Other imported bank,internationalTradeTradePolicy,phaseQH7-principles-micro-human-read-curation-v1,False,True,False,boss,general; macro; micro
P62D-ITP-B2-037,international-trade-and-trade-policy,A PROTECTED MATURE,Other imported bank,micro-concept-library,phaseQH7-principles-micro-human-read-curation-v1,False,True,False,boss,general; macro; micro
P62D-ITP-B3-037,international-trade-and-trade-policy,A PROTECTED MATURE,Other imported bank,internationalTradeTradePolicy,phaseQH7-principles-micro-human-read-curation-v1,False,True,False,boss,general; macro; micro
P62D-ITP-B3-038,international-trade-and-trade-policy,A PROTECTED MATURE,Other imported bank,internationalTradeTradePolicy,phaseQH7-principles-micro-human-read-curation-v1,False,True,False,boss,general; macro; micro
P62D-ITP-B3-039,international-trade-and-trade-policy,A PROTECTED MATURE,Other imported bank,internationalTradeTradePolicy,phaseQH7-principles-micro-human-read-curation-v1,False,True,False,boss,general; macro; micro
P62D-ITP-B3-040,international-trade-and-trade-policy,A PROTECTED MATURE,Other imported bank,internationalTradeTradePolicy,phaseQH7-principles-micro-human-read-curation-v1,False,True,False,boss,general; macro; micro
P62D-ITP-B3-041,international-trade-and-trade-policy,A PROTECTED MATURE,Other imported bank,internationalTradeTradePolicy,phaseQH7-principles-micro-human-read-curation-v1,False,True,False,boss,general; macro; micro
P62D-ITP-B3-042,international-trade-and-trade-policy,A PROTECTED MATURE,Other imported bank,internationalTradeTradePolicy,phaseQH7-principles-micro-human-read-curation-v1,False,True,False,boss,general; macro; micro
P62D-ITP-B3-043,international-trade-and-trade-policy,A PROTECTED MATURE,Other imported bank,internationalTradeTradePolicy,phaseQH7-principles-micro-human-read-curation-v1,False,True,False,boss,general; macro; micro
P62D-ITP-B3-044,international-trade-and-trade-policy,A PROTECTED MATURE,Other imported bank,internationalTradeTradePolicy,phaseQH7-principles-micro-human-read-curation-v1,False,True,False,boss,general; macro; micro
P62D-ITP-B3-045,international-trade-and-trade-policy,A PROTECTED MATURE,Other imported bank,internationalTradeTradePolicy,phaseQH7-principles-micro-human-read-curation-v1,False,True,False,boss,general; macro; micro
P62D-ITP-B3-046,international-trade-and-trade-policy,A PROTECTED MATURE,Other imported bank,internationalTradeTradePolicy,phaseQH7-principles-micro-human-read-curation-v1,False,True,False,boss,general; macro; micro
P62D-ITP-B3-047,international-trade-and-trade-policy,A PROTECTED MATURE,Other imported bank,internationalTradeTradePolicy,phaseQH7-principles-micro-human-read-curation-v1,False,True,False,boss,general; macro; micro
P62D-ITP-B3-048,international-trade-and-trade-policy,A PROTECTED MATURE,Other imported bank,internationalTradeTradePolicy,phaseQH7-principles-micro-human-read-curation-v1,False,True,False,boss,general; macro; micro
P62D-ITP-B3-049,international-trade-and-trade-policy,A PROTECTED MATURE,Other imported bank,internationalTradeTradePolicy,phaseQH7-principles-micro-human-read-curation-v1,False,True,False,boss,general; macro; micro
P62D-ITP-B3-050,international-trade-and-trade-policy,A PROTECTED MATURE,Other imported bank,internationalTradeTradePolicy,phaseQH7-principles-micro-human-read-curation-v1,False,True,False,boss,general; macro; micro
P62D-ITP-B3-051,international-trade-and-trade-policy,A PROTECTED MATURE,Other imported bank,internationalTradeTradePolicy,phaseQH7-principles-micro-human-read-curation-v1,False,True,False,boss,general; macro; micro
P62D-ITP-B3-052,international-trade-and-trade-policy,A PROTECTED MATURE,Other imported bank,internationalTradeTradePolicy,phaseQH7-principles-micro-human-read-curation-v1,False,True,False,boss,general; macro; micro
P62D-ITP-B3-053,international-trade-and-trade-policy,A PROTECTED MATURE,Other imported bank,internationalTradeTradePolicy,phaseQH7-principles-micro-human-read-curation-v1,False,True,False,boss,general; macro; micro
P62D-ITP-B3-054,international-trade-and-trade-policy,A PROTECTED MATURE,Other imported bank,internationalTradeTradePolicy,phaseQH7-principles-micro-human-read-curation-v1,False,True,False,boss,general; macro; micro
P62D-ITP-B3-055,international-trade-and-trade-policy,A PROTECTED MATURE,Other imported bank,micro-concept-library,phaseQH7-principles-micro-human-read-curation-v1,False,True,False,boss,general; macro; micro
P62D-ITP-LB-003,international-trade-and-trade-policy,A PROTECTED MATURE,Other imported bank,internationalTradeTradePolicy,phaseQH7-principles-micro-human-read-curation-v1,False,True,False,legendaryBoss,general; macro; micro
P62D-ITP-LB-006,international-trade-and-trade-policy,A PROTECTED MATURE,Other imported bank,internationalTradeTradePolicy,phaseQH7-principles-micro-human-read-curation-v1,False,True,False,legendaryBoss,general; macro; micro
P62D-ITP-LB-009,international-trade-and-trade-policy,A PROTECTED MATURE,Other imported bank,internationalTradeTradePolicy,phaseQH7-principles-micro-human-read-curation-v1,False,True,False,legendaryBoss,general; macro; micro
P62D-ITP-LB-012,international-trade-and-trade-policy,A PROTECTED MATURE,Other imported bank,internationalTradeTradePolicy,phaseQH7-principles-micro-human-read-curation-v1,False,True,False,legendaryBoss,general; macro; micro
P62D-ITP-LB-015,international-trade-and-trade-policy,A PROTECTED MATURE,Other imported bank,internationalTradeTradePolicy,phaseQH7-principles-micro-human-read-curation-v1,False,True,False,legendaryBoss,general; macro; micro
P62D-ITP-LB-018,international-trade-and-trade-policy,A PROTECTED MATURE,Other imported bank,internationalTradeTradePolicy,phaseQH7-principles-micro-human-read-curation-v1,False,True,False,legendaryBoss,general; macro; micro
P62D-ITP-LB-021,international-trade-and-trade-policy,A PROTECTED MATURE,Other imported bank,internationalTradeTradePolicy,phaseQH7-principles-micro-human-read-curation-v1,False,True,False,legendaryBoss,general; macro; micro
P62D-ITP-LB-024,international-trade-and-trade-policy,A PROTECTED MATURE,Other imported bank,internationalTradeTradePolicy,phaseQH7-principles-micro-human-read-curation-v1,False,True,False,legendaryBoss,general; macro; micro
P62D-ITP-LB-027,international-trade-and-trade-policy,A PROTECTED MATURE,Other imported bank,internationalTradeTradePolicy,phaseQH7-principles-micro-human-read-curation-v1,False,True,False,legendaryBoss,general; macro; micro
P62D-ITP-LB-030,international-trade-and-trade-policy,A PROTECTED MATURE,Other imported bank,internationalTradeTradePolicy,phaseQH7-principles-micro-human-read-curation-v1,False,True,False,legendaryBoss,general; macro; micro
P62D-ITP-LB-033,international-trade-and-trade-policy,A PROTECTED MATURE,Other imported bank,internationalTradeTradePolicy,phaseQH7-principles-micro-human-read-curation-v1,False,True,False,legendaryBoss,general; macro; micro
P62D-ITP-LB-036,international-trade-and-trade-policy,A PROTECTED MATURE,Other imported bank,internationalTradeTradePolicy,phaseQH7-principles-micro-human-read-curation-v1,False,True,False,legendaryBoss,general; macro; micro
P62D-ITP-R-001,international-trade-and-trade-policy,A PROTECTED MATURE,Other imported bank,internationalTradeTradePolicy,,False,True,False,repair,general; macro; micro
P62D-ITP-R-002,international-trade-and-trade-policy,A PROTECTED MATURE,Other imported bank,internationalTradeTradePolicy,,False,True,False,repair,general; macro; micro
P62D-ITP-R-010,international-trade-and-trade-policy,A PROTECTED MATURE,Other imported bank,internationalTradeTradePolicy,,False,True,False,repair,general; macro; micro
P62D-ITP-R-011,international-trade-and-trade-policy,A PROTECTED MATURE,Other imported bank,internationalTradeTradePolicy,,False,True,False,repair,general; macro; micro
P62D-ITP-R-012,international-trade-and-trade-policy,A PROTECTED MATURE,Other imported bank,internationalTradeTradePolicy,,False,True,False,repair,general; macro; micro
P62D-ITP-R-013,international-trade-and-trade-policy,A PROTECTED MATURE,Other imported bank,internationalTradeTradePolicy,,False,True,False,repair,general; macro; micro
P62D-ITP-R-014,international-trade-and-trade-policy,A PROTECTED MATURE,Other imported bank,internationalTradeTradePolicy,,False,True,False,repair,general; macro; micro
P62D-ITP-R-015,international-trade-and-trade-policy,A PROTECTED MATURE,Other imported bank,internationalTradeTradePolicy,,False,True,False,repair,general; macro; micro
P62D-ITP-R-016,international-trade-and-trade-policy,A PROTECTED MATURE,Other imported bank,internationalTradeTradePolicy,,False,True,False,repair,general; macro; micro
P62D-ITP-R-017,international-trade-and-trade-policy,A PROTECTED MATURE,Other imported bank,internationalTradeTradePolicy,,False,True,False,repair,general; macro; micro
P62D-ITP-R-018,international-trade-and-trade-policy,A PROTECTED MATURE,Other imported bank,internationalTradeTradePolicy,,False,True,False,repair,general; macro; micro
P62D-ITP-R-019,international-trade-and-trade-policy,A PROTECTED MATURE,Other imported bank,internationalTradeTradePolicy,,False,True,False,repair,general; macro; micro
P62D-ITP-R-020,international-trade-and-trade-policy,A PROTECTED MATURE,Other imported bank,internationalTradeTradePolicy,,False,True,False,repair,general; macro; micro
PMS-ITP-R-001,international-trade-and-trade-policy,A PROTECTED MATURE,Other imported bank,micro-concept-library,phaseQH7-principles-micro-human-read-curation-v1,False,True,False,repair,general; macro; micro
PMS-ITP-R-010,international-trade-and-trade-policy,A PROTECTED MATURE,Other imported bank,micro-concept-library,phaseQH7-principles-micro-human-read-curation-v1,False,True,False,repair,general; macro; micro
PMS-ITP-R-011,international-trade-and-trade-policy,A PROTECTED MATURE,Other imported bank,micro-concept-library,phaseQH7-principles-micro-human-read-curation-v1,False,True,False,repair,general; macro; micro
PMS-ITP-R-014,international-trade-and-trade-policy,A PROTECTED MATURE,Other imported bank,micro-concept-library,phaseQH7-principles-micro-human-read-curation-v1,False,True,False,repair,general; macro; micro
PMS-ITP-R-015,international-trade-and-trade-policy,A PROTECTED MATURE,Other imported bank,micro-concept-library,,False,True,False,repair,general; macro; micro
P62D-ITP-BR-005,international-trade-and-trade-policy,A PROTECTED MATURE,Other imported bank,internationalTradeTradePolicy,phaseQH7-principles-micro-human-read-curation-v1,False,True,False,bridge,general; macro; micro
P62D-ITP-BR-010,international-trade-and-trade-policy,A PROTECTED MATURE,Other imported bank,internationalTradeTradePolicy,phaseQH7-principles-micro-human-read-curation-v1,False,True,False,bridge,general; macro; micro
P62D-ITP-BR-011,international-trade-and-trade-policy,A PROTECTED MATURE,Other imported bank,internationalTradeTradePolicy,phaseQH7-principles-micro-human-read-curation-v1,False,True,False,bridge,general; macro; micro
P62D-ITP-BR-012,international-trade-and-trade-policy,A PROTECTED MATURE,Other imported bank,internationalTradeTradePolicy,phaseQH7-principles-micro-human-read-curation-v1,False,True,False,bridge,general; macro; micro
P62D-ITP-BR-014,international-trade-and-trade-policy,A PROTECTED MATURE,Other imported bank,internationalTradeTradePolicy,phaseQH7-principles-micro-human-read-curation-v1,False,True,False,bridge,general; macro; micro
P62D-ITP-BR-015,international-trade-and-trade-policy,A PROTECTED MATURE,Other imported bank,internationalTradeTradePolicy,phaseQH7-principles-micro-human-read-curation-v1,False,True,False,bridge,general; macro; micro
P62D-ITP-BR-016,international-trade-and-trade-policy,A PROTECTED MATURE,Other imported bank,internationalTradeTradePolicy,phaseQH7-principles-micro-human-read-curation-v1,False,True,False,bridge,general; macro; micro
P62D-ITP-BR-017,international-trade-and-trade-policy,A PROTECTED MATURE,Other imported bank,internationalTradeTradePolicy,phaseQH7-principles-micro-human-read-curation-v1,False,True,False,bridge,general; macro; micro
P62D-ITP-BR-018,international-trade-and-trade-policy,A PROTECTED MATURE,Other imported bank,internationalTradeTradePolicy,phaseQH7-principles-micro-human-read-curation-v1,False,True,False,bridge,general; macro; micro
P62D-ITP-BR-019,international-trade-and-trade-policy,A PROTECTED MATURE,Other imported bank,internationalTradeTradePolicy,phaseQH7-principles-micro-human-read-curation-v1,False,True,False,bridge,general; macro; micro
P62D-ITP-BR-020,international-trade-and-trade-policy,A PROTECTED MATURE,Other imported bank,internationalTradeTradePolicy,phaseQH7-principles-micro-human-read-curation-v1,False,True,False,bridge,general; macro; micro
PMS-ITP-BR-012,international-trade-and-trade-policy,A PROTECTED MATURE,Other imported bank,micro-concept-library,,False,True,False,bridge,general; macro; micro
PMS-ITP-BR-013,international-trade-and-trade-policy,A PROTECTED MATURE,Other imported bank,micro-concept-library,,False,True,False,bridge,general; macro; micro
PMS-ITP-BR-016,international-trade-and-trade-policy,A PROTECTED MATURE,Other imported bank,micro-concept-library,,False,True,False,bridge,general; macro; micro
PMS-ITP-BR-017,international-trade-and-trade-policy,A PROTECTED MATURE,Other imported bank,micro-concept-library,,False,True,False,bridge,general; macro; micro
PMS-ITP-BR-018,international-trade-and-trade-policy,A PROTECTED MATURE,Other imported bank,micro-concept-library,,False,True,False,bridge,general; macro; micro
PMS-ITP-BR-019,international-trade-and-trade-policy,A PROTECTED MATURE,Other imported bank,micro-concept-library,,False,True,False,bridge,general; macro; micro
PMS-ITP-BR-020,international-trade-and-trade-policy,A PROTECTED MATURE,Other imported bank,micro-concept-library,phaseQH7-principles-micro-human-read-curation-v1,False,True,False,bridge,general; macro; micro
PMS-ITP-BR-021,international-trade-and-trade-policy,A PROTECTED MATURE,Other imported bank,micro-concept-library,,False,True,False,bridge,general; macro; micro
PMS-ITP-BR-022,international-trade-and-trade-policy,A PROTECTED MATURE,Other imported bank,micro-concept-library,,False,True,False,bridge,general; macro; micro
PMOE-TX-E-001,international-transactions-and-identities,D NO ISSUE DETECTED,Authored/expansion,macro-open-economy-authoring,phaseMacroOpenEconomy-v1,False,False,False,main,macro
PMOE-TX-E-002,international-transactions-and-identities,D NO ISSUE DETECTED,Authored/expansion,macro-open-economy-authoring,phaseMacroOpenEconomy-v1,False,False,False,main,macro
PMOE-TX-E-003,international-transactions-and-identities,D NO ISSUE DETECTED,Authored/expansion,macro-open-economy-authoring,phaseMacroOpenEconomy-v1,False,False,False,main,macro
PMOE-TX-E-004,international-transactions-and-identities,D NO ISSUE DETECTED,Authored/expansion,macro-open-economy-authoring,phaseMacroOpenEconomy-v1,False,False,False,main,macro
PMOE-TX-E-005,international-transactions-and-identities,D NO ISSUE DETECTED,Authored/expansion,macro-open-economy-authoring,phaseMacroOpenEconomy-v1,False,False,False,main,macro
PMOE-TX-E-006,international-transactions-and-identities,D NO ISSUE DETECTED,Authored/expansion,macro-open-economy-authoring,phaseMacroOpenEconomy-v1,False,False,False,main,macro
PMOE-TX-M-001,international-transactions-and-identities,D NO ISSUE DETECTED,Authored/expansion,macro-open-economy-authoring,phaseMacroOpenEconomy-v1,False,False,False,main,macro
PMOE-TX-M-002,international-transactions-and-identities,D NO ISSUE DETECTED,Authored/expansion,macro-open-economy-authoring,phaseMacroOpenEconomy-v1,False,False,False,main,macro
PMOE-TX-M-003,international-transactions-and-identities,D NO ISSUE DETECTED,Authored/expansion,macro-open-economy-authoring,phaseMacroOpenEconomy-v1,False,False,False,main,macro
PMOE-TX-M-004,international-transactions-and-identities,D NO ISSUE DETECTED,Authored/expansion,macro-open-economy-authoring,phaseMacroOpenEconomy-v1,False,False,False,main,macro
PMOE-TX-M-005,international-transactions-and-identities,D NO ISSUE DETECTED,Authored/expansion,macro-open-economy-authoring,phaseMacroOpenEconomy-v1,False,False,False,main,macro
PMOE-TX-M-006,international-transactions-and-identities,D NO ISSUE DETECTED,Authored/expansion,macro-open-economy-authoring,phaseMacroOpenEconomy-v1,False,False,False,main,macro
PMOE-TX-H-005,international-transactions-and-identities,D NO ISSUE DETECTED,Authored/expansion,macro-open-economy-authoring,phaseMacroOpenEconomy-v1,False,False,False,main,macro
PMOE-TX-H-001,international-transactions-and-identities,D NO ISSUE DETECTED,Authored/expansion,macro-open-economy-authoring,phaseMacroOpenEconomy-v1,False,False,False,main,macro
PMOE-TX-H-002,international-transactions-and-identities,D NO ISSUE DETECTED,Authored/expansion,macro-open-economy-authoring,phaseMacroOpenEconomy-v1,False,False,False,main,macro
PMOE-TX-H-003,international-transactions-and-identities,D NO ISSUE DETECTED,Authored/expansion,macro-open-economy-authoring,phaseMacroOpenEconomy-v1,False,False,False,main,macro
PMOE-TX-H-004,international-transactions-and-identities,D NO ISSUE DETECTED,Authored/expansion,macro-open-economy-authoring,phaseMacroOpenEconomy-v1,False,False,False,main,macro
PMOE-TX-H-006,international-transactions-and-identities,D NO ISSUE DETECTED,Authored/expansion,macro-open-economy-authoring,phaseMacroOpenEconomy-v1,False,False,False,main,macro
PMOE-TX-EL-002,international-transactions-and-identities,D NO ISSUE DETECTED,Authored/expansion,macro-open-economy-authoring,phaseMacroOpenEconomy-v1,False,False,False,elite,macro
PMOE-TX-EL-001,international-transactions-and-identities,D NO ISSUE DETECTED,Authored/expansion,macro-open-economy-authoring,phaseMacroOpenEconomy-v1,False,False,False,elite,macro
PMOE-TX-L-001,international-transactions-and-identities,D NO ISSUE DETECTED,Authored/expansion,macro-open-economy-authoring,phaseMacroOpenEconomy-v1,False,False,False,legendary,macro
PMOE-TX-L-002,international-transactions-and-identities,D NO ISSUE DETECTED,Authored/expansion,macro-open-economy-authoring,phaseMacroOpenEconomy-v1,False,False,False,legendary,macro
PMOE-TX-L-003,international-transactions-and-identities,D NO ISSUE DETECTED,Authored/expansion,macro-open-economy-authoring,phaseMacroOpenEconomy-v1,False,False,False,legendary,macro
PMOE-TX-L-004,international-transactions-and-identities,D NO ISSUE DETECTED,Authored/expansion,macro-open-economy-authoring,phaseMacroOpenEconomy-v1,False,False,False,legendary,macro
PMOE-TX-L-005,international-transactions-and-identities,D NO ISSUE DETECTED,Authored/expansion,macro-open-economy-authoring,phaseMacroOpenEconomy-v1,False,False,False,legendary,macro
PMOE-TX-L-006,international-transactions-and-identities,D NO ISSUE DETECTED,Authored/expansion,macro-open-economy-authoring,phaseMacroOpenEconomy-v1,False,False,False,legendary,macro
PMOE-TX-B1-001,international-transactions-and-identities,D NO ISSUE DETECTED,Authored/expansion,macro-open-economy-authoring,phaseMacroOpenEconomy-v1,False,False,False,boss,macro
PMOE-TX-B1-002,international-transactions-and-identities,D NO ISSUE DETECTED,Authored/expansion,macro-open-economy-authoring,phaseMacroOpenEconomy-v1,False,False,False,boss,macro
PMOE-TX-B1-003,international-transactions-and-identities,D NO ISSUE DETECTED,Authored/expansion,macro-open-economy-authoring,phaseMacroOpenEconomy-v1,False,False,False,boss,macro
PMOE-TX-B2-001,international-transactions-and-identities,D NO ISSUE DETECTED,Authored/expansion,macro-open-economy-authoring,phaseMacroOpenEconomy-v1,False,False,False,boss,macro
PMOE-TX-B2-002,international-transactions-and-identities,D NO ISSUE DETECTED,Authored/expansion,macro-open-economy-authoring,phaseMacroOpenEconomy-v1,False,False,False,boss,macro
PMOE-TX-B2-003,international-transactions-and-identities,D NO ISSUE DETECTED,Authored/expansion,macro-open-economy-authoring,phaseMacroOpenEconomy-v1,False,False,False,boss,macro
PMOE-TX-B3-001,international-transactions-and-identities,D NO ISSUE DETECTED,Authored/expansion,macro-open-economy-authoring,phaseMacroOpenEconomy-v1,False,False,False,boss,macro
PMOE-TX-B3-002,international-transactions-and-identities,D NO ISSUE DETECTED,Authored/expansion,macro-open-economy-authoring,phaseMacroOpenEconomy-v1,False,False,False,boss,macro
PMOE-TX-B3-003,international-transactions-and-identities,D NO ISSUE DETECTED,Authored/expansion,macro-open-economy-authoring,phaseMacroOpenEconomy-v1,False,False,False,boss,macro
PMOE-TX-LB-001,international-transactions-and-identities,D NO ISSUE DETECTED,Authored/expansion,macro-open-economy-authoring,phaseMacroOpenEconomy-v1,False,False,False,legendaryBoss,macro
PMOE-TX-LB-002,international-transactions-and-identities,D NO ISSUE DETECTED,Authored/expansion,macro-open-economy-authoring,phaseMacroOpenEconomy-v1,False,False,False,legendaryBoss,macro
PMOE-TX-LB-003,international-transactions-and-identities,D NO ISSUE DETECTED,Authored/expansion,macro-open-economy-authoring,phaseMacroOpenEconomy-v1,False,False,False,legendaryBoss,macro
PMOE-TX-R-001,international-transactions-and-identities,D NO ISSUE DETECTED,Authored/expansion,macro-open-economy-authoring,phaseMacroOpenEconomy-v1,False,False,False,repair,macro
PMOE-TX-BR-001,international-transactions-and-identities,D NO ISSUE DETECTED,Authored/expansion,macro-open-economy-authoring,phaseMacroOpenEconomy-v1,False,False,False,bridge,macro
ECON-NL-EASY-77,labor-market-institutions,D NO ISSUE DETECTED,Other imported bank,national-ledger,,False,False,False,main,macro
ECON-NL-EASY-78,labor-market-institutions,D NO ISSUE DETECTED,Other imported bank,national-ledger,,False,False,False,main,macro
ECON-NL-EASY-79,labor-market-institutions,D NO ISSUE DETECTED,Other imported bank,national-ledger,,False,False,False,main,macro
P52B-S2-LMI-E-001,labor-market-institutions,D NO ISSUE DETECTED,Authored/expansion,phase5.2b-stage2-rescue,,False,False,False,main,macro
PM2B4-LMI-E-001,labor-market-institutions,D NO ISSUE DETECTED,Authored/expansion,macro-m2b4-unemployment-labor-family,phaseM2b4-unemployment-labor-family-maturation-v1,False,False,False,easy,macro
PM2B4-LMI-E-002,labor-market-institutions,D NO ISSUE DETECTED,Authored/expansion,macro-m2b4-unemployment-labor-family,phaseM2b4-unemployment-labor-family-maturation-v1,False,False,False,easy,macro
ECON-NL-HARD-278,labor-market-institutions,D NO ISSUE DETECTED,Other imported bank,national-ledger,,False,False,False,main,macro
ECON-NL-ELITE-376,labor-market-institutions,D NO ISSUE DETECTED,Other imported bank,national-ledger,,False,False,False,elite,macro
ECON-NL-ELITE-378,labor-market-institutions,D NO ISSUE DETECTED,Other imported bank,national-ledger,,False,False,False,elite,macro
ECON-NL-LEGENDARY-9082,labor-market-institutions,D NO ISSUE DETECTED,Other imported bank,national-ledger,,False,False,False,legendary,macro
ECON-NL-LEGENDARY-9083,labor-market-institutions,D NO ISSUE DETECTED,Other imported bank,national-ledger,,False,False,False,legendary,macro
ECON-NL-MEDIUM-175,labor-market-institutions,D NO ISSUE DETECTED,Other imported bank,national-ledger,,False,False,False,main,macro
ECON-NL-MEDIUM-176,labor-market-institutions,D NO ISSUE DETECTED,Other imported bank,national-ledger,,False,False,False,main,macro
ECON-NL-MEDIUM-177,labor-market-institutions,D NO ISSUE DETECTED,Other imported bank,national-ledger,,False,False,False,main,macro
ECON-NL-MEDIUM-178,labor-market-institutions,D NO ISSUE DETECTED,Other imported bank,national-ledger,,False,False,False,main,macro
PM2B4-LMI-M-001,labor-market-institutions,D NO ISSUE DETECTED,Authored/expansion,macro-m2b4-unemployment-labor-family,phaseM2b4-unemployment-labor-family-maturation-v1,False,False,False,medium,macro
PM2B4-LMI-M-002,labor-market-institutions,A PROTECTED MATURE,Authored/expansion,macro-m2b4-unemployment-labor-family,phaseM2b4-unemployment-labor-family-maturation-v1,False,False,True,medium,macro
ECON-NL-HARD-277,labor-market-institutions,D NO ISSUE DETECTED,Other imported bank,national-ledger,,False,False,False,main,macro
ECON-NL-ELITE-377,labor-market-institutions,D NO ISSUE DETECTED,Other imported bank,national-ledger,,False,False,False,elite,macro
ECON-NL-HARD-275,labor-market-institutions,D NO ISSUE DETECTED,Other imported bank,national-ledger,,False,False,False,main,macro
ECON-NL-HARD-276,labor-market-institutions,D NO ISSUE DETECTED,Other imported bank,national-ledger,,False,False,False,main,macro
PM2B4-LMI-H-001,labor-market-institutions,D NO ISSUE DETECTED,Authored/expansion,macro-m2b4-unemployment-labor-family,phaseM2b4-unemployment-labor-family-maturation-v1,False,False,False,hard,macro
PM2B4-LMI-H-002,labor-market-institutions,A PROTECTED MATURE,Authored/expansion,macro-m2b4-unemployment-labor-family,phaseM2b4-unemployment-labor-family-maturation-v1,False,False,True,hard,macro
ECON-NL-ELITE-375,labor-market-institutions,D NO ISSUE DETECTED,Other imported bank,national-ledger,,False,False,False,elite,macro
ECON-NL-LEGENDARY-9088,labor-market-institutions,D NO ISSUE DETECTED,Other imported bank,national-ledger,,False,False,False,legendary,macro
ECON-NL-LEGENDARY-9076,labor-market-institutions,D NO ISSUE DETECTED,Other imported bank,national-ledger,,False,False,False,legendary,macro
ECON-NL-LEGENDARY-9077,labor-market-institutions,D NO ISSUE DETECTED,Other imported bank,national-ledger,,False,False,False,legendary,macro
ECON-NL-LEGENDARY-9078,labor-market-institutions,D NO ISSUE DETECTED,Other imported bank,national-ledger,,False,False,False,legendary,macro
ECON-NL-LEGENDARY-9079,labor-market-institutions,D NO ISSUE DETECTED,Other imported bank,national-ledger,,False,False,False,legendary,macro
ECON-NL-FINALBOSS-4014,labor-market-institutions,D NO ISSUE DETECTED,Other imported bank,national-ledger,,False,False,False,boss,macro
ECON-NL-FINALBOSS-4021,labor-market-institutions,D NO ISSUE DETECTED,Other imported bank,national-ledger,,False,False,False,boss,macro
ECON-NL-FINALBOSS-4022,labor-market-institutions,D NO ISSUE DETECTED,Other imported bank,national-ledger,,False,False,False,boss,macro
ECON-NL-FINALBOSS-4023,labor-market-institutions,D NO ISSUE DETECTED,Other imported bank,national-ledger,,False,False,False,boss,macro
ECON-NL-FINALBOSS-4024,labor-market-institutions,D NO ISSUE DETECTED,Other imported bank,national-ledger,,False,False,False,boss,macro
ECON-NL-FINALBOSS-4025,labor-market-institutions,D NO ISSUE DETECTED,Other imported bank,national-ledger,,False,False,False,boss,macro
ECON-NL-FINALBOSS-4026,labor-market-institutions,D NO ISSUE DETECTED,Other imported bank,national-ledger,,False,False,False,boss,macro
ECON-NL-FINALBOSS-4027,labor-market-institutions,D NO ISSUE DETECTED,Other imported bank,national-ledger,,False,False,False,boss,macro
ECON-NL-FINALBOSS-4028,labor-market-institutions,D NO ISSUE DETECTED,Other imported bank,national-ledger,,False,False,False,boss,macro
ECON-NL-FINALBOSS-4029,labor-market-institutions,D NO ISSUE DETECTED,Other imported bank,national-ledger,,False,False,False,boss,macro
ECON-NL-FINALBOSS-4030,labor-market-institutions,D NO ISSUE DETECTED,Other imported bank,national-ledger,,False,False,False,boss,macro
ECON-NL-FINALBOSS-4031,labor-market-institutions,D NO ISSUE DETECTED,Other imported bank,national-ledger,,False,False,False,boss,macro
ECON-NL-FINALBOSS-4032,labor-market-institutions,D NO ISSUE DETECTED,Other imported bank,national-ledger,,False,False,False,boss,macro
ECON-NL-FINALBOSS-4040,labor-market-institutions,D NO ISSUE DETECTED,Other imported bank,national-ledger,,False,False,False,boss,macro
PM2B4-LMI-EB-001,labor-market-institutions,D NO ISSUE DETECTED,Authored/expansion,macro-m2b4-unemployment-labor-family,phaseM2b4-unemployment-labor-family-maturation-v1,False,False,False,boss,macro
PM2B4-LMI-EB-002,labor-market-institutions,A PROTECTED MATURE,Authored/expansion,macro-m2b4-unemployment-labor-family,phaseM2b4-unemployment-labor-family-maturation-v1,False,False,True,boss,macro
PM2B4-LMI-EB-003,labor-market-institutions,D NO ISSUE DETECTED,Authored/expansion,macro-m2b4-unemployment-labor-family,phaseM2b4-unemployment-labor-family-maturation-v1,False,False,False,boss,macro
PM2B4-LMI-MB-004,labor-market-institutions,D NO ISSUE DETECTED,Authored/expansion,macro-m2b4-unemployment-labor-family,phaseM2b4-unemployment-labor-family-maturation-v1,False,False,False,boss,macro
PM2B4-LMI-MB-005,labor-market-institutions,D NO ISSUE DETECTED,Authored/expansion,macro-m2b4-unemployment-labor-family,phaseM2b4-unemployment-labor-family-maturation-v1,False,False,False,boss,macro
PM2B4-LMI-MB-006,labor-market-institutions,D NO ISSUE DETECTED,Authored/expansion,macro-m2b4-unemployment-labor-family,phaseM2b4-unemployment-labor-family-maturation-v1,False,False,False,boss,macro
ECON-NL-LEGENDARYBOSS-9128,labor-market-institutions,A PROTECTED MATURE,Other imported bank,national-ledger,,False,False,True,legendaryBoss,macro
ECON-NL-LEGENDARYBOSS-9129,labor-market-institutions,A PROTECTED MATURE,Other imported bank,national-ledger,,False,False,True,legendaryBoss,macro
PM2B4-LMI-LB-001,labor-market-institutions,D NO ISSUE DETECTED,Authored/expansion,macro-m2b4-unemployment-labor-family,phaseM2b4-unemployment-labor-family-maturation-v1,False,False,False,legendaryBoss,macro
ECON-NL-MINIMUM-WAGE-SURPLUS-5054,labor-market-institutions,D NO ISSUE DETECTED,Other imported bank,national-ledger,,False,False,False,repair,macro
ECON-NL-UNIONS-EFFICIENCY-WAGES-5055,labor-market-institutions,D NO ISSUE DETECTED,Other imported bank,national-ledger,,False,False,False,repair,macro
PM2B4-LMI-R-001,labor-market-institutions,D NO ISSUE DETECTED,Authored/expansion,macro-m2b4-unemployment-labor-family,phaseM2b4-unemployment-labor-family-maturation-v1,False,False,False,repair,macro
ECON-NL-MINIMUM-WAGE-SURPLUS-6034,labor-market-institutions,D NO ISSUE DETECTED,Other imported bank,national-ledger,,False,False,False,bridge,macro
ECON-NL-UNIONS-EFFICIENCY-WAGES-6035,labor-market-institutions,D NO ISSUE DETECTED,Other imported bank,national-ledger,,False,False,False,bridge,macro
PM2B4-LMI-BR-001,labor-market-institutions,D NO ISSUE DETECTED,Authored/expansion,macro-m2b4-unemployment-labor-family,phaseM2b4-unemployment-labor-family-maturation-v1,False,False,False,bridge,macro
ECON-NL-EASY-19,limits-of-gdp,D NO ISSUE DETECTED,Other imported bank,national-ledger,,False,False,False,main,macro
ECON-NL-EASY-20,limits-of-gdp,D NO ISSUE DETECTED,Other imported bank,national-ledger,,False,False,False,main,macro
PM2B1-GDPL-E-001,limits-of-gdp,D NO ISSUE DETECTED,Authored/expansion,macro-m2b1-gdp-family,phaseM2b1-gdp-national-output-family-maturation-v1,False,False,False,easy,macro
PM2B1-GDPL-E-002,limits-of-gdp,D NO ISSUE DETECTED,Authored/expansion,macro-m2b1-gdp-family,phaseM2b1-gdp-national-output-family-maturation-v1,False,False,False,easy,macro
PM2B1-GDPL-E-003,limits-of-gdp,D NO ISSUE DETECTED,Authored/expansion,macro-m2b1-gdp-family,phaseM2b1-gdp-national-output-family-maturation-v1,False,False,False,easy,macro
PM2B1-GDPL-E-004,limits-of-gdp,D NO ISSUE DETECTED,Authored/expansion,macro-m2b1-gdp-family,phaseM2b1-gdp-national-output-family-maturation-v1,False,False,False,easy,macro
ECON-NL-MEDIUM-118,limits-of-gdp,D NO ISSUE DETECTED,Other imported bank,national-ledger,phaseM2b1-gdp-national-output-family-maturation-v1,False,False,False,main,macro
ECON-NL-MEDIUM-119,limits-of-gdp,D NO ISSUE DETECTED,Other imported bank,national-ledger,phaseM2b1-gdp-national-output-family-maturation-v1,False,False,False,main,macro
PM2B1-GDPL-M-001,limits-of-gdp,D NO ISSUE DETECTED,Authored/expansion,macro-m2b1-gdp-family,phaseM2b1-gdp-national-output-family-maturation-v1,False,False,False,medium,macro
PM2B1-GDPL-M-002,limits-of-gdp,D NO ISSUE DETECTED,Authored/expansion,macro-m2b1-gdp-family,phaseM2b1-gdp-national-output-family-maturation-v1,False,False,False,medium,macro
PM2B1-GDPL-M-003,limits-of-gdp,D NO ISSUE DETECTED,Authored/expansion,macro-m2b1-gdp-family,phaseM2b1-gdp-national-output-family-maturation-v1,False,False,False,medium,macro
PM2B1-GDPL-M-004,limits-of-gdp,D NO ISSUE DETECTED,Authored/expansion,macro-m2b1-gdp-family,phaseM2b1-gdp-national-output-family-maturation-v1,False,False,False,medium,macro
ECON-NL-HARD-217,limits-of-gdp,D NO ISSUE DETECTED,Other imported bank,national-ledger,phaseM2b1-gdp-national-output-family-maturation-v1,False,False,False,main,macro
ECON-NL-HARD-219,limits-of-gdp,D NO ISSUE DETECTED,Other imported bank,national-ledger,,False,False,False,main,macro
PM2B1-GDPL-H-001,limits-of-gdp,D NO ISSUE DETECTED,Authored/expansion,macro-m2b1-gdp-family,phaseM2b1-gdp-national-output-family-maturation-v1,False,False,False,hard,macro
ECON-NL-ELITE-317,limits-of-gdp,D NO ISSUE DETECTED,Other imported bank,national-ledger,,False,False,False,elite,macro
ECON-NL-ELITE-318,limits-of-gdp,D NO ISSUE DETECTED,Other imported bank,national-ledger,phaseM2b1-gdp-national-output-family-maturation-v1,False,False,False,elite,macro
ECON-NL-ELITE-319,limits-of-gdp,D NO ISSUE DETECTED,Other imported bank,national-ledger,,False,False,False,elite,macro
ECON-NL-LEGENDARY-9019,limits-of-gdp,D NO ISSUE DETECTED,Other imported bank,national-ledger,,False,False,False,legendary,macro
ECON-NL-HARD-218,limits-of-gdp,D NO ISSUE DETECTED,Other imported bank,national-ledger,phaseM2b1-gdp-national-output-family-maturation-v1,False,False,False,main,macro
PM2B1-GDPL-H-002,limits-of-gdp,D NO ISSUE DETECTED,Authored/expansion,macro-m2b1-gdp-family,phaseM2b1-gdp-national-output-family-maturation-v1,False,False,False,hard,macro
PM2B1-GDPL-H-003,limits-of-gdp,D NO ISSUE DETECTED,Authored/expansion,macro-m2b1-gdp-family,phaseM2b1-gdp-national-output-family-maturation-v1,False,False,False,hard,macro
PM2B1-GDPL-L-001,limits-of-gdp,D NO ISSUE DETECTED,Authored/expansion,macro-m2b1-gdp-family,phaseM2b1-gdp-national-output-family-maturation-v1,False,False,False,legendary,macro
PM2B1-GDPL-L-003,limits-of-gdp,D NO ISSUE DETECTED,Authored/expansion,macro-m2b1-gdp-family,phaseM2b1-gdp-national-output-family-maturation-v1,False,False,False,legendary,macro
ECON-NL-LEGENDARY-9014,limits-of-gdp,D NO ISSUE DETECTED,Other imported bank,national-ledger,,False,False,False,legendary,macro
ECON-NL-LEGENDARY-9015,limits-of-gdp,D NO ISSUE DETECTED,Other imported bank,national-ledger,,False,False,False,legendary,macro
PM2B1-GDPL-L-002,limits-of-gdp,D NO ISSUE DETECTED,Authored/expansion,macro-m2b1-gdp-family,phaseM2b1-gdp-national-output-family-maturation-v1,False,False,False,legendary,macro
ECON-EC-EASYBOSS-17002,limits-of-gdp,A PROTECTED MATURE,Other imported bank,equilibrium-crisis,phaseM2b1-gdp-national-output-family-maturation-v1,False,False,True,boss,macro
ECON-EC-EASYBOSS-17016,limits-of-gdp,D NO ISSUE DETECTED,Other imported bank,equilibrium-crisis,phaseM2b1-gdp-national-output-family-maturation-v1,False,False,False,boss,macro
ECON-EC-EASYBOSS-17017,limits-of-gdp,A PROTECTED MATURE,Other imported bank,equilibrium-crisis,phaseM2b1-gdp-national-output-family-maturation-v1,False,False,True,boss,macro
ECON-NL-EASYBOSS-2015,limits-of-gdp,D NO ISSUE DETECTED,Other imported bank,national-ledger,phaseM2b1-gdp-national-output-family-maturation-v1,False,False,False,boss,macro
ECON-NL-EASYBOSS-2016,limits-of-gdp,D NO ISSUE DETECTED,Other imported bank,national-ledger,phaseM2b1-gdp-national-output-family-maturation-v1,False,False,False,boss,macro
ECON-NL-EASYBOSS-2017,limits-of-gdp,D NO ISSUE DETECTED,Other imported bank,national-ledger,,False,False,False,boss,macro
PM2B1-GDPL-FB-004,limits-of-gdp,D NO ISSUE DETECTED,Authored/expansion,macro-m2b1-gdp-family,phaseM2b1-gdp-national-output-family-maturation-v1,False,False,False,boss,macro
PM2B1-GDPL-FB-005,limits-of-gdp,D NO ISSUE DETECTED,Authored/expansion,macro-m2b1-gdp-family,phaseM2b1-gdp-national-output-family-maturation-v1,False,False,False,boss,macro
PM2B1-GDPL-FB-006,limits-of-gdp,D NO ISSUE DETECTED,Authored/expansion,macro-m2b1-gdp-family,phaseM2b1-gdp-national-output-family-maturation-v1,False,False,False,boss,macro
PM2B1-GDPL-MB-001,limits-of-gdp,D NO ISSUE DETECTED,Authored/expansion,macro-m2b1-gdp-family,phaseM2b1-gdp-national-output-family-maturation-v1,False,False,False,boss,macro
PM2B1-GDPL-MB-002,limits-of-gdp,D NO ISSUE DETECTED,Authored/expansion,macro-m2b1-gdp-family,phaseM2b1-gdp-national-output-family-maturation-v1,False,False,False,boss,macro
PM2B1-GDPL-MB-003,limits-of-gdp,D NO ISSUE DETECTED,Authored/expansion,macro-m2b1-gdp-family,phaseM2b1-gdp-national-output-family-maturation-v1,False,False,False,boss,macro
ECON-NL-LEGENDARYBOSS-9105,limits-of-gdp,A PROTECTED MATURE,Other imported bank,national-ledger,phaseM2b1-gdp-national-output-family-maturation-v1,False,False,True,legendaryBoss,macro
PM2B1-GDPL-LB-001,limits-of-gdp,D NO ISSUE DETECTED,Authored/expansion,macro-m2b1-gdp-family,phaseM2b1-gdp-national-output-family-maturation-v1,False,False,False,legendaryBoss,macro
PM2B1-GDPL-LB-002,limits-of-gdp,D NO ISSUE DETECTED,Authored/expansion,macro-m2b1-gdp-family,phaseM2b1-gdp-national-output-family-maturation-v1,False,False,False,legendaryBoss,macro
ECON-NL-GDP-WELLBEING-LIMITS-5016,limits-of-gdp,D NO ISSUE DETECTED,Other imported bank,national-ledger,phaseM2b1-gdp-national-output-family-maturation-v1,False,False,False,repair,macro
ECON-NL-GDP-WELLBEING-LIMITS-5017,limits-of-gdp,D NO ISSUE DETECTED,Other imported bank,national-ledger,phaseM2b1-gdp-national-output-family-maturation-v1,False,False,False,repair,macro
ECON-NL-GDP-WELLBEING-LIMITS-6008,limits-of-gdp,D NO ISSUE DETECTED,Other imported bank,national-ledger,phaseM2b1-gdp-national-output-family-maturation-v1,False,False,False,bridge,macro
ECON-SP-EASY-46,liquidity-preference-and-money-market,D NO ISSUE DETECTED,Other imported bank,stabilization-protocol,,False,False,False,main,macro
LG-Q-37,liquidity-preference-and-money-market,D NO ISSUE DETECTED,Other imported bank,liquidity-grid,,False,False,False,main,macro
LG-Q-38,liquidity-preference-and-money-market,D NO ISSUE DETECTED,Other imported bank,liquidity-grid,,False,False,False,main,macro
LG-Q-39,liquidity-preference-and-money-market,D NO ISSUE DETECTED,Other imported bank,liquidity-grid,,False,False,False,main,macro
LG-Q-40,liquidity-preference-and-money-market,D NO ISSUE DETECTED,Other imported bank,liquidity-grid,,False,False,False,main,macro
LG-Q-41,liquidity-preference-and-money-market,D NO ISSUE DETECTED,Other imported bank,liquidity-grid,,False,False,False,main,macro
LG-Q-42,liquidity-preference-and-money-market,D NO ISSUE DETECTED,Other imported bank,liquidity-grid,,False,False,False,main,macro
PG4-MM-E-001,liquidity-preference-and-money-market,D NO ISSUE DETECTED,Authored/expansion,macro-concept-library,,False,False,False,main,macro
PG4-MM-E-002,liquidity-preference-and-money-market,D NO ISSUE DETECTED,Authored/expansion,macro-concept-library,,False,False,False,main,macro
PG4-MM-E-003,liquidity-preference-and-money-market,D NO ISSUE DETECTED,Authored/expansion,macro-concept-library,,False,False,False,main,macro
PG4-MM-E-004,liquidity-preference-and-money-market,D NO ISSUE DETECTED,Authored/expansion,macro-concept-library,,False,False,False,main,macro
PG4-MM-E-005,liquidity-preference-and-money-market,D NO ISSUE DETECTED,Authored/expansion,macro-concept-library,,False,False,False,main,macro
ECON-SP-MEDIUM-142,liquidity-preference-and-money-market,D NO ISSUE DETECTED,Other imported bank,stabilization-protocol,,False,False,False,main,macro
ECON-SP-MEDIUM-143,liquidity-preference-and-money-market,D NO ISSUE DETECTED,Other imported bank,stabilization-protocol,,False,False,False,main,macro
ECON-SP-MEDIUM-144,liquidity-preference-and-money-market,D NO ISSUE DETECTED,Other imported bank,stabilization-protocol,,False,False,False,main,macro
ECON-SP-MEDIUM-145,liquidity-preference-and-money-market,D NO ISSUE DETECTED,Other imported bank,stabilization-protocol,,False,False,False,main,macro
LG-Q-150,liquidity-preference-and-money-market,D NO ISSUE DETECTED,Other imported bank,liquidity-grid,,False,False,False,main,macro
LG-Q-151,liquidity-preference-and-money-market,D NO ISSUE DETECTED,Other imported bank,liquidity-grid,,False,False,False,main,macro
LG-Q-152,liquidity-preference-and-money-market,D NO ISSUE DETECTED,Other imported bank,liquidity-grid,,False,False,False,main,macro
LG-Q-153,liquidity-preference-and-money-market,D NO ISSUE DETECTED,Other imported bank,liquidity-grid,,False,False,False,main,macro
LG-Q-154,liquidity-preference-and-money-market,D NO ISSUE DETECTED,Other imported bank,liquidity-grid,,False,False,False,main,macro
LG-Q-155,liquidity-preference-and-money-market,D NO ISSUE DETECTED,Other imported bank,liquidity-grid,,False,False,False,main,macro
PG4-MM-M-001,liquidity-preference-and-money-market,D NO ISSUE DETECTED,Authored/expansion,macro-concept-library,,False,False,False,main,macro
PG4-MM-M-002,liquidity-preference-and-money-market,D NO ISSUE DETECTED,Authored/expansion,macro-concept-library,,False,False,False,main,macro
PG4-MM-M-003,liquidity-preference-and-money-market,D NO ISSUE DETECTED,Authored/expansion,macro-concept-library,,False,False,False,main,macro
PG4-MM-M-004,liquidity-preference-and-money-market,D NO ISSUE DETECTED,Authored/expansion,macro-concept-library,,False,False,False,main,macro
PG4-MM-M-005,liquidity-preference-and-money-market,D NO ISSUE DETECTED,Authored/expansion,macro-concept-library,,False,False,False,main,macro
PG4-MM-M-006,liquidity-preference-and-money-market,D NO ISSUE DETECTED,Authored/expansion,macro-concept-library,,False,False,False,main,macro
PG4-MM-M-007,liquidity-preference-and-money-market,D NO ISSUE DETECTED,Authored/expansion,macro-concept-library,,False,False,False,main,macro
PG4-MM-M-008,liquidity-preference-and-money-market,D NO ISSUE DETECTED,Authored/expansion,macro-concept-library,,False,False,False,main,macro
PG4-MM-M-009,liquidity-preference-and-money-market,D NO ISSUE DETECTED,Authored/expansion,macro-concept-library,,False,False,False,main,macro
PG4-MM-M-010,liquidity-preference-and-money-market,D NO ISSUE DETECTED,Authored/expansion,macro-concept-library,,False,False,False,main,macro
ECON-SP-HARD-224,liquidity-preference-and-money-market,D NO ISSUE DETECTED,Other imported bank,stabilization-protocol,,False,False,False,main,macro
ECON-SP-HARD-226,liquidity-preference-and-money-market,D NO ISSUE DETECTED,Other imported bank,stabilization-protocol,,False,False,False,main,macro
LG-Q-258,liquidity-preference-and-money-market,D NO ISSUE DETECTED,Other imported bank,liquidity-grid,,False,False,False,main,macro
LG-Q-260,liquidity-preference-and-money-market,D NO ISSUE DETECTED,Other imported bank,liquidity-grid,,False,False,False,main,macro
PG4-MM-H-001,liquidity-preference-and-money-market,D NO ISSUE DETECTED,Authored/expansion,macro-concept-library,,False,False,False,main,macro
PG4-MM-H-002,liquidity-preference-and-money-market,D NO ISSUE DETECTED,Authored/expansion,macro-concept-library,,False,False,False,main,macro
PG4-MM-H-003,liquidity-preference-and-money-market,D NO ISSUE DETECTED,Authored/expansion,macro-concept-library,,False,False,False,main,macro
PG4-MM-H-004,liquidity-preference-and-money-market,D NO ISSUE DETECTED,Authored/expansion,macro-concept-library,,False,False,False,main,macro
PG4-MM-H-005,liquidity-preference-and-money-market,D NO ISSUE DETECTED,Authored/expansion,macro-concept-library,,False,False,False,main,macro
ECON-SP-ELITE-316,liquidity-preference-and-money-market,D NO ISSUE DETECTED,Other imported bank,stabilization-protocol,,False,False,False,elite,macro
ECON-SP-ELITE-317,liquidity-preference-and-money-market,D NO ISSUE DETECTED,Other imported bank,stabilization-protocol,,False,False,False,elite,macro
PG4-MM-EL-004,liquidity-preference-and-money-market,D NO ISSUE DETECTED,Authored/expansion,macro-concept-library,,False,False,False,elite,macro
LG-Q-259,liquidity-preference-and-money-market,D NO ISSUE DETECTED,Other imported bank,liquidity-grid,,False,False,False,main,macro
LG-Q-256,liquidity-preference-and-money-market,D NO ISSUE DETECTED,Other imported bank,liquidity-grid,,False,False,False,main,macro
LG-Q-257,liquidity-preference-and-money-market,D NO ISSUE DETECTED,Other imported bank,liquidity-grid,,False,False,False,main,macro
ECON-SP-ELITE-342,liquidity-preference-and-money-market,D NO ISSUE DETECTED,Other imported bank,stabilization-protocol,,False,False,False,elite,macro
ECON-SP-ELITE-343,liquidity-preference-and-money-market,D NO ISSUE DETECTED,Other imported bank,stabilization-protocol,,False,False,False,elite,macro
LG-Q-358,liquidity-preference-and-money-market,D NO ISSUE DETECTED,Other imported bank,liquidity-grid,,False,False,False,elite,macro
LG-Q-359,liquidity-preference-and-money-market,D NO ISSUE DETECTED,Other imported bank,liquidity-grid,,False,False,False,elite,macro
LG-Q-367,liquidity-preference-and-money-market,D NO ISSUE DETECTED,Other imported bank,liquidity-grid,,False,False,False,elite,macro
PG4-MM-EL-001,liquidity-preference-and-money-market,D NO ISSUE DETECTED,Authored/expansion,macro-concept-library,,False,False,False,elite,macro
PG4-MM-EL-002,liquidity-preference-and-money-market,D NO ISSUE DETECTED,Authored/expansion,macro-concept-library,,False,False,False,elite,macro
PG4-MM-EL-003,liquidity-preference-and-money-market,D NO ISSUE DETECTED,Authored/expansion,macro-concept-library,,False,False,False,elite,macro
ECON-SP-LEGENDARY-9015,liquidity-preference-and-money-market,D NO ISSUE DETECTED,Other imported bank,stabilization-protocol,,False,False,False,legendary,macro
ECON-SP-LEGENDARY-9042,liquidity-preference-and-money-market,D NO ISSUE DETECTED,Other imported bank,stabilization-protocol,,False,False,False,legendary,macro
ECON-SP-LEGENDARY-9043,liquidity-preference-and-money-market,D NO ISSUE DETECTED,Other imported bank,stabilization-protocol,,False,False,False,legendary,macro
LG-Q-9054,liquidity-preference-and-money-market,D NO ISSUE DETECTED,Other imported bank,liquidity-grid,,False,False,False,legendary,macro
P52B-S3-LPMM-L-001,liquidity-preference-and-money-market,D NO ISSUE DETECTED,Authored/expansion,phase5.2b-stage3-rescue,,False,False,False,legendary,macro
PG4-MM-L-001,liquidity-preference-and-money-market,D NO ISSUE DETECTED,Authored/expansion,macro-concept-library,,False,False,False,legendary,macro
PG4-MM-L-002,liquidity-preference-and-money-market,D NO ISSUE DETECTED,Authored/expansion,macro-concept-library,,False,False,False,legendary,macro
PG4-MM-L-003,liquidity-preference-and-money-market,D NO ISSUE DETECTED,Authored/expansion,macro-concept-library,,False,False,False,legendary,macro
PG4-MM-L-005,liquidity-preference-and-money-market,D NO ISSUE DETECTED,Authored/expansion,macro-concept-library,,False,False,False,legendary,macro
PM2C3-LPMM-L-002,liquidity-preference-and-money-market,D NO ISSUE DETECTED,Authored/expansion,macro-m2c3-money-market-policy-transmission-family,phaseM2c3-money-market-policy-transmission-family-maturation-v1,False,False,False,legendary,macro
PM2C3-LPMM-L-003,liquidity-preference-and-money-market,D NO ISSUE DETECTED,Authored/expansion,macro-m2c3-money-market-policy-transmission-family,phaseM2c3-money-market-policy-transmission-family-maturation-v1,False,False,False,legendary,macro
PM2C3-LPMM-L-005,liquidity-preference-and-money-market,D NO ISSUE DETECTED,Authored/expansion,macro-m2c3-money-market-policy-transmission-family,phaseM2c3-money-market-policy-transmission-family-maturation-v1,False,False,False,legendary,macro
LG-Q-356,liquidity-preference-and-money-market,D NO ISSUE DETECTED,Other imported bank,liquidity-grid,,False,False,False,elite,macro
LG-Q-357,liquidity-preference-and-money-market,D NO ISSUE DETECTED,Other imported bank,liquidity-grid,,False,False,False,elite,macro
LG-Q-364,liquidity-preference-and-money-market,D NO ISSUE DETECTED,Other imported bank,liquidity-grid,,False,False,False,elite,macro
LG-Q-368,liquidity-preference-and-money-market,D NO ISSUE DETECTED,Other imported bank,liquidity-grid,,False,False,False,elite,macro
PG4-MM-EL-005,liquidity-preference-and-money-market,D NO ISSUE DETECTED,Authored/expansion,macro-concept-library,,False,False,False,elite,macro
ECON-SP-LEGENDARY-9016,liquidity-preference-and-money-market,B HIGH-CONFIDENCE AUTO-CORRECTED,Other imported bank,stabilization-protocol,,False,False,False,legendary,macro
PG4-MM-L-004,liquidity-preference-and-money-market,D NO ISSUE DETECTED,Authored/expansion,macro-concept-library,,False,False,False,legendary,macro
PM2C3-LPMM-L-001,liquidity-preference-and-money-market,D NO ISSUE DETECTED,Authored/expansion,macro-m2c3-money-market-policy-transmission-family,phaseM2c3-money-market-policy-transmission-family-maturation-v1,False,False,False,legendary,macro
PM2C3-LPMM-L-004,liquidity-preference-and-money-market,D NO ISSUE DETECTED,Authored/expansion,macro-m2c3-money-market-policy-transmission-family,phaseM2c3-money-market-policy-transmission-family-maturation-v1,False,False,False,legendary,macro
PM2C3-LPMM-L-006,liquidity-preference-and-money-market,D NO ISSUE DETECTED,Authored/expansion,macro-m2c3-money-market-policy-transmission-family,phaseM2c3-money-market-policy-transmission-family-maturation-v1,False,False,False,legendary,macro
PM2C3-LPMM-L-007,liquidity-preference-and-money-market,D NO ISSUE DETECTED,Authored/expansion,macro-m2c3-money-market-policy-transmission-family,phaseM2c3-money-market-policy-transmission-family-maturation-v1,False,False,False,legendary,macro
LG-Q-4000,liquidity-preference-and-money-market,D NO ISSUE DETECTED,Other imported bank,liquidity-grid,,False,False,False,boss,macro
LG-Q-4001,liquidity-preference-and-money-market,D NO ISSUE DETECTED,Other imported bank,liquidity-grid,,False,False,False,boss,macro
LG-Q-4002,liquidity-preference-and-money-market,D NO ISSUE DETECTED,Other imported bank,liquidity-grid,,False,False,False,boss,macro
P52B-S3-LPMM-B1-001,liquidity-preference-and-money-market,D NO ISSUE DETECTED,Authored/expansion,phase5.2b-stage3-rescue,,False,False,False,boss,macro
P52B-S3-LPMM-B1-002,liquidity-preference-and-money-market,D NO ISSUE DETECTED,Authored/expansion,phase5.2b-stage3-rescue,,False,False,False,boss,macro
P52B-S3-LPMM-B1-003,liquidity-preference-and-money-market,D NO ISSUE DETECTED,Authored/expansion,phase5.2b-stage3-rescue,,False,False,False,boss,macro
P52B-S3-LPMM-B2-001,liquidity-preference-and-money-market,D NO ISSUE DETECTED,Authored/expansion,phase5.2b-stage3-rescue,,False,False,False,boss,macro
P52B-S3-LPMM-B2-002,liquidity-preference-and-money-market,D NO ISSUE DETECTED,Authored/expansion,phase5.2b-stage3-rescue,,False,False,False,boss,macro
P52B-S3-LPMM-B2-003,liquidity-preference-and-money-market,D NO ISSUE DETECTED,Authored/expansion,phase5.2b-stage3-rescue,,False,False,False,boss,macro
LG-Q-9130,liquidity-preference-and-money-market,C FACULTY-REVIEW CANDIDATE,Other imported bank,liquidity-grid,,False,False,False,legendaryBoss,macro
LG-Q-9137,liquidity-preference-and-money-market,D NO ISSUE DETECTED,Other imported bank,liquidity-grid,,False,False,False,legendaryBoss,macro
P52B-S3-LPMM-LB-001,liquidity-preference-and-money-market,D NO ISSUE DETECTED,Authored/expansion,phase5.2b-stage3-rescue,,False,False,False,legendaryBoss,macro
PM2C3-LPMM-LB-001,liquidity-preference-and-money-market,D NO ISSUE DETECTED,Authored/expansion,macro-m2c3-money-market-policy-transmission-family,phaseM2c3-money-market-policy-transmission-family-maturation-v1,False,False,False,legendaryBoss,macro
PM2C3-LPMM-LB-002,liquidity-preference-and-money-market,D NO ISSUE DETECTED,Authored/expansion,macro-m2c3-money-market-policy-transmission-family,phaseM2c3-money-market-policy-transmission-family-maturation-v1,False,False,False,legendaryBoss,macro
ECON-SP-LIQUIDITY-PREFERENCE-THEORY-5038,liquidity-preference-and-money-market,A PROTECTED MATURE,Other imported bank,stabilization-protocol,,False,False,True,repair,macro
ECON-SP-MONEY-DEMAND-INTEREST-RATE-5039,liquidity-preference-and-money-market,A PROTECTED MATURE,Other imported bank,stabilization-protocol,,False,False,True,repair,macro
ECON-SP-READ-MONEY-MARKET-EQUILIBRIUM-5088,liquidity-preference-and-money-market,A PROTECTED MATURE,Other imported bank,stabilization-protocol,,False,False,True,repair,macro
LG-R-5040,liquidity-preference-and-money-market,D NO ISSUE DETECTED,Other imported bank,liquidity-grid,,False,False,False,repair,macro
LG-R-5041,liquidity-preference-and-money-market,D NO ISSUE DETECTED,Other imported bank,liquidity-grid,,False,False,False,repair,macro
LG-R-5042,liquidity-preference-and-money-market,D NO ISSUE DETECTED,Other imported bank,liquidity-grid,,False,False,False,repair,macro
LG-R-5043,liquidity-preference-and-money-market,D NO ISSUE DETECTED,Other imported bank,liquidity-grid,,False,False,False,repair,macro
ECON-SP-LIQUIDITY-PREFERENCE-THEORY-6029,liquidity-preference-and-money-market,A PROTECTED MATURE,Other imported bank,stabilization-protocol,,False,False,True,bridge,macro
ECON-SP-MONEY-DEMAND-INTEREST-RATE-6030,liquidity-preference-and-money-market,A PROTECTED MATURE,Other imported bank,stabilization-protocol,,False,False,True,bridge,macro
LG-B-6017,liquidity-preference-and-money-market,D NO ISSUE DETECTED,Other imported bank,liquidity-grid,,False,False,False,bridge,macro
LG-B-6018,liquidity-preference-and-money-market,D NO ISSUE DETECTED,Other imported bank,liquidity-grid,,False,False,False,bridge,macro
PM2C3-LPMM-BR-001,liquidity-preference-and-money-market,D NO ISSUE DETECTED,Authored/expansion,macro-m2c3-money-market-policy-transmission-family,phaseM2c3-money-market-policy-transmission-family-maturation-v1,False,False,False,bridge,macro
ECON-NL-EASY-41,living-standards-and-growth,D NO ISSUE DETECTED,Other imported bank,national-ledger,,False,False,False,main,macro
ECON-NL-EASY-42,living-standards-and-growth,D NO ISSUE DETECTED,Other imported bank,national-ledger,,False,False,False,main,macro
ECON-NL-EASY-43,living-standards-and-growth,D NO ISSUE DETECTED,Other imported bank,national-ledger,,False,False,False,main,macro
P52B-S2-LSG-E-001,living-standards-and-growth,D NO ISSUE DETECTED,Authored/expansion,phase5.2b-stage2-rescue,,False,False,False,main,macro
P52B-S2-LSG-E-002,living-standards-and-growth,D NO ISSUE DETECTED,Authored/expansion,phase5.2b-stage2-rescue,,False,False,False,main,macro
P52B-S2-LSG-E-003,living-standards-and-growth,D NO ISSUE DETECTED,Authored/expansion,phase5.2b-stage2-rescue,,False,False,False,main,macro
ECON-NL-HARD-241,living-standards-and-growth,D NO ISSUE DETECTED,Other imported bank,national-ledger,,False,False,False,main,macro
ECON-NL-HARD-244,living-standards-and-growth,D NO ISSUE DETECTED,Other imported bank,national-ledger,,False,False,False,main,macro
ECON-NL-MEDIUM-140,living-standards-and-growth,D NO ISSUE DETECTED,Other imported bank,national-ledger,,False,False,False,main,macro
ECON-NL-MEDIUM-143,living-standards-and-growth,D NO ISSUE DETECTED,Other imported bank,national-ledger,,False,False,False,main,macro
ECON-NL-MEDIUM-144,living-standards-and-growth,D NO ISSUE DETECTED,Other imported bank,national-ledger,,False,False,False,main,macro
P52B-S2-LSG-M-001,living-standards-and-growth,D NO ISSUE DETECTED,Authored/expansion,phase5.2b-stage2-rescue,,False,False,False,main,macro
P52B-S2-LSG-M-002,living-standards-and-growth,D NO ISSUE DETECTED,Authored/expansion,phase5.2b-stage2-rescue,,False,False,False,main,macro
P52B-S2-LSG-M-003,living-standards-and-growth,D NO ISSUE DETECTED,Authored/expansion,phase5.2b-stage2-rescue,,False,False,False,main,macro
ECON-NL-HARD-243,living-standards-and-growth,D NO ISSUE DETECTED,Other imported bank,national-ledger,,False,False,False,main,macro
P52B-S2-LSG-H-002,living-standards-and-growth,D NO ISSUE DETECTED,Authored/expansion,phase5.2b-stage2-rescue,,False,False,False,main,macro
P52B-S2-LSG-H-003,living-standards-and-growth,D NO ISSUE DETECTED,Authored/expansion,phase5.2b-stage2-rescue,,False,False,False,main,macro
ECON-NL-ELITE-341,living-standards-and-growth,D NO ISSUE DETECTED,Other imported bank,national-ledger,,False,False,False,elite,macro
ECON-NL-ELITE-342,living-standards-and-growth,D NO ISSUE DETECTED,Other imported bank,national-ledger,,False,False,False,elite,macro
ECON-NL-ELITE-343,living-standards-and-growth,D NO ISSUE DETECTED,Other imported bank,national-ledger,,False,False,False,elite,macro
P52B-S2-LSG-H-001,living-standards-and-growth,D NO ISSUE DETECTED,Authored/expansion,phase5.2b-stage2-rescue,,False,False,False,main,macro
ECON-NL-ELITE-340,living-standards-and-growth,D NO ISSUE DETECTED,Other imported bank,national-ledger,,False,False,False,elite,macro
ECON-NL-LEGENDARY-9048,living-standards-and-growth,D NO ISSUE DETECTED,Other imported bank,national-ledger,,False,False,False,legendary,macro
P52B-S2-LSG-L-001,living-standards-and-growth,D NO ISSUE DETECTED,Authored/expansion,phase5.2b-stage2-rescue,,False,False,False,legendary,macro
ECON-NL-ELITE-344,living-standards-and-growth,D NO ISSUE DETECTED,Other imported bank,national-ledger,,False,False,False,elite,macro
ECON-NL-LEGENDARY-9045,living-standards-and-growth,D NO ISSUE DETECTED,Other imported bank,national-ledger,,False,False,False,legendary,macro
ECON-NL-LEGENDARY-9046,living-standards-and-growth,D NO ISSUE DETECTED,Other imported bank,national-ledger,,False,False,False,legendary,macro
ECON-NL-LEGENDARY-9047,living-standards-and-growth,D NO ISSUE DETECTED,Other imported bank,national-ledger,,False,False,False,legendary,macro
ECON-NL-LEGENDARY-9049,living-standards-and-growth,D NO ISSUE DETECTED,Other imported bank,national-ledger,,False,False,False,legendary,macro
ECON-NL-EASY-44,living-standards-and-growth,D NO ISSUE DETECTED,Other imported bank,national-ledger,,False,False,False,calculation,macro
ECON-NL-EASY-45,living-standards-and-growth,D NO ISSUE DETECTED,Other imported bank,national-ledger,,False,False,False,calculation,macro
ECON-NL-HARD-240,living-standards-and-growth,D NO ISSUE DETECTED,Other imported bank,national-ledger,,False,False,False,calculation,macro
ECON-NL-HARD-242,living-standards-and-growth,D NO ISSUE DETECTED,Other imported bank,national-ledger,,False,False,False,calculation,macro
ECON-NL-MEDIUM-141,living-standards-and-growth,D NO ISSUE DETECTED,Other imported bank,national-ledger,,False,False,False,calculation,macro
ECON-NL-MEDIUM-142,living-standards-and-growth,D NO ISSUE DETECTED,Other imported bank,national-ledger,,False,False,False,calculation,macro
ECON-NL-MEDIUMBOSS-3000,living-standards-and-growth,D NO ISSUE DETECTED,Other imported bank,national-ledger,,False,False,False,boss,macro
ECON-NL-MEDIUMBOSS-3001,living-standards-and-growth,D NO ISSUE DETECTED,Other imported bank,national-ledger,,False,False,False,boss,macro
ECON-NL-MEDIUMBOSS-3002,living-standards-and-growth,D NO ISSUE DETECTED,Other imported bank,national-ledger,,False,False,False,boss,macro
ECON-NL-MEDIUMBOSS-3003,living-standards-and-growth,D NO ISSUE DETECTED,Other imported bank,national-ledger,,False,False,False,boss,macro
ECON-NL-MEDIUMBOSS-3004,living-standards-and-growth,D NO ISSUE DETECTED,Other imported bank,national-ledger,,False,False,False,boss,macro
ECON-NL-MEDIUMBOSS-3005,living-standards-and-growth,D NO ISSUE DETECTED,Other imported bank,national-ledger,,False,False,False,boss,macro
P52B-S2-LSG-B1-001,living-standards-and-growth,A PROTECTED MATURE,Authored/expansion,phase5.2b-stage2-rescue,,False,False,True,boss,macro
P52B-S2-LSG-B1-002,living-standards-and-growth,D NO ISSUE DETECTED,Authored/expansion,phase5.2b-stage2-rescue,,False,False,False,boss,macro
P52B-S2-LSG-B1-003,living-standards-and-growth,D NO ISSUE DETECTED,Authored/expansion,phase5.2b-stage2-rescue,,False,False,False,boss,macro
P52B-S2-LSG-B3-001,living-standards-and-growth,D NO ISSUE DETECTED,Authored/expansion,phase5.2b-stage2-rescue,,False,False,False,boss,macro
P52B-S2-LSG-B3-002,living-standards-and-growth,D NO ISSUE DETECTED,Authored/expansion,phase5.2b-stage2-rescue,,False,False,False,boss,macro
P52B-S2-LSG-B3-003,living-standards-and-growth,D NO ISSUE DETECTED,Authored/expansion,phase5.2b-stage2-rescue,,False,False,False,boss,macro
ECON-EC-FINALBOSS-19009,living-standards-and-growth,D NO ISSUE DETECTED,Other imported bank,equilibrium-crisis,phase7.7-general-economics-final-maturation-v1,False,False,False,boss,macro
ECON-EC-MEDIUMBOSS-18006,living-standards-and-growth,D NO ISSUE DETECTED,Other imported bank,equilibrium-crisis,phaseQH7-principles-micro-human-read-curation-v1,False,False,False,boss,macro
ECON-NL-LEGENDARYBOSS-9116,living-standards-and-growth,D NO ISSUE DETECTED,Other imported bank,national-ledger,,False,False,False,legendaryBoss,macro
ECON-NL-LEGENDARYBOSS-9117,living-standards-and-growth,D NO ISSUE DETECTED,Other imported bank,national-ledger,,False,False,False,legendaryBoss,macro
P52B-S2-LSG-LB-001,living-standards-and-growth,D NO ISSUE DETECTED,Authored/expansion,phase5.2b-stage2-rescue,,False,False,False,legendaryBoss,macro
ECON-EC-LEGENDARYBOSS-20018,living-standards-and-growth,D NO ISSUE DETECTED,Other imported bank,equilibrium-crisis,phase7.7-general-economics-final-maturation-v1,False,False,False,legendaryBoss,macro
ECON-NL-REAL-GDP-PER-PERSON-5034,living-standards-and-growth,D NO ISSUE DETECTED,Other imported bank,national-ledger,,False,False,False,repair,macro
ECON-NL-REAL-GDP-PER-PERSON-5035,living-standards-and-growth,D NO ISSUE DETECTED,Other imported bank,national-ledger,,False,False,False,repair,macro
ECON-NL-RULE-OF-70-5032,living-standards-and-growth,D NO ISSUE DETECTED,Other imported bank,national-ledger,,False,False,False,repair,macro
ECON-NL-RULE-OF-70-5033,living-standards-and-growth,D NO ISSUE DETECTED,Other imported bank,national-ledger,,False,False,False,repair,macro
ECON-NL-REAL-GDP-PER-PERSON-6017,living-standards-and-growth,D NO ISSUE DETECTED,Other imported bank,national-ledger,,False,False,False,bridge,macro
ECON-NL-RULE-OF-70-6016,living-standards-and-growth,D NO ISSUE DETECTED,Other imported bank,national-ledger,,False,False,False,bridge,macro
43218,loanable-funds-equilibrium,D NO ISSUE DETECTED,Authored/expansion,saving-investment-loanable-funds-authoring,phase-saving-investment-loanable-funds-question-pool-v1,False,False,False,main,macro
43222,loanable-funds-equilibrium,D NO ISSUE DETECTED,Authored/expansion,saving-investment-loanable-funds-authoring,phase-saving-investment-loanable-funds-question-pool-v1,False,False,False,main,macro
43226,loanable-funds-equilibrium,D NO ISSUE DETECTED,Authored/expansion,saving-investment-loanable-funds-authoring,phase-saving-investment-loanable-funds-question-pool-v1,False,False,False,main,macro
43230,loanable-funds-equilibrium,D NO ISSUE DETECTED,Authored/expansion,saving-investment-loanable-funds-authoring,phase-saving-investment-loanable-funds-question-pool-v1,False,False,False,main,macro
43236,loanable-funds-equilibrium,D NO ISSUE DETECTED,Authored/expansion,saving-investment-loanable-funds-authoring,phase-saving-investment-loanable-funds-question-pool-v1,False,False,False,main,macro
43240,loanable-funds-equilibrium,D NO ISSUE DETECTED,Authored/expansion,saving-investment-loanable-funds-authoring,phase-saving-investment-loanable-funds-question-pool-v1,False,False,False,main,macro
43244,loanable-funds-equilibrium,D NO ISSUE DETECTED,Authored/expansion,saving-investment-loanable-funds-authoring,phase-saving-investment-loanable-funds-question-pool-v1,False,False,False,main,macro
43220,loanable-funds-equilibrium,D NO ISSUE DETECTED,Authored/expansion,saving-investment-loanable-funds-authoring,phase-saving-investment-loanable-funds-question-pool-v1,False,False,False,main,macro
43223,loanable-funds-equilibrium,D NO ISSUE DETECTED,Authored/expansion,saving-investment-loanable-funds-authoring,phase-saving-investment-loanable-funds-question-pool-v1,False,False,False,main,macro
43225,loanable-funds-equilibrium,D NO ISSUE DETECTED,Authored/expansion,saving-investment-loanable-funds-authoring,phase-saving-investment-loanable-funds-question-pool-v1,False,False,False,main,macro
43228,loanable-funds-equilibrium,D NO ISSUE DETECTED,Authored/expansion,saving-investment-loanable-funds-authoring,phase-saving-investment-loanable-funds-question-pool-v1,False,False,False,main,macro
43232,loanable-funds-equilibrium,D NO ISSUE DETECTED,Authored/expansion,saving-investment-loanable-funds-authoring,phase-saving-investment-loanable-funds-question-pool-v1,False,False,False,main,macro
43237,loanable-funds-equilibrium,D NO ISSUE DETECTED,Authored/expansion,saving-investment-loanable-funds-authoring,phase-saving-investment-loanable-funds-question-pool-v1,False,False,False,main,macro
43239,loanable-funds-equilibrium,D NO ISSUE DETECTED,Authored/expansion,saving-investment-loanable-funds-authoring,phase-saving-investment-loanable-funds-question-pool-v1,False,False,False,main,macro
43242,loanable-funds-equilibrium,D NO ISSUE DETECTED,Authored/expansion,saving-investment-loanable-funds-authoring,phase-saving-investment-loanable-funds-question-pool-v1,False,False,False,main,macro
43246,loanable-funds-equilibrium,D NO ISSUE DETECTED,Authored/expansion,saving-investment-loanable-funds-authoring,phase-saving-investment-loanable-funds-question-pool-v1,False,False,False,main,macro
43221,loanable-funds-equilibrium,D NO ISSUE DETECTED,Authored/expansion,saving-investment-loanable-funds-authoring,phase-saving-investment-loanable-funds-question-pool-v1,False,False,False,main,macro
43224,loanable-funds-equilibrium,D NO ISSUE DETECTED,Authored/expansion,saving-investment-loanable-funds-authoring,phase-saving-investment-loanable-funds-question-pool-v1,False,False,False,main,macro
43233,loanable-funds-equilibrium,D NO ISSUE DETECTED,Authored/expansion,saving-investment-loanable-funds-authoring,phase-saving-investment-loanable-funds-question-pool-v1,False,False,False,main,macro
43227,loanable-funds-equilibrium,D NO ISSUE DETECTED,Authored/expansion,saving-investment-loanable-funds-authoring,phase-saving-investment-loanable-funds-question-pool-v1,False,False,False,main,macro
43238,loanable-funds-equilibrium,D NO ISSUE DETECTED,Authored/expansion,saving-investment-loanable-funds-authoring,phase-saving-investment-loanable-funds-question-pool-v1,False,False,False,main,macro
43241,loanable-funds-equilibrium,D NO ISSUE DETECTED,Authored/expansion,saving-investment-loanable-funds-authoring,phase-saving-investment-loanable-funds-question-pool-v1,False,False,False,main,macro
43229,loanable-funds-equilibrium,D NO ISSUE DETECTED,Authored/expansion,saving-investment-loanable-funds-authoring,phase-saving-investment-loanable-funds-question-pool-v1,False,False,False,elite,macro
43243,loanable-funds-equilibrium,D NO ISSUE DETECTED,Authored/expansion,saving-investment-loanable-funds-authoring,phase-saving-investment-loanable-funds-question-pool-v1,False,False,False,elite,macro
43217,loanable-funds-equilibrium,D NO ISSUE DETECTED,Authored/expansion,saving-investment-loanable-funds-authoring,phase-saving-investment-loanable-funds-question-pool-v1,False,False,False,elite,macro
43219,loanable-funds-equilibrium,D NO ISSUE DETECTED,Authored/expansion,saving-investment-loanable-funds-authoring,phase-saving-investment-loanable-funds-question-pool-v1,False,False,False,legendaryBoss,macro
43231,loanable-funds-equilibrium,D NO ISSUE DETECTED,Authored/expansion,saving-investment-loanable-funds-authoring,phase-saving-investment-loanable-funds-question-pool-v1,False,False,False,legendaryBoss,macro
43245,loanable-funds-equilibrium,D NO ISSUE DETECTED,Authored/expansion,saving-investment-loanable-funds-authoring,phase-saving-investment-loanable-funds-question-pool-v1,False,False,False,legendaryBoss,macro
43235,loanable-funds-equilibrium,D NO ISSUE DETECTED,Authored/expansion,saving-investment-loanable-funds-authoring,phase-saving-investment-loanable-funds-question-pool-v1,False,False,False,repair,macro
43248,loanable-funds-equilibrium,D NO ISSUE DETECTED,Authored/expansion,saving-investment-loanable-funds-authoring,phase-saving-investment-loanable-funds-question-pool-v1,False,False,False,repair,macro
43234,loanable-funds-equilibrium,D NO ISSUE DETECTED,Authored/expansion,saving-investment-loanable-funds-authoring,phase-saving-investment-loanable-funds-question-pool-v1,False,False,False,bridge,macro
43247,loanable-funds-equilibrium,D NO ISSUE DETECTED,Authored/expansion,saving-investment-loanable-funds-authoring,phase-saving-investment-loanable-funds-question-pool-v1,False,False,False,bridge,macro
43250,loanable-funds-shifts,D NO ISSUE DETECTED,Authored/expansion,saving-investment-loanable-funds-authoring,phase-saving-investment-loanable-funds-question-pool-v1,False,False,False,main,macro
43254,loanable-funds-shifts,D NO ISSUE DETECTED,Authored/expansion,saving-investment-loanable-funds-authoring,phase-saving-investment-loanable-funds-question-pool-v1,False,False,False,main,macro
43258,loanable-funds-shifts,D NO ISSUE DETECTED,Authored/expansion,saving-investment-loanable-funds-authoring,phase-saving-investment-loanable-funds-question-pool-v1,False,False,False,main,macro
43262,loanable-funds-shifts,D NO ISSUE DETECTED,Authored/expansion,saving-investment-loanable-funds-authoring,phase-saving-investment-loanable-funds-question-pool-v1,False,False,False,main,macro
43268,loanable-funds-shifts,D NO ISSUE DETECTED,Authored/expansion,saving-investment-loanable-funds-authoring,phase-saving-investment-loanable-funds-question-pool-v1,False,False,False,main,macro
43272,loanable-funds-shifts,D NO ISSUE DETECTED,Authored/expansion,saving-investment-loanable-funds-authoring,phase-saving-investment-loanable-funds-question-pool-v1,False,False,False,main,macro
43276,loanable-funds-shifts,D NO ISSUE DETECTED,Authored/expansion,saving-investment-loanable-funds-authoring,phase-saving-investment-loanable-funds-question-pool-v1,False,False,False,main,macro
43280,loanable-funds-shifts,D NO ISSUE DETECTED,Authored/expansion,saving-investment-loanable-funds-authoring,phase-saving-investment-loanable-funds-question-pool-v1,False,False,False,main,macro
43284,loanable-funds-shifts,D NO ISSUE DETECTED,Authored/expansion,saving-investment-loanable-funds-authoring,phase-saving-investment-loanable-funds-question-pool-v1,False,False,False,main,macro
43308,loanable-funds-shifts,D NO ISSUE DETECTED,Authored/expansion,saving-investment-loanable-funds-authoring,phase-saving-investment-loanable-funds-question-pool-v1,False,False,False,main,macro
43312,loanable-funds-shifts,D NO ISSUE DETECTED,Authored/expansion,saving-investment-loanable-funds-authoring,phase-saving-investment-loanable-funds-question-pool-v1,False,False,False,main,macro
43316,loanable-funds-shifts,D NO ISSUE DETECTED,Authored/expansion,saving-investment-loanable-funds-authoring,phase-saving-investment-loanable-funds-question-pool-v1,False,False,False,main,macro
43251,loanable-funds-shifts,D NO ISSUE DETECTED,Authored/expansion,saving-investment-loanable-funds-authoring,phase-saving-investment-loanable-funds-question-pool-v1,False,False,False,main,macro
43253,loanable-funds-shifts,D NO ISSUE DETECTED,Authored/expansion,saving-investment-loanable-funds-authoring,phase-saving-investment-loanable-funds-question-pool-v1,False,False,False,main,macro
43256,loanable-funds-shifts,D NO ISSUE DETECTED,Authored/expansion,saving-investment-loanable-funds-authoring,phase-saving-investment-loanable-funds-question-pool-v1,False,False,False,main,macro
43260,loanable-funds-shifts,D NO ISSUE DETECTED,Authored/expansion,saving-investment-loanable-funds-authoring,phase-saving-investment-loanable-funds-question-pool-v1,False,False,False,main,macro
43263,loanable-funds-shifts,D NO ISSUE DETECTED,Authored/expansion,saving-investment-loanable-funds-authoring,phase-saving-investment-loanable-funds-question-pool-v1,False,False,False,main,macro
43265,loanable-funds-shifts,D NO ISSUE DETECTED,Authored/expansion,saving-investment-loanable-funds-authoring,phase-saving-investment-loanable-funds-question-pool-v1,False,False,False,main,macro
43270,loanable-funds-shifts,D NO ISSUE DETECTED,Authored/expansion,saving-investment-loanable-funds-authoring,phase-saving-investment-loanable-funds-question-pool-v1,False,False,False,main,macro
43274,loanable-funds-shifts,D NO ISSUE DETECTED,Authored/expansion,saving-investment-loanable-funds-authoring,phase-saving-investment-loanable-funds-question-pool-v1,False,False,False,main,macro
43277,loanable-funds-shifts,D NO ISSUE DETECTED,Authored/expansion,saving-investment-loanable-funds-authoring,phase-saving-investment-loanable-funds-question-pool-v1,False,False,False,main,macro
43279,loanable-funds-shifts,D NO ISSUE DETECTED,Authored/expansion,saving-investment-loanable-funds-authoring,phase-saving-investment-loanable-funds-question-pool-v1,False,False,False,main,macro
43282,loanable-funds-shifts,D NO ISSUE DETECTED,Authored/expansion,saving-investment-loanable-funds-authoring,phase-saving-investment-loanable-funds-question-pool-v1,False,False,False,main,macro
43306,loanable-funds-shifts,D NO ISSUE DETECTED,Authored/expansion,saving-investment-loanable-funds-authoring,phase-saving-investment-loanable-funds-question-pool-v1,False,False,False,main,macro
43310,loanable-funds-shifts,D NO ISSUE DETECTED,Authored/expansion,saving-investment-loanable-funds-authoring,phase-saving-investment-loanable-funds-question-pool-v1,False,False,False,main,macro
43313,loanable-funds-shifts,D NO ISSUE DETECTED,Authored/expansion,saving-investment-loanable-funds-authoring,phase-saving-investment-loanable-funds-question-pool-v1,False,False,False,main,macro
43315,loanable-funds-shifts,D NO ISSUE DETECTED,Authored/expansion,saving-investment-loanable-funds-authoring,phase-saving-investment-loanable-funds-question-pool-v1,False,False,False,main,macro
43318,loanable-funds-shifts,D NO ISSUE DETECTED,Authored/expansion,saving-investment-loanable-funds-authoring,phase-saving-investment-loanable-funds-question-pool-v1,False,False,False,main,macro
43249,loanable-funds-shifts,D NO ISSUE DETECTED,Authored/expansion,saving-investment-loanable-funds-authoring,phase-saving-investment-loanable-funds-question-pool-v1,False,False,False,main,macro
43252,loanable-funds-shifts,D NO ISSUE DETECTED,Authored/expansion,saving-investment-loanable-funds-authoring,phase-saving-investment-loanable-funds-question-pool-v1,False,False,False,main,macro
43255,loanable-funds-shifts,D NO ISSUE DETECTED,Authored/expansion,saving-investment-loanable-funds-authoring,phase-saving-investment-loanable-funds-question-pool-v1,False,False,False,main,macro
43261,loanable-funds-shifts,D NO ISSUE DETECTED,Authored/expansion,saving-investment-loanable-funds-authoring,phase-saving-investment-loanable-funds-question-pool-v1,False,False,False,main,macro
43264,loanable-funds-shifts,D NO ISSUE DETECTED,Authored/expansion,saving-investment-loanable-funds-authoring,phase-saving-investment-loanable-funds-question-pool-v1,False,False,False,main,macro
43269,loanable-funds-shifts,D NO ISSUE DETECTED,Authored/expansion,saving-investment-loanable-funds-authoring,phase-saving-investment-loanable-funds-question-pool-v1,False,False,False,main,macro
43275,loanable-funds-shifts,D NO ISSUE DETECTED,Authored/expansion,saving-investment-loanable-funds-authoring,phase-saving-investment-loanable-funds-question-pool-v1,False,False,False,main,macro
43278,loanable-funds-shifts,D NO ISSUE DETECTED,Authored/expansion,saving-investment-loanable-funds-authoring,phase-saving-investment-loanable-funds-question-pool-v1,False,False,False,main,macro
43281,loanable-funds-shifts,D NO ISSUE DETECTED,Authored/expansion,saving-investment-loanable-funds-authoring,phase-saving-investment-loanable-funds-question-pool-v1,False,False,False,main,macro
43305,loanable-funds-shifts,D NO ISSUE DETECTED,Authored/expansion,saving-investment-loanable-funds-authoring,phase-saving-investment-loanable-funds-question-pool-v1,False,False,False,main,macro
43311,loanable-funds-shifts,D NO ISSUE DETECTED,Authored/expansion,saving-investment-loanable-funds-authoring,phase-saving-investment-loanable-funds-question-pool-v1,False,False,False,main,macro
43314,loanable-funds-shifts,D NO ISSUE DETECTED,Authored/expansion,saving-investment-loanable-funds-authoring,phase-saving-investment-loanable-funds-question-pool-v1,False,False,False,main,macro
43317,loanable-funds-shifts,D NO ISSUE DETECTED,Authored/expansion,saving-investment-loanable-funds-authoring,phase-saving-investment-loanable-funds-question-pool-v1,False,False,False,main,macro
43271,loanable-funds-shifts,D NO ISSUE DETECTED,Authored/expansion,saving-investment-loanable-funds-authoring,phase-saving-investment-loanable-funds-question-pool-v1,False,False,False,elite,macro
43283,loanable-funds-shifts,D NO ISSUE DETECTED,Authored/expansion,saving-investment-loanable-funds-authoring,phase-saving-investment-loanable-funds-question-pool-v1,False,False,False,elite,macro
43257,loanable-funds-shifts,D NO ISSUE DETECTED,Authored/expansion,saving-investment-loanable-funds-authoring,phase-saving-investment-loanable-funds-question-pool-v1,False,False,False,elite,macro
43307,loanable-funds-shifts,D NO ISSUE DETECTED,Authored/expansion,saving-investment-loanable-funds-authoring,phase-saving-investment-loanable-funds-question-pool-v1,False,False,False,elite,macro
43319,loanable-funds-shifts,D NO ISSUE DETECTED,Authored/expansion,saving-investment-loanable-funds-authoring,phase-saving-investment-loanable-funds-question-pool-v1,False,False,False,elite,macro
43259,loanable-funds-shifts,D NO ISSUE DETECTED,Authored/expansion,saving-investment-loanable-funds-authoring,phase-saving-investment-loanable-funds-question-pool-v1,False,False,False,legendary,macro
43273,loanable-funds-shifts,D NO ISSUE DETECTED,Authored/expansion,saving-investment-loanable-funds-authoring,phase-saving-investment-loanable-funds-question-pool-v1,False,False,False,legendary,macro
43285,loanable-funds-shifts,B HIGH-CONFIDENCE AUTO-CORRECTED,Authored/expansion,saving-investment-loanable-funds-authoring,phase-saving-investment-loanable-funds-question-pool-v1,False,False,False,legendary,macro
43309,loanable-funds-shifts,D NO ISSUE DETECTED,Authored/expansion,saving-investment-loanable-funds-authoring,phase-saving-investment-loanable-funds-question-pool-v1,False,False,False,legendary,macro
43267,loanable-funds-shifts,D NO ISSUE DETECTED,Authored/expansion,saving-investment-loanable-funds-authoring,phase-saving-investment-loanable-funds-question-pool-v1,False,False,False,repair,macro
43266,loanable-funds-shifts,D NO ISSUE DETECTED,Authored/expansion,saving-investment-loanable-funds-authoring,phase-saving-investment-loanable-funds-question-pool-v1,False,False,False,bridge,macro
ECON-SP-EASY-29,long-run-aggregate-supply-and-potential-output,D NO ISSUE DETECTED,Other imported bank,stabilization-protocol,,False,False,False,main,macro
P52A-AS-E-001,long-run-aggregate-supply-and-potential-output,D NO ISSUE DETECTED,Authored/expansion,phase5.2a-concept-expansion,,False,False,False,main,macro
P52A-AS-M-004,long-run-aggregate-supply-and-potential-output,D NO ISSUE DETECTED,Authored/expansion,phase5.2a-concept-expansion,,False,False,False,main,macro
ECON-SP-HARD-219,long-run-aggregate-supply-and-potential-output,D NO ISSUE DETECTED,Other imported bank,stabilization-protocol,,False,False,False,main,macro
P52A-AS-H-003,long-run-aggregate-supply-and-potential-output,D NO ISSUE DETECTED,Authored/expansion,phase5.2a-concept-expansion,,False,False,False,main,macro
P52A-AS-L-001,long-run-aggregate-supply-and-potential-output,A PROTECTED MATURE,Authored/expansion,phase5.2a-concept-expansion,,False,False,True,legendary,macro
P52A-AS-EL-001,long-run-aggregate-supply-and-potential-output,A PROTECTED MATURE,Authored/expansion,phase5.2a-concept-expansion,,False,False,True,elite,macro
P52A-AS-L-003,long-run-aggregate-supply-and-potential-output,D NO ISSUE DETECTED,Authored/expansion,phase5.2a-concept-expansion,,False,False,False,legendary,macro
P52A-AS-L-005,long-run-aggregate-supply-and-potential-output,A PROTECTED MATURE,Authored/expansion,phase5.2a-concept-expansion,,False,False,True,legendary,macro
P52A-AS-B1-002,long-run-aggregate-supply-and-potential-output,D NO ISSUE DETECTED,Authored/expansion,phase5.2a-concept-expansion,,False,False,False,boss,macro
P52A-AS-B2-002,long-run-aggregate-supply-and-potential-output,D NO ISSUE DETECTED,Authored/expansion,phase5.2a-concept-expansion,,False,False,False,boss,macro
P52A-AS-B3-001,long-run-aggregate-supply-and-potential-output,D NO ISSUE DETECTED,Authored/expansion,phase5.2a-concept-expansion,,False,False,False,boss,macro
P52A-AS-LB-003,long-run-aggregate-supply-and-potential-output,A PROTECTED MATURE,Authored/expansion,phase5.2a-concept-expansion,,False,False,True,legendaryBoss,macro
ECON-SP-IDENTIFY-LRAS-5027,long-run-aggregate-supply-and-potential-output,A PROTECTED MATURE,Other imported bank,stabilization-protocol,,False,False,True,repair,macro
ECON-SP-IDENTIFY-LRAS-6021,long-run-aggregate-supply-and-potential-output,A PROTECTED MATURE,Other imported bank,stabilization-protocol,,False,False,True,bridge,macro
ECON-SP-EASY-44,long-run-macroeconomic-self-adjustment,D NO ISSUE DETECTED,Other imported bank,stabilization-protocol,,False,False,False,main,macro
PM2D1-LRADJ-E-001,long-run-macroeconomic-self-adjustment,D NO ISSUE DETECTED,Authored/expansion,macro-m2d1-ad-as-macro-equilibrium-family,phaseM2d1-ad-as-macro-equilibrium-family-maturation-v1,False,False,False,easy,macro
ECON-SP-MEDIUM-135,long-run-macroeconomic-self-adjustment,D NO ISSUE DETECTED,Other imported bank,stabilization-protocol,,False,False,False,main,macro
ECON-SP-MEDIUM-136,long-run-macroeconomic-self-adjustment,D NO ISSUE DETECTED,Other imported bank,stabilization-protocol,,False,False,False,main,macro
PM2D1-LRADJ-M-001,long-run-macroeconomic-self-adjustment,D NO ISSUE DETECTED,Authored/expansion,macro-m2d1-ad-as-macro-equilibrium-family,phaseM2d1-ad-as-macro-equilibrium-family-maturation-v1,False,False,False,medium,macro
PG3-MEQ-EL-002,long-run-macroeconomic-self-adjustment,D NO ISSUE DETECTED,Authored/expansion,macro-concept-library,,False,False,False,elite,macro
ECON-SP-HARD-216,long-run-macroeconomic-self-adjustment,D NO ISSUE DETECTED,Other imported bank,stabilization-protocol,,False,False,False,main,macro
ECON-SP-HARD-217,long-run-macroeconomic-self-adjustment,D NO ISSUE DETECTED,Other imported bank,stabilization-protocol,,False,False,False,main,macro
ECON-SP-HARD-221,long-run-macroeconomic-self-adjustment,D NO ISSUE DETECTED,Other imported bank,stabilization-protocol,,False,False,False,main,macro
ECON-SP-HARD-222,long-run-macroeconomic-self-adjustment,D NO ISSUE DETECTED,Other imported bank,stabilization-protocol,,False,False,False,main,macro
ECON-SP-ELITE-310,long-run-macroeconomic-self-adjustment,D NO ISSUE DETECTED,Other imported bank,stabilization-protocol,,False,False,False,elite,macro
ECON-SP-ELITE-311,long-run-macroeconomic-self-adjustment,D NO ISSUE DETECTED,Other imported bank,stabilization-protocol,,False,False,False,elite,macro
P52B-S1-LRADJ-L-001,long-run-macroeconomic-self-adjustment,D NO ISSUE DETECTED,Authored/expansion,phase5.2b-stage1-rescue,,False,False,False,legendary,macro
PM2D1-LRADJ-L-001,long-run-macroeconomic-self-adjustment,D NO ISSUE DETECTED,Authored/expansion,macro-m2d1-ad-as-macro-equilibrium-family,phaseM2d1-ad-as-macro-equilibrium-family-maturation-v1,False,False,False,legendary,macro
PM2D1-LRADJ-L-002,long-run-macroeconomic-self-adjustment,D NO ISSUE DETECTED,Authored/expansion,macro-m2d1-ad-as-macro-equilibrium-family,phaseM2d1-ad-as-macro-equilibrium-family-maturation-v1,False,False,False,legendary,macro
ECON-SP-ELITE-314,long-run-macroeconomic-self-adjustment,D NO ISSUE DETECTED,Other imported bank,stabilization-protocol,,False,False,False,elite,macro
ECON-SP-ELITE-315,long-run-macroeconomic-self-adjustment,D NO ISSUE DETECTED,Other imported bank,stabilization-protocol,,False,False,False,elite,macro
ECON-SP-ELITE-337,long-run-macroeconomic-self-adjustment,D NO ISSUE DETECTED,Other imported bank,stabilization-protocol,,False,False,False,elite,macro
ECON-SP-ELITE-338,long-run-macroeconomic-self-adjustment,D NO ISSUE DETECTED,Other imported bank,stabilization-protocol,,False,False,False,elite,macro
ECON-SP-LEGENDARY-9003,long-run-macroeconomic-self-adjustment,D NO ISSUE DETECTED,Other imported bank,stabilization-protocol,,False,False,False,legendary,macro
ECON-SP-LEGENDARY-9004,long-run-macroeconomic-self-adjustment,D NO ISSUE DETECTED,Other imported bank,stabilization-protocol,,False,False,False,legendary,macro
PM2D1-LRADJ-L-003,long-run-macroeconomic-self-adjustment,D NO ISSUE DETECTED,Authored/expansion,macro-m2d1-ad-as-macro-equilibrium-family,phaseM2d1-ad-as-macro-equilibrium-family-maturation-v1,False,False,False,legendary,macro
P52B-S1-LRADJ-B2-001,long-run-macroeconomic-self-adjustment,D NO ISSUE DETECTED,Authored/expansion,phase5.2b-stage1-rescue,,False,False,False,boss,macro
P52B-S1-LRADJ-B3-001,long-run-macroeconomic-self-adjustment,D NO ISSUE DETECTED,Authored/expansion,phase5.2b-stage1-rescue,,False,False,False,boss,macro
PM2D1-LRADJ-EB-001,long-run-macroeconomic-self-adjustment,D NO ISSUE DETECTED,Authored/expansion,macro-m2d1-ad-as-macro-equilibrium-family,phaseM2d1-ad-as-macro-equilibrium-family-maturation-v1,False,False,False,boss,macro
PM2D1-LRADJ-FB-006,long-run-macroeconomic-self-adjustment,D NO ISSUE DETECTED,Authored/expansion,macro-m2d1-ad-as-macro-equilibrium-family,phaseM2d1-ad-as-macro-equilibrium-family-maturation-v1,False,False,False,boss,macro
PM2D1-LRADJ-MB-003,long-run-macroeconomic-self-adjustment,D NO ISSUE DETECTED,Authored/expansion,macro-m2d1-ad-as-macro-equilibrium-family,phaseM2d1-ad-as-macro-equilibrium-family-maturation-v1,False,False,False,boss,macro
PM2D1-LRADJ-MB-004,long-run-macroeconomic-self-adjustment,D NO ISSUE DETECTED,Authored/expansion,macro-m2d1-ad-as-macro-equilibrium-family,phaseM2d1-ad-as-macro-equilibrium-family-maturation-v1,False,False,False,boss,macro
PM2D1-LRADJ-LB-001,long-run-macroeconomic-self-adjustment,D NO ISSUE DETECTED,Authored/expansion,macro-m2d1-ad-as-macro-equilibrium-family,phaseM2d1-ad-as-macro-equilibrium-family-maturation-v1,False,False,False,legendaryBoss,macro
PM2D1-LRADJ-LB-002,long-run-macroeconomic-self-adjustment,D NO ISSUE DETECTED,Authored/expansion,macro-m2d1-ad-as-macro-equilibrium-family,phaseM2d1-ad-as-macro-equilibrium-family-maturation-v1,False,False,False,legendaryBoss,macro
ECON-SP-EXPLAIN-LONG-RUN-ADJUSTMENT-5036,long-run-macroeconomic-self-adjustment,A PROTECTED MATURE,Other imported bank,stabilization-protocol,,False,False,True,repair,macro
ECON-SP-EXPLAIN-LONG-RUN-ADJUSTMENT-5037,long-run-macroeconomic-self-adjustment,A PROTECTED MATURE,Other imported bank,stabilization-protocol,,False,False,True,repair,macro
ECON-SP-EXPLAIN-LONG-RUN-ADJUSTMENT-6028,long-run-macroeconomic-self-adjustment,A PROTECTED MATURE,Other imported bank,stabilization-protocol,,False,False,True,bridge,macro
ECON-SP-EASY-64,long-run-phillips-curve,D NO ISSUE DETECTED,Other imported bank,stabilization-protocol,,False,False,False,main,macro
ECON-SP-EASY-65,long-run-phillips-curve,D NO ISSUE DETECTED,Other imported bank,stabilization-protocol,,False,False,False,main,macro
ECON-SP-EASY-71,long-run-phillips-curve,D NO ISSUE DETECTED,Other imported bank,stabilization-protocol,,False,False,False,main,macro
ECON-SP-EASY-72,long-run-phillips-curve,D NO ISSUE DETECTED,Other imported bank,stabilization-protocol,,False,False,False,main,macro
PM2A-LRPC-E-001,long-run-phillips-curve,D NO ISSUE DETECTED,Authored/expansion,macro-m2a-phillips-family,phaseM2a-phillips-disinflation-family-maturation-v1,False,False,False,easy,macro
PM2A-LRPC-E-002,long-run-phillips-curve,D NO ISSUE DETECTED,Authored/expansion,macro-m2a-phillips-family,phaseM2a-phillips-disinflation-family-maturation-v1,False,False,False,easy,macro
ECON-SP-HARD-259,long-run-phillips-curve,D NO ISSUE DETECTED,Other imported bank,stabilization-protocol,,False,False,False,main,macro
ECON-SP-HARD-260,long-run-phillips-curve,D NO ISSUE DETECTED,Other imported bank,stabilization-protocol,,False,False,False,main,macro
ECON-SP-MEDIUM-159,long-run-phillips-curve,D NO ISSUE DETECTED,Other imported bank,stabilization-protocol,,False,False,False,main,macro
P52B-S1-LRPC-M-001,long-run-phillips-curve,D NO ISSUE DETECTED,Authored/expansion,phase5.2b-stage1-rescue,,False,False,False,main,macro
PG5-PC-M-003,long-run-phillips-curve,D NO ISSUE DETECTED,Authored/expansion,macro-concept-library,,False,False,False,main,macro
PG5-PC-M-009,long-run-phillips-curve,D NO ISSUE DETECTED,Authored/expansion,macro-concept-library,,False,False,False,main,macro
PM2A-LRPC-M-003,long-run-phillips-curve,D NO ISSUE DETECTED,Authored/expansion,macro-m2a-phillips-family,phaseM2a-phillips-disinflation-family-maturation-v1,False,False,False,medium,macro
PM2A-LRPC-M-004,long-run-phillips-curve,D NO ISSUE DETECTED,Authored/expansion,macro-m2a-phillips-family,phaseM2a-phillips-disinflation-family-maturation-v1,False,False,False,medium,macro
PM2A-LRPC-M-005,long-run-phillips-curve,D NO ISSUE DETECTED,Authored/expansion,macro-m2a-phillips-family,phaseM2a-phillips-disinflation-family-maturation-v1,False,False,False,medium,macro
PM2A-LRPC-M-006,long-run-phillips-curve,D NO ISSUE DETECTED,Authored/expansion,macro-m2a-phillips-family,phaseM2a-phillips-disinflation-family-maturation-v1,False,False,False,medium,macro
ECON-SP-HARD-239,long-run-phillips-curve,D NO ISSUE DETECTED,Other imported bank,stabilization-protocol,,False,False,False,main,macro
ECON-SP-HARD-246,long-run-phillips-curve,D NO ISSUE DETECTED,Other imported bank,stabilization-protocol,,False,False,False,main,macro
PG5-PC-X-005,long-run-phillips-curve,D NO ISSUE DETECTED,Authored/expansion,macro-concept-library,,False,False,False,main,macro
PG5-PC-X-011,long-run-phillips-curve,D NO ISSUE DETECTED,Authored/expansion,macro-concept-library,,False,False,False,main,macro
P52B-S1-LRPC-L-001,long-run-phillips-curve,D NO ISSUE DETECTED,Authored/expansion,phase5.2b-stage1-rescue,,False,False,False,legendary,macro
PM2A-LRPC-H-007,long-run-phillips-curve,D NO ISSUE DETECTED,Authored/expansion,macro-m2a-phillips-family,phaseM2a-phillips-disinflation-family-maturation-v1,False,False,False,hard,macro
PM2A-LRPC-H-008,long-run-phillips-curve,D NO ISSUE DETECTED,Authored/expansion,macro-m2a-phillips-family,phaseM2a-phillips-disinflation-family-maturation-v1,False,False,False,hard,macro
ECON-SP-ELITE-325,long-run-phillips-curve,D NO ISSUE DETECTED,Other imported bank,stabilization-protocol,,False,False,False,elite,macro
PG5-PC-X-017,long-run-phillips-curve,D NO ISSUE DETECTED,Authored/expansion,macro-concept-library,,False,False,False,main,macro
PG5-PC-X-023,long-run-phillips-curve,D NO ISSUE DETECTED,Authored/expansion,macro-concept-library,,False,False,False,main,macro
P52B-S1-LRPC-L-003,long-run-phillips-curve,D NO ISSUE DETECTED,Authored/expansion,phase5.2b-stage1-rescue,,False,False,False,legendary,macro
P52B-S1-LRPC-EL-001,long-run-phillips-curve,D NO ISSUE DETECTED,Authored/expansion,phase5.2b-stage1-rescue,,False,False,False,elite,macro
P52B-S1-LRPC-L-002,long-run-phillips-curve,D NO ISSUE DETECTED,Authored/expansion,phase5.2b-stage1-rescue,,False,False,False,legendary,macro
PM2A-LRPC-L-009,long-run-phillips-curve,D NO ISSUE DETECTED,Authored/expansion,macro-m2a-phillips-family,phaseM2a-phillips-disinflation-family-maturation-v1,False,False,False,legendary,macro
PM2A-LRPC-L-010,long-run-phillips-curve,C FACULTY-REVIEW CANDIDATE,Authored/expansion,macro-m2a-phillips-family,phaseM2a-phillips-disinflation-family-maturation-v1,False,False,False,legendary,macro
PM2A-LRPC-L-011,long-run-phillips-curve,C FACULTY-REVIEW CANDIDATE,Authored/expansion,macro-m2a-phillips-family,phaseM2a-phillips-disinflation-family-maturation-v1,False,False,False,legendary,macro
ECON-SP-MEDIUMBOSS-3003,long-run-phillips-curve,D NO ISSUE DETECTED,Other imported bank,stabilization-protocol,,False,False,False,boss,macro
ECON-SP-MEDIUMBOSS-3004,long-run-phillips-curve,D NO ISSUE DETECTED,Other imported bank,stabilization-protocol,,False,False,False,boss,macro
P52B-S1-LRPC-B3-001,long-run-phillips-curve,D NO ISSUE DETECTED,Authored/expansion,phase5.2b-stage1-rescue,,False,False,False,boss,macro
PM2A-LRPC-EB-012,long-run-phillips-curve,D NO ISSUE DETECTED,Authored/expansion,macro-m2a-phillips-family,phaseM2a-phillips-disinflation-family-maturation-v1,False,False,False,boss,macro
PM2A-LRPC-EB-013,long-run-phillips-curve,D NO ISSUE DETECTED,Authored/expansion,macro-m2a-phillips-family,phaseM2a-phillips-disinflation-family-maturation-v1,False,False,False,boss,macro
PM2A-LRPC-EB-014,long-run-phillips-curve,D NO ISSUE DETECTED,Authored/expansion,macro-m2a-phillips-family,phaseM2a-phillips-disinflation-family-maturation-v1,False,False,False,boss,macro
PM2A-LRPC-FB-016,long-run-phillips-curve,D NO ISSUE DETECTED,Authored/expansion,macro-m2a-phillips-family,phaseM2a-phillips-disinflation-family-maturation-v1,False,False,False,boss,macro
PM2A-LRPC-FB-017,long-run-phillips-curve,D NO ISSUE DETECTED,Authored/expansion,macro-m2a-phillips-family,phaseM2a-phillips-disinflation-family-maturation-v1,False,False,False,boss,macro
PM2A-LRPC-MB-015,long-run-phillips-curve,D NO ISSUE DETECTED,Authored/expansion,macro-m2a-phillips-family,phaseM2a-phillips-disinflation-family-maturation-v1,False,False,False,boss,macro
PM2A-LRPC-LB-018,long-run-phillips-curve,D NO ISSUE DETECTED,Authored/expansion,macro-m2a-phillips-family,phaseM2a-phillips-disinflation-family-maturation-v1,False,False,False,legendaryBoss,macro
PM2A-LRPC-LB-019,long-run-phillips-curve,D NO ISSUE DETECTED,Authored/expansion,macro-m2a-phillips-family,phaseM2a-phillips-disinflation-family-maturation-v1,False,False,False,legendaryBoss,macro
PM2A-LRPC-LB-020,long-run-phillips-curve,D NO ISSUE DETECTED,Authored/expansion,macro-m2a-phillips-family,phaseM2a-phillips-disinflation-family-maturation-v1,False,False,False,legendaryBoss,macro
ECON-SP-IDENTIFY-LRPC-5051,long-run-phillips-curve,D NO ISSUE DETECTED,Other imported bank,stabilization-protocol,phaseM2a-phillips-disinflation-family-maturation-v1,False,False,False,repair,macro
ECON-SP-IDENTIFY-NATURAL-UNEMPLOYMENT-5077,long-run-phillips-curve,D NO ISSUE DETECTED,Other imported bank,stabilization-protocol,phaseM2a-phillips-disinflation-family-maturation-v1,False,False,False,repair,macro
ECON-SP-IDENTIFY-LRPC-6042,long-run-phillips-curve,D NO ISSUE DETECTED,Other imported bank,stabilization-protocol,phaseM2a-phillips-disinflation-family-maturation-v1,False,False,False,bridge,macro
PM2A-LRPC-BR-021,long-run-phillips-curve,D NO ISSUE DETECTED,Authored/expansion,macro-m2a-phillips-family,phaseM2a-phillips-disinflation-family-maturation-v1,False,False,False,bridge,macro
PM2A-LRPC-BR-022,long-run-phillips-curve,D NO ISSUE DETECTED,Authored/expansion,macro-m2a-phillips-family,phaseM2a-phillips-disinflation-family-maturation-v1,False,False,False,bridge,macro
ECON-MG-EASY-5,marginal-analysis,A PROTECTED MATURE,Market Gate: documented later descendant,market-gate,phase7.3-marginal-analysis-standalone-expansion-v1,True,True,False,main,general; macro; micro
ECON-MG-EASY-6,marginal-analysis,A PROTECTED MATURE,Market Gate: documented later descendant,market-gate,phase7.3-marginal-analysis-standalone-expansion-v1,True,True,False,main,general; macro; micro
P52A-MARG-E-001,marginal-analysis,A PROTECTED MATURE,Authored/expansion,phase5.2a-concept-expansion,phase7.3-marginal-analysis-standalone-expansion-v1,False,True,False,main,general; macro; micro
P52A-MARG-E-002,marginal-analysis,A PROTECTED MATURE,Authored/expansion,phase5.2a-concept-expansion,phaseQH7-principles-micro-human-read-curation-v1,False,True,False,main,general; macro; micro
P52A-MARG-E-003,marginal-analysis,A PROTECTED MATURE,Authored/expansion,phase5.2a-concept-expansion,phase7.3-marginal-analysis-standalone-expansion-v1,False,True,False,main,general; macro; micro
P52A-MARG-E-004,marginal-analysis,A PROTECTED MATURE,Authored/expansion,phase5.2a-concept-expansion,,False,True,False,main,general; macro; micro
P73-MARG-E-005,marginal-analysis,A PROTECTED MATURE,Authored/expansion,phase7.3-marginal-analysis-standalone-expansion,phase7.3-marginal-analysis-standalone-expansion-v1,False,True,False,main,general; macro; micro
P73-MARG-E-006,marginal-analysis,A PROTECTED MATURE,Authored/expansion,phase7.3-marginal-analysis-standalone-expansion,phase7.3-marginal-analysis-standalone-expansion-v1,False,True,False,main,general; macro; micro
P73-MARG-E-007,marginal-analysis,A PROTECTED MATURE,Authored/expansion,phase7.3-marginal-analysis-standalone-expansion,phase7.3-marginal-analysis-standalone-expansion-v1,False,True,False,main,general; macro; micro
P73-MARG-E-008,marginal-analysis,A PROTECTED MATURE,Authored/expansion,phase7.3-marginal-analysis-standalone-expansion,phase7.3-marginal-analysis-standalone-expansion-v1,False,True,False,main,general; macro; micro
ECON-MG-MEDIUM-101,marginal-analysis,A PROTECTED MATURE,Market Gate: no later curation recorded,market-gate,,True,True,False,main,general; macro; micro
P52A-MARG-M-001,marginal-analysis,A PROTECTED MATURE,Authored/expansion,phase5.2a-concept-expansion,phaseQH7-principles-micro-human-read-curation-v1,False,True,False,main,general; macro; micro
P52A-MARG-M-002,marginal-analysis,A PROTECTED MATURE,Authored/expansion,phase5.2a-concept-expansion,phaseQH7-principles-micro-human-read-curation-v1,False,True,False,main,general; macro; micro
P52A-MARG-M-003,marginal-analysis,A PROTECTED MATURE,Authored/expansion,phase5.2a-concept-expansion,phaseQH7-principles-micro-human-read-curation-v1,False,True,False,main,general; macro; micro
P52A-MARG-M-004,marginal-analysis,A PROTECTED MATURE,Authored/expansion,phase5.2a-concept-expansion,phase7.3-marginal-analysis-standalone-expansion-v1,False,True,False,main,general; macro; micro
P52A-MARG-M-005,marginal-analysis,A PROTECTED MATURE,Authored/expansion,phase5.2a-concept-expansion,,False,True,False,main,general; macro; micro
P73-MARG-M-006,marginal-analysis,A PROTECTED MATURE,Authored/expansion,phase7.3-marginal-analysis-standalone-expansion,phase7.3-marginal-analysis-standalone-expansion-v1,False,True,False,main,general; macro; micro
P73-MARG-M-007,marginal-analysis,A PROTECTED MATURE,Authored/expansion,phase7.3-marginal-analysis-standalone-expansion,phase7.3-marginal-analysis-standalone-expansion-v1,False,True,False,main,general; macro; micro
P73-MARG-M-008,marginal-analysis,A PROTECTED MATURE,Authored/expansion,phase7.3-marginal-analysis-standalone-expansion,phase7.3-marginal-analysis-standalone-expansion-v1,False,True,False,main,general; macro; micro
P73-MARG-M-009,marginal-analysis,A PROTECTED MATURE,Authored/expansion,phase7.3-marginal-analysis-standalone-expansion,phase7.3-marginal-analysis-standalone-expansion-v1,False,True,False,main,general; macro; micro
P73-MARG-M-010,marginal-analysis,A PROTECTED MATURE,Authored/expansion,phase7.3-marginal-analysis-standalone-expansion,phase7.3-marginal-analysis-standalone-expansion-v1,False,True,False,main,general; macro; micro
P73-MARG-M-011,marginal-analysis,A PROTECTED MATURE,Authored/expansion,phase7.3-marginal-analysis-standalone-expansion,phase7.3-marginal-analysis-standalone-expansion-v1,False,True,False,main,general; macro; micro
P52A-MARG-H-006,marginal-analysis,A PROTECTED MATURE,Authored/expansion,phase5.2a-concept-expansion,,False,True,False,main,general; macro; micro
ECON-MG-LEGENDARY-9012,marginal-analysis,A PROTECTED MATURE,Market Gate: documented later descendant,market-gate,phase7.3-marginal-analysis-standalone-expansion-v1,True,True,False,main,general; macro; micro
P73-MARG-EL-005,marginal-analysis,A PROTECTED MATURE,Authored/expansion,phase7.3-marginal-analysis-standalone-expansion,phase7.3-marginal-analysis-standalone-expansion-v1,False,True,False,main,general; macro; micro
P73-MARG-L-007,marginal-analysis,A PROTECTED MATURE,Authored/expansion,phase7.3-marginal-analysis-standalone-expansion,phase7.3-marginal-analysis-standalone-expansion-v1,False,True,False,main,general; macro; micro
P73-MARG-L-012,marginal-analysis,A PROTECTED MATURE,Authored/expansion,phase7.3-marginal-analysis-standalone-expansion,phase7.3-marginal-analysis-standalone-expansion-v1,False,True,False,main,general; macro; micro
P52A-MARG-H-001,marginal-analysis,A PROTECTED MATURE,Authored/expansion,phase5.2a-concept-expansion,,False,True,False,main,general; macro; micro
P52A-MARG-H-002,marginal-analysis,A PROTECTED MATURE,Authored/expansion,phase5.2a-concept-expansion,,False,True,False,main,general; macro; micro
P52A-MARG-H-003,marginal-analysis,A PROTECTED MATURE,Authored/expansion,phase5.2a-concept-expansion,,False,True,False,main,general; macro; micro
P52A-MARG-H-004,marginal-analysis,A PROTECTED MATURE,Authored/expansion,phase5.2a-concept-expansion,phaseQH7-principles-micro-human-read-curation-v1,False,True,False,main,general; macro; micro
P52A-MARG-H-005,marginal-analysis,A PROTECTED MATURE,Authored/expansion,phase5.2a-concept-expansion,,False,True,False,main,general; macro; micro
P73-MARG-H-007,marginal-analysis,A PROTECTED MATURE,Authored/expansion,phase7.3-marginal-analysis-standalone-expansion,phase7.3-marginal-analysis-standalone-expansion-v1,False,True,False,main,general; macro; micro
P73-MARG-H-008,marginal-analysis,A PROTECTED MATURE,Authored/expansion,phase7.3-marginal-analysis-standalone-expansion,phase7.3-marginal-analysis-standalone-expansion-v1,False,True,False,main,general; macro; micro
P73-MARG-H-009,marginal-analysis,A PROTECTED MATURE,Authored/expansion,phase7.3-marginal-analysis-standalone-expansion,phase7.3-marginal-analysis-standalone-expansion-v1,False,True,False,main,general; macro; micro
P73-MARG-H-010,marginal-analysis,A PROTECTED MATURE,Authored/expansion,phase7.3-marginal-analysis-standalone-expansion,phase7.3-marginal-analysis-standalone-expansion-v1,False,True,False,main,general; macro; micro
P73-MARG-H-011,marginal-analysis,A PROTECTED MATURE,Authored/expansion,phase7.3-marginal-analysis-standalone-expansion,phase7.3-marginal-analysis-standalone-expansion-v1,False,True,False,main,general; macro; micro
P73-MARG-H-012,marginal-analysis,A PROTECTED MATURE,Authored/expansion,phase7.3-marginal-analysis-standalone-expansion,phase7.3-marginal-analysis-standalone-expansion-v1,False,True,False,main,general; macro; micro
P73-MARG-L-023,marginal-analysis,A PROTECTED MATURE,Authored/expansion,phase7.3-marginal-analysis-standalone-expansion,phaseQH7-principles-micro-human-read-curation-v1,False,True,False,main,general; macro; micro
P52A-MARG-EL-001,marginal-analysis,A PROTECTED MATURE,Authored/expansion,phase5.2a-concept-expansion,,False,True,False,main,general; macro; micro
P52A-MARG-L-003,marginal-analysis,A PROTECTED MATURE,Authored/expansion,phase5.2a-concept-expansion,,False,True,False,main,general; macro; micro
P73-MARG-L-010,marginal-analysis,A PROTECTED MATURE,Authored/expansion,phase7.3-marginal-analysis-standalone-expansion,phaseQH7-principles-micro-human-read-curation-v1,False,True,False,main,general; macro; micro
P73-MARG-L-016,marginal-analysis,A PROTECTED MATURE,Authored/expansion,phase7.3-marginal-analysis-standalone-expansion,phase7.3-marginal-analysis-standalone-expansion-v1,False,True,False,main,general; macro; micro
P73-MARG-L-018,marginal-analysis,A PROTECTED MATURE,Authored/expansion,phase7.3-marginal-analysis-standalone-expansion,phase7.3-marginal-analysis-standalone-expansion-v1,False,True,False,main,general; macro; micro
P73-MARG-L-020,marginal-analysis,A PROTECTED MATURE,Authored/expansion,phase7.3-marginal-analysis-standalone-expansion,phase7.3-marginal-analysis-standalone-expansion-v1,False,True,False,main,general; macro; micro
P73-MARG-L-025,marginal-analysis,A PROTECTED MATURE,Authored/expansion,phase7.3-marginal-analysis-standalone-expansion,phase7.3-marginal-analysis-standalone-expansion-v1,False,True,False,main,general; macro; micro
P73-MARG-L-026,marginal-analysis,A PROTECTED MATURE,Authored/expansion,phase7.3-marginal-analysis-standalone-expansion,phase7.3-marginal-analysis-standalone-expansion-v1,False,True,False,main,general; macro; micro
ECON-MG-ELITE-332,marginal-analysis,A PROTECTED MATURE,Market Gate: documented later descendant,market-gate,phase7.3-marginal-analysis-standalone-expansion-v1,True,True,False,elite,general; macro; micro
P52A-MARG-EL-002,marginal-analysis,A PROTECTED MATURE,Authored/expansion,phase5.2a-concept-expansion,phaseQH7-principles-micro-human-read-curation-v1,False,True,False,elite,general; macro; micro
P52A-MARG-EL-003,marginal-analysis,A PROTECTED MATURE,Authored/expansion,phase5.2a-concept-expansion,,False,True,False,elite,general; macro; micro
P73-MARG-EL-004,marginal-analysis,A PROTECTED MATURE,Authored/expansion,phase7.3-marginal-analysis-standalone-expansion,phase7.3-marginal-analysis-standalone-expansion-v1,False,True,False,elite,general; macro; micro
P52A-MARG-L-001,marginal-analysis,A PROTECTED MATURE,Authored/expansion,phase5.2a-concept-expansion,,False,True,False,legendary,general; macro; micro
P52A-MARG-L-002,marginal-analysis,A PROTECTED MATURE,Authored/expansion,phase5.2a-concept-expansion,phaseQH7-principles-micro-human-read-curation-v1,False,True,False,legendary,general; macro; micro
P52A-MARG-L-004,marginal-analysis,A PROTECTED MATURE,Authored/expansion,phase5.2a-concept-expansion,,False,True,False,legendary,general; macro; micro
P52A-MARG-L-005,marginal-analysis,A PROTECTED MATURE,Authored/expansion,phase5.2a-concept-expansion,phaseQH7-principles-micro-human-read-curation-v1,False,True,False,legendary,general; macro; micro
P73-MARG-L-006,marginal-analysis,A PROTECTED MATURE,Authored/expansion,phase7.3-marginal-analysis-standalone-expansion,phase7.3-marginal-analysis-standalone-expansion-v1,False,True,False,legendary,general; macro; micro
P73-MARG-L-008,marginal-analysis,A PROTECTED MATURE,Authored/expansion,phase7.3-marginal-analysis-standalone-expansion,phase7.3-marginal-analysis-standalone-expansion-v1,False,True,False,legendary,general; macro; micro
P73-MARG-L-009,marginal-analysis,A PROTECTED MATURE,Authored/expansion,phase7.3-marginal-analysis-standalone-expansion,phase7.3-marginal-analysis-standalone-expansion-v1,False,True,False,legendary,general; macro; micro
P73-MARG-L-011,marginal-analysis,A PROTECTED MATURE,Authored/expansion,phase7.3-marginal-analysis-standalone-expansion,phase7.3-marginal-analysis-standalone-expansion-v1,False,True,False,legendary,general; macro; micro
P73-MARG-L-013,marginal-analysis,A PROTECTED MATURE,Authored/expansion,phase7.3-marginal-analysis-standalone-expansion,phase7.3-marginal-analysis-standalone-expansion-v1,False,True,False,legendary,general; macro; micro
P73-MARG-L-014,marginal-analysis,A PROTECTED MATURE,Authored/expansion,phase7.3-marginal-analysis-standalone-expansion,phase7.3-marginal-analysis-standalone-expansion-v1,False,True,False,legendary,general; macro; micro
P73-MARG-L-015,marginal-analysis,A PROTECTED MATURE,Authored/expansion,phase7.3-marginal-analysis-standalone-expansion,phase7.3-marginal-analysis-standalone-expansion-v1,False,True,False,legendary,general; macro; micro
P73-MARG-L-017,marginal-analysis,A PROTECTED MATURE,Authored/expansion,phase7.3-marginal-analysis-standalone-expansion,phase7.3-marginal-analysis-standalone-expansion-v1,False,True,False,legendary,general; macro; micro
P73-MARG-L-019,marginal-analysis,A PROTECTED MATURE,Authored/expansion,phase7.3-marginal-analysis-standalone-expansion,phase7.3-marginal-analysis-standalone-expansion-v1,False,True,False,legendary,general; macro; micro
P73-MARG-L-021,marginal-analysis,A PROTECTED MATURE,Authored/expansion,phase7.3-marginal-analysis-standalone-expansion,phase7.3-marginal-analysis-standalone-expansion-v1,False,True,False,legendary,general; macro; micro
P73-MARG-L-022,marginal-analysis,A PROTECTED MATURE,Authored/expansion,phase7.3-marginal-analysis-standalone-expansion,phase7.3-marginal-analysis-standalone-expansion-v1,False,True,False,legendary,general; macro; micro
P73-MARG-L-024,marginal-analysis,A PROTECTED MATURE,Authored/expansion,phase7.3-marginal-analysis-standalone-expansion,phase7.3-marginal-analysis-standalone-expansion-v1,False,True,False,legendary,general; macro; micro
ECON-MG-EASY-7,marginal-analysis,A PROTECTED MATURE,Market Gate: no later curation recorded,market-gate,,True,True,False,calculation,general; macro; micro
ECON-MG-HARD-201,marginal-analysis,A PROTECTED MATURE,Market Gate: no later curation recorded,market-gate,,True,True,False,calculation,general; macro; micro
ECON-EC-EASYBOSS-17006,marginal-analysis,A PROTECTED MATURE,Other imported bank,equilibrium-crisis,phase7.3-marginal-analysis-standalone-expansion-v1,False,True,False,boss,general; macro; micro
ECON-EC-EASYBOSS-17007,marginal-analysis,A PROTECTED MATURE,Other imported bank,equilibrium-crisis,,False,True,False,boss,general; macro; micro
ECON-MG-EASYBOSS-2003,marginal-analysis,A PROTECTED MATURE,Market Gate: documented later descendant,market-gate,phase7.3-marginal-analysis-standalone-expansion-v1,True,True,False,boss,general; macro; micro
ECON-MG-EASYBOSS-2004,marginal-analysis,A PROTECTED MATURE,Market Gate: documented later descendant,market-gate,phaseQH7-principles-micro-human-read-curation-v1,True,True,False,boss,general; macro; micro
ECON-MG-EASYBOSS-2005,marginal-analysis,A PROTECTED MATURE,Market Gate: no later curation recorded,market-gate,,True,True,False,boss,general; macro; micro
P52A-MARG-B2-001,marginal-analysis,A PROTECTED MATURE,Authored/expansion,phase5.2a-concept-expansion,,False,True,False,boss,general; macro; micro
P52A-MARG-B2-002,marginal-analysis,A PROTECTED MATURE,Authored/expansion,phase5.2a-concept-expansion,,False,True,False,boss,general; macro; micro
P52A-MARG-B2-003,marginal-analysis,A PROTECTED MATURE,Authored/expansion,phase5.2a-concept-expansion,phase7.3-marginal-analysis-standalone-expansion-v1,False,True,False,boss,general; macro; micro
P52A-MARG-B3-001,marginal-analysis,A PROTECTED MATURE,Authored/expansion,phase5.2a-concept-expansion,phase7.3-marginal-analysis-standalone-expansion-v1,False,True,False,boss,general; macro; micro
P52A-MARG-B3-002,marginal-analysis,A PROTECTED MATURE,Authored/expansion,phase5.2a-concept-expansion,,False,True,False,boss,general; macro; micro
P52A-MARG-B3-003,marginal-analysis,A PROTECTED MATURE,Authored/expansion,phase5.2a-concept-expansion,,False,True,False,boss,general; macro; micro
P73-MARG-B2-004,marginal-analysis,A PROTECTED MATURE,Authored/expansion,phase7.3-marginal-analysis-standalone-expansion,phase7.3-marginal-analysis-standalone-expansion-v1,False,True,False,boss,general; macro; micro
P73-MARG-B2-005,marginal-analysis,A PROTECTED MATURE,Authored/expansion,phase7.3-marginal-analysis-standalone-expansion,phase7.3-marginal-analysis-standalone-expansion-v1,False,True,False,boss,general; macro; micro
P73-MARG-B3-004,marginal-analysis,A PROTECTED MATURE,Authored/expansion,phase7.3-marginal-analysis-standalone-expansion,phase7.3-marginal-analysis-standalone-expansion-v1,False,True,False,boss,general; macro; micro
P73-MARG-B3-005,marginal-analysis,A PROTECTED MATURE,Authored/expansion,phase7.3-marginal-analysis-standalone-expansion,phase7.3-marginal-analysis-standalone-expansion-v1,False,True,False,boss,general; macro; micro
ECON-MG-LEGENDARYBOSS-9106,marginal-analysis,A PROTECTED MATURE,Market Gate: documented later descendant,market-gate,phase7.3-marginal-analysis-standalone-expansion-v1,True,True,False,legendaryBoss,general; macro; micro
ECON-MG-LEGENDARYBOSS-9107,marginal-analysis,A PROTECTED MATURE,Market Gate: documented later descendant,market-gate,phase7.3-marginal-analysis-standalone-expansion-v1,True,True,False,legendaryBoss,general; macro; micro
ECON-MG-LEGENDARYBOSS-9108,marginal-analysis,A PROTECTED MATURE,Market Gate: documented later descendant,market-gate,phase7.3-marginal-analysis-standalone-expansion-v1,True,True,False,legendaryBoss,general; macro; micro
P73-MARG-LB-006,marginal-analysis,A PROTECTED MATURE,Authored/expansion,phase7.3-marginal-analysis-standalone-expansion,phase7.3-marginal-analysis-standalone-expansion-v1,False,True,False,legendaryBoss,general; macro; micro
P73-MARG-LB-007,marginal-analysis,A PROTECTED MATURE,Authored/expansion,phase7.3-marginal-analysis-standalone-expansion,phase7.3-marginal-analysis-standalone-expansion-v1,False,True,False,legendaryBoss,general; macro; micro
P73-MARG-LB-008,marginal-analysis,A PROTECTED MATURE,Authored/expansion,phase7.3-marginal-analysis-standalone-expansion,phase7.3-marginal-analysis-standalone-expansion-v1,False,True,False,legendaryBoss,general; macro; micro
P73-MARG-LB-009,marginal-analysis,A PROTECTED MATURE,Authored/expansion,phase7.3-marginal-analysis-standalone-expansion,phase7.3-marginal-analysis-standalone-expansion-v1,False,True,False,legendaryBoss,general; macro; micro
P73-MARG-LB-010,marginal-analysis,A PROTECTED MATURE,Authored/expansion,phase7.3-marginal-analysis-standalone-expansion,phase7.3-marginal-analysis-standalone-expansion-v1,False,True,False,legendaryBoss,general; macro; micro
P73-MARG-LB-011,marginal-analysis,A PROTECTED MATURE,Authored/expansion,phase7.3-marginal-analysis-standalone-expansion,phase7.3-marginal-analysis-standalone-expansion-v1,False,True,False,legendaryBoss,general; macro; micro
P52A-MARG-R-001,marginal-analysis,A PROTECTED MATURE,Authored/expansion,phase5.2a-concept-expansion,,False,True,False,repair,general; macro; micro
P52A-MARG-R-002,marginal-analysis,A PROTECTED MATURE,Authored/expansion,phase5.2a-concept-expansion,,False,True,False,repair,general; macro; micro
P52A-MARG-R-003,marginal-analysis,A PROTECTED MATURE,Authored/expansion,phase5.2a-concept-expansion,phaseQH7-principles-micro-human-read-curation-v1,False,True,False,repair,general; macro; micro
P73-MARG-R-004,marginal-analysis,A PROTECTED MATURE,Authored/expansion,phase7.3-marginal-analysis-standalone-expansion,phase7.3-marginal-analysis-standalone-expansion-v1,False,True,False,repair,general; macro; micro
P73-MARG-R-005,marginal-analysis,A PROTECTED MATURE,Authored/expansion,phase7.3-marginal-analysis-standalone-expansion,phase7.3-marginal-analysis-standalone-expansion-v1,False,True,False,repair,general; macro; micro
P73-MARG-R-006,marginal-analysis,A PROTECTED MATURE,Authored/expansion,phase7.3-marginal-analysis-standalone-expansion,phase7.3-marginal-analysis-standalone-expansion-v1,False,True,False,repair,general; macro; micro
P73-MARG-R-007,marginal-analysis,A PROTECTED MATURE,Authored/expansion,phase7.3-marginal-analysis-standalone-expansion,phase7.3-marginal-analysis-standalone-expansion-v1,False,True,False,repair,general; macro; micro
P73-MARG-R-008,marginal-analysis,A PROTECTED MATURE,Authored/expansion,phase7.3-marginal-analysis-standalone-expansion,phase7.3-marginal-analysis-standalone-expansion-v1,False,True,False,repair,general; macro; micro
ECON-MG-CORE-MARGINAL-30001,marginal-analysis,A PROTECTED MATURE,Market Gate: no later curation recorded,market-gate,,True,True,False,repairSeed,general; macro; micro
P52A-MARG-BR-001,marginal-analysis,A PROTECTED MATURE,Authored/expansion,phase5.2a-concept-expansion,phase7.3-marginal-analysis-standalone-expansion-v1,False,True,False,bridge,general; macro; micro
P52A-MARG-BR-002,marginal-analysis,A PROTECTED MATURE,Authored/expansion,phase5.2a-concept-expansion,phase7.3-marginal-analysis-standalone-expansion-v1,False,True,False,bridge,general; macro; micro
P73-MARG-BR-003,marginal-analysis,A PROTECTED MATURE,Authored/expansion,phase7.3-marginal-analysis-standalone-expansion,phase7.3-marginal-analysis-standalone-expansion-v1,False,True,False,bridge,general; macro; micro
P73-MARG-BR-004,marginal-analysis,A PROTECTED MATURE,Authored/expansion,phase7.3-marginal-analysis-standalone-expansion,phase7.3-marginal-analysis-standalone-expansion-v1,False,True,False,bridge,general; macro; micro
P73-MARG-BR-005,marginal-analysis,A PROTECTED MATURE,Authored/expansion,phase7.3-marginal-analysis-standalone-expansion,phase7.3-marginal-analysis-standalone-expansion-v1,False,True,False,bridge,general; macro; micro
P73-MARG-BR-006,marginal-analysis,A PROTECTED MATURE,Authored/expansion,phase7.3-marginal-analysis-standalone-expansion,phase7.3-marginal-analysis-standalone-expansion-v1,False,True,False,bridge,general; macro; micro
ECON-MG-EASY-51,market-equilibrium,A PROTECTED MATURE,Market Gate: documented later descendant,market-gate,phaseQH4-supply-demand-equilibrium-audit-remediation-v1,True,True,False,main,general; macro; micro
ECON-MG-EASY-52,market-equilibrium,A PROTECTED MATURE,Market Gate: no later curation recorded,market-gate,,True,True,False,main,general; macro; micro
ECON-MG-EASY-53,market-equilibrium,A PROTECTED MATURE,Market Gate: no later curation recorded,market-gate,,True,True,False,main,general; macro; micro
ECON-MG-EASY-54,market-equilibrium,A PROTECTED MATURE,Market Gate: documented later descendant,market-gate,phaseQH4-supply-demand-equilibrium-audit-remediation-v1,True,True,False,main,general; macro; micro
ECON-MG-EASY-55,market-equilibrium,A PROTECTED MATURE,Market Gate: documented later descendant,market-gate,phaseQH7-principles-micro-human-read-curation-v1,True,True,False,main,general; macro; micro
P52B-S3-MEQ-E-001,market-equilibrium,A PROTECTED MATURE,Authored/expansion,phase5.2b-stage3-rescue,,False,True,False,main,general; macro; micro
PG1-EQ-E-001,market-equilibrium,A PROTECTED MATURE,Other imported bank,micro-concept-library,,False,True,False,main,general; macro; micro
PG1-EQ-E-002,market-equilibrium,A PROTECTED MATURE,Other imported bank,micro-concept-library,,False,True,False,main,general; macro; micro
ECON-MG-MEDIUM-126,market-equilibrium,A PROTECTED MATURE,Market Gate: documented later descendant,market-gate,phaseQH4-supply-demand-equilibrium-audit-remediation-v1,True,True,False,main,general; macro; micro
ECON-MG-MEDIUM-127,market-equilibrium,A PROTECTED MATURE,Market Gate: no later curation recorded,market-gate,,True,True,False,main,general; macro; micro
ECON-MG-MEDIUM-128,market-equilibrium,A PROTECTED MATURE,Market Gate: no later curation recorded,market-gate,,True,True,False,main,general; macro; micro
ECON-MG-MEDIUM-129,market-equilibrium,A PROTECTED MATURE,Market Gate: documented later descendant,market-gate,phaseQH4-supply-demand-equilibrium-audit-remediation-v1,True,True,False,main,general; macro; micro
ECON-MG-MEDIUM-130,market-equilibrium,A PROTECTED MATURE,Market Gate: no later curation recorded,market-gate,,True,True,False,main,general; macro; micro
ECON-MG-MEDIUM-131,market-equilibrium,A PROTECTED MATURE,Market Gate: no later curation recorded,market-gate,,True,True,False,main,general; macro; micro
ECON-MG-MEDIUM-160,market-equilibrium,A PROTECTED MATURE,Market Gate: documented later descendant,market-gate,phaseQH4-supply-demand-equilibrium-audit-remediation-v1,True,True,False,main,general; macro; micro
ECON-MG-MEDIUM-161,market-equilibrium,A PROTECTED MATURE,Market Gate: documented later descendant,market-gate,phaseQH4-supply-demand-equilibrium-audit-remediation-v1,True,True,False,main,general; macro; micro
ECON-MG-MEDIUM-162,market-equilibrium,A PROTECTED MATURE,Market Gate: documented later descendant,market-gate,phaseQH4-supply-demand-equilibrium-audit-remediation-v1,True,True,False,main,general; macro; micro
ECON-MG-MEDIUM-163,market-equilibrium,A PROTECTED MATURE,Market Gate: documented later descendant,market-gate,phaseQH4-supply-demand-equilibrium-audit-remediation-v1,True,True,False,main,general; macro; micro
ECON-MG-MEDIUM-164,market-equilibrium,A PROTECTED MATURE,Market Gate: documented later descendant,market-gate,phaseQH4-supply-demand-equilibrium-audit-remediation-v1,True,True,False,main,general; macro; micro
ECON-MG-MEDIUM-165,market-equilibrium,A PROTECTED MATURE,Market Gate: documented later descendant,market-gate,phaseQH4-supply-demand-equilibrium-audit-remediation-v1,True,True,False,main,general; macro; micro
ECON-MG-MEDIUM-168,market-equilibrium,A PROTECTED MATURE,Market Gate: documented later descendant,market-gate,phaseQH7-principles-micro-human-read-curation-v1,True,True,False,main,general; macro; micro
ECON-MG-MEDIUM-170,market-equilibrium,A PROTECTED MATURE,Market Gate: documented later descendant,market-gate,phaseQH4-supply-demand-equilibrium-audit-remediation-v1,True,True,False,main,general; macro; micro
PG1-EQ-M-001,market-equilibrium,A PROTECTED MATURE,Other imported bank,micro-concept-library,,False,True,False,main,general; macro; micro
PG1-EQ-M-002,market-equilibrium,A PROTECTED MATURE,Other imported bank,micro-concept-library,phaseQH3-core-question-quality-gate-v1,False,True,False,main,general; macro; micro
PG1-EQ-M-003,market-equilibrium,A PROTECTED MATURE,Other imported bank,micro-concept-library,,False,True,False,main,general; macro; micro
PG1-EQ-M-004,market-equilibrium,A PROTECTED MATURE,Other imported bank,micro-concept-library,,False,True,False,main,general; macro; micro
PG1-EQ-H-002,market-equilibrium,A PROTECTED MATURE,Other imported bank,micro-concept-library,,False,True,False,main,general; macro; micro
40019,market-equilibrium,A PROTECTED MATURE,Market Gate: documented later descendant,market-gate,phaseQH3-core-question-quality-gate-v1,True,True,False,main,general; macro; micro
ECON-MG-HARD-224,market-equilibrium,A PROTECTED MATURE,Market Gate: documented later descendant,market-gate,phaseQH4-supply-demand-equilibrium-audit-remediation-v1,True,True,False,main,general; macro; micro
ECON-MG-HARD-225,market-equilibrium,A PROTECTED MATURE,Market Gate: no later curation recorded,market-gate,,True,True,False,main,general; macro; micro
ECON-MG-HARD-226,market-equilibrium,A PROTECTED MATURE,Market Gate: no later curation recorded,market-gate,,True,True,False,main,general; macro; micro
ECON-MG-HARD-227,market-equilibrium,A PROTECTED MATURE,Market Gate: no later curation recorded,market-gate,,True,True,False,main,general; macro; micro
ECON-MG-HARD-232,market-equilibrium,A PROTECTED MATURE,Market Gate: documented later descendant,market-gate,phaseQH4-supply-demand-equilibrium-audit-remediation-v1,True,True,False,main,general; macro; micro
ECON-MG-HARD-233,market-equilibrium,A PROTECTED MATURE,Market Gate: documented later descendant,market-gate,phaseQH4-supply-demand-equilibrium-audit-remediation-v1,True,True,False,main,general; macro; micro
ECON-MG-HARD-258,market-equilibrium,A PROTECTED MATURE,Market Gate: documented later descendant,market-gate,phaseQH4-supply-demand-equilibrium-audit-remediation-v1,True,True,False,main,general; macro; micro
ECON-MG-HARD-259,market-equilibrium,A PROTECTED MATURE,Market Gate: documented later descendant,market-gate,phaseQH4-supply-demand-equilibrium-audit-remediation-v1,True,True,False,main,general; macro; micro
ECON-MG-HARD-260,market-equilibrium,A PROTECTED MATURE,Market Gate: documented later descendant,market-gate,phaseQH4-supply-demand-equilibrium-audit-remediation-v1,True,True,False,main,general; macro; micro
ECON-MG-HARD-264,market-equilibrium,A PROTECTED MATURE,Market Gate: documented later descendant,market-gate,phaseQH4-supply-demand-equilibrium-audit-remediation-v1,True,True,False,main,general; macro; micro
ECON-MG-HARD-265,market-equilibrium,A PROTECTED MATURE,Market Gate: documented later descendant,market-gate,phaseQH4-supply-demand-equilibrium-audit-remediation-v1,True,True,False,main,general; macro; micro
PG1-EQ-H-001,market-equilibrium,A PROTECTED MATURE,Other imported bank,micro-concept-library,phaseQH4-supply-demand-equilibrium-audit-remediation-v1,False,True,False,main,general; macro; micro
40012,market-equilibrium,A PROTECTED MATURE,Market Gate: documented later descendant,market-gate,phaseQH3-core-question-quality-gate-v1,True,True,False,main,general; macro; micro
40015,market-equilibrium,A PROTECTED MATURE,Market Gate: no later curation recorded,market-gate,phase2a-market-gate,True,True,False,main,general; macro; micro
40018,market-equilibrium,A PROTECTED MATURE,Market Gate: no later curation recorded,market-gate,phase2a-market-gate,True,True,False,main,general; macro; micro
ECON-MG-LEGENDARY-9015,market-equilibrium,A PROTECTED MATURE,Market Gate: documented later descendant,market-gate,phaseQH4-supply-demand-equilibrium-audit-remediation-v1,True,True,False,main,general; macro; micro
ECON-MG-LEGENDARY-9028,market-equilibrium,A PROTECTED MATURE,Market Gate: no later curation recorded,market-gate,,True,True,False,main,general; macro; micro
ECON-MG-LEGENDARY-9029,market-equilibrium,A PROTECTED MATURE,Market Gate: no later curation recorded,market-gate,,True,True,False,main,general; macro; micro
ECON-MG-LEGENDARY-9016,market-equilibrium,A PROTECTED MATURE,Market Gate: documented later descendant,market-gate,phaseQH7-principles-micro-human-read-curation-v1,True,True,False,main,general; macro; micro
ECON-MG-LEGENDARY-9018,market-equilibrium,A PROTECTED MATURE,Market Gate: documented later descendant,market-gate,phaseQH7-principles-micro-human-read-curation-v1,True,True,False,main,general; macro; micro
ECON-MG-ELITE-305,market-equilibrium,A PROTECTED MATURE,Market Gate: documented later descendant,market-gate,phaseQH4-supply-demand-equilibrium-audit-remediation-v1,True,True,False,elite,general; macro; micro
ECON-MG-ELITE-306,market-equilibrium,A PROTECTED MATURE,Market Gate: no later curation recorded,market-gate,,True,True,False,elite,general; macro; micro
ECON-MG-ELITE-307,market-equilibrium,A PROTECTED MATURE,Market Gate: no later curation recorded,market-gate,,True,True,False,elite,general; macro; micro
P52B-S3-MEQ-EL-001,market-equilibrium,A PROTECTED MATURE,Authored/expansion,phase5.2b-stage3-rescue,,False,True,False,elite,general; macro; micro
PG1-EQ-EL-001,market-equilibrium,A PROTECTED MATURE,Other imported bank,micro-concept-library,phaseQH4-supply-demand-equilibrium-audit-remediation-v1,False,True,False,elite,general; macro; micro
PG1-EQ-EL-002,market-equilibrium,A PROTECTED MATURE,Other imported bank,micro-concept-library,,False,True,False,elite,general; macro; micro
40013,market-equilibrium,A PROTECTED MATURE,Market Gate: documented later descendant,market-gate,phaseQH3-core-question-quality-gate-v1,True,True,False,main,general; macro; micro
40016,market-equilibrium,A PROTECTED MATURE,Market Gate: documented later descendant,market-gate,phaseQH3-core-question-quality-gate-v1,True,True,False,main,general; macro; micro
40017,market-equilibrium,A PROTECTED MATURE,Market Gate: documented later descendant,market-gate,phaseQH3-core-question-quality-gate-v1,True,True,False,main,general; macro; micro
40020,market-equilibrium,A PROTECTED MATURE,Market Gate: documented later descendant,market-gate,phaseQH6-graph-assessment-integrity-v1,True,True,False,main,general; macro; micro
PG1-EQ-L-001,market-equilibrium,A PROTECTED MATURE,Other imported bank,micro-concept-library,phaseQH4-supply-demand-equilibrium-audit-remediation-v1,False,True,False,elite,general; macro; micro
ECON-MG-LEGENDARY-9019,market-equilibrium,A PROTECTED MATURE,Market Gate: documented later descendant,market-gate,phaseQH7-principles-micro-human-read-curation-v1,True,True,False,legendary,general; macro; micro
ECON-MG-LEGENDARY-9020,market-equilibrium,A PROTECTED MATURE,Market Gate: documented later descendant,market-gate,phaseQH4-supply-demand-equilibrium-audit-remediation-v1,True,True,False,legendary,general; macro; micro
ECON-MG-LEGENDARY-9021,market-equilibrium,A PROTECTED MATURE,Market Gate: documented later descendant,market-gate,phaseQH4-supply-demand-equilibrium-audit-remediation-v1,True,True,False,legendary,general; macro; micro
ECON-MG-LEGENDARY-9022,market-equilibrium,A PROTECTED MATURE,Market Gate: documented later descendant,market-gate,phaseQH4-supply-demand-equilibrium-audit-remediation-v1,True,True,False,legendary,general; macro; micro
ECON-MG-LEGENDARY-9026,market-equilibrium,A PROTECTED MATURE,Market Gate: documented later descendant,market-gate,phaseQH4-supply-demand-equilibrium-audit-remediation-v1,True,True,False,legendary,general; macro; micro
ECON-MG-LEGENDARY-9027,market-equilibrium,A PROTECTED MATURE,Market Gate: documented later descendant,market-gate,phaseQH4-supply-demand-equilibrium-audit-remediation-v1,True,True,False,legendary,general; macro; micro
ECON-MG-LEGENDARY-9030,market-equilibrium,A PROTECTED MATURE,Market Gate: documented later descendant,market-gate,phaseQH7-principles-micro-human-read-curation-v1,True,True,False,legendary,general; macro; micro
ECON-MG-LEGENDARY-9031,market-equilibrium,A PROTECTED MATURE,Market Gate: no later curation recorded,market-gate,,True,True,False,legendary,general; macro; micro
ECON-MG-LEGENDARY-9032,market-equilibrium,A PROTECTED MATURE,Market Gate: documented later descendant,market-gate,phaseQH7-principles-micro-human-read-curation-v1,True,True,False,legendary,general; macro; micro
ECON-MG-LEGENDARY-9034,market-equilibrium,A PROTECTED MATURE,Market Gate: documented later descendant,market-gate,phaseQH4-supply-demand-equilibrium-audit-remediation-v1,True,True,False,legendary,general; macro; micro
PG1-EQ-L-002,market-equilibrium,A PROTECTED MATURE,Other imported bank,micro-concept-library,,False,True,False,legendary,general; macro; micro
40014,market-equilibrium,A PROTECTED MATURE,Market Gate: no later curation recorded,market-gate,phase2a-market-gate,True,True,False,main,general; macro; micro
ECON-MG-HARD-228,market-equilibrium,A PROTECTED MATURE,Market Gate: documented later descendant,market-gate,phaseQH4-supply-demand-equilibrium-audit-remediation-v1,True,True,False,calculation,general; macro; micro
ECON-MG-HARD-229,market-equilibrium,A PROTECTED MATURE,Market Gate: documented later descendant,market-gate,phaseQH4-supply-demand-equilibrium-audit-remediation-v1,True,True,False,calculation,general; macro; micro
ECON-MG-HARD-230,market-equilibrium,A PROTECTED MATURE,Market Gate: documented later descendant,market-gate,phaseQH4-supply-demand-equilibrium-audit-remediation-v1,True,True,False,calculation,general; macro; micro
ECON-MG-HARD-231,market-equilibrium,A PROTECTED MATURE,Market Gate: documented later descendant,market-gate,phaseQH4-supply-demand-equilibrium-audit-remediation-v1,True,True,False,calculation,general; macro; micro
ECON-MG-MEDIUMBOSS-3009,market-equilibrium,A PROTECTED MATURE,Market Gate: no later curation recorded,market-gate,,True,True,False,boss,general; macro; micro
ECON-MG-MEDIUMBOSS-3010,market-equilibrium,A PROTECTED MATURE,Market Gate: documented later descendant,market-gate,phaseQH7-principles-micro-human-read-curation-v1,True,True,False,boss,general; macro; micro
ECON-MG-MEDIUMBOSS-3011,market-equilibrium,A PROTECTED MATURE,Market Gate: documented later descendant,market-gate,phaseQH7-principles-micro-human-read-curation-v1,True,True,False,boss,general; macro; micro
ECON-MG-MEDIUMBOSS-3012,market-equilibrium,A PROTECTED MATURE,Market Gate: documented later descendant,market-gate,phaseQH7-principles-micro-human-read-curation-v1,True,True,False,boss,general; macro; micro
ECON-MG-MEDIUMBOSS-3013,market-equilibrium,A PROTECTED MATURE,Market Gate: no later curation recorded,market-gate,,True,True,False,boss,general; macro; micro
ECON-MG-MEDIUMBOSS-3014,market-equilibrium,A PROTECTED MATURE,Market Gate: documented later descendant,market-gate,phaseQH4-supply-demand-equilibrium-audit-remediation-v1,True,True,False,boss,general; macro; micro
P52B-S3-MEQ-B1-001,market-equilibrium,A PROTECTED MATURE,Authored/expansion,phase5.2b-stage3-rescue,,False,True,False,boss,general; macro; micro
P52B-S3-MEQ-B1-002,market-equilibrium,A PROTECTED MATURE,Authored/expansion,phase5.2b-stage3-rescue,,False,True,False,boss,general; macro; micro
P52B-S3-MEQ-B1-003,market-equilibrium,A PROTECTED MATURE,Authored/expansion,phase5.2b-stage3-rescue,,False,True,False,boss,general; macro; micro
P52B-S3-MEQ-B3-001,market-equilibrium,A PROTECTED MATURE,Authored/expansion,phase5.2b-stage3-rescue,,False,True,False,boss,general; macro; micro
P52B-S3-MEQ-B3-002,market-equilibrium,A PROTECTED MATURE,Authored/expansion,phase5.2b-stage3-rescue,,False,True,False,boss,general; macro; micro
P52B-S3-MEQ-B3-003,market-equilibrium,A PROTECTED MATURE,Authored/expansion,phase5.2b-stage3-rescue,phaseQH4-supply-demand-equilibrium-audit-remediation-v1,False,True,False,boss,general; macro; micro
ECON-MG-LEGENDARYBOSS-9127,market-equilibrium,A PROTECTED MATURE,Market Gate: no later curation recorded,market-gate,,True,True,False,legendaryBoss,general; macro; micro
ECON-MG-LEGENDARYBOSS-9128,market-equilibrium,A PROTECTED MATURE,Market Gate: no later curation recorded,market-gate,,True,True,False,legendaryBoss,general; macro; micro
ECON-MG-LEGENDARYBOSS-9129,market-equilibrium,A PROTECTED MATURE,Market Gate: no later curation recorded,market-gate,,True,True,False,legendaryBoss,general; macro; micro
ECON-MG-EQUILIBRIUM-PREDICTION-5008,market-equilibrium,A PROTECTED MATURE,Market Gate: documented later descendant,market-gate,phaseQH4-supply-demand-equilibrium-audit-remediation-v1,True,True,False,repair,general; macro; micro
ECON-MG-EQUILIBRIUM-PREDICTION-5009,market-equilibrium,A PROTECTED MATURE,Market Gate: no later curation recorded,market-gate,,True,True,False,repair,general; macro; micro
P52B-S3-MEQ-R-001,market-equilibrium,A PROTECTED MATURE,Authored/expansion,phase5.2b-stage3-rescue,,False,True,False,repair,general; macro; micro
ECON-MG-EQUILIBRIUM-PREDICTION-6010,market-equilibrium,A PROTECTED MATURE,Market Gate: documented later descendant,market-gate,phaseQH4-supply-demand-equilibrium-audit-remediation-v1,True,True,False,bridge,general; macro; micro
ECON-MG-EQUILIBRIUM-PREDICTION-6011,market-equilibrium,A PROTECTED MATURE,Market Gate: no later curation recorded,market-gate,,True,True,False,bridge,general; macro; micro
ECON-MG-SURPLUS-SHORTAGE-IDENTIFICATION-6012,market-equilibrium,A PROTECTED MATURE,Market Gate: no later curation recorded,market-gate,,True,True,False,bridge,general; macro; micro
ECON-MG-SURPLUS-SHORTAGE-IDENTIFICATION-6013,market-equilibrium,A PROTECTED MATURE,Market Gate: no later curation recorded,market-gate,,True,True,False,bridge,general; macro; micro
ECON-MG-EASY-29,micro-versus-macro,A PROTECTED MATURE,Market Gate: documented later descendant,market-gate,phase7.7-general-economics-final-maturation-v1,True,False,False,main,general; macro
ECON-MG-EASY-30,micro-versus-macro,A PROTECTED MATURE,Market Gate: documented later descendant,market-gate,phase7.7-general-economics-final-maturation-v1,True,False,False,main,general; macro
ECON-MG-EASY-31,micro-versus-macro,A PROTECTED MATURE,Market Gate: documented later descendant,market-gate,phase7.7-general-economics-final-maturation-v1,True,False,False,main,general; macro
P52B-MVM-E-001,micro-versus-macro,D NO ISSUE DETECTED,Authored/expansion,phase5.2b-minimum-coverage-rescue,,False,False,False,main,general; macro
P77-MVM-E-003,micro-versus-macro,D NO ISSUE DETECTED,Authored/expansion,general-economics-final-maturation,phase7.7-general-economics-final-maturation-v1,False,False,False,easy,general; macro
P77-MVM-E-004,micro-versus-macro,D NO ISSUE DETECTED,Authored/expansion,general-economics-final-maturation,phase7.7-general-economics-final-maturation-v1,False,False,False,easy,general; macro
P77-MVM-E-005,micro-versus-macro,D NO ISSUE DETECTED,Authored/expansion,general-economics-final-maturation,phase7.7-general-economics-final-maturation-v1,False,False,False,easy,general; macro
P77-MVM-E-006,micro-versus-macro,D NO ISSUE DETECTED,Authored/expansion,general-economics-final-maturation,phase7.7-general-economics-final-maturation-v1,False,False,False,easy,general; macro
ECON-MG-MEDIUM-115,micro-versus-macro,A PROTECTED MATURE,Market Gate: no later curation recorded,market-gate,,True,False,False,main,general; macro
ECON-MG-MEDIUM-116,micro-versus-macro,A PROTECTED MATURE,Market Gate: documented later descendant,market-gate,phase7.7-general-economics-final-maturation-v1,True,False,False,main,general; macro
P52B-MVM-M-001,micro-versus-macro,D NO ISSUE DETECTED,Authored/expansion,phase5.2b-minimum-coverage-rescue,phase7.7-general-economics-final-maturation-v1,False,False,False,main,general; macro
P52B-MVM-M-002,micro-versus-macro,D NO ISSUE DETECTED,Authored/expansion,phase5.2b-minimum-coverage-rescue,phase7.7-general-economics-final-maturation-v1,False,False,False,main,general; macro
P77-MVM-M-007,micro-versus-macro,D NO ISSUE DETECTED,Authored/expansion,general-economics-final-maturation,phase7.7-general-economics-final-maturation-v1,False,False,False,medium,general; macro
P77-MVM-M-008,micro-versus-macro,D NO ISSUE DETECTED,Authored/expansion,general-economics-final-maturation,phase7.7-general-economics-final-maturation-v1,False,False,False,medium,general; macro
P77-MVM-M-009,micro-versus-macro,D NO ISSUE DETECTED,Authored/expansion,general-economics-final-maturation,phase7.7-general-economics-final-maturation-v1,False,False,False,medium,general; macro
P77-MVM-M-010,micro-versus-macro,D NO ISSUE DETECTED,Authored/expansion,general-economics-final-maturation,phase7.7-general-economics-final-maturation-v1,False,False,False,medium,general; macro
ECON-MG-HARD-214,micro-versus-macro,A PROTECTED MATURE,Market Gate: no later curation recorded,market-gate,,True,False,False,main,general; macro
P52B-MVM-H-002,micro-versus-macro,D NO ISSUE DETECTED,Authored/expansion,phase5.2b-minimum-coverage-rescue,phase7.7-general-economics-final-maturation-v1,False,False,False,main,general; macro
P77-MVM-H-014,micro-versus-macro,D NO ISSUE DETECTED,Authored/expansion,general-economics-final-maturation,phase7.7-general-economics-final-maturation-v1,False,False,False,main,general; macro
P52B-MVM-H-001,micro-versus-macro,D NO ISSUE DETECTED,Authored/expansion,phase5.2b-minimum-coverage-rescue,phaseQH7-principles-micro-human-read-curation-v1,False,False,False,main,general; macro
P52B-MVM-H-003,micro-versus-macro,D NO ISSUE DETECTED,Authored/expansion,phase5.2b-minimum-coverage-rescue,phaseQH7-principles-micro-human-read-curation-v1,False,False,False,main,general; macro
P77-MVM-H-011,micro-versus-macro,D NO ISSUE DETECTED,Authored/expansion,general-economics-final-maturation,phase7.7-general-economics-final-maturation-v1,False,False,False,hard,general; macro
P77-MVM-H-012,micro-versus-macro,D NO ISSUE DETECTED,Authored/expansion,general-economics-final-maturation,phase7.7-general-economics-final-maturation-v1,False,False,False,hard,general; macro
P77-MVM-H-013,micro-versus-macro,D NO ISSUE DETECTED,Authored/expansion,general-economics-final-maturation,phase7.7-general-economics-final-maturation-v1,False,False,False,hard,general; macro
P52B-MVM-EL-001,micro-versus-macro,D NO ISSUE DETECTED,Authored/expansion,phase5.2b-minimum-coverage-rescue,phase7.7-general-economics-final-maturation-v1,False,False,False,main,general; macro
P52B-MVM-EL-002,micro-versus-macro,D NO ISSUE DETECTED,Authored/expansion,phase5.2b-minimum-coverage-rescue,phaseQH7-principles-micro-human-read-curation-v1,False,False,False,main,general; macro
P52B-MVM-L-002,micro-versus-macro,D NO ISSUE DETECTED,Authored/expansion,phase5.2b-minimum-coverage-rescue,phaseQH7-principles-micro-human-read-curation-v1,False,False,False,main,general; macro
P77-MVM-EL-015,micro-versus-macro,D NO ISSUE DETECTED,Authored/expansion,general-economics-final-maturation,phaseQH7-principles-micro-human-read-curation-v1,False,False,False,elite,general; macro
P52B-MVM-L-001,micro-versus-macro,D NO ISSUE DETECTED,Authored/expansion,phase5.2b-minimum-coverage-rescue,phase7.7-general-economics-final-maturation-v1,False,False,False,legendary,general; macro
P52B-MVM-L-003,micro-versus-macro,D NO ISSUE DETECTED,Authored/expansion,phase5.2b-minimum-coverage-rescue,phase7.7-general-economics-final-maturation-v1,False,False,False,legendary,general; macro
P77-MVM-L-016,micro-versus-macro,D NO ISSUE DETECTED,Authored/expansion,general-economics-final-maturation,phaseQH7-principles-micro-human-read-curation-v1,False,False,False,legendary,general; macro
P77-MVM-L-017,micro-versus-macro,D NO ISSUE DETECTED,Authored/expansion,general-economics-final-maturation,phase7.7-general-economics-final-maturation-v1,False,False,False,legendary,general; macro
P77-MVM-L-018,micro-versus-macro,D NO ISSUE DETECTED,Authored/expansion,general-economics-final-maturation,phase7.7-general-economics-final-maturation-v1,False,False,False,legendary,general; macro
P77-MVM-L-019,micro-versus-macro,D NO ISSUE DETECTED,Authored/expansion,general-economics-final-maturation,phase7.7-general-economics-final-maturation-v1,False,False,False,legendary,general; macro
P77-MVM-L-020,micro-versus-macro,C FACULTY-REVIEW CANDIDATE,Authored/expansion,general-economics-final-maturation,phase7.7-general-economics-final-maturation-v1,False,False,False,legendary,general; macro
P77-MVM-L-021,micro-versus-macro,D NO ISSUE DETECTED,Authored/expansion,general-economics-final-maturation,phaseQH7-principles-micro-human-read-curation-v1,False,False,False,legendary,general; macro
P77-MVM-L-022,micro-versus-macro,D NO ISSUE DETECTED,Authored/expansion,general-economics-final-maturation,phase7.7-general-economics-final-maturation-v1,False,False,False,legendary,general; macro
P77-MVM-EASYB-023,micro-versus-macro,D NO ISSUE DETECTED,Authored/expansion,general-economics-final-maturation,phase7.7-general-economics-final-maturation-v1,False,False,False,boss,general; macro
P77-MVM-EASYB-024,micro-versus-macro,D NO ISSUE DETECTED,Authored/expansion,general-economics-final-maturation,phase7.7-general-economics-final-maturation-v1,False,False,False,boss,general; macro
P77-MVM-EASYB-025,micro-versus-macro,D NO ISSUE DETECTED,Authored/expansion,general-economics-final-maturation,phase7.7-general-economics-final-maturation-v1,False,False,False,boss,general; macro
P77-MVM-FINALB-029,micro-versus-macro,D NO ISSUE DETECTED,Authored/expansion,general-economics-final-maturation,phase7.7-general-economics-final-maturation-v1,False,False,False,boss,general; macro
P77-MVM-FINALB-030,micro-versus-macro,D NO ISSUE DETECTED,Authored/expansion,general-economics-final-maturation,phaseQH7-principles-micro-human-read-curation-v1,False,False,False,boss,general; macro
P77-MVM-FINALB-031,micro-versus-macro,D NO ISSUE DETECTED,Authored/expansion,general-economics-final-maturation,phase7.7-general-economics-final-maturation-v1,False,False,False,boss,general; macro
P77-MVM-MEDIUMB-026,micro-versus-macro,D NO ISSUE DETECTED,Authored/expansion,general-economics-final-maturation,phaseQH7-principles-micro-human-read-curation-v1,False,False,False,boss,general; macro
P77-MVM-MEDIUMB-027,micro-versus-macro,D NO ISSUE DETECTED,Authored/expansion,general-economics-final-maturation,phase7.7-general-economics-final-maturation-v1,False,False,False,boss,general; macro
P77-MVM-MEDIUMB-028,micro-versus-macro,D NO ISSUE DETECTED,Authored/expansion,general-economics-final-maturation,phase7.7-general-economics-final-maturation-v1,False,False,False,boss,general; macro
P77-MVM-LB-032,micro-versus-macro,D NO ISSUE DETECTED,Authored/expansion,general-economics-final-maturation,phase7.7-general-economics-final-maturation-v1,False,False,False,legendaryBoss,general; macro
P77-MVM-LB-033,micro-versus-macro,D NO ISSUE DETECTED,Authored/expansion,general-economics-final-maturation,phase7.7-general-economics-final-maturation-v1,False,False,False,legendaryBoss,general; macro
P77-MVM-LB-034,micro-versus-macro,D NO ISSUE DETECTED,Authored/expansion,general-economics-final-maturation,phase7.7-general-economics-final-maturation-v1,False,False,False,legendaryBoss,general; macro
P77-MVM-LB-035,micro-versus-macro,D NO ISSUE DETECTED,Authored/expansion,general-economics-final-maturation,phase7.7-general-economics-final-maturation-v1,False,False,False,legendaryBoss,general; macro
P52B-MVM-R-001,micro-versus-macro,D NO ISSUE DETECTED,Authored/expansion,phase5.2b-minimum-coverage-rescue,phase7.7-general-economics-final-maturation-v1,False,False,False,repair,general; macro
P52B-MVM-R-002,micro-versus-macro,D NO ISSUE DETECTED,Authored/expansion,phase5.2b-minimum-coverage-rescue,phaseQH7-principles-micro-human-read-curation-v1,False,False,False,repair,general; macro
P77-MVM-R-036,micro-versus-macro,D NO ISSUE DETECTED,Authored/expansion,general-economics-final-maturation,phase7.7-general-economics-final-maturation-v1,False,False,False,repair,general; macro
P77-MVM-R-037,micro-versus-macro,D NO ISSUE DETECTED,Authored/expansion,general-economics-final-maturation,phase7.7-general-economics-final-maturation-v1,False,False,False,repair,general; macro
P77-MVM-R-038,micro-versus-macro,D NO ISSUE DETECTED,Authored/expansion,general-economics-final-maturation,phaseQH7-principles-micro-human-read-curation-v1,False,False,False,repair,general; macro
P77-MVM-R-039,micro-versus-macro,D NO ISSUE DETECTED,Authored/expansion,general-economics-final-maturation,phase7.7-general-economics-final-maturation-v1,False,False,False,repair,general; macro
ECON-MG-CORE-MICRO-MACRO-30012,micro-versus-macro,A PROTECTED MATURE,Market Gate: documented later descendant,market-gate,phase7.7-general-economics-final-maturation-v1,True,False,False,repairSeed,general; macro
P52B-MVM-BR-001,micro-versus-macro,D NO ISSUE DETECTED,Authored/expansion,phase5.2b-minimum-coverage-rescue,,False,False,False,bridge,general; macro
P77-MVM-BR-040,micro-versus-macro,D NO ISSUE DETECTED,Authored/expansion,general-economics-final-maturation,phaseQH7-principles-micro-human-read-curation-v1,False,False,False,bridge,general; macro
P77-MVM-BR-041,micro-versus-macro,D NO ISSUE DETECTED,Authored/expansion,general-economics-final-maturation,phaseQH7-principles-micro-human-read-curation-v1,False,False,False,bridge,general; macro
P77-MVM-BR-042,micro-versus-macro,D NO ISSUE DETECTED,Authored/expansion,general-economics-final-maturation,phaseQH7-principles-micro-human-read-curation-v1,False,False,False,bridge,general; macro
ECON-MG-EASY-18,models-and-assumptions,A PROTECTED MATURE,Market Gate: documented later descendant,market-gate,phaseQH5-foundations-curation-graph-evidence-v1,True,False,False,main,general; macro
ECON-MG-EASY-19,models-and-assumptions,A PROTECTED MATURE,Market Gate: documented later descendant,market-gate,phaseQH5-foundations-curation-graph-evidence-v1,True,False,False,main,general; macro
P52B-MODL-E-001,models-and-assumptions,D NO ISSUE DETECTED,Authored/expansion,phase5.2b-minimum-coverage-rescue,phaseQH5-foundations-curation-graph-evidence-v1,False,False,False,main,general; macro
P52B-MODL-E-002,models-and-assumptions,D NO ISSUE DETECTED,Authored/expansion,phase5.2b-minimum-coverage-rescue,phaseQH5-foundations-curation-graph-evidence-v1,False,False,False,main,general; macro
P76-MODL-E-005,models-and-assumptions,D NO ISSUE DETECTED,Authored/expansion,phase7.6-models-assumptions-light-touch-pilot,phaseQH5-foundations-curation-graph-evidence-v1,False,False,False,easy,general; macro
P76-MODL-E-006,models-and-assumptions,D NO ISSUE DETECTED,Authored/expansion,phase7.6-models-assumptions-light-touch-pilot,phaseQH5-foundations-curation-graph-evidence-v1,False,False,False,easy,general; macro
P76-MODL-E-007,models-and-assumptions,D NO ISSUE DETECTED,Authored/expansion,phase7.6-models-assumptions-light-touch-pilot,phaseQH5-foundations-curation-graph-evidence-v1,False,False,False,easy,general; macro
P76-MODL-E-008,models-and-assumptions,D NO ISSUE DETECTED,Authored/expansion,phase7.6-models-assumptions-light-touch-pilot,phaseQH5-foundations-curation-graph-evidence-v1,False,False,False,easy,general; macro
ECON-MG-MEDIUM-108,models-and-assumptions,A PROTECTED MATURE,Market Gate: no later curation recorded,market-gate,,True,False,False,main,general; macro
P52B-MODL-M-001,models-and-assumptions,D NO ISSUE DETECTED,Authored/expansion,phase5.2b-minimum-coverage-rescue,,False,False,False,main,general; macro
P52B-MODL-M-002,models-and-assumptions,D NO ISSUE DETECTED,Authored/expansion,phase5.2b-minimum-coverage-rescue,,False,False,False,main,general; macro
P52B-MODL-M-003,models-and-assumptions,D NO ISSUE DETECTED,Authored/expansion,phase5.2b-minimum-coverage-rescue,,False,False,False,main,general; macro
P76-MODL-M-005,models-and-assumptions,D NO ISSUE DETECTED,Authored/expansion,phase7.6-models-assumptions-light-touch-pilot,phaseQH5-foundations-curation-graph-evidence-v1,False,False,False,medium,general; macro
P76-MODL-M-006,models-and-assumptions,D NO ISSUE DETECTED,Authored/expansion,phase7.6-models-assumptions-light-touch-pilot,phaseQH5-foundations-curation-graph-evidence-v1,False,False,False,medium,general; macro
P76-MODL-M-007,models-and-assumptions,D NO ISSUE DETECTED,Authored/expansion,phase7.6-models-assumptions-light-touch-pilot,phaseQH7-principles-micro-human-read-curation-v1,False,False,False,medium,general; macro
P76-MODL-M-008,models-and-assumptions,D NO ISSUE DETECTED,Authored/expansion,phase7.6-models-assumptions-light-touch-pilot,phaseQH5-foundations-curation-graph-evidence-v1,False,False,False,medium,general; macro
P76-MODL-H-007,models-and-assumptions,D NO ISSUE DETECTED,Authored/expansion,phase7.6-models-assumptions-light-touch-pilot,phaseQH5-foundations-curation-graph-evidence-v1,False,False,False,main,general; macro
ECON-MG-HARD-212,models-and-assumptions,A PROTECTED MATURE,Market Gate: no later curation recorded,market-gate,,True,False,False,main,general; macro
P52B-MODL-H-001,models-and-assumptions,D NO ISSUE DETECTED,Authored/expansion,phase5.2b-minimum-coverage-rescue,,False,False,False,main,general; macro
P52B-MODL-H-002,models-and-assumptions,D NO ISSUE DETECTED,Authored/expansion,phase5.2b-minimum-coverage-rescue,,False,False,False,main,general; macro
P52B-MODL-H-003,models-and-assumptions,D NO ISSUE DETECTED,Authored/expansion,phase5.2b-minimum-coverage-rescue,,False,False,False,main,general; macro
P76-MODL-H-005,models-and-assumptions,D NO ISSUE DETECTED,Authored/expansion,phase7.6-models-assumptions-light-touch-pilot,phaseQH5-foundations-curation-graph-evidence-v1,False,False,False,hard,general; macro
P76-MODL-H-006,models-and-assumptions,D NO ISSUE DETECTED,Authored/expansion,phase7.6-models-assumptions-light-touch-pilot,phaseQH5-foundations-curation-graph-evidence-v1,False,False,False,hard,general; macro
P76-MODL-H-008,models-and-assumptions,D NO ISSUE DETECTED,Authored/expansion,phase7.6-models-assumptions-light-touch-pilot,phaseQH5-foundations-curation-graph-evidence-v1,False,False,False,hard,general; macro
P52B-MODL-EL-001,models-and-assumptions,D NO ISSUE DETECTED,Authored/expansion,phase5.2b-minimum-coverage-rescue,phaseQH5-foundations-curation-graph-evidence-v1,False,False,False,main,general; macro
P52B-MODL-EL-002,models-and-assumptions,D NO ISSUE DETECTED,Authored/expansion,phase5.2b-minimum-coverage-rescue,,False,False,False,elite,general; macro
P76-MODL-EL-003,models-and-assumptions,C FACULTY-REVIEW CANDIDATE,Authored/expansion,phase7.6-models-assumptions-light-touch-pilot,phaseQH7-principles-micro-human-read-curation-v1,False,False,False,elite,general; macro
P76-MODL-EL-004,models-and-assumptions,D NO ISSUE DETECTED,Authored/expansion,phase7.6-models-assumptions-light-touch-pilot,phaseQH5-foundations-curation-graph-evidence-v1,False,False,False,elite,general; macro
ECON-MG-LEGENDARY-9077,models-and-assumptions,A PROTECTED MATURE,Market Gate: no later curation recorded,market-gate,,True,False,False,legendary,general; macro
ECON-MG-LEGENDARY-9080,models-and-assumptions,A PROTECTED MATURE,Market Gate: documented later descendant,market-gate,phaseQH5-foundations-curation-graph-evidence-v1,True,False,False,legendary,general; macro
ECON-MG-LEGENDARY-9089,models-and-assumptions,A PROTECTED MATURE,Market Gate: no later curation recorded,market-gate,,True,False,False,legendary,general; macro
P76-MODL-L-005,models-and-assumptions,D NO ISSUE DETECTED,Authored/expansion,phase7.6-models-assumptions-light-touch-pilot,phaseQH5-foundations-curation-graph-evidence-v1,False,False,False,legendary,general; macro
P76-MODL-L-006,models-and-assumptions,D NO ISSUE DETECTED,Authored/expansion,phase7.6-models-assumptions-light-touch-pilot,phaseQH5-foundations-curation-graph-evidence-v1,False,False,False,legendary,general; macro
P76-MODL-L-007,models-and-assumptions,D NO ISSUE DETECTED,Authored/expansion,phase7.6-models-assumptions-light-touch-pilot,phaseQH5-foundations-curation-graph-evidence-v1,False,False,False,legendary,general; macro
P76-MODL-L-008,models-and-assumptions,D NO ISSUE DETECTED,Authored/expansion,phase7.6-models-assumptions-light-touch-pilot,phaseQH5-foundations-curation-graph-evidence-v1,False,False,False,legendary,general; macro
P76-MODL-L-009,models-and-assumptions,D NO ISSUE DETECTED,Authored/expansion,phase7.6-models-assumptions-light-touch-pilot,phaseQH5-foundations-curation-graph-evidence-v1,False,False,False,legendary,general; macro
P76-MODL-L-010,models-and-assumptions,D NO ISSUE DETECTED,Authored/expansion,phase7.6-models-assumptions-light-touch-pilot,phaseQH7-principles-micro-human-read-curation-v1,False,False,False,legendary,general; macro
P76-MODL-L-011,models-and-assumptions,D NO ISSUE DETECTED,Authored/expansion,phase7.6-models-assumptions-light-touch-pilot,phaseQH5-foundations-curation-graph-evidence-v1,False,False,False,legendary,general; macro
P76-MODL-L-012,models-and-assumptions,D NO ISSUE DETECTED,Authored/expansion,phase7.6-models-assumptions-light-touch-pilot,phaseQH5-foundations-curation-graph-evidence-v1,False,False,False,legendary,general; macro
P76-MODL-L-013,models-and-assumptions,D NO ISSUE DETECTED,Authored/expansion,phase7.6-models-assumptions-light-touch-pilot,phaseQH5-foundations-curation-graph-evidence-v1,False,False,False,legendary,general; macro
P76-MODL-EB-001,models-and-assumptions,D NO ISSUE DETECTED,Authored/expansion,phase7.6-models-assumptions-light-touch-pilot,phaseQH7-principles-micro-human-read-curation-v1,False,False,False,boss,general; macro
P76-MODL-EB-002,models-and-assumptions,D NO ISSUE DETECTED,Authored/expansion,phase7.6-models-assumptions-light-touch-pilot,phaseQH5-foundations-curation-graph-evidence-v1,False,False,False,boss,general; macro
P76-MODL-EB-003,models-and-assumptions,D NO ISSUE DETECTED,Authored/expansion,phase7.6-models-assumptions-light-touch-pilot,phaseQH5-foundations-curation-graph-evidence-v1,False,False,False,boss,general; macro
P76-MODL-FB-001,models-and-assumptions,D NO ISSUE DETECTED,Authored/expansion,phase7.6-models-assumptions-light-touch-pilot,phaseQH5-foundations-curation-graph-evidence-v1,False,False,False,boss,general; macro
P76-MODL-FB-002,models-and-assumptions,D NO ISSUE DETECTED,Authored/expansion,phase7.6-models-assumptions-light-touch-pilot,phaseQH5-foundations-curation-graph-evidence-v1,False,False,False,boss,general; macro
P76-MODL-FB-003,models-and-assumptions,D NO ISSUE DETECTED,Authored/expansion,phase7.6-models-assumptions-light-touch-pilot,phaseQH5-foundations-curation-graph-evidence-v1,False,False,False,boss,general; macro
P76-MODL-MB-001,models-and-assumptions,D NO ISSUE DETECTED,Authored/expansion,phase7.6-models-assumptions-light-touch-pilot,phaseQH5-foundations-curation-graph-evidence-v1,False,False,False,boss,general; macro
P76-MODL-MB-002,models-and-assumptions,D NO ISSUE DETECTED,Authored/expansion,phase7.6-models-assumptions-light-touch-pilot,phaseQH5-foundations-curation-graph-evidence-v1,False,False,False,boss,general; macro
P76-MODL-MB-003,models-and-assumptions,D NO ISSUE DETECTED,Authored/expansion,phase7.6-models-assumptions-light-touch-pilot,phaseQH5-foundations-curation-graph-evidence-v1,False,False,False,boss,general; macro
ECON-MG-LEGENDARYBOSS-9112,models-and-assumptions,A PROTECTED MATURE,Market Gate: documented later descendant,market-gate,phase7.6-models-assumptions-light-touch-pilot-v1,True,False,False,legendaryBoss,general; macro
ECON-MG-LEGENDARYBOSS-9113,models-and-assumptions,A PROTECTED MATURE,Market Gate: documented later descendant,market-gate,phase7.6-models-assumptions-light-touch-pilot-v1,True,False,False,legendaryBoss,general; macro
ECON-MG-LEGENDARYBOSS-9114,models-and-assumptions,A PROTECTED MATURE,Market Gate: documented later descendant,market-gate,phase7.6-models-assumptions-light-touch-pilot-v1,True,False,False,legendaryBoss,general; macro
P76-MODL-LB-004,models-and-assumptions,D NO ISSUE DETECTED,Authored/expansion,phase7.6-models-assumptions-light-touch-pilot,phaseQH5-foundations-curation-graph-evidence-v1,False,False,False,legendaryBoss,general; macro
P76-MODL-LB-005,models-and-assumptions,D NO ISSUE DETECTED,Authored/expansion,phase7.6-models-assumptions-light-touch-pilot,phaseQH5-foundations-curation-graph-evidence-v1,False,False,False,legendaryBoss,general; macro
P76-MODL-LB-006,models-and-assumptions,D NO ISSUE DETECTED,Authored/expansion,phase7.6-models-assumptions-light-touch-pilot,phaseQH7-principles-micro-human-read-curation-v1,False,False,False,legendaryBoss,general; macro
P52B-MODL-R-001,models-and-assumptions,D NO ISSUE DETECTED,Authored/expansion,phase5.2b-minimum-coverage-rescue,phaseQH5-foundations-curation-graph-evidence-v1,False,False,False,repair,general; macro
P52B-MODL-R-002,models-and-assumptions,D NO ISSUE DETECTED,Authored/expansion,phase5.2b-minimum-coverage-rescue,phaseQH5-foundations-curation-graph-evidence-v1,False,False,False,repair,general; macro
P76-MODL-R-003,models-and-assumptions,D NO ISSUE DETECTED,Authored/expansion,phase7.6-models-assumptions-light-touch-pilot,phaseQH5-foundations-curation-graph-evidence-v1,False,False,False,repair,general; macro
P76-MODL-R-004,models-and-assumptions,D NO ISSUE DETECTED,Authored/expansion,phase7.6-models-assumptions-light-touch-pilot,phaseQH5-foundations-curation-graph-evidence-v1,False,False,False,repair,general; macro
P76-MODL-R-005,models-and-assumptions,D NO ISSUE DETECTED,Authored/expansion,phase7.6-models-assumptions-light-touch-pilot,phaseQH5-foundations-curation-graph-evidence-v1,False,False,False,repair,general; macro
P76-MODL-R-006,models-and-assumptions,D NO ISSUE DETECTED,Authored/expansion,phase7.6-models-assumptions-light-touch-pilot,phaseQH5-foundations-curation-graph-evidence-v1,False,False,False,repair,general; macro
ECON-MG-CORE-MODELS-30004,models-and-assumptions,A PROTECTED MATURE,Market Gate: documented later descendant,market-gate,,True,False,False,repairSeed,general; macro
P52B-MODL-BR-001,models-and-assumptions,D NO ISSUE DETECTED,Authored/expansion,phase5.2b-minimum-coverage-rescue,phaseQH7-principles-micro-human-read-curation-v1,False,False,False,bridge,general; macro
ECON-MG-LEGENDARY-9086,models-and-assumptions,A PROTECTED MATURE,Market Gate: documented later descendant,market-gate,phaseQH7-principles-micro-human-read-curation-v1,True,False,False,bridge,general; macro
P76-MODL-BR-002,models-and-assumptions,D NO ISSUE DETECTED,Authored/expansion,phase7.6-models-assumptions-light-touch-pilot,phaseQH7-principles-micro-human-read-curation-v1,False,False,False,bridge,general; macro
P76-MODL-BR-003,models-and-assumptions,D NO ISSUE DETECTED,Authored/expansion,phase7.6-models-assumptions-light-touch-pilot,phaseQH7-principles-micro-human-read-curation-v1,False,False,False,bridge,general; macro
ECON-SP-EASY-12,monetary-control-limits,D NO ISSUE DETECTED,Other imported bank,stabilization-protocol,,False,False,False,main,macro
LG-Q-67,monetary-control-limits,D NO ISSUE DETECTED,Other imported bank,liquidity-grid,,False,False,False,main,macro
LG-Q-68,monetary-control-limits,D NO ISSUE DETECTED,Other imported bank,liquidity-grid,,False,False,False,main,macro
LG-Q-69,monetary-control-limits,D NO ISSUE DETECTED,Other imported bank,liquidity-grid,,False,False,False,main,macro
LG-Q-70,monetary-control-limits,D NO ISSUE DETECTED,Other imported bank,liquidity-grid,,False,False,False,main,macro
LG-Q-71,monetary-control-limits,D NO ISSUE DETECTED,Other imported bank,liquidity-grid,,False,False,False,main,macro
LG-Q-321,monetary-control-limits,D NO ISSUE DETECTED,Other imported bank,liquidity-grid,,False,False,False,elite,macro
LG-Q-9021,monetary-control-limits,D NO ISSUE DETECTED,Other imported bank,liquidity-grid,,False,False,False,legendary,macro
ECON-SP-MEDIUM-106,monetary-control-limits,D NO ISSUE DETECTED,Other imported bank,stabilization-protocol,,False,False,False,main,macro
LG-Q-121,monetary-control-limits,A PROTECTED MATURE,Other imported bank,liquidity-grid,,False,False,True,main,macro
LG-Q-122,monetary-control-limits,D NO ISSUE DETECTED,Other imported bank,liquidity-grid,,False,False,False,main,macro
LG-Q-123,monetary-control-limits,D NO ISSUE DETECTED,Other imported bank,liquidity-grid,,False,False,False,main,macro
LG-Q-124,monetary-control-limits,D NO ISSUE DETECTED,Other imported bank,liquidity-grid,,False,False,False,main,macro
PM2C1-MCL-M-001,monetary-control-limits,D NO ISSUE DETECTED,Authored/expansion,macro-m2c1-money-banking-fed-family,phaseM2c1-money-banking-fed-family-maturation-v1,False,False,False,medium,macro
ECON-SP-HARD-203,monetary-control-limits,D NO ISSUE DETECTED,Other imported bank,stabilization-protocol,,False,False,False,main,macro
LG-Q-213,monetary-control-limits,D NO ISSUE DETECTED,Other imported bank,liquidity-grid,,False,False,False,main,macro
LG-Q-215,monetary-control-limits,D NO ISSUE DETECTED,Other imported bank,liquidity-grid,,False,False,False,main,macro
LG-Q-216,monetary-control-limits,D NO ISSUE DETECTED,Other imported bank,liquidity-grid,,False,False,False,main,macro
LG-Q-314,monetary-control-limits,D NO ISSUE DETECTED,Other imported bank,liquidity-grid,,False,False,False,elite,macro
LG-Q-9019,monetary-control-limits,D NO ISSUE DETECTED,Other imported bank,liquidity-grid,,False,False,False,legendary,macro
LG-Q-214,monetary-control-limits,D NO ISSUE DETECTED,Other imported bank,liquidity-grid,,False,False,False,main,macro
LG-Q-217,monetary-control-limits,D NO ISSUE DETECTED,Other imported bank,liquidity-grid,,False,False,False,main,macro
LG-Q-218,monetary-control-limits,D NO ISSUE DETECTED,Other imported bank,liquidity-grid,,False,False,False,main,macro
LG-Q-225,monetary-control-limits,D NO ISSUE DETECTED,Other imported bank,liquidity-grid,,False,False,False,main,macro
LG-Q-227,monetary-control-limits,D NO ISSUE DETECTED,Other imported bank,liquidity-grid,,False,False,False,main,macro
ECON-SP-ELITE-300,monetary-control-limits,D NO ISSUE DETECTED,Other imported bank,stabilization-protocol,,False,False,False,elite,macro
ECON-SP-ELITE-301,monetary-control-limits,D NO ISSUE DETECTED,Other imported bank,stabilization-protocol,,False,False,False,elite,macro
LG-Q-304,monetary-control-limits,D NO ISSUE DETECTED,Other imported bank,liquidity-grid,,False,False,False,elite,macro
LG-Q-309,monetary-control-limits,D NO ISSUE DETECTED,Other imported bank,liquidity-grid,,False,False,False,elite,macro
LG-Q-315,monetary-control-limits,D NO ISSUE DETECTED,Other imported bank,liquidity-grid,,False,False,False,elite,macro
LG-Q-325,monetary-control-limits,D NO ISSUE DETECTED,Other imported bank,liquidity-grid,,False,False,False,elite,macro
LG-Q-327,monetary-control-limits,D NO ISSUE DETECTED,Other imported bank,liquidity-grid,,False,False,False,elite,macro
LG-Q-9002,monetary-control-limits,D NO ISSUE DETECTED,Other imported bank,liquidity-grid,,False,False,False,legendary,macro
LG-Q-9009,monetary-control-limits,D NO ISSUE DETECTED,Other imported bank,liquidity-grid,,False,False,False,legendary,macro
LG-Q-9015,monetary-control-limits,D NO ISSUE DETECTED,Other imported bank,liquidity-grid,,False,False,False,legendary,macro
LG-Q-9022,monetary-control-limits,D NO ISSUE DETECTED,Other imported bank,liquidity-grid,,False,False,False,legendary,macro
LG-Q-9024,monetary-control-limits,A PROTECTED MATURE,Other imported bank,liquidity-grid,,False,False,True,legendary,macro
LG-Q-9006,monetary-control-limits,D NO ISSUE DETECTED,Other imported bank,liquidity-grid,,False,False,False,legendary,macro
ECON-SP-HARD-204,monetary-control-limits,D NO ISSUE DETECTED,Other imported bank,stabilization-protocol,,False,False,False,calculation,macro
ECON-SP-MEDIUM-107,monetary-control-limits,D NO ISSUE DETECTED,Other imported bank,stabilization-protocol,,False,False,False,calculation,macro
LG-Q-2012,monetary-control-limits,D NO ISSUE DETECTED,Other imported bank,liquidity-grid,,False,False,False,boss,macro
LG-Q-2013,monetary-control-limits,D NO ISSUE DETECTED,Other imported bank,liquidity-grid,,False,False,False,boss,macro
LG-Q-2014,monetary-control-limits,D NO ISSUE DETECTED,Other imported bank,liquidity-grid,,False,False,False,boss,macro
PM2C1-MCL-FB-004,monetary-control-limits,D NO ISSUE DETECTED,Authored/expansion,macro-m2c1-money-banking-fed-family,phaseM2c1-money-banking-fed-family-maturation-v1,False,False,False,boss,macro
PM2C1-MCL-FB-005,monetary-control-limits,D NO ISSUE DETECTED,Authored/expansion,macro-m2c1-money-banking-fed-family,phaseM2c1-money-banking-fed-family-maturation-v1,False,False,False,boss,macro
PM2C1-MCL-FB-006,monetary-control-limits,D NO ISSUE DETECTED,Authored/expansion,macro-m2c1-money-banking-fed-family,phaseM2c1-money-banking-fed-family-maturation-v1,False,False,False,boss,macro
PM2C1-MCL-MB-001,monetary-control-limits,D NO ISSUE DETECTED,Authored/expansion,macro-m2c1-money-banking-fed-family,phaseM2c1-money-banking-fed-family-maturation-v1,False,False,False,boss,macro
PM2C1-MCL-MB-002,monetary-control-limits,A PROTECTED MATURE,Authored/expansion,macro-m2c1-money-banking-fed-family,phaseM2c1-money-banking-fed-family-maturation-v1,False,False,True,boss,macro
PM2C1-MCL-MB-003,monetary-control-limits,D NO ISSUE DETECTED,Authored/expansion,macro-m2c1-money-banking-fed-family,phaseM2c1-money-banking-fed-family-maturation-v1,False,False,False,boss,macro
ECON-SP-EASYBOSS-2014,monetary-control-limits,A PROTECTED MATURE,Other imported bank,stabilization-protocol,,False,False,True,boss,macro
LG-Q-9101,monetary-control-limits,D NO ISSUE DETECTED,Other imported bank,liquidity-grid,phaseM2c1-money-banking-fed-family-maturation-v1,False,False,False,legendaryBoss,macro
LG-Q-9106,monetary-control-limits,D NO ISSUE DETECTED,Other imported bank,liquidity-grid,phaseM2c1-money-banking-fed-family-maturation-v1,False,False,False,legendaryBoss,macro
LG-Q-9108,monetary-control-limits,D NO ISSUE DETECTED,Other imported bank,liquidity-grid,phaseM2c1-money-banking-fed-family-maturation-v1,False,False,False,legendaryBoss,macro
LG-Q-9114,monetary-control-limits,A PROTECTED MATURE,Other imported bank,liquidity-grid,phaseM2c1-money-banking-fed-family-maturation-v1,False,False,True,legendaryBoss,macro
ECON-SP-BANK-LEVERAGE-RISK-5012,monetary-control-limits,A PROTECTED MATURE,Other imported bank,stabilization-protocol,,False,False,True,repair,macro
ECON-SP-LIMITS-OF-MONETARY-CONTROL-5011,monetary-control-limits,A PROTECTED MATURE,Other imported bank,stabilization-protocol,,False,False,True,repair,macro
LG-R-5022,monetary-control-limits,D NO ISSUE DETECTED,Other imported bank,liquidity-grid,,False,False,False,repair,macro
LG-R-5023,monetary-control-limits,D NO ISSUE DETECTED,Other imported bank,liquidity-grid,phaseM2c1-money-banking-fed-family-maturation-v1,False,False,False,repair,macro
ECON-SP-BANK-LEVERAGE-RISK-6009,monetary-control-limits,A PROTECTED MATURE,Other imported bank,stabilization-protocol,,False,False,True,bridge,macro
ECON-SP-LIMITS-OF-MONETARY-CONTROL-6008,monetary-control-limits,A PROTECTED MATURE,Other imported bank,stabilization-protocol,,False,False,True,bridge,macro
LG-B-6008,monetary-control-limits,D NO ISSUE DETECTED,Other imported bank,liquidity-grid,,False,False,False,bridge,macro
ECON-SP-EASY-17,monetary-neutrality,D NO ISSUE DETECTED,Other imported bank,stabilization-protocol,,False,False,False,main,macro
ECON-SP-EASY-18,monetary-neutrality,D NO ISSUE DETECTED,Other imported bank,stabilization-protocol,,False,False,False,main,macro
ECON-SP-EASY-19,monetary-neutrality,D NO ISSUE DETECTED,Other imported bank,stabilization-protocol,,False,False,False,main,macro
LG-Q-25,monetary-neutrality,D NO ISSUE DETECTED,Other imported bank,liquidity-grid,,False,False,False,main,macro
LG-Q-26,monetary-neutrality,D NO ISSUE DETECTED,Other imported bank,liquidity-grid,,False,False,False,main,macro
LG-Q-27,monetary-neutrality,D NO ISSUE DETECTED,Other imported bank,liquidity-grid,,False,False,False,main,macro
LG-Q-28,monetary-neutrality,D NO ISSUE DETECTED,Other imported bank,liquidity-grid,,False,False,False,main,macro
LG-Q-29,monetary-neutrality,D NO ISSUE DETECTED,Other imported bank,liquidity-grid,,False,False,False,main,macro
LG-Q-30,monetary-neutrality,D NO ISSUE DETECTED,Other imported bank,liquidity-grid,,False,False,False,main,macro
PM2C2-NEUT-E-001,monetary-neutrality,D NO ISSUE DETECTED,Authored/expansion,macro-m2c2-money-growth-inflation-neutrality-family,phaseM2c2-money-growth-inflation-neutrality-family-maturation-v1,False,False,False,easy,macro
ECON-SP-HARD-207,monetary-neutrality,D NO ISSUE DETECTED,Other imported bank,stabilization-protocol,,False,False,False,main,macro
LG-Q-236,monetary-neutrality,D NO ISSUE DETECTED,Other imported bank,liquidity-grid,,False,False,False,main,macro
LG-Q-240,monetary-neutrality,D NO ISSUE DETECTED,Other imported bank,liquidity-grid,,False,False,False,main,macro
LG-Q-339,monetary-neutrality,D NO ISSUE DETECTED,Other imported bank,liquidity-grid,,False,False,False,elite,macro
LG-Q-9046,monetary-neutrality,D NO ISSUE DETECTED,Other imported bank,liquidity-grid,,False,False,False,legendary,macro
ECON-SP-MEDIUM-113,monetary-neutrality,D NO ISSUE DETECTED,Other imported bank,stabilization-protocol,,False,False,False,main,macro
LG-Q-135,monetary-neutrality,D NO ISSUE DETECTED,Other imported bank,liquidity-grid,,False,False,False,main,macro
LG-Q-137,monetary-neutrality,D NO ISSUE DETECTED,Other imported bank,liquidity-grid,,False,False,False,main,macro
LG-Q-138,monetary-neutrality,D NO ISSUE DETECTED,Other imported bank,liquidity-grid,,False,False,False,main,macro
PM2C2-NEUT-M-001,monetary-neutrality,D NO ISSUE DETECTED,Authored/expansion,macro-m2c2-money-growth-inflation-neutrality-family,phaseM2c2-money-growth-inflation-neutrality-family-maturation-v1,False,False,False,medium,macro
LG-Q-239,monetary-neutrality,D NO ISSUE DETECTED,Other imported bank,liquidity-grid,,False,False,False,main,macro
LG-Q-241,monetary-neutrality,D NO ISSUE DETECTED,Other imported bank,liquidity-grid,,False,False,False,main,macro
ECON-SP-ELITE-303,monetary-neutrality,D NO ISSUE DETECTED,Other imported bank,stabilization-protocol,,False,False,False,elite,macro
ECON-SP-ELITE-305,monetary-neutrality,D NO ISSUE DETECTED,Other imported bank,stabilization-protocol,,False,False,False,elite,macro
LG-Q-340,monetary-neutrality,D NO ISSUE DETECTED,Other imported bank,liquidity-grid,,False,False,False,elite,macro
LG-Q-354,monetary-neutrality,D NO ISSUE DETECTED,Other imported bank,liquidity-grid,,False,False,False,elite,macro
ECON-SP-LEGENDARY-9027,monetary-neutrality,D NO ISSUE DETECTED,Other imported bank,stabilization-protocol,,False,False,False,legendary,macro
PM2C2-NEUT-H-001,monetary-neutrality,D NO ISSUE DETECTED,Authored/expansion,macro-m2c2-money-growth-inflation-neutrality-family,phaseM2c2-money-growth-inflation-neutrality-family-maturation-v1,False,False,False,hard,macro
LG-Q-9032,monetary-neutrality,D NO ISSUE DETECTED,Other imported bank,liquidity-grid,,False,False,False,legendary,macro
LG-Q-9033,monetary-neutrality,D NO ISSUE DETECTED,Other imported bank,liquidity-grid,,False,False,False,legendary,macro
LG-Q-9034,monetary-neutrality,D NO ISSUE DETECTED,Other imported bank,liquidity-grid,,False,False,False,legendary,macro
LG-Q-9045,monetary-neutrality,D NO ISSUE DETECTED,Other imported bank,liquidity-grid,,False,False,False,legendary,macro
LG-Q-336,monetary-neutrality,D NO ISSUE DETECTED,Other imported bank,liquidity-grid,,False,False,False,elite,macro
ECON-SP-LEGENDARY-9051,monetary-neutrality,B HIGH-CONFIDENCE AUTO-CORRECTED,Other imported bank,stabilization-protocol,,False,False,False,legendary,macro
LG-Q-134,monetary-neutrality,D NO ISSUE DETECTED,Other imported bank,liquidity-grid,,False,False,False,calculation,macro
LG-Q-136,monetary-neutrality,D NO ISSUE DETECTED,Other imported bank,liquidity-grid,,False,False,False,calculation,macro
LG-Q-237,monetary-neutrality,D NO ISSUE DETECTED,Other imported bank,liquidity-grid,,False,False,False,calculation,macro
LG-Q-238,monetary-neutrality,D NO ISSUE DETECTED,Other imported bank,liquidity-grid,,False,False,False,calculation,macro
LG-Q-3003,monetary-neutrality,D NO ISSUE DETECTED,Other imported bank,liquidity-grid,,False,False,False,boss,macro
LG-Q-3004,monetary-neutrality,D NO ISSUE DETECTED,Other imported bank,liquidity-grid,,False,False,False,boss,macro
LG-Q-3005,monetary-neutrality,D NO ISSUE DETECTED,Other imported bank,liquidity-grid,,False,False,False,boss,macro
PM2C2-NEUT-EB-001,monetary-neutrality,D NO ISSUE DETECTED,Authored/expansion,macro-m2c2-money-growth-inflation-neutrality-family,phaseM2c2-money-growth-inflation-neutrality-family-maturation-v1,False,False,False,boss,macro
PM2C2-NEUT-EB-002,monetary-neutrality,D NO ISSUE DETECTED,Authored/expansion,macro-m2c2-money-growth-inflation-neutrality-family,phaseM2c2-money-growth-inflation-neutrality-family-maturation-v1,False,False,False,boss,macro
PM2C2-NEUT-EB-003,monetary-neutrality,D NO ISSUE DETECTED,Authored/expansion,macro-m2c2-money-growth-inflation-neutrality-family,phaseM2c2-money-growth-inflation-neutrality-family-maturation-v1,False,False,False,boss,macro
PM2C2-NEUT-FB-004,monetary-neutrality,C FACULTY-REVIEW CANDIDATE,Authored/expansion,macro-m2c2-money-growth-inflation-neutrality-family,phaseM2c2-money-growth-inflation-neutrality-family-maturation-v1,False,False,False,boss,macro
PM2C2-NEUT-FB-005,monetary-neutrality,D NO ISSUE DETECTED,Authored/expansion,macro-m2c2-money-growth-inflation-neutrality-family,phaseM2c2-money-growth-inflation-neutrality-family-maturation-v1,False,False,False,boss,macro
PM2C2-NEUT-FB-006,monetary-neutrality,D NO ISSUE DETECTED,Authored/expansion,macro-m2c2-money-growth-inflation-neutrality-family,phaseM2c2-money-growth-inflation-neutrality-family-maturation-v1,False,False,False,boss,macro
LG-Q-9115,monetary-neutrality,D NO ISSUE DETECTED,Other imported bank,liquidity-grid,phaseM2c2-money-growth-inflation-neutrality-family-maturation-v1,False,False,False,legendaryBoss,macro
LG-Q-9123,monetary-neutrality,C FACULTY-REVIEW CANDIDATE,Other imported bank,liquidity-grid,phaseM2c2-money-growth-inflation-neutrality-family-maturation-v1,False,False,False,legendaryBoss,macro
PM2C2-NEUT-LB-001,monetary-neutrality,D NO ISSUE DETECTED,Authored/expansion,macro-m2c2-money-growth-inflation-neutrality-family,phaseM2c2-money-growth-inflation-neutrality-family-maturation-v1,False,False,False,legendaryBoss,macro
ECON-SP-MONETARY-NEUTRALITY-5019,monetary-neutrality,D NO ISSUE DETECTED,Other imported bank,stabilization-protocol,phaseM2c2-money-growth-inflation-neutrality-family-maturation-v1,False,False,False,repair,macro
ECON-SP-NOMINAL-VS-REAL-VARIABLES-5017,monetary-neutrality,A PROTECTED MATURE,Other imported bank,stabilization-protocol,,False,False,True,repair,macro
ECON-SP-NOMINAL-VS-REAL-VARIABLES-5018,monetary-neutrality,A PROTECTED MATURE,Other imported bank,stabilization-protocol,,False,False,True,repair,macro
LG-R-5028,monetary-neutrality,D NO ISSUE DETECTED,Other imported bank,liquidity-grid,,False,False,False,repair,macro
LG-R-5029,monetary-neutrality,D NO ISSUE DETECTED,Other imported bank,liquidity-grid,,False,False,False,repair,macro
LG-R-5030,monetary-neutrality,D NO ISSUE DETECTED,Other imported bank,liquidity-grid,,False,False,False,repair,macro
LG-R-5031,monetary-neutrality,D NO ISSUE DETECTED,Other imported bank,liquidity-grid,,False,False,False,repair,macro
ECON-SP-MONETARY-NEUTRALITY-6014,monetary-neutrality,A PROTECTED MATURE,Other imported bank,stabilization-protocol,,False,False,True,bridge,macro
ECON-SP-NOMINAL-VS-REAL-VARIABLES-6013,monetary-neutrality,A PROTECTED MATURE,Other imported bank,stabilization-protocol,,False,False,True,bridge,macro
LG-B-6011,monetary-neutrality,D NO ISSUE DETECTED,Other imported bank,liquidity-grid,,False,False,False,bridge,macro
LG-B-6012,monetary-neutrality,D NO ISSUE DETECTED,Other imported bank,liquidity-grid,,False,False,False,bridge,macro
PM2C2-NEUT-BR-001,monetary-neutrality,D NO ISSUE DETECTED,Authored/expansion,macro-m2c2-money-growth-inflation-neutrality-family,phaseM2c2-money-growth-inflation-neutrality-family-maturation-v1,False,False,False,bridge,macro
ECON-SP-EASY-11,monetary-policy-tools,D NO ISSUE DETECTED,Other imported bank,stabilization-protocol,,False,False,False,main,macro
LG-Q-10,monetary-policy-tools,D NO ISSUE DETECTED,Other imported bank,liquidity-grid,,False,False,False,main,macro
LG-Q-11,monetary-policy-tools,D NO ISSUE DETECTED,Other imported bank,liquidity-grid,,False,False,False,main,macro
LG-Q-12,monetary-policy-tools,D NO ISSUE DETECTED,Other imported bank,liquidity-grid,,False,False,False,main,macro
LG-Q-64,monetary-policy-tools,D NO ISSUE DETECTED,Other imported bank,liquidity-grid,,False,False,False,main,macro
LG-Q-65,monetary-policy-tools,D NO ISSUE DETECTED,Other imported bank,liquidity-grid,,False,False,False,main,macro
LG-Q-66,monetary-policy-tools,D NO ISSUE DETECTED,Other imported bank,liquidity-grid,,False,False,False,main,macro
LG-Q-211,monetary-policy-tools,D NO ISSUE DETECTED,Other imported bank,liquidity-grid,,False,False,False,main,macro
LG-Q-212,monetary-policy-tools,D NO ISSUE DETECTED,Other imported bank,liquidity-grid,,False,False,False,main,macro
ECON-SP-MEDIUM-105,monetary-policy-tools,D NO ISSUE DETECTED,Other imported bank,stabilization-protocol,,False,False,False,main,macro
ECON-SP-MEDIUM-108,monetary-policy-tools,D NO ISSUE DETECTED,Other imported bank,stabilization-protocol,,False,False,False,main,macro
ECON-SP-MEDIUM-109,monetary-policy-tools,D NO ISSUE DETECTED,Other imported bank,stabilization-protocol,,False,False,False,main,macro
LG-Q-108,monetary-policy-tools,D NO ISSUE DETECTED,Other imported bank,liquidity-grid,,False,False,False,main,macro
LG-Q-109,monetary-policy-tools,D NO ISSUE DETECTED,Other imported bank,liquidity-grid,,False,False,False,main,macro
LG-Q-110,monetary-policy-tools,D NO ISSUE DETECTED,Other imported bank,liquidity-grid,,False,False,False,main,macro
LG-Q-111,monetary-policy-tools,D NO ISSUE DETECTED,Other imported bank,liquidity-grid,,False,False,False,main,macro
LG-Q-112,monetary-policy-tools,D NO ISSUE DETECTED,Other imported bank,liquidity-grid,,False,False,False,main,macro
P52B-S3-MPT-H-001,monetary-policy-tools,D NO ISSUE DETECTED,Authored/expansion,phase5.2b-stage3-rescue,,False,False,False,main,macro
ECON-SP-HARD-205,monetary-policy-tools,D NO ISSUE DETECTED,Other imported bank,stabilization-protocol,,False,False,False,main,macro
LG-Q-210,monetary-policy-tools,D NO ISSUE DETECTED,Other imported bank,liquidity-grid,,False,False,False,main,macro
LG-Q-226,monetary-policy-tools,B HIGH-CONFIDENCE AUTO-CORRECTED,Other imported bank,liquidity-grid,,False,False,False,main,macro
LG-Q-305,monetary-policy-tools,D NO ISSUE DETECTED,Other imported bank,liquidity-grid,,False,False,False,elite,macro
LG-Q-306,monetary-policy-tools,B HIGH-CONFIDENCE AUTO-CORRECTED,Other imported bank,liquidity-grid,,False,False,False,elite,macro
LG-Q-311,monetary-policy-tools,B HIGH-CONFIDENCE AUTO-CORRECTED,Other imported bank,liquidity-grid,,False,False,False,elite,macro
LG-Q-312,monetary-policy-tools,B HIGH-CONFIDENCE AUTO-CORRECTED,Other imported bank,liquidity-grid,,False,False,False,elite,macro
LG-Q-316,monetary-policy-tools,D NO ISSUE DETECTED,Other imported bank,liquidity-grid,,False,False,False,elite,macro
LG-Q-317,monetary-policy-tools,D NO ISSUE DETECTED,Other imported bank,liquidity-grid,,False,False,False,elite,macro
LG-Q-319,monetary-policy-tools,D NO ISSUE DETECTED,Other imported bank,liquidity-grid,,False,False,False,elite,macro
LG-Q-320,monetary-policy-tools,D NO ISSUE DETECTED,Other imported bank,liquidity-grid,,False,False,False,elite,macro
LG-Q-9001,monetary-policy-tools,D NO ISSUE DETECTED,Other imported bank,liquidity-grid,,False,False,False,legendary,macro
LG-Q-9013,monetary-policy-tools,D NO ISSUE DETECTED,Other imported bank,liquidity-grid,,False,False,False,legendary,macro
LG-Q-9014,monetary-policy-tools,D NO ISSUE DETECTED,Other imported bank,liquidity-grid,,False,False,False,legendary,macro
LG-Q-9017,monetary-policy-tools,D NO ISSUE DETECTED,Other imported bank,liquidity-grid,,False,False,False,legendary,macro
LG-Q-9003,monetary-policy-tools,D NO ISSUE DETECTED,Other imported bank,liquidity-grid,,False,False,False,legendary,macro
LG-Q-9010,monetary-policy-tools,C FACULTY-REVIEW CANDIDATE,Other imported bank,liquidity-grid,,False,False,False,legendary,macro
LG-Q-208,monetary-policy-tools,D NO ISSUE DETECTED,Other imported bank,liquidity-grid,,False,False,False,calculation,macro
LG-Q-209,monetary-policy-tools,D NO ISSUE DETECTED,Other imported bank,liquidity-grid,,False,False,False,calculation,macro
LG-Q-2009,monetary-policy-tools,D NO ISSUE DETECTED,Other imported bank,liquidity-grid,,False,False,False,boss,macro
LG-Q-2010,monetary-policy-tools,D NO ISSUE DETECTED,Other imported bank,liquidity-grid,,False,False,False,boss,macro
LG-Q-2011,monetary-policy-tools,D NO ISSUE DETECTED,Other imported bank,liquidity-grid,,False,False,False,boss,macro
P52B-S3-MPT-B2-001,monetary-policy-tools,D NO ISSUE DETECTED,Authored/expansion,phase5.2b-stage3-rescue,,False,False,False,boss,macro
P52B-S3-MPT-B2-002,monetary-policy-tools,D NO ISSUE DETECTED,Authored/expansion,phase5.2b-stage3-rescue,,False,False,False,boss,macro
P52B-S3-MPT-B2-003,monetary-policy-tools,D NO ISSUE DETECTED,Authored/expansion,phase5.2b-stage3-rescue,,False,False,False,boss,macro
P52B-S3-MPT-B3-001,monetary-policy-tools,D NO ISSUE DETECTED,Authored/expansion,phase5.2b-stage3-rescue,,False,False,False,boss,macro
P52B-S3-MPT-B3-002,monetary-policy-tools,D NO ISSUE DETECTED,Authored/expansion,phase5.2b-stage3-rescue,,False,False,False,boss,macro
P52B-S3-MPT-B3-003,monetary-policy-tools,D NO ISSUE DETECTED,Authored/expansion,phase5.2b-stage3-rescue,,False,False,False,boss,macro
LG-Q-9100,monetary-policy-tools,D NO ISSUE DETECTED,Other imported bank,liquidity-grid,phaseM2c1-money-banking-fed-family-maturation-v1,False,False,False,legendaryBoss,macro
LG-Q-9103,monetary-policy-tools,D NO ISSUE DETECTED,Other imported bank,liquidity-grid,phaseM2c1-money-banking-fed-family-maturation-v1,False,False,False,legendaryBoss,macro
LG-Q-9107,monetary-policy-tools,C FACULTY-REVIEW CANDIDATE,Other imported bank,liquidity-grid,phaseM2c1-money-banking-fed-family-maturation-v1,False,False,False,legendaryBoss,macro
LG-Q-9113,monetary-policy-tools,D NO ISSUE DETECTED,Other imported bank,liquidity-grid,phaseM2c1-money-banking-fed-family-maturation-v1,False,False,False,legendaryBoss,macro
ECON-SP-CHOOSE-FED-TOOL-EFFECT-5009,monetary-policy-tools,A PROTECTED MATURE,Other imported bank,stabilization-protocol,,False,False,True,repair,macro
ECON-SP-CHOOSE-FED-TOOL-EFFECT-5010,monetary-policy-tools,A PROTECTED MATURE,Other imported bank,stabilization-protocol,,False,False,True,repair,macro
ECON-SP-INTEREST-ON-RESERVES-POLICY-5080,monetary-policy-tools,A PROTECTED MATURE,Other imported bank,stabilization-protocol,,False,False,True,repair,macro
LG-R-5018,monetary-policy-tools,A PROTECTED MATURE,Other imported bank,liquidity-grid,phaseM2c1-money-banking-fed-family-maturation-v1,False,False,True,repair,macro
LG-R-5019,monetary-policy-tools,D NO ISSUE DETECTED,Other imported bank,liquidity-grid,,False,False,False,repair,macro
LG-R-5020,monetary-policy-tools,A PROTECTED MATURE,Other imported bank,liquidity-grid,phaseM2c1-money-banking-fed-family-maturation-v1,False,False,True,repair,macro
LG-R-5021,monetary-policy-tools,D NO ISSUE DETECTED,Other imported bank,liquidity-grid,,False,False,False,repair,macro
ECON-SP-CHOOSE-FED-TOOL-EFFECT-6007,monetary-policy-tools,A PROTECTED MATURE,Other imported bank,stabilization-protocol,phaseM2c1-money-banking-fed-family-maturation-v1,False,False,True,bridge,macro
LG-B-6006,monetary-policy-tools,A PROTECTED MATURE,Other imported bank,liquidity-grid,phaseM2c1-money-banking-fed-family-maturation-v1,False,False,True,bridge,macro
LG-B-6007,monetary-policy-tools,A PROTECTED MATURE,Other imported bank,liquidity-grid,phaseM2c1-money-banking-fed-family-maturation-v1,False,False,True,bridge,macro
ECON-SP-EASY-47,monetary-policy-transmission,D NO ISSUE DETECTED,Other imported bank,stabilization-protocol,,False,False,False,main,macro
ECON-SP-EASY-48,monetary-policy-transmission,D NO ISSUE DETECTED,Other imported bank,stabilization-protocol,,False,False,False,main,macro
ECON-SP-EASY-49,monetary-policy-transmission,D NO ISSUE DETECTED,Other imported bank,stabilization-protocol,,False,False,False,main,macro
ECON-SP-EASY-50,monetary-policy-transmission,D NO ISSUE DETECTED,Other imported bank,stabilization-protocol,,False,False,False,main,macro
LG-Q-43,monetary-policy-transmission,D NO ISSUE DETECTED,Other imported bank,liquidity-grid,,False,False,False,main,macro
LG-Q-44,monetary-policy-transmission,D NO ISSUE DETECTED,Other imported bank,liquidity-grid,,False,False,False,main,macro
LG-Q-45,monetary-policy-transmission,D NO ISSUE DETECTED,Other imported bank,liquidity-grid,,False,False,False,main,macro
LG-Q-46,monetary-policy-transmission,D NO ISSUE DETECTED,Other imported bank,liquidity-grid,,False,False,False,main,macro
LG-Q-47,monetary-policy-transmission,D NO ISSUE DETECTED,Other imported bank,liquidity-grid,,False,False,False,main,macro
LG-Q-48,monetary-policy-transmission,D NO ISSUE DETECTED,Other imported bank,liquidity-grid,,False,False,False,main,macro
LG-Q-59,monetary-policy-transmission,D NO ISSUE DETECTED,Other imported bank,liquidity-grid,,False,False,False,main,macro
PG4-MPT-E-001,monetary-policy-transmission,D NO ISSUE DETECTED,Authored/expansion,macro-concept-library,,False,False,False,main,macro
PG4-MPT-E-002,monetary-policy-transmission,D NO ISSUE DETECTED,Authored/expansion,macro-concept-library,,False,False,False,main,macro
ECON-SP-MEDIUM-140,monetary-policy-transmission,D NO ISSUE DETECTED,Other imported bank,stabilization-protocol,,False,False,False,main,macro
ECON-SP-MEDIUM-141,monetary-policy-transmission,D NO ISSUE DETECTED,Other imported bank,stabilization-protocol,,False,False,False,main,macro
LG-Q-156,monetary-policy-transmission,D NO ISSUE DETECTED,Other imported bank,liquidity-grid,,False,False,False,main,macro
LG-Q-157,monetary-policy-transmission,D NO ISSUE DETECTED,Other imported bank,liquidity-grid,,False,False,False,main,macro
LG-Q-158,monetary-policy-transmission,D NO ISSUE DETECTED,Other imported bank,liquidity-grid,,False,False,False,main,macro
LG-Q-159,monetary-policy-transmission,D NO ISSUE DETECTED,Other imported bank,liquidity-grid,,False,False,False,main,macro
LG-Q-160,monetary-policy-transmission,D NO ISSUE DETECTED,Other imported bank,liquidity-grid,,False,False,False,main,macro
LG-Q-161,monetary-policy-transmission,D NO ISSUE DETECTED,Other imported bank,liquidity-grid,,False,False,False,main,macro
LG-Q-162,monetary-policy-transmission,D NO ISSUE DETECTED,Other imported bank,liquidity-grid,,False,False,False,main,macro
LG-Q-163,monetary-policy-transmission,D NO ISSUE DETECTED,Other imported bank,liquidity-grid,,False,False,False,main,macro
PG4-MPT-M-001,monetary-policy-transmission,D NO ISSUE DETECTED,Authored/expansion,macro-concept-library,,False,False,False,main,macro
PG4-MPT-M-002,monetary-policy-transmission,D NO ISSUE DETECTED,Authored/expansion,macro-concept-library,,False,False,False,main,macro
PG4-MPT-M-003,monetary-policy-transmission,D NO ISSUE DETECTED,Authored/expansion,macro-concept-library,,False,False,False,main,macro
PG4-MPT-M-004,monetary-policy-transmission,D NO ISSUE DETECTED,Authored/expansion,macro-concept-library,,False,False,False,main,macro
ECON-SP-HARD-225,monetary-policy-transmission,D NO ISSUE DETECTED,Other imported bank,stabilization-protocol,,False,False,False,main,macro
ECON-SP-HARD-227,monetary-policy-transmission,D NO ISSUE DETECTED,Other imported bank,stabilization-protocol,,False,False,False,main,macro
LG-Q-265,monetary-policy-transmission,D NO ISSUE DETECTED,Other imported bank,liquidity-grid,,False,False,False,main,macro
ECON-SP-LEGENDARY-9014,monetary-policy-transmission,D NO ISSUE DETECTED,Other imported bank,stabilization-protocol,,False,False,False,legendary,macro
LG-Q-9060,monetary-policy-transmission,D NO ISSUE DETECTED,Other imported bank,liquidity-grid,,False,False,False,legendary,macro
LG-Q-9062,monetary-policy-transmission,D NO ISSUE DETECTED,Other imported bank,liquidity-grid,,False,False,False,legendary,macro
ECON-SP-LEGENDARY-9022,monetary-policy-transmission,D NO ISSUE DETECTED,Other imported bank,stabilization-protocol,,False,False,False,legendary,macro
ECON-SP-HARD-232,monetary-policy-transmission,D NO ISSUE DETECTED,Other imported bank,stabilization-protocol,,False,False,False,main,macro
LG-Q-261,monetary-policy-transmission,D NO ISSUE DETECTED,Other imported bank,liquidity-grid,,False,False,False,main,macro
LG-Q-262,monetary-policy-transmission,D NO ISSUE DETECTED,Other imported bank,liquidity-grid,,False,False,False,main,macro
LG-Q-263,monetary-policy-transmission,D NO ISSUE DETECTED,Other imported bank,liquidity-grid,,False,False,False,main,macro
LG-Q-264,monetary-policy-transmission,D NO ISSUE DETECTED,Other imported bank,liquidity-grid,,False,False,False,main,macro
LG-Q-266,monetary-policy-transmission,D NO ISSUE DETECTED,Other imported bank,liquidity-grid,,False,False,False,main,macro
LG-Q-267,monetary-policy-transmission,D NO ISSUE DETECTED,Other imported bank,liquidity-grid,,False,False,False,main,macro
PG4-MPT-H-001,monetary-policy-transmission,D NO ISSUE DETECTED,Authored/expansion,macro-concept-library,,False,False,False,main,macro
PG4-MPT-H-002,monetary-policy-transmission,D NO ISSUE DETECTED,Authored/expansion,macro-concept-library,,False,False,False,main,macro
ECON-SP-ELITE-318,monetary-policy-transmission,D NO ISSUE DETECTED,Other imported bank,stabilization-protocol,,False,False,False,elite,macro
LG-Q-360,monetary-policy-transmission,D NO ISSUE DETECTED,Other imported bank,liquidity-grid,,False,False,False,elite,macro
LG-Q-361,monetary-policy-transmission,D NO ISSUE DETECTED,Other imported bank,liquidity-grid,,False,False,False,elite,macro
LG-Q-365,monetary-policy-transmission,D NO ISSUE DETECTED,Other imported bank,liquidity-grid,,False,False,False,elite,macro
LG-Q-366,monetary-policy-transmission,D NO ISSUE DETECTED,Other imported bank,liquidity-grid,,False,False,False,elite,macro
LG-Q-369,monetary-policy-transmission,D NO ISSUE DETECTED,Other imported bank,liquidity-grid,,False,False,False,elite,macro
PG4-MPT-EL-002,monetary-policy-transmission,D NO ISSUE DETECTED,Authored/expansion,macro-concept-library,,False,False,False,elite,macro
LG-Q-9051,monetary-policy-transmission,D NO ISSUE DETECTED,Other imported bank,liquidity-grid,,False,False,False,legendary,macro
LG-Q-9052,monetary-policy-transmission,D NO ISSUE DETECTED,Other imported bank,liquidity-grid,,False,False,False,legendary,macro
LG-Q-9053,monetary-policy-transmission,D NO ISSUE DETECTED,Other imported bank,liquidity-grid,,False,False,False,legendary,macro
LG-Q-9056,monetary-policy-transmission,D NO ISSUE DETECTED,Other imported bank,liquidity-grid,,False,False,False,legendary,macro
LG-Q-9061,monetary-policy-transmission,D NO ISSUE DETECTED,Other imported bank,liquidity-grid,,False,False,False,legendary,macro
PG4-MPT-L-002,monetary-policy-transmission,D NO ISSUE DETECTED,Authored/expansion,macro-concept-library,,False,False,False,legendary,macro
PG4-MPT-EL-001,monetary-policy-transmission,D NO ISSUE DETECTED,Authored/expansion,macro-concept-library,,False,False,False,elite,macro
LG-Q-9055,monetary-policy-transmission,D NO ISSUE DETECTED,Other imported bank,liquidity-grid,,False,False,False,legendary,macro
LG-Q-9059,monetary-policy-transmission,D NO ISSUE DETECTED,Other imported bank,liquidity-grid,,False,False,False,legendary,macro
LG-Q-9072,monetary-policy-transmission,D NO ISSUE DETECTED,Other imported bank,liquidity-grid,,False,False,False,legendary,macro
ECON-SP-LEGENDARY-9052,monetary-policy-transmission,B HIGH-CONFIDENCE AUTO-CORRECTED,Other imported bank,stabilization-protocol,,False,False,False,legendary,macro
LG-Q-9064,monetary-policy-transmission,D NO ISSUE DETECTED,Other imported bank,liquidity-grid,,False,False,False,legendary,macro
PG4-MPT-L-001,monetary-policy-transmission,D NO ISSUE DETECTED,Authored/expansion,macro-concept-library,,False,False,False,legendary,macro
LG-Q-4003,monetary-policy-transmission,D NO ISSUE DETECTED,Other imported bank,liquidity-grid,,False,False,False,boss,macro
LG-Q-4004,monetary-policy-transmission,D NO ISSUE DETECTED,Other imported bank,liquidity-grid,,False,False,False,boss,macro
LG-Q-4005,monetary-policy-transmission,D NO ISSUE DETECTED,Other imported bank,liquidity-grid,,False,False,False,boss,macro
P52B-S4-MPTX-B1-001,monetary-policy-transmission,D NO ISSUE DETECTED,Authored/expansion,phase5.2b-stage4-rescue,,False,False,False,boss,macro
P52B-S4-MPTX-B1-002,monetary-policy-transmission,D NO ISSUE DETECTED,Authored/expansion,phase5.2b-stage4-rescue,,False,False,False,boss,macro
P52B-S4-MPTX-B1-003,monetary-policy-transmission,D NO ISSUE DETECTED,Authored/expansion,phase5.2b-stage4-rescue,,False,False,False,boss,macro
P52B-S4-MPTX-B2-001,monetary-policy-transmission,D NO ISSUE DETECTED,Authored/expansion,phase5.2b-stage4-rescue,,False,False,False,boss,macro
P52B-S4-MPTX-B2-002,monetary-policy-transmission,D NO ISSUE DETECTED,Authored/expansion,phase5.2b-stage4-rescue,,False,False,False,boss,macro
P52B-S4-MPTX-B2-003,monetary-policy-transmission,D NO ISSUE DETECTED,Authored/expansion,phase5.2b-stage4-rescue,,False,False,False,boss,macro
LG-Q-9131,monetary-policy-transmission,D NO ISSUE DETECTED,Other imported bank,liquidity-grid,,False,False,False,legendaryBoss,macro
LG-Q-9132,monetary-policy-transmission,D NO ISSUE DETECTED,Other imported bank,liquidity-grid,,False,False,False,legendaryBoss,macro
LG-Q-9138,monetary-policy-transmission,D NO ISSUE DETECTED,Other imported bank,liquidity-grid,,False,False,False,legendaryBoss,macro
PM2C3-MPTX-LB-001,monetary-policy-transmission,D NO ISSUE DETECTED,Authored/expansion,macro-m2c3-money-market-policy-transmission-family,phaseM2c3-money-market-policy-transmission-family-maturation-v1,False,False,False,legendaryBoss,macro
ECON-SP-MONETARY-POLICY-AD-SHIFT-5082,monetary-policy-transmission,A PROTECTED MATURE,Other imported bank,stabilization-protocol,,False,False,True,repair,macro
ECON-SP-MONETARY-POLICY-TRANSMISSION-5040,monetary-policy-transmission,A PROTECTED MATURE,Other imported bank,stabilization-protocol,,False,False,True,repair,macro
ECON-SP-READ-MONEY-MARKET-SHIFT-5089,monetary-policy-transmission,A PROTECTED MATURE,Other imported bank,stabilization-protocol,,False,False,True,repair,macro
LG-R-5044,monetary-policy-transmission,D NO ISSUE DETECTED,Other imported bank,liquidity-grid,,False,False,False,repair,macro
LG-R-5045,monetary-policy-transmission,D NO ISSUE DETECTED,Other imported bank,liquidity-grid,,False,False,False,repair,macro
LG-R-5046,monetary-policy-transmission,D NO ISSUE DETECTED,Other imported bank,liquidity-grid,,False,False,False,repair,macro
LG-R-5047,monetary-policy-transmission,D NO ISSUE DETECTED,Other imported bank,liquidity-grid,,False,False,False,repair,macro
PM2C3-MPTX-R-001,monetary-policy-transmission,D NO ISSUE DETECTED,Authored/expansion,macro-m2c3-money-market-policy-transmission-family,phaseM2c3-money-market-policy-transmission-family-maturation-v1,False,False,False,repair,macro
ECON-SP-MONETARY-POLICY-TRANSMISSION-6031,monetary-policy-transmission,A PROTECTED MATURE,Other imported bank,stabilization-protocol,,False,False,True,bridge,macro
LG-B-6019,monetary-policy-transmission,D NO ISSUE DETECTED,Other imported bank,liquidity-grid,,False,False,False,bridge,macro
LG-B-6020,monetary-policy-transmission,D NO ISSUE DETECTED,Other imported bank,liquidity-grid,,False,False,False,bridge,macro
ECON-SP-EASY-1,money-functions-and-measures,D NO ISSUE DETECTED,Other imported bank,stabilization-protocol,,False,False,False,main,macro
ECON-SP-EASY-2,money-functions-and-measures,D NO ISSUE DETECTED,Other imported bank,stabilization-protocol,,False,False,False,main,macro
ECON-SP-EASY-4,money-functions-and-measures,D NO ISSUE DETECTED,Other imported bank,stabilization-protocol,,False,False,False,main,macro
ECON-SP-EASY-5,money-functions-and-measures,D NO ISSUE DETECTED,Other imported bank,stabilization-protocol,,False,False,False,main,macro
ECON-SP-EASY-6,money-functions-and-measures,D NO ISSUE DETECTED,Other imported bank,stabilization-protocol,,False,False,False,main,macro
LG-Q-1,money-functions-and-measures,A PROTECTED MATURE,Other imported bank,liquidity-grid,phaseM2c1-money-banking-fed-family-maturation-v1,False,False,True,main,macro
LG-Q-2,money-functions-and-measures,A PROTECTED MATURE,Other imported bank,liquidity-grid,phaseM2c1-money-banking-fed-family-maturation-v1,False,False,True,main,macro
LG-Q-3,money-functions-and-measures,A PROTECTED MATURE,Other imported bank,liquidity-grid,phaseM2c1-money-banking-fed-family-maturation-v1,False,False,True,main,macro
LG-Q-4,money-functions-and-measures,A PROTECTED MATURE,Other imported bank,liquidity-grid,phaseM2c1-money-banking-fed-family-maturation-v1,False,False,True,main,macro
LG-Q-5,money-functions-and-measures,D NO ISSUE DETECTED,Other imported bank,liquidity-grid,,False,False,False,main,macro
LG-Q-6,money-functions-and-measures,D NO ISSUE DETECTED,Other imported bank,liquidity-grid,,False,False,False,main,macro
LG-Q-7,money-functions-and-measures,D NO ISSUE DETECTED,Other imported bank,liquidity-grid,,False,False,False,main,macro
ECON-SP-HARD-200,money-functions-and-measures,D NO ISSUE DETECTED,Other imported bank,stabilization-protocol,,False,False,False,main,macro
LG-Q-201,money-functions-and-measures,D NO ISSUE DETECTED,Other imported bank,liquidity-grid,,False,False,False,main,macro
P52B-S3-MFM-H-002,money-functions-and-measures,D NO ISSUE DETECTED,Authored/expansion,phase5.2b-stage3-rescue,,False,False,False,main,macro
P52B-S3-MFM-EL-002,money-functions-and-measures,D NO ISSUE DETECTED,Authored/expansion,phase5.2b-stage3-rescue,,False,False,False,elite,macro
P52B-S3-MFM-EL-003,money-functions-and-measures,D NO ISSUE DETECTED,Authored/expansion,phase5.2b-stage3-rescue,,False,False,False,elite,macro
P52B-S3-MFM-L-003,money-functions-and-measures,D NO ISSUE DETECTED,Authored/expansion,phase5.2b-stage3-rescue,,False,False,False,legendary,macro
ECON-SP-MEDIUM-100,money-functions-and-measures,D NO ISSUE DETECTED,Other imported bank,stabilization-protocol,,False,False,False,main,macro
ECON-SP-MEDIUM-101,money-functions-and-measures,D NO ISSUE DETECTED,Other imported bank,stabilization-protocol,,False,False,False,main,macro
LG-Q-100,money-functions-and-measures,D NO ISSUE DETECTED,Other imported bank,liquidity-grid,,False,False,False,main,macro
LG-Q-101,money-functions-and-measures,D NO ISSUE DETECTED,Other imported bank,liquidity-grid,,False,False,False,main,macro
LG-Q-102,money-functions-and-measures,D NO ISSUE DETECTED,Other imported bank,liquidity-grid,,False,False,False,main,macro
LG-Q-103,money-functions-and-measures,D NO ISSUE DETECTED,Other imported bank,liquidity-grid,,False,False,False,main,macro
LG-Q-106,money-functions-and-measures,D NO ISSUE DETECTED,Other imported bank,liquidity-grid,,False,False,False,main,macro
LG-Q-107,money-functions-and-measures,D NO ISSUE DETECTED,Other imported bank,liquidity-grid,,False,False,False,main,macro
P52B-S3-MFM-H-001,money-functions-and-measures,D NO ISSUE DETECTED,Authored/expansion,phase5.2b-stage3-rescue,,False,False,False,main,macro
P52B-S3-MFM-EL-001,money-functions-and-measures,D NO ISSUE DETECTED,Authored/expansion,phase5.2b-stage3-rescue,,False,False,False,elite,macro
LG-Q-9011,money-functions-and-measures,D NO ISSUE DETECTED,Other imported bank,liquidity-grid,,False,False,False,legendary,macro
LG-Q-9012,money-functions-and-measures,D NO ISSUE DETECTED,Other imported bank,liquidity-grid,,False,False,False,legendary,macro
LG-Q-9023,money-functions-and-measures,D NO ISSUE DETECTED,Other imported bank,liquidity-grid,,False,False,False,legendary,macro
LG-Q-200,money-functions-and-measures,D NO ISSUE DETECTED,Other imported bank,liquidity-grid,,False,False,False,main,macro
LG-Q-203,money-functions-and-measures,D NO ISSUE DETECTED,Other imported bank,liquidity-grid,,False,False,False,main,macro
LG-Q-300,money-functions-and-measures,D NO ISSUE DETECTED,Other imported bank,liquidity-grid,,False,False,False,elite,macro
P52B-S3-MFM-L-001,money-functions-and-measures,D NO ISSUE DETECTED,Authored/expansion,phase5.2b-stage3-rescue,,False,False,False,legendary,macro
P52B-S3-MFM-L-002,money-functions-and-measures,D NO ISSUE DETECTED,Authored/expansion,phase5.2b-stage3-rescue,,False,False,False,legendary,macro
LG-Q-104,money-functions-and-measures,D NO ISSUE DETECTED,Other imported bank,liquidity-grid,,False,False,False,calculation,macro
LG-Q-105,money-functions-and-measures,D NO ISSUE DETECTED,Other imported bank,liquidity-grid,,False,False,False,calculation,macro
LG-Q-202,money-functions-and-measures,D NO ISSUE DETECTED,Other imported bank,liquidity-grid,,False,False,False,calculation,macro
LG-Q-2000,money-functions-and-measures,D NO ISSUE DETECTED,Other imported bank,liquidity-grid,,False,False,False,boss,macro
LG-Q-2001,money-functions-and-measures,D NO ISSUE DETECTED,Other imported bank,liquidity-grid,,False,False,False,boss,macro
LG-Q-2002,money-functions-and-measures,D NO ISSUE DETECTED,Other imported bank,liquidity-grid,,False,False,False,boss,macro
P52B-S3-MFM-B2-001,money-functions-and-measures,D NO ISSUE DETECTED,Authored/expansion,phase5.2b-stage3-rescue,,False,False,False,boss,macro
P52B-S3-MFM-B2-002,money-functions-and-measures,D NO ISSUE DETECTED,Authored/expansion,phase5.2b-stage3-rescue,,False,False,False,boss,macro
P52B-S3-MFM-B2-003,money-functions-and-measures,D NO ISSUE DETECTED,Authored/expansion,phase5.2b-stage3-rescue,,False,False,False,boss,macro
P52B-S3-MFM-B3-001,money-functions-and-measures,D NO ISSUE DETECTED,Authored/expansion,phase5.2b-stage3-rescue,,False,False,False,boss,macro
P52B-S3-MFM-B3-002,money-functions-and-measures,D NO ISSUE DETECTED,Authored/expansion,phase5.2b-stage3-rescue,,False,False,False,boss,macro
P52B-S3-MFM-B3-003,money-functions-and-measures,D NO ISSUE DETECTED,Authored/expansion,phase5.2b-stage3-rescue,,False,False,False,boss,macro
ECON-SP-EASYBOSS-2002,money-functions-and-measures,D NO ISSUE DETECTED,Other imported bank,stabilization-protocol,,False,False,False,boss,macro
LG-Q-9110,money-functions-and-measures,D NO ISSUE DETECTED,Other imported bank,liquidity-grid,phaseM2c1-money-banking-fed-family-maturation-v1,False,False,False,legendaryBoss,macro
P52B-S3-MFM-LB-001,money-functions-and-measures,D NO ISSUE DETECTED,Authored/expansion,phase5.2b-stage3-rescue,phaseM2c1-money-banking-fed-family-maturation-v1,False,False,False,legendaryBoss,macro
P52B-S3-MFM-LB-002,money-functions-and-measures,D NO ISSUE DETECTED,Authored/expansion,phase5.2b-stage3-rescue,phaseM2c1-money-banking-fed-family-maturation-v1,False,False,False,legendaryBoss,macro
ECON-SP-COMMODITY-VS-FIAT-MONEY-5067,money-functions-and-measures,A PROTECTED MATURE,Other imported bank,stabilization-protocol,,False,False,True,repair,macro
ECON-SP-DISTINGUISH-M1-M2-5002,money-functions-and-measures,A PROTECTED MATURE,Other imported bank,stabilization-protocol,,False,False,True,repair,macro
ECON-SP-DISTINGUISH-M1-M2-5003,money-functions-and-measures,A PROTECTED MATURE,Other imported bank,stabilization-protocol,,False,False,True,repair,macro
ECON-SP-IDENTIFY-MONEY-FUNCTIONS-5000,money-functions-and-measures,A PROTECTED MATURE,Other imported bank,stabilization-protocol,,False,False,True,repair,macro
ECON-SP-IDENTIFY-MONEY-FUNCTIONS-5001,money-functions-and-measures,A PROTECTED MATURE,Other imported bank,stabilization-protocol,,False,False,True,repair,macro
LG-R-5000,money-functions-and-measures,A PROTECTED MATURE,Other imported bank,liquidity-grid,phaseM2c1-money-banking-fed-family-maturation-v1,False,False,True,repair,macro
LG-R-5001,money-functions-and-measures,D NO ISSUE DETECTED,Other imported bank,liquidity-grid,,False,False,False,repair,macro
LG-R-5002,money-functions-and-measures,D NO ISSUE DETECTED,Other imported bank,liquidity-grid,,False,False,False,repair,macro
LG-R-5003,money-functions-and-measures,D NO ISSUE DETECTED,Other imported bank,liquidity-grid,,False,False,False,repair,macro
LG-R-5004,money-functions-and-measures,D NO ISSUE DETECTED,Other imported bank,liquidity-grid,,False,False,False,repair,macro
LG-R-5005,money-functions-and-measures,D NO ISSUE DETECTED,Other imported bank,liquidity-grid,,False,False,False,repair,macro
ECON-SP-DISTINGUISH-M1-M2-6001,money-functions-and-measures,A PROTECTED MATURE,Other imported bank,stabilization-protocol,phaseM2c1-money-banking-fed-family-maturation-v1,False,False,True,bridge,macro
ECON-SP-IDENTIFY-MONEY-FUNCTIONS-6000,money-functions-and-measures,A PROTECTED MATURE,Other imported bank,stabilization-protocol,,False,False,True,bridge,macro
LG-B-6000,money-functions-and-measures,D NO ISSUE DETECTED,Other imported bank,liquidity-grid,,False,False,False,bridge,macro
LG-B-6001,money-functions-and-measures,D NO ISSUE DETECTED,Other imported bank,liquidity-grid,,False,False,False,bridge,macro
ECON-NL-EASY-80,natural-rate-of-unemployment,D NO ISSUE DETECTED,Other imported bank,national-ledger,,False,False,False,main,macro
P52B-S1-NRU-E-001,natural-rate-of-unemployment,D NO ISSUE DETECTED,Authored/expansion,phase5.2b-stage1-rescue,,False,False,False,main,macro
P52B-S1-NRU-E-002,natural-rate-of-unemployment,D NO ISSUE DETECTED,Authored/expansion,phase5.2b-stage1-rescue,,False,False,False,main,macro
P52B-S1-NRU-E-003,natural-rate-of-unemployment,D NO ISSUE DETECTED,Authored/expansion,phase5.2b-stage1-rescue,,False,False,False,main,macro
PM2B4-NRU-E-001,natural-rate-of-unemployment,D NO ISSUE DETECTED,Authored/expansion,macro-m2b4-unemployment-labor-family,phaseM2b4-unemployment-labor-family-maturation-v1,False,False,False,easy,macro
PM2B4-NRU-E-002,natural-rate-of-unemployment,D NO ISSUE DETECTED,Authored/expansion,macro-m2b4-unemployment-labor-family,phaseM2b4-unemployment-labor-family-maturation-v1,False,False,False,easy,macro
ECON-NL-HARD-279,natural-rate-of-unemployment,D NO ISSUE DETECTED,Other imported bank,national-ledger,,False,False,False,main,macro
ECON-NL-MEDIUM-179,natural-rate-of-unemployment,D NO ISSUE DETECTED,Other imported bank,national-ledger,,False,False,False,main,macro
P52B-S1-NRU-M-001,natural-rate-of-unemployment,D NO ISSUE DETECTED,Authored/expansion,phase5.2b-stage1-rescue,,False,False,False,main,macro
P52B-S1-NRU-M-002,natural-rate-of-unemployment,D NO ISSUE DETECTED,Authored/expansion,phase5.2b-stage1-rescue,,False,False,False,main,macro
P52B-S1-NRU-M-003,natural-rate-of-unemployment,D NO ISSUE DETECTED,Authored/expansion,phase5.2b-stage1-rescue,,False,False,False,main,macro
PM2B4-NRU-M-001,natural-rate-of-unemployment,D NO ISSUE DETECTED,Authored/expansion,macro-m2b4-unemployment-labor-family,phaseM2b4-unemployment-labor-family-maturation-v1,False,False,False,medium,macro
PM2B4-NRU-M-002,natural-rate-of-unemployment,D NO ISSUE DETECTED,Authored/expansion,macro-m2b4-unemployment-labor-family,phaseM2b4-unemployment-labor-family-maturation-v1,False,False,False,medium,macro
PM2B4-NRU-H-002,natural-rate-of-unemployment,D NO ISSUE DETECTED,Authored/expansion,macro-m2b4-unemployment-labor-family,phaseM2b4-unemployment-labor-family-maturation-v1,False,False,False,hard,macro
PM2B4-NRU-H-003,natural-rate-of-unemployment,D NO ISSUE DETECTED,Authored/expansion,macro-m2b4-unemployment-labor-family,phaseM2b4-unemployment-labor-family-maturation-v1,False,False,False,hard,macro
ECON-NL-LEGENDARY-9086,natural-rate-of-unemployment,D NO ISSUE DETECTED,Other imported bank,national-ledger,,False,False,False,legendary,macro
PM2B4-NRU-H-001,natural-rate-of-unemployment,D NO ISSUE DETECTED,Authored/expansion,macro-m2b4-unemployment-labor-family,phaseM2b4-unemployment-labor-family-maturation-v1,False,False,False,hard,macro
PM2B4-NRU-H-004,natural-rate-of-unemployment,D NO ISSUE DETECTED,Authored/expansion,macro-m2b4-unemployment-labor-family,phaseM2b4-unemployment-labor-family-maturation-v1,False,False,False,hard,macro
PM2B4-NRU-H-005,natural-rate-of-unemployment,D NO ISSUE DETECTED,Authored/expansion,macro-m2b4-unemployment-labor-family,phaseM2b4-unemployment-labor-family-maturation-v1,False,False,False,hard,macro
P52B-S1-NRU-EL-001,natural-rate-of-unemployment,D NO ISSUE DETECTED,Authored/expansion,phase5.2b-stage1-rescue,,False,False,False,elite,macro
ECON-NL-LEGENDARY-9075,natural-rate-of-unemployment,D NO ISSUE DETECTED,Other imported bank,national-ledger,,False,False,False,legendary,macro
PM2B4-NRU-L-001,natural-rate-of-unemployment,D NO ISSUE DETECTED,Authored/expansion,macro-m2b4-unemployment-labor-family,phaseM2b4-unemployment-labor-family-maturation-v1,False,False,False,legendary,macro
PM2B4-NRU-L-002,natural-rate-of-unemployment,D NO ISSUE DETECTED,Authored/expansion,macro-m2b4-unemployment-labor-family,phaseM2b4-unemployment-labor-family-maturation-v1,False,False,False,legendary,macro
PM2B4-NRU-L-003,natural-rate-of-unemployment,D NO ISSUE DETECTED,Authored/expansion,macro-m2b4-unemployment-labor-family,phaseM2b4-unemployment-labor-family-maturation-v1,False,False,False,legendary,macro
ECON-NL-ELITE-379,natural-rate-of-unemployment,D NO ISSUE DETECTED,Other imported bank,national-ledger,,False,False,False,elite,macro
ECON-NL-LEGENDARY-9085,natural-rate-of-unemployment,D NO ISSUE DETECTED,Other imported bank,national-ledger,,False,False,False,legendary,macro
ECON-NL-FINALBOSS-4017,natural-rate-of-unemployment,D NO ISSUE DETECTED,Other imported bank,national-ledger,,False,False,False,boss,macro
ECON-NL-FINALBOSS-4033,natural-rate-of-unemployment,D NO ISSUE DETECTED,Other imported bank,national-ledger,,False,False,False,boss,macro
ECON-NL-FINALBOSS-4034,natural-rate-of-unemployment,D NO ISSUE DETECTED,Other imported bank,national-ledger,,False,False,False,boss,macro
ECON-NL-FINALBOSS-4035,natural-rate-of-unemployment,D NO ISSUE DETECTED,Other imported bank,national-ledger,,False,False,False,boss,macro
ECON-NL-FINALBOSS-4037,natural-rate-of-unemployment,D NO ISSUE DETECTED,Other imported bank,national-ledger,,False,False,False,boss,macro
PM2B4-NRU-EB-001,natural-rate-of-unemployment,D NO ISSUE DETECTED,Authored/expansion,macro-m2b4-unemployment-labor-family,phaseM2b4-unemployment-labor-family-maturation-v1,False,False,False,boss,macro
PM2B4-NRU-EB-002,natural-rate-of-unemployment,D NO ISSUE DETECTED,Authored/expansion,macro-m2b4-unemployment-labor-family,phaseM2b4-unemployment-labor-family-maturation-v1,False,False,False,boss,macro
PM2B4-NRU-EB-003,natural-rate-of-unemployment,D NO ISSUE DETECTED,Authored/expansion,macro-m2b4-unemployment-labor-family,phaseM2b4-unemployment-labor-family-maturation-v1,False,False,False,boss,macro
PM2B4-NRU-MB-004,natural-rate-of-unemployment,D NO ISSUE DETECTED,Authored/expansion,macro-m2b4-unemployment-labor-family,phaseM2b4-unemployment-labor-family-maturation-v1,False,False,False,boss,macro
PM2B4-NRU-MB-005,natural-rate-of-unemployment,D NO ISSUE DETECTED,Authored/expansion,macro-m2b4-unemployment-labor-family,phaseM2b4-unemployment-labor-family-maturation-v1,False,False,False,boss,macro
PM2B4-NRU-MB-006,natural-rate-of-unemployment,D NO ISSUE DETECTED,Authored/expansion,macro-m2b4-unemployment-labor-family,phaseM2b4-unemployment-labor-family-maturation-v1,False,False,False,boss,macro
ECON-NL-LEGENDARYBOSS-9130,natural-rate-of-unemployment,A PROTECTED MATURE,Other imported bank,national-ledger,,False,False,True,legendaryBoss,macro
ECON-NL-LEGENDARYBOSS-9131,natural-rate-of-unemployment,A PROTECTED MATURE,Other imported bank,national-ledger,,False,False,True,legendaryBoss,macro
PM2B4-NRU-LB-001,natural-rate-of-unemployment,D NO ISSUE DETECTED,Authored/expansion,macro-m2b4-unemployment-labor-family,phaseM2b4-unemployment-labor-family-maturation-v1,False,False,False,legendaryBoss,macro
ECON-NL-NATURAL-RATE-5056,natural-rate-of-unemployment,D NO ISSUE DETECTED,Other imported bank,national-ledger,,False,False,False,repair,macro
P52B-S1-NRU-R-001,natural-rate-of-unemployment,D NO ISSUE DETECTED,Authored/expansion,phase5.2b-stage1-rescue,,False,False,False,repair,macro
PM2B4-NRU-R-001,natural-rate-of-unemployment,D NO ISSUE DETECTED,Authored/expansion,macro-m2b4-unemployment-labor-family,phaseM2b4-unemployment-labor-family-maturation-v1,False,False,False,repair,macro
ECON-NL-NATURAL-RATE-6036,natural-rate-of-unemployment,D NO ISSUE DETECTED,Other imported bank,national-ledger,,False,False,False,bridge,macro
PMOE-NER-E-001,nominal-exchange-rates,D NO ISSUE DETECTED,Authored/expansion,macro-open-economy-authoring,phaseMacroOpenEconomy-v1,False,False,False,main,macro
PMOE-NER-E-002,nominal-exchange-rates,D NO ISSUE DETECTED,Authored/expansion,macro-open-economy-authoring,phaseMacroOpenEconomy-v1,False,False,False,main,macro
PMOE-NER-E-003,nominal-exchange-rates,D NO ISSUE DETECTED,Authored/expansion,macro-open-economy-authoring,phaseMacroOpenEconomy-v1,False,False,False,main,macro
PMOE-NER-E-004,nominal-exchange-rates,D NO ISSUE DETECTED,Authored/expansion,macro-open-economy-authoring,phaseMacroOpenEconomy-v1,False,False,False,main,macro
PMOE-NER-E-005,nominal-exchange-rates,D NO ISSUE DETECTED,Authored/expansion,macro-open-economy-authoring,phaseMacroOpenEconomy-v1,False,False,False,main,macro
PMOE-NER-E-006,nominal-exchange-rates,D NO ISSUE DETECTED,Authored/expansion,macro-open-economy-authoring,phaseMacroOpenEconomy-v1,False,False,False,main,macro
PMOE-NER-M-001,nominal-exchange-rates,D NO ISSUE DETECTED,Authored/expansion,macro-open-economy-authoring,phaseMacroOpenEconomy-v1,False,False,False,main,macro
PMOE-NER-M-002,nominal-exchange-rates,D NO ISSUE DETECTED,Authored/expansion,macro-open-economy-authoring,phaseMacroOpenEconomy-v1,False,False,False,main,macro
PMOE-NER-M-003,nominal-exchange-rates,D NO ISSUE DETECTED,Authored/expansion,macro-open-economy-authoring,phaseMacroOpenEconomy-v1,False,False,False,main,macro
PMOE-NER-M-004,nominal-exchange-rates,D NO ISSUE DETECTED,Authored/expansion,macro-open-economy-authoring,phaseMacroOpenEconomy-v1,False,False,False,main,macro
PMOE-NER-M-005,nominal-exchange-rates,D NO ISSUE DETECTED,Authored/expansion,macro-open-economy-authoring,phaseMacroOpenEconomy-v1,False,False,False,main,macro
PMOE-NER-M-006,nominal-exchange-rates,D NO ISSUE DETECTED,Authored/expansion,macro-open-economy-authoring,phaseMacroOpenEconomy-v1,False,False,False,main,macro
PMOE-NER-H-001,nominal-exchange-rates,D NO ISSUE DETECTED,Authored/expansion,macro-open-economy-authoring,phaseMacroOpenEconomy-v1,False,False,False,main,macro
PMOE-NER-H-004,nominal-exchange-rates,D NO ISSUE DETECTED,Authored/expansion,macro-open-economy-authoring,phaseMacroOpenEconomy-v1,False,False,False,main,macro
PMOE-NER-H-002,nominal-exchange-rates,D NO ISSUE DETECTED,Authored/expansion,macro-open-economy-authoring,phaseMacroOpenEconomy-v1,False,False,False,main,macro
PMOE-NER-H-003,nominal-exchange-rates,D NO ISSUE DETECTED,Authored/expansion,macro-open-economy-authoring,phaseMacroOpenEconomy-v1,False,False,False,main,macro
PMOE-NER-H-005,nominal-exchange-rates,D NO ISSUE DETECTED,Authored/expansion,macro-open-economy-authoring,phaseMacroOpenEconomy-v1,False,False,False,main,macro
PMOE-NER-H-006,nominal-exchange-rates,D NO ISSUE DETECTED,Authored/expansion,macro-open-economy-authoring,phaseMacroOpenEconomy-v1,False,False,False,main,macro
PMOE-NER-EL-001,nominal-exchange-rates,D NO ISSUE DETECTED,Authored/expansion,macro-open-economy-authoring,phaseMacroOpenEconomy-v1,False,False,False,elite,macro
PMOE-NER-L-002,nominal-exchange-rates,D NO ISSUE DETECTED,Authored/expansion,macro-open-economy-authoring,phaseMacroOpenEconomy-v1,False,False,False,legendary,macro
PMOE-NER-EL-002,nominal-exchange-rates,D NO ISSUE DETECTED,Authored/expansion,macro-open-economy-authoring,phaseMacroOpenEconomy-v1,False,False,False,elite,macro
PMOE-NER-L-001,nominal-exchange-rates,D NO ISSUE DETECTED,Authored/expansion,macro-open-economy-authoring,phaseMacroOpenEconomy-v1,False,False,False,legendary,macro
PMOE-NER-L-003,nominal-exchange-rates,D NO ISSUE DETECTED,Authored/expansion,macro-open-economy-authoring,phaseMacroOpenEconomy-v1,False,False,False,legendary,macro
PMOE-NER-L-004,nominal-exchange-rates,D NO ISSUE DETECTED,Authored/expansion,macro-open-economy-authoring,phaseMacroOpenEconomy-v1,False,False,False,legendary,macro
PMOE-NER-L-005,nominal-exchange-rates,D NO ISSUE DETECTED,Authored/expansion,macro-open-economy-authoring,phaseMacroOpenEconomy-v1,False,False,False,legendary,macro
PMOE-NER-L-006,nominal-exchange-rates,D NO ISSUE DETECTED,Authored/expansion,macro-open-economy-authoring,phaseMacroOpenEconomy-v1,False,False,False,legendary,macro
PMOE-NER-B1-001,nominal-exchange-rates,D NO ISSUE DETECTED,Authored/expansion,macro-open-economy-authoring,phaseMacroOpenEconomy-v1,False,False,False,boss,macro
PMOE-NER-B1-002,nominal-exchange-rates,D NO ISSUE DETECTED,Authored/expansion,macro-open-economy-authoring,phaseMacroOpenEconomy-v1,False,False,False,boss,macro
PMOE-NER-B1-003,nominal-exchange-rates,D NO ISSUE DETECTED,Authored/expansion,macro-open-economy-authoring,phaseMacroOpenEconomy-v1,False,False,False,boss,macro
PMOE-NER-B2-001,nominal-exchange-rates,D NO ISSUE DETECTED,Authored/expansion,macro-open-economy-authoring,phaseMacroOpenEconomy-v1,False,False,False,boss,macro
PMOE-NER-B2-002,nominal-exchange-rates,D NO ISSUE DETECTED,Authored/expansion,macro-open-economy-authoring,phaseMacroOpenEconomy-v1,False,False,False,boss,macro
PMOE-NER-B2-003,nominal-exchange-rates,D NO ISSUE DETECTED,Authored/expansion,macro-open-economy-authoring,phaseMacroOpenEconomy-v1,False,False,False,boss,macro
PMOE-NER-B3-001,nominal-exchange-rates,D NO ISSUE DETECTED,Authored/expansion,macro-open-economy-authoring,phaseMacroOpenEconomy-v1,False,False,False,boss,macro
PMOE-NER-B3-002,nominal-exchange-rates,D NO ISSUE DETECTED,Authored/expansion,macro-open-economy-authoring,phaseMacroOpenEconomy-v1,False,False,False,boss,macro
PMOE-NER-B3-003,nominal-exchange-rates,D NO ISSUE DETECTED,Authored/expansion,macro-open-economy-authoring,phaseMacroOpenEconomy-v1,False,False,False,boss,macro
PMOE-NER-LB-001,nominal-exchange-rates,C FACULTY-REVIEW CANDIDATE,Authored/expansion,macro-open-economy-authoring,phaseMacroOpenEconomy-v1,False,False,False,legendaryBoss,macro
PMOE-NER-LB-002,nominal-exchange-rates,D NO ISSUE DETECTED,Authored/expansion,macro-open-economy-authoring,phaseMacroOpenEconomy-v1,False,False,False,legendaryBoss,macro
PMOE-NER-LB-003,nominal-exchange-rates,D NO ISSUE DETECTED,Authored/expansion,macro-open-economy-authoring,phaseMacroOpenEconomy-v1,False,False,False,legendaryBoss,macro
PMOE-NER-R-001,nominal-exchange-rates,D NO ISSUE DETECTED,Authored/expansion,macro-open-economy-authoring,phaseMacroOpenEconomy-v1,False,False,False,repair,macro
PMOE-NER-BR-001,nominal-exchange-rates,D NO ISSUE DETECTED,Authored/expansion,macro-open-economy-authoring,phaseMacroOpenEconomy-v1,False,False,False,bridge,macro
PMOE-POL-E-001,open-economy-policy-transmission,D NO ISSUE DETECTED,Authored/expansion,macro-open-economy-authoring,phaseMacroOpenEconomy-v1,False,False,False,main,macro
PMOE-POL-E-002,open-economy-policy-transmission,D NO ISSUE DETECTED,Authored/expansion,macro-open-economy-authoring,phaseMacroOpenEconomy-v1,False,False,False,main,macro
PMOE-POL-E-003,open-economy-policy-transmission,D NO ISSUE DETECTED,Authored/expansion,macro-open-economy-authoring,phaseMacroOpenEconomy-v1,False,False,False,main,macro
PMOE-POL-E-004,open-economy-policy-transmission,D NO ISSUE DETECTED,Authored/expansion,macro-open-economy-authoring,phaseMacroOpenEconomy-v1,False,False,False,main,macro
PMOE-POL-E-005,open-economy-policy-transmission,D NO ISSUE DETECTED,Authored/expansion,macro-open-economy-authoring,phaseMacroOpenEconomy-v1,False,False,False,main,macro
PMOE-POL-E-006,open-economy-policy-transmission,D NO ISSUE DETECTED,Authored/expansion,macro-open-economy-authoring,phaseMacroOpenEconomy-v1,False,False,False,main,macro
PMOE-POL-M-001,open-economy-policy-transmission,D NO ISSUE DETECTED,Authored/expansion,macro-open-economy-authoring,phaseMacroOpenEconomy-v1,False,False,False,main,macro
PMOE-POL-M-002,open-economy-policy-transmission,D NO ISSUE DETECTED,Authored/expansion,macro-open-economy-authoring,phaseMacroOpenEconomy-v1,False,False,False,main,macro
PMOE-POL-M-003,open-economy-policy-transmission,D NO ISSUE DETECTED,Authored/expansion,macro-open-economy-authoring,phaseMacroOpenEconomy-v1,False,False,False,main,macro
PMOE-POL-M-004,open-economy-policy-transmission,D NO ISSUE DETECTED,Authored/expansion,macro-open-economy-authoring,phaseMacroOpenEconomy-v1,False,False,False,main,macro
PMOE-POL-M-005,open-economy-policy-transmission,D NO ISSUE DETECTED,Authored/expansion,macro-open-economy-authoring,phaseMacroOpenEconomy-v1,False,False,False,main,macro
PMOE-POL-M-006,open-economy-policy-transmission,D NO ISSUE DETECTED,Authored/expansion,macro-open-economy-authoring,phaseMacroOpenEconomy-v1,False,False,False,main,macro
PMOE-POL-H-001,open-economy-policy-transmission,D NO ISSUE DETECTED,Authored/expansion,macro-open-economy-authoring,phaseMacroOpenEconomy-v1,False,False,False,main,macro
PMOE-POL-H-002,open-economy-policy-transmission,D NO ISSUE DETECTED,Authored/expansion,macro-open-economy-authoring,phaseMacroOpenEconomy-v1,False,False,False,main,macro
PMOE-POL-H-003,open-economy-policy-transmission,D NO ISSUE DETECTED,Authored/expansion,macro-open-economy-authoring,phaseMacroOpenEconomy-v1,False,False,False,main,macro
PMOE-POL-H-004,open-economy-policy-transmission,D NO ISSUE DETECTED,Authored/expansion,macro-open-economy-authoring,phaseMacroOpenEconomy-v1,False,False,False,main,macro
PMOE-POL-H-005,open-economy-policy-transmission,D NO ISSUE DETECTED,Authored/expansion,macro-open-economy-authoring,phaseMacroOpenEconomy-v1,False,False,False,main,macro
PMOE-POL-H-006,open-economy-policy-transmission,D NO ISSUE DETECTED,Authored/expansion,macro-open-economy-authoring,phaseMacroOpenEconomy-v1,False,False,False,main,macro
PMOE-POL-EL-001,open-economy-policy-transmission,D NO ISSUE DETECTED,Authored/expansion,macro-open-economy-authoring,phaseMacroOpenEconomy-v1,False,False,False,elite,macro
PMOE-POL-EL-002,open-economy-policy-transmission,D NO ISSUE DETECTED,Authored/expansion,macro-open-economy-authoring,phaseMacroOpenEconomy-v1,False,False,False,elite,macro
PMOE-POL-L-001,open-economy-policy-transmission,D NO ISSUE DETECTED,Authored/expansion,macro-open-economy-authoring,phaseMacroOpenEconomy-v1,False,False,False,legendary,macro
PMOE-POL-L-002,open-economy-policy-transmission,D NO ISSUE DETECTED,Authored/expansion,macro-open-economy-authoring,phaseMacroOpenEconomy-v1,False,False,False,legendary,macro
PMOE-POL-L-003,open-economy-policy-transmission,D NO ISSUE DETECTED,Authored/expansion,macro-open-economy-authoring,phaseMacroOpenEconomy-v1,False,False,False,legendary,macro
PMOE-POL-L-004,open-economy-policy-transmission,C FACULTY-REVIEW CANDIDATE,Authored/expansion,macro-open-economy-authoring,phaseMacroOpenEconomy-v1,False,False,False,legendary,macro
PMOE-POL-L-005,open-economy-policy-transmission,D NO ISSUE DETECTED,Authored/expansion,macro-open-economy-authoring,phaseMacroOpenEconomy-v1,False,False,False,legendary,macro
PMOE-POL-L-006,open-economy-policy-transmission,D NO ISSUE DETECTED,Authored/expansion,macro-open-economy-authoring,phaseMacroOpenEconomy-v1,False,False,False,legendary,macro
PMOE-POL-B1-001,open-economy-policy-transmission,D NO ISSUE DETECTED,Authored/expansion,macro-open-economy-authoring,phaseMacroOpenEconomy-v1,False,False,False,boss,macro
PMOE-POL-B1-002,open-economy-policy-transmission,D NO ISSUE DETECTED,Authored/expansion,macro-open-economy-authoring,phaseMacroOpenEconomy-v1,False,False,False,boss,macro
PMOE-POL-B1-003,open-economy-policy-transmission,D NO ISSUE DETECTED,Authored/expansion,macro-open-economy-authoring,phaseMacroOpenEconomy-v1,False,False,False,boss,macro
PMOE-POL-B2-001,open-economy-policy-transmission,D NO ISSUE DETECTED,Authored/expansion,macro-open-economy-authoring,phaseMacroOpenEconomy-v1,False,False,False,boss,macro
PMOE-POL-B2-002,open-economy-policy-transmission,D NO ISSUE DETECTED,Authored/expansion,macro-open-economy-authoring,phaseMacroOpenEconomy-v1,False,False,False,boss,macro
PMOE-POL-B2-003,open-economy-policy-transmission,D NO ISSUE DETECTED,Authored/expansion,macro-open-economy-authoring,phaseMacroOpenEconomy-v1,False,False,False,boss,macro
PMOE-POL-B3-001,open-economy-policy-transmission,D NO ISSUE DETECTED,Authored/expansion,macro-open-economy-authoring,phaseMacroOpenEconomy-v1,False,False,False,boss,macro
PMOE-POL-B3-002,open-economy-policy-transmission,D NO ISSUE DETECTED,Authored/expansion,macro-open-economy-authoring,phaseMacroOpenEconomy-v1,False,False,False,boss,macro
PMOE-POL-B3-003,open-economy-policy-transmission,D NO ISSUE DETECTED,Authored/expansion,macro-open-economy-authoring,phaseMacroOpenEconomy-v1,False,False,False,boss,macro
PMOE-POL-LB-001,open-economy-policy-transmission,D NO ISSUE DETECTED,Authored/expansion,macro-open-economy-authoring,phaseMacroOpenEconomy-v1,False,False,False,legendaryBoss,macro
PMOE-POL-LB-002,open-economy-policy-transmission,D NO ISSUE DETECTED,Authored/expansion,macro-open-economy-authoring,phaseMacroOpenEconomy-v1,False,False,False,legendaryBoss,macro
PMOE-POL-LB-003,open-economy-policy-transmission,D NO ISSUE DETECTED,Authored/expansion,macro-open-economy-authoring,phaseMacroOpenEconomy-v1,False,False,False,legendaryBoss,macro
PMOE-POL-R-001,open-economy-policy-transmission,D NO ISSUE DETECTED,Authored/expansion,macro-open-economy-authoring,phaseMacroOpenEconomy-v1,False,False,False,repair,macro
PMOE-POL-BR-001,open-economy-policy-transmission,D NO ISSUE DETECTED,Authored/expansion,macro-open-economy-authoring,phaseMacroOpenEconomy-v1,False,False,False,bridge,macro
ECON-MG-EASY-3,opportunity-cost,A PROTECTED MATURE,Market Gate: documented later descendant,market-gate,phase7.2-opportunity-cost-standalone-expansion-v1,True,False,False,main,general; macro
ECON-MG-EASY-4,opportunity-cost,A PROTECTED MATURE,Market Gate: documented later descendant,market-gate,phase7.2-opportunity-cost-standalone-expansion-v1,True,False,False,main,general; macro
P52A-OPPC-E-001,opportunity-cost,D NO ISSUE DETECTED,Authored/expansion,phase5.2a-concept-expansion,,False,False,False,main,general; macro
P52A-OPPC-E-002,opportunity-cost,D NO ISSUE DETECTED,Authored/expansion,phase5.2a-concept-expansion,,False,False,False,main,general; macro
P52A-OPPC-E-003,opportunity-cost,D NO ISSUE DETECTED,Authored/expansion,phase5.2a-concept-expansion,phase7.2-opportunity-cost-standalone-expansion-v1,False,False,False,main,general; macro
P52A-OPPC-E-004,opportunity-cost,D NO ISSUE DETECTED,Authored/expansion,phase5.2a-concept-expansion,phase7.2-opportunity-cost-standalone-expansion-v1,False,False,False,main,general; macro
P72-OPPC-E-005,opportunity-cost,D NO ISSUE DETECTED,Authored/expansion,phase7.2-opportunity-cost-standalone-expansion,phase7.2-opportunity-cost-standalone-expansion-v1,False,False,False,main,general; macro
P72-OPPC-E-006,opportunity-cost,D NO ISSUE DETECTED,Authored/expansion,phase7.2-opportunity-cost-standalone-expansion,phase7.2-opportunity-cost-standalone-expansion-v1,False,False,False,main,general; macro
P72-OPPC-E-007,opportunity-cost,D NO ISSUE DETECTED,Authored/expansion,phase7.2-opportunity-cost-standalone-expansion,phase7.2-opportunity-cost-standalone-expansion-v1,False,False,False,main,general; macro
P72-OPPC-E-008,opportunity-cost,D NO ISSUE DETECTED,Authored/expansion,phase7.2-opportunity-cost-standalone-expansion,phase7.2-opportunity-cost-standalone-expansion-v1,False,False,False,main,general; macro
ECON-MG-MEDIUM-100,opportunity-cost,A PROTECTED MATURE,Market Gate: documented later descendant,market-gate,phaseQH5-foundations-curation-graph-evidence-v1,True,False,False,main,general; macro
P52A-OPPC-M-001,opportunity-cost,D NO ISSUE DETECTED,Authored/expansion,phase5.2a-concept-expansion,,False,False,False,main,general; macro
P52A-OPPC-M-003,opportunity-cost,D NO ISSUE DETECTED,Authored/expansion,phase5.2a-concept-expansion,,False,False,False,main,general; macro
P52A-OPPC-M-004,opportunity-cost,D NO ISSUE DETECTED,Authored/expansion,phase5.2a-concept-expansion,phaseQH7-principles-micro-human-read-curation-v1,False,False,False,main,general; macro
P52A-OPPC-M-005,opportunity-cost,D NO ISSUE DETECTED,Authored/expansion,phase5.2a-concept-expansion,phaseQH5-foundations-curation-graph-evidence-v1,False,False,False,main,general; macro
P72-OPPC-M-006,opportunity-cost,D NO ISSUE DETECTED,Authored/expansion,phase7.2-opportunity-cost-standalone-expansion,phase7.2-opportunity-cost-standalone-expansion-v1,False,False,False,main,general; macro
P72-OPPC-M-007,opportunity-cost,D NO ISSUE DETECTED,Authored/expansion,phase7.2-opportunity-cost-standalone-expansion,phase7.2-opportunity-cost-standalone-expansion-v1,False,False,False,main,general; macro
P72-OPPC-M-008,opportunity-cost,D NO ISSUE DETECTED,Authored/expansion,phase7.2-opportunity-cost-standalone-expansion,phase7.2-opportunity-cost-standalone-expansion-v1,False,False,False,main,general; macro
P72-OPPC-M-009,opportunity-cost,D NO ISSUE DETECTED,Authored/expansion,phase7.2-opportunity-cost-standalone-expansion,phase7.2-opportunity-cost-standalone-expansion-v1,False,False,False,main,general; macro
P72-OPPC-M-010,opportunity-cost,D NO ISSUE DETECTED,Authored/expansion,phase7.2-opportunity-cost-standalone-expansion,phase7.2-opportunity-cost-standalone-expansion-v1,False,False,False,main,general; macro
P72-OPPC-M-011,opportunity-cost,D NO ISSUE DETECTED,Authored/expansion,phase7.2-opportunity-cost-standalone-expansion,phase7.2-opportunity-cost-standalone-expansion-v1,False,False,False,main,general; macro
P52A-OPPC-H-001,opportunity-cost,D NO ISSUE DETECTED,Authored/expansion,phase5.2a-concept-expansion,,False,False,False,main,general; macro
P52A-OPPC-H-005,opportunity-cost,D NO ISSUE DETECTED,Authored/expansion,phase5.2a-concept-expansion,phaseQH5-foundations-curation-graph-evidence-v1,False,False,False,main,general; macro
P52A-OPPC-H-006,opportunity-cost,D NO ISSUE DETECTED,Authored/expansion,phase5.2a-concept-expansion,phaseQH7-principles-micro-human-read-curation-v1,False,False,False,main,general; macro
P72-OPPC-L-011,opportunity-cost,D NO ISSUE DETECTED,Authored/expansion,phase7.2-opportunity-cost-standalone-expansion,phase7.2-opportunity-cost-standalone-expansion-v1,False,False,False,main,general; macro
P72-OPPC-L-023,opportunity-cost,D NO ISSUE DETECTED,Authored/expansion,phase7.2-opportunity-cost-standalone-expansion,phase7.2-opportunity-cost-standalone-expansion-v1,False,False,False,main,general; macro
P52A-OPPC-H-003,opportunity-cost,D NO ISSUE DETECTED,Authored/expansion,phase5.2a-concept-expansion,phase7.2-opportunity-cost-standalone-expansion-v1,False,False,False,main,general; macro
P52A-OPPC-H-004,opportunity-cost,D NO ISSUE DETECTED,Authored/expansion,phase5.2a-concept-expansion,phaseQH7-principles-micro-human-read-curation-v1,False,False,False,main,general; macro
P72-OPPC-H-007,opportunity-cost,D NO ISSUE DETECTED,Authored/expansion,phase7.2-opportunity-cost-standalone-expansion,phase7.2-opportunity-cost-standalone-expansion-v1,False,False,False,main,general; macro
P72-OPPC-H-008,opportunity-cost,D NO ISSUE DETECTED,Authored/expansion,phase7.2-opportunity-cost-standalone-expansion,phase7.2-opportunity-cost-standalone-expansion-v1,False,False,False,main,general; macro
P72-OPPC-H-009,opportunity-cost,D NO ISSUE DETECTED,Authored/expansion,phase7.2-opportunity-cost-standalone-expansion,phaseQH5-foundations-curation-graph-evidence-v1,False,False,False,main,general; macro
P72-OPPC-H-010,opportunity-cost,D NO ISSUE DETECTED,Authored/expansion,phase7.2-opportunity-cost-standalone-expansion,phase7.2-opportunity-cost-standalone-expansion-v1,False,False,False,main,general; macro
P72-OPPC-H-012,opportunity-cost,D NO ISSUE DETECTED,Authored/expansion,phase7.2-opportunity-cost-standalone-expansion,phase7.2-opportunity-cost-standalone-expansion-v1,False,False,False,main,general; macro
ECON-MG-ELITE-333,opportunity-cost,A PROTECTED MATURE,Market Gate: documented later descendant,market-gate,phase7.2-opportunity-cost-standalone-expansion-v1,True,False,False,main,general; macro
ECON-MG-LEGENDARY-9011,opportunity-cost,A PROTECTED MATURE,Market Gate: documented later descendant,market-gate,phase7.2-opportunity-cost-standalone-expansion-v1,True,False,False,main,general; macro
P72-OPPC-L-015,opportunity-cost,D NO ISSUE DETECTED,Authored/expansion,phase7.2-opportunity-cost-standalone-expansion,phase7.2-opportunity-cost-standalone-expansion-v1,False,False,False,main,general; macro
P72-OPPC-L-016,opportunity-cost,D NO ISSUE DETECTED,Authored/expansion,phase7.2-opportunity-cost-standalone-expansion,phaseQH7-principles-micro-human-read-curation-v1,False,False,False,main,general; macro
P72-OPPC-L-018,opportunity-cost,D NO ISSUE DETECTED,Authored/expansion,phase7.2-opportunity-cost-standalone-expansion,phase7.2-opportunity-cost-standalone-expansion-v1,False,False,False,main,general; macro
ECON-MG-ELITE-334,opportunity-cost,A PROTECTED MATURE,Market Gate: documented later descendant,market-gate,phase7.2-opportunity-cost-standalone-expansion-v1,True,False,False,elite,general; macro
P52A-OPPC-EL-001,opportunity-cost,D NO ISSUE DETECTED,Authored/expansion,phase5.2a-concept-expansion,phase7.2-opportunity-cost-standalone-expansion-v1,False,False,False,elite,general; macro
P52A-OPPC-EL-002,opportunity-cost,D NO ISSUE DETECTED,Authored/expansion,phase5.2a-concept-expansion,,False,False,False,elite,general; macro
P72-OPPC-EL-003,opportunity-cost,D NO ISSUE DETECTED,Authored/expansion,phase7.2-opportunity-cost-standalone-expansion,phase7.2-opportunity-cost-standalone-expansion-v1,False,False,False,elite,general; macro
ECON-MG-LEGENDARY-9054,opportunity-cost,A PROTECTED MATURE,Market Gate: documented later descendant,market-gate,phase7.2-opportunity-cost-standalone-expansion-v1,True,False,False,legendary,general; macro
P52A-OPPC-L-001,opportunity-cost,D NO ISSUE DETECTED,Authored/expansion,phase5.2a-concept-expansion,,False,False,False,legendary,general; macro
P52A-OPPC-L-002,opportunity-cost,D NO ISSUE DETECTED,Authored/expansion,phase5.2a-concept-expansion,,False,False,False,legendary,general; macro
P52A-OPPC-L-003,opportunity-cost,D NO ISSUE DETECTED,Authored/expansion,phase5.2a-concept-expansion,,False,False,False,legendary,general; macro
P72-OPPC-L-005,opportunity-cost,D NO ISSUE DETECTED,Authored/expansion,phase7.2-opportunity-cost-standalone-expansion,phase7.2-opportunity-cost-standalone-expansion-v1,False,False,False,legendary,general; macro
P72-OPPC-L-006,opportunity-cost,D NO ISSUE DETECTED,Authored/expansion,phase7.2-opportunity-cost-standalone-expansion,phase7.2-opportunity-cost-standalone-expansion-v1,False,False,False,legendary,general; macro
P72-OPPC-L-007,opportunity-cost,D NO ISSUE DETECTED,Authored/expansion,phase7.2-opportunity-cost-standalone-expansion,phase7.2-opportunity-cost-standalone-expansion-v1,False,False,False,legendary,general; macro
P72-OPPC-L-008,opportunity-cost,D NO ISSUE DETECTED,Authored/expansion,phase7.2-opportunity-cost-standalone-expansion,phase7.2-opportunity-cost-standalone-expansion-v1,False,False,False,legendary,general; macro
P72-OPPC-L-009,opportunity-cost,D NO ISSUE DETECTED,Authored/expansion,phase7.2-opportunity-cost-standalone-expansion,phase7.2-opportunity-cost-standalone-expansion-v1,False,False,False,legendary,general; macro
P72-OPPC-L-010,opportunity-cost,D NO ISSUE DETECTED,Authored/expansion,phase7.2-opportunity-cost-standalone-expansion,phase7.2-opportunity-cost-standalone-expansion-v1,False,False,False,legendary,general; macro
P72-OPPC-L-012,opportunity-cost,D NO ISSUE DETECTED,Authored/expansion,phase7.2-opportunity-cost-standalone-expansion,phase7.2-opportunity-cost-standalone-expansion-v1,False,False,False,legendary,general; macro
P72-OPPC-L-013,opportunity-cost,D NO ISSUE DETECTED,Authored/expansion,phase7.2-opportunity-cost-standalone-expansion,phase7.2-opportunity-cost-standalone-expansion-v1,False,False,False,legendary,general; macro
P72-OPPC-L-014,opportunity-cost,D NO ISSUE DETECTED,Authored/expansion,phase7.2-opportunity-cost-standalone-expansion,phase7.2-opportunity-cost-standalone-expansion-v1,False,False,False,legendary,general; macro
P72-OPPC-L-017,opportunity-cost,D NO ISSUE DETECTED,Authored/expansion,phase7.2-opportunity-cost-standalone-expansion,phase7.2-opportunity-cost-standalone-expansion-v1,False,False,False,legendary,general; macro
P72-OPPC-L-019,opportunity-cost,D NO ISSUE DETECTED,Authored/expansion,phase7.2-opportunity-cost-standalone-expansion,phase7.2-opportunity-cost-standalone-expansion-v1,False,False,False,legendary,general; macro
P72-OPPC-L-020,opportunity-cost,D NO ISSUE DETECTED,Authored/expansion,phase7.2-opportunity-cost-standalone-expansion,phase7.2-opportunity-cost-standalone-expansion-v1,False,False,False,legendary,general; macro
P72-OPPC-L-022,opportunity-cost,D NO ISSUE DETECTED,Authored/expansion,phase7.2-opportunity-cost-standalone-expansion,phase7.2-opportunity-cost-standalone-expansion-v1,False,False,False,legendary,general; macro
P72-OPPC-L-024,opportunity-cost,D NO ISSUE DETECTED,Authored/expansion,phase7.2-opportunity-cost-standalone-expansion,phase7.2-opportunity-cost-standalone-expansion-v1,False,False,False,legendary,general; macro
P72-OPPC-L-025,opportunity-cost,D NO ISSUE DETECTED,Authored/expansion,phase7.2-opportunity-cost-standalone-expansion,phase7.2-opportunity-cost-standalone-expansion-v1,False,False,False,legendary,general; macro
ECON-MG-HARD-200,opportunity-cost,A PROTECTED MATURE,Market Gate: no later curation recorded,market-gate,,True,False,False,calculation,general; macro
ECON-MG-MEDIUM-104,opportunity-cost,A PROTECTED MATURE,Market Gate: no later curation recorded,market-gate,,True,False,False,calculation,general; macro
ECON-EC-EASYBOSS-17003,opportunity-cost,D NO ISSUE DETECTED,Other imported bank,equilibrium-crisis,phase7.2-opportunity-cost-standalone-expansion-v1,False,False,False,boss,general; macro
ECON-MG-EASYBOSS-2000,opportunity-cost,A PROTECTED MATURE,Market Gate: documented later descendant,market-gate,phase7.2-opportunity-cost-standalone-expansion-v1,True,False,False,boss,general; macro
ECON-MG-EASYBOSS-2001,opportunity-cost,A PROTECTED MATURE,Market Gate: documented later descendant,market-gate,phase7.2-opportunity-cost-standalone-expansion-v1,True,False,False,boss,general; macro
ECON-MG-EASYBOSS-2002,opportunity-cost,A PROTECTED MATURE,Market Gate: no later curation recorded,market-gate,,True,False,False,boss,general; macro
P52A-OPPC-B2-001,opportunity-cost,D NO ISSUE DETECTED,Authored/expansion,phase5.2a-concept-expansion,phase7.2-opportunity-cost-standalone-expansion-v1,False,False,False,boss,general; macro
P52A-OPPC-B2-002,opportunity-cost,D NO ISSUE DETECTED,Authored/expansion,phase5.2a-concept-expansion,phaseQH7-principles-micro-human-read-curation-v1,False,False,False,boss,general; macro
P52A-OPPC-B2-003,opportunity-cost,D NO ISSUE DETECTED,Authored/expansion,phase5.2a-concept-expansion,,False,False,False,boss,general; macro
P52A-OPPC-B3-001,opportunity-cost,D NO ISSUE DETECTED,Authored/expansion,phase5.2a-concept-expansion,phase7.2-opportunity-cost-standalone-expansion-v1,False,False,False,boss,general; macro
P52A-OPPC-B3-003,opportunity-cost,D NO ISSUE DETECTED,Authored/expansion,phase5.2a-concept-expansion,,False,False,False,boss,general; macro
P72-OPPC-B1-005,opportunity-cost,D NO ISSUE DETECTED,Authored/expansion,phase7.2-opportunity-cost-standalone-expansion,phase7.2-opportunity-cost-standalone-expansion-v1,False,False,False,boss,general; macro
P72-OPPC-B2-004,opportunity-cost,D NO ISSUE DETECTED,Authored/expansion,phase7.2-opportunity-cost-standalone-expansion,phase7.2-opportunity-cost-standalone-expansion-v1,False,False,False,boss,general; macro
P72-OPPC-B2-005,opportunity-cost,D NO ISSUE DETECTED,Authored/expansion,phase7.2-opportunity-cost-standalone-expansion,phase7.2-opportunity-cost-standalone-expansion-v1,False,False,False,boss,general; macro
P72-OPPC-B3-004,opportunity-cost,D NO ISSUE DETECTED,Authored/expansion,phase7.2-opportunity-cost-standalone-expansion,phase7.2-opportunity-cost-standalone-expansion-v1,False,False,False,boss,general; macro
ECON-MG-LEGENDARYBOSS-9103,opportunity-cost,A PROTECTED MATURE,Market Gate: documented later descendant,market-gate,phase7.2-opportunity-cost-standalone-expansion-v1,True,False,False,legendaryBoss,general; macro
ECON-MG-LEGENDARYBOSS-9104,opportunity-cost,A PROTECTED MATURE,Market Gate: documented later descendant,market-gate,phase7.2-opportunity-cost-standalone-expansion-v1,True,False,False,legendaryBoss,general; macro
ECON-MG-LEGENDARYBOSS-9105,opportunity-cost,A PROTECTED MATURE,Market Gate: documented later descendant,market-gate,phase7.2-opportunity-cost-standalone-expansion-v1,True,False,False,legendaryBoss,general; macro
P72-OPPC-LB-006,opportunity-cost,D NO ISSUE DETECTED,Authored/expansion,phase7.2-opportunity-cost-standalone-expansion,phase7.2-opportunity-cost-standalone-expansion-v1,False,False,False,legendaryBoss,general; macro
P72-OPPC-LB-008,opportunity-cost,D NO ISSUE DETECTED,Authored/expansion,phase7.2-opportunity-cost-standalone-expansion,phase7.2-opportunity-cost-standalone-expansion-v1,False,False,False,legendaryBoss,general; macro
P72-OPPC-LB-009,opportunity-cost,D NO ISSUE DETECTED,Authored/expansion,phase7.2-opportunity-cost-standalone-expansion,phase7.2-opportunity-cost-standalone-expansion-v1,False,False,False,legendaryBoss,general; macro
P72-OPPC-LB-010,opportunity-cost,D NO ISSUE DETECTED,Authored/expansion,phase7.2-opportunity-cost-standalone-expansion,phase7.2-opportunity-cost-standalone-expansion-v1,False,False,False,legendaryBoss,general; macro
P72-OPPC-LB-011,opportunity-cost,D NO ISSUE DETECTED,Authored/expansion,phase7.2-opportunity-cost-standalone-expansion,phase7.2-opportunity-cost-standalone-expansion-v1,False,False,False,legendaryBoss,general; macro
P52A-OPPC-R-001,opportunity-cost,D NO ISSUE DETECTED,Authored/expansion,phase5.2a-concept-expansion,,False,False,False,repair,general; macro
P52A-OPPC-R-002,opportunity-cost,D NO ISSUE DETECTED,Authored/expansion,phase5.2a-concept-expansion,phaseQH7-principles-micro-human-read-curation-v1,False,False,False,repair,general; macro
P52A-OPPC-R-003,opportunity-cost,D NO ISSUE DETECTED,Authored/expansion,phase5.2a-concept-expansion,,False,False,False,repair,general; macro
P72-OPPC-R-004,opportunity-cost,D NO ISSUE DETECTED,Authored/expansion,phase7.2-opportunity-cost-standalone-expansion,phase7.2-opportunity-cost-standalone-expansion-v1,False,False,False,repair,general; macro
P72-OPPC-R-005,opportunity-cost,D NO ISSUE DETECTED,Authored/expansion,phase7.2-opportunity-cost-standalone-expansion,phase7.2-opportunity-cost-standalone-expansion-v1,False,False,False,repair,general; macro
P72-OPPC-R-006,opportunity-cost,D NO ISSUE DETECTED,Authored/expansion,phase7.2-opportunity-cost-standalone-expansion,phase7.2-opportunity-cost-standalone-expansion-v1,False,False,False,repair,general; macro
P72-OPPC-R-007,opportunity-cost,D NO ISSUE DETECTED,Authored/expansion,phase7.2-opportunity-cost-standalone-expansion,phase7.2-opportunity-cost-standalone-expansion-v1,False,False,False,repair,general; macro
P72-OPPC-R-008,opportunity-cost,D NO ISSUE DETECTED,Authored/expansion,phase7.2-opportunity-cost-standalone-expansion,phase7.2-opportunity-cost-standalone-expansion-v1,False,False,False,repair,general; macro
ECON-MG-CORE-OPPORTUNITY-COST-30000,opportunity-cost,A PROTECTED MATURE,Market Gate: no later curation recorded,market-gate,,True,False,False,repairSeed,general; macro
P52A-OPPC-BR-001,opportunity-cost,D NO ISSUE DETECTED,Authored/expansion,phase5.2a-concept-expansion,phaseQH7-principles-micro-human-read-curation-v1,False,False,False,bridge,general; macro
P52A-OPPC-BR-002,opportunity-cost,D NO ISSUE DETECTED,Authored/expansion,phase5.2a-concept-expansion,phase7.2-opportunity-cost-standalone-expansion-v1,False,False,False,bridge,general; macro
P72-OPPC-BR-003,opportunity-cost,D NO ISSUE DETECTED,Authored/expansion,phase7.2-opportunity-cost-standalone-expansion,phase7.2-opportunity-cost-standalone-expansion-v1,False,False,False,bridge,general; macro
P72-OPPC-BR-004,opportunity-cost,D NO ISSUE DETECTED,Authored/expansion,phase7.2-opportunity-cost-standalone-expansion,phase7.2-opportunity-cost-standalone-expansion-v1,False,False,False,bridge,general; macro
P72-OPPC-BR-005,opportunity-cost,D NO ISSUE DETECTED,Authored/expansion,phase7.2-opportunity-cost-standalone-expansion,phase7.2-opportunity-cost-standalone-expansion-v1,False,False,False,bridge,general; macro
P72-OPPC-BR-006,opportunity-cost,D NO ISSUE DETECTED,Authored/expansion,phase7.2-opportunity-cost-standalone-expansion,phase7.2-opportunity-cost-standalone-expansion-v1,False,False,False,bridge,general; macro
ECON-SP-EASY-68,phillips-curve-expectations,D NO ISSUE DETECTED,Other imported bank,stabilization-protocol,,False,False,False,main,macro
ECON-SP-EASY-69,phillips-curve-expectations,D NO ISSUE DETECTED,Other imported bank,stabilization-protocol,,False,False,False,main,macro
ECON-SP-EASY-70,phillips-curve-expectations,D NO ISSUE DETECTED,Other imported bank,stabilization-protocol,,False,False,False,main,macro
ECON-SP-EASY-73,phillips-curve-expectations,D NO ISSUE DETECTED,Other imported bank,stabilization-protocol,,False,False,False,main,macro
ECON-SP-EASY-74,phillips-curve-expectations,D NO ISSUE DETECTED,Other imported bank,stabilization-protocol,,False,False,False,main,macro
PG5-PC-E-001,phillips-curve-expectations,D NO ISSUE DETECTED,Authored/expansion,macro-concept-library,,False,False,False,main,macro
PM2A-EXP-E-001,phillips-curve-expectations,D NO ISSUE DETECTED,Authored/expansion,macro-m2a-phillips-family,phaseM2a-phillips-disinflation-family-maturation-v1,False,False,False,easy,macro
ECON-SP-MEDIUM-156,phillips-curve-expectations,D NO ISSUE DETECTED,Other imported bank,stabilization-protocol,,False,False,False,main,macro
ECON-SP-MEDIUM-158,phillips-curve-expectations,D NO ISSUE DETECTED,Other imported bank,stabilization-protocol,,False,False,False,main,macro
ECON-SP-MEDIUM-161,phillips-curve-expectations,D NO ISSUE DETECTED,Other imported bank,stabilization-protocol,,False,False,False,main,macro
ECON-SP-MEDIUM-162,phillips-curve-expectations,D NO ISSUE DETECTED,Other imported bank,stabilization-protocol,,False,False,False,main,macro
ECON-SP-MEDIUM-163,phillips-curve-expectations,D NO ISSUE DETECTED,Other imported bank,stabilization-protocol,,False,False,False,main,macro
ECON-SP-MEDIUM-164,phillips-curve-expectations,D NO ISSUE DETECTED,Other imported bank,stabilization-protocol,,False,False,False,main,macro
PG5-PC-M-002,phillips-curve-expectations,D NO ISSUE DETECTED,Authored/expansion,macro-concept-library,,False,False,False,main,macro
ECON-SP-HARD-240,phillips-curve-expectations,D NO ISSUE DETECTED,Other imported bank,stabilization-protocol,,False,False,False,main,macro
ECON-SP-HARD-242,phillips-curve-expectations,D NO ISSUE DETECTED,Other imported bank,stabilization-protocol,,False,False,False,main,macro
ECON-SP-HARD-243,phillips-curve-expectations,D NO ISSUE DETECTED,Other imported bank,stabilization-protocol,,False,False,False,main,macro
ECON-SP-HARD-244,phillips-curve-expectations,D NO ISSUE DETECTED,Other imported bank,stabilization-protocol,,False,False,False,main,macro
ECON-SP-HARD-245,phillips-curve-expectations,D NO ISSUE DETECTED,Other imported bank,stabilization-protocol,,False,False,False,main,macro
ECON-SP-HARD-265,phillips-curve-expectations,D NO ISSUE DETECTED,Other imported bank,stabilization-protocol,,False,False,False,main,macro
ECON-SP-HARD-267,phillips-curve-expectations,D NO ISSUE DETECTED,Other imported bank,stabilization-protocol,,False,False,False,main,macro
PG5-PC-H-004,phillips-curve-expectations,D NO ISSUE DETECTED,Authored/expansion,macro-concept-library,,False,False,False,main,macro
ECON-SP-ELITE-326,phillips-curve-expectations,D NO ISSUE DETECTED,Other imported bank,stabilization-protocol,,False,False,False,elite,macro
ECON-SP-ELITE-327,phillips-curve-expectations,D NO ISSUE DETECTED,Other imported bank,stabilization-protocol,,False,False,False,elite,macro
ECON-SP-ELITE-350,phillips-curve-expectations,D NO ISSUE DETECTED,Other imported bank,stabilization-protocol,phaseM2a-phillips-disinflation-family-maturation-v1,False,False,False,elite,macro
ECON-SP-LEGENDARY-9009,phillips-curve-expectations,D NO ISSUE DETECTED,Other imported bank,stabilization-protocol,,False,False,False,legendary,macro
ECON-SP-HARD-236,phillips-curve-expectations,D NO ISSUE DETECTED,Other imported bank,stabilization-protocol,,False,False,False,main,macro
ECON-SP-HARD-257,phillips-curve-expectations,D NO ISSUE DETECTED,Other imported bank,stabilization-protocol,,False,False,False,main,macro
ECON-SP-HARD-263,phillips-curve-expectations,D NO ISSUE DETECTED,Other imported bank,stabilization-protocol,,False,False,False,main,macro
ECON-SP-HARD-264,phillips-curve-expectations,D NO ISSUE DETECTED,Other imported bank,stabilization-protocol,,False,False,False,main,macro
ECON-SP-ELITE-328,phillips-curve-expectations,D NO ISSUE DETECTED,Other imported bank,stabilization-protocol,,False,False,False,elite,macro
ECON-SP-LEGENDARY-9018,phillips-curve-expectations,D NO ISSUE DETECTED,Other imported bank,stabilization-protocol,,False,False,False,legendary,macro
PM2A-EXP-L-003,phillips-curve-expectations,D NO ISSUE DETECTED,Authored/expansion,macro-m2a-phillips-family,phaseM2a-phillips-disinflation-family-maturation-v1,False,False,False,legendary,macro
PM2A-EXP-L-004,phillips-curve-expectations,D NO ISSUE DETECTED,Authored/expansion,macro-m2a-phillips-family,phaseM2a-phillips-disinflation-family-maturation-v1,False,False,False,legendary,macro
ECON-SP-LEGENDARY-9048,phillips-curve-expectations,D NO ISSUE DETECTED,Other imported bank,stabilization-protocol,,False,False,False,legendary,macro
PG5-PC-L-006,phillips-curve-expectations,D NO ISSUE DETECTED,Authored/expansion,macro-concept-library,,False,False,False,main,macro
PG5-PC-L-018,phillips-curve-expectations,D NO ISSUE DETECTED,Authored/expansion,macro-concept-library,,False,False,False,main,macro
PG5-PC-L-024,phillips-curve-expectations,C FACULTY-REVIEW CANDIDATE,Authored/expansion,macro-concept-library,,False,False,False,main,macro
PM2A-EXP-L-002,phillips-curve-expectations,D NO ISSUE DETECTED,Authored/expansion,macro-m2a-phillips-family,phaseM2a-phillips-disinflation-family-maturation-v1,False,False,False,legendary,macro
ECON-SP-MEDIUMBOSS-3006,phillips-curve-expectations,D NO ISSUE DETECTED,Other imported bank,stabilization-protocol,,False,False,False,boss,macro
ECON-SP-MEDIUMBOSS-3007,phillips-curve-expectations,D NO ISSUE DETECTED,Other imported bank,stabilization-protocol,,False,False,False,boss,macro
P52B-S2-PCEXP-B2-001,phillips-curve-expectations,D NO ISSUE DETECTED,Authored/expansion,phase5.2b-stage2-rescue,,False,False,False,boss,macro
PM2A-EXP-EB-005,phillips-curve-expectations,D NO ISSUE DETECTED,Authored/expansion,macro-m2a-phillips-family,phaseM2a-phillips-disinflation-family-maturation-v1,False,False,False,boss,macro
PM2A-EXP-EB-006,phillips-curve-expectations,C FACULTY-REVIEW CANDIDATE,Authored/expansion,macro-m2a-phillips-family,phaseM2a-phillips-disinflation-family-maturation-v1,False,False,False,boss,macro
PM2A-EXP-EB-007,phillips-curve-expectations,D NO ISSUE DETECTED,Authored/expansion,macro-m2a-phillips-family,phaseM2a-phillips-disinflation-family-maturation-v1,False,False,False,boss,macro
PM2A-EXP-FB-008,phillips-curve-expectations,D NO ISSUE DETECTED,Authored/expansion,macro-m2a-phillips-family,phaseM2a-phillips-disinflation-family-maturation-v1,False,False,False,boss,macro
PM2A-EXP-FB-009,phillips-curve-expectations,D NO ISSUE DETECTED,Authored/expansion,macro-m2a-phillips-family,phaseM2a-phillips-disinflation-family-maturation-v1,False,False,False,boss,macro
PM2A-EXP-FB-010,phillips-curve-expectations,D NO ISSUE DETECTED,Authored/expansion,macro-m2a-phillips-family,phaseM2a-phillips-disinflation-family-maturation-v1,False,False,False,boss,macro
PM2A-EXP-LB-011,phillips-curve-expectations,D NO ISSUE DETECTED,Authored/expansion,macro-m2a-phillips-family,phaseM2a-phillips-disinflation-family-maturation-v1,False,False,False,legendaryBoss,macro
PM2A-EXP-LB-012,phillips-curve-expectations,D NO ISSUE DETECTED,Authored/expansion,macro-m2a-phillips-family,phaseM2a-phillips-disinflation-family-maturation-v1,False,False,False,legendaryBoss,macro
PM2A-EXP-LB-013,phillips-curve-expectations,D NO ISSUE DETECTED,Authored/expansion,macro-m2a-phillips-family,phaseM2a-phillips-disinflation-family-maturation-v1,False,False,False,legendaryBoss,macro
ECON-SP-EXPECTED-INFLATION-SHIFT-5053,phillips-curve-expectations,D NO ISSUE DETECTED,Other imported bank,stabilization-protocol,phaseM2a-phillips-disinflation-family-maturation-v1,False,False,False,repair,macro
ECON-SP-SUPPLY-SHOCK-PC-SHIFT-5055,phillips-curve-expectations,D NO ISSUE DETECTED,Other imported bank,stabilization-protocol,phaseM2a-phillips-disinflation-family-maturation-v1,False,False,False,repair,macro
ECON-SP-TRACE-EXPECTATIONS-ADJUSTMENT-5054,phillips-curve-expectations,D NO ISSUE DETECTED,Other imported bank,stabilization-protocol,phaseM2a-phillips-disinflation-family-maturation-v1,False,False,False,repair,macro
ECON-SP-EXPECTED-INFLATION-SHIFT-6044,phillips-curve-expectations,D NO ISSUE DETECTED,Other imported bank,stabilization-protocol,phaseM2a-phillips-disinflation-family-maturation-v1,False,False,False,bridge,macro
ECON-SP-SUPPLY-SHOCK-PC-SHIFT-6046,phillips-curve-expectations,D NO ISSUE DETECTED,Other imported bank,stabilization-protocol,phaseM2a-phillips-disinflation-family-maturation-v1,False,False,False,bridge,macro
ECON-SP-TRACE-EXPECTATIONS-ADJUSTMENT-6045,phillips-curve-expectations,A PROTECTED MATURE,Other imported bank,stabilization-protocol,phaseM2a-phillips-disinflation-family-maturation-v1,False,False,True,bridge,macro
ECON-MG-EASY-32,positive-versus-normative-analysis,A PROTECTED MATURE,Market Gate: documented later descendant,market-gate,phase7.7-general-economics-final-maturation-v1,True,True,False,main,general; macro; micro
ECON-MG-EASY-33,positive-versus-normative-analysis,A PROTECTED MATURE,Market Gate: documented later descendant,market-gate,phase7.7-general-economics-final-maturation-v1,True,True,False,main,general; macro; micro
ECON-MG-EASY-34,positive-versus-normative-analysis,A PROTECTED MATURE,Market Gate: documented later descendant,market-gate,phase7.7-general-economics-final-maturation-v1,True,True,False,main,general; macro; micro
P77-PVN-E-005,positive-versus-normative-analysis,A PROTECTED MATURE,Authored/expansion,general-economics-final-maturation,phaseQH7-principles-micro-human-read-curation-v1,False,True,False,easy,general; macro; micro
P77-PVN-E-006,positive-versus-normative-analysis,A PROTECTED MATURE,Authored/expansion,general-economics-final-maturation,phaseQH7-principles-micro-human-read-curation-v1,False,True,False,easy,general; macro; micro
P77-PVN-E-007,positive-versus-normative-analysis,A PROTECTED MATURE,Authored/expansion,general-economics-final-maturation,phaseQH7-principles-micro-human-read-curation-v1,False,True,False,easy,general; macro; micro
P77-PVN-E-008,positive-versus-normative-analysis,A PROTECTED MATURE,Authored/expansion,general-economics-final-maturation,phaseQH7-principles-micro-human-read-curation-v1,False,True,False,easy,general; macro; micro
P77-PVN-E-009,positive-versus-normative-analysis,A PROTECTED MATURE,Authored/expansion,general-economics-final-maturation,phaseQH7-principles-micro-human-read-curation-v1,False,True,False,easy,general; macro; micro
ECON-MG-MEDIUM-113,positive-versus-normative-analysis,A PROTECTED MATURE,Market Gate: no later curation recorded,market-gate,,True,True,False,main,general; macro; micro
ECON-MG-MEDIUM-114,positive-versus-normative-analysis,A PROTECTED MATURE,Market Gate: documented later descendant,market-gate,phase7.7-general-economics-final-maturation-v1,True,True,False,main,general; macro; micro
P77-PVN-M-010,positive-versus-normative-analysis,A PROTECTED MATURE,Authored/expansion,general-economics-final-maturation,phaseQH7-principles-micro-human-read-curation-v1,False,True,False,medium,general; macro; micro
P77-PVN-M-011,positive-versus-normative-analysis,A PROTECTED MATURE,Authored/expansion,general-economics-final-maturation,phaseQH7-principles-micro-human-read-curation-v1,False,True,False,medium,general; macro; micro
P77-PVN-M-012,positive-versus-normative-analysis,A PROTECTED MATURE,Authored/expansion,general-economics-final-maturation,phaseQH7-principles-micro-human-read-curation-v1,False,True,False,medium,general; macro; micro
P77-PVN-M-013,positive-versus-normative-analysis,A PROTECTED MATURE,Authored/expansion,general-economics-final-maturation,phaseQH7-principles-micro-human-read-curation-v1,False,True,False,medium,general; macro; micro
P77-PVN-M-014,positive-versus-normative-analysis,A PROTECTED MATURE,Authored/expansion,general-economics-final-maturation,phaseQH7-principles-micro-human-read-curation-v1,False,True,False,medium,general; macro; micro
P77-PVN-M-015,positive-versus-normative-analysis,A PROTECTED MATURE,Authored/expansion,general-economics-final-maturation,phaseQH7-principles-micro-human-read-curation-v1,False,True,False,medium,general; macro; micro
ECON-MG-LEGENDARYBOSS-9118,positive-versus-normative-analysis,A PROTECTED MATURE,Market Gate: documented later descendant,market-gate,phase7.7-general-economics-final-maturation-v1,True,True,False,main,general; macro; micro
ECON-MG-HARD-211,positive-versus-normative-analysis,A PROTECTED MATURE,Market Gate: documented later descendant,market-gate,phase7.7-general-economics-final-maturation-v1,True,True,False,main,general; macro; micro
ECON-MG-HARD-210,positive-versus-normative-analysis,A PROTECTED MATURE,Market Gate: no later curation recorded,market-gate,,True,True,False,main,general; macro; micro
P77-PVN-H-016,positive-versus-normative-analysis,A PROTECTED MATURE,Authored/expansion,general-economics-final-maturation,phaseQH7-principles-micro-human-read-curation-v1,False,True,False,hard,general; macro; micro
P77-PVN-H-017,positive-versus-normative-analysis,A PROTECTED MATURE,Authored/expansion,general-economics-final-maturation,phaseQH7-principles-micro-human-read-curation-v1,False,True,False,hard,general; macro; micro
P77-PVN-H-018,positive-versus-normative-analysis,A PROTECTED MATURE,Authored/expansion,general-economics-final-maturation,phaseQH7-principles-micro-human-read-curation-v1,False,True,False,hard,general; macro; micro
P77-PVN-H-019,positive-versus-normative-analysis,A PROTECTED MATURE,Authored/expansion,general-economics-final-maturation,phaseQH7-principles-micro-human-read-curation-v1,False,True,False,hard,general; macro; micro
P77-PVN-H-020,positive-versus-normative-analysis,A PROTECTED MATURE,Authored/expansion,general-economics-final-maturation,phaseQH7-principles-micro-human-read-curation-v1,False,True,False,hard,general; macro; micro
P77-PVN-H-021,positive-versus-normative-analysis,A PROTECTED MATURE,Authored/expansion,general-economics-final-maturation,phaseQH7-principles-micro-human-read-curation-v1,False,True,False,hard,general; macro; micro
ECON-MG-ELITE-336,positive-versus-normative-analysis,A PROTECTED MATURE,Market Gate: no later curation recorded,market-gate,,True,True,False,main,general; macro; micro
P77-PVN-EL-022,positive-versus-normative-analysis,A PROTECTED MATURE,Authored/expansion,general-economics-final-maturation,phaseQH7-principles-micro-human-read-curation-v1,False,True,False,elite,general; macro; micro
P77-PVN-EL-023,positive-versus-normative-analysis,A PROTECTED MATURE,Authored/expansion,general-economics-final-maturation,phaseQH7-principles-micro-human-read-curation-v1,False,True,False,elite,general; macro; micro
ECON-MG-LEGENDARY-9052,positive-versus-normative-analysis,A PROTECTED MATURE,Market Gate: no later curation recorded,market-gate,,True,True,False,legendary,general; macro; micro
ECON-MG-LEGENDARY-9075,positive-versus-normative-analysis,A PROTECTED MATURE,Market Gate: documented later descendant,market-gate,phase7.7-general-economics-final-maturation-v1,True,True,False,legendary,general; macro; micro
ECON-MG-LEGENDARY-9078,positive-versus-normative-analysis,A PROTECTED MATURE,Market Gate: documented later descendant,market-gate,phase7.7-general-economics-final-maturation-v1,True,True,False,legendary,general; macro; micro
ECON-MG-LEGENDARY-9081,positive-versus-normative-analysis,A PROTECTED MATURE,Market Gate: documented later descendant,market-gate,phase7.7-general-economics-final-maturation-v1,True,True,False,legendary,general; macro; micro
ECON-MG-LEGENDARY-9084,positive-versus-normative-analysis,A PROTECTED MATURE,Market Gate: no later curation recorded,market-gate,,True,True,False,legendary,general; macro; micro
ECON-MG-LEGENDARY-9087,positive-versus-normative-analysis,A PROTECTED MATURE,Market Gate: documented later descendant,market-gate,phase7.7-general-economics-final-maturation-v1,True,True,False,legendary,general; macro; micro
P77-PVN-L-024,positive-versus-normative-analysis,A PROTECTED MATURE,Authored/expansion,general-economics-final-maturation,phaseQH7-principles-micro-human-read-curation-v1,False,True,False,legendary,general; macro; micro
P77-PVN-L-025,positive-versus-normative-analysis,A PROTECTED MATURE,Authored/expansion,general-economics-final-maturation,phaseQH7-principles-micro-human-read-curation-v1,False,True,False,legendary,general; macro; micro
P77-PVN-L-026,positive-versus-normative-analysis,A PROTECTED MATURE,Authored/expansion,general-economics-final-maturation,phaseQH7-principles-micro-human-read-curation-v1,False,True,False,legendary,general; macro; micro
P77-PVN-L-027,positive-versus-normative-analysis,A PROTECTED MATURE,Authored/expansion,general-economics-final-maturation,phaseQH7-principles-micro-human-read-curation-v1,False,True,False,legendary,general; macro; micro
ECON-MG-EASYBOSS-2012,positive-versus-normative-analysis,A PROTECTED MATURE,Market Gate: no later curation recorded,market-gate,,True,True,False,boss,general; macro; micro
ECON-MG-EASYBOSS-2013,positive-versus-normative-analysis,A PROTECTED MATURE,Market Gate: documented later descendant,market-gate,phase7.7-general-economics-final-maturation-v1,True,True,False,boss,general; macro; micro
ECON-MG-EASYBOSS-2014,positive-versus-normative-analysis,A PROTECTED MATURE,Market Gate: documented later descendant,market-gate,phase7.7-general-economics-final-maturation-v1,True,True,False,boss,general; macro; micro
P77-PVN-FINALB-031,positive-versus-normative-analysis,A PROTECTED MATURE,Authored/expansion,general-economics-final-maturation,phaseQH7-principles-micro-human-read-curation-v1,False,True,False,boss,general; macro; micro
P77-PVN-FINALB-032,positive-versus-normative-analysis,A PROTECTED MATURE,Authored/expansion,general-economics-final-maturation,phaseQH7-principles-micro-human-read-curation-v1,False,True,False,boss,general; macro; micro
P77-PVN-FINALB-033,positive-versus-normative-analysis,A PROTECTED MATURE,Authored/expansion,general-economics-final-maturation,phaseQH7-principles-micro-human-read-curation-v1,False,True,False,boss,general; macro; micro
P77-PVN-MEDIUMB-028,positive-versus-normative-analysis,A PROTECTED MATURE,Authored/expansion,general-economics-final-maturation,phaseQH7-principles-micro-human-read-curation-v1,False,True,False,boss,general; macro; micro
P77-PVN-MEDIUMB-029,positive-versus-normative-analysis,A PROTECTED MATURE,Authored/expansion,general-economics-final-maturation,phaseQH7-principles-micro-human-read-curation-v1,False,True,False,boss,general; macro; micro
P77-PVN-MEDIUMB-030,positive-versus-normative-analysis,A PROTECTED MATURE,Authored/expansion,general-economics-final-maturation,phaseQH7-principles-micro-human-read-curation-v1,False,True,False,boss,general; macro; micro
ECON-MG-LEGENDARYBOSS-9119,positive-versus-normative-analysis,A PROTECTED MATURE,Market Gate: documented later descendant,market-gate,phase7.7-general-economics-final-maturation-v1,True,True,False,legendaryBoss,general; macro; micro
ECON-MG-LEGENDARYBOSS-9120,positive-versus-normative-analysis,A PROTECTED MATURE,Market Gate: documented later descendant,market-gate,,True,True,False,legendaryBoss,general; macro; micro
P77-PVN-LB-034,positive-versus-normative-analysis,A PROTECTED MATURE,Authored/expansion,general-economics-final-maturation,phase7.7-general-economics-final-maturation-v1,False,True,False,legendaryBoss,general; macro; micro
ECON-MG-POSITIVE-VS-NORMATIVE-5012,positive-versus-normative-analysis,A PROTECTED MATURE,Market Gate: no later curation recorded,market-gate,,True,True,False,repair,general; macro; micro
ECON-MG-POSITIVE-VS-NORMATIVE-5013,positive-versus-normative-analysis,A PROTECTED MATURE,Market Gate: documented later descendant,market-gate,phase7.7-general-economics-final-maturation-v1,True,True,False,repair,general; macro; micro
P77-PVN-R-035,positive-versus-normative-analysis,A PROTECTED MATURE,Authored/expansion,general-economics-final-maturation,phaseQH7-principles-micro-human-read-curation-v1,False,True,False,repair,general; macro; micro
P77-PVN-R-036,positive-versus-normative-analysis,A PROTECTED MATURE,Authored/expansion,general-economics-final-maturation,phaseQH7-principles-micro-human-read-curation-v1,False,True,False,repair,general; macro; micro
P77-PVN-R-037,positive-versus-normative-analysis,A PROTECTED MATURE,Authored/expansion,general-economics-final-maturation,phaseQH7-principles-micro-human-read-curation-v1,False,True,False,repair,general; macro; micro
P77-PVN-R-038,positive-versus-normative-analysis,A PROTECTED MATURE,Authored/expansion,general-economics-final-maturation,phaseQH7-principles-micro-human-read-curation-v1,False,True,False,repair,general; macro; micro
ECON-MG-POSITIVE-VS-NORMATIVE-6022,positive-versus-normative-analysis,A PROTECTED MATURE,Market Gate: documented later descendant,market-gate,phaseQH7-principles-micro-human-read-curation-v1,True,True,False,bridge,general; macro; micro
ECON-MG-POSITIVE-VS-NORMATIVE-6023,positive-versus-normative-analysis,A PROTECTED MATURE,Market Gate: documented later descendant,market-gate,phase7.7-general-economics-final-maturation-v1,True,True,False,bridge,general; macro; micro
P77-PVN-BR-039,positive-versus-normative-analysis,A PROTECTED MATURE,Authored/expansion,general-economics-final-maturation,phaseQH7-principles-micro-human-read-curation-v1,False,True,False,bridge,general; macro; micro
P77-PVN-BR-040,positive-versus-normative-analysis,A PROTECTED MATURE,Authored/expansion,general-economics-final-maturation,phaseQH7-principles-micro-human-read-curation-v1,False,True,False,bridge,general; macro; micro
ECON-MG-EASY-20,production-possibilities-frontier,A PROTECTED MATURE,Market Gate: documented later descendant,market-gate,phaseQH5-foundations-curation-graph-evidence-v1,True,True,False,main,general; macro; micro
ECON-MG-EASY-21,production-possibilities-frontier,A PROTECTED MATURE,Market Gate: documented later descendant,market-gate,phase7.7-general-economics-final-maturation-v1,True,True,False,main,general; macro; micro
ECON-MG-EASY-22,production-possibilities-frontier,A PROTECTED MATURE,Market Gate: documented later descendant,market-gate,phaseQH5-foundations-curation-graph-evidence-v1,True,True,False,main,general; macro; micro
ECON-MG-EASY-23,production-possibilities-frontier,A PROTECTED MATURE,Market Gate: documented later descendant,market-gate,phaseQH5-foundations-curation-graph-evidence-v1,True,True,False,main,general; macro; micro
ECON-MG-EASY-24,production-possibilities-frontier,A PROTECTED MATURE,Market Gate: no later curation recorded,market-gate,,True,True,False,main,general; macro; micro
ECON-MG-EASY-25,production-possibilities-frontier,A PROTECTED MATURE,Market Gate: documented later descendant,market-gate,phase7.7-general-economics-final-maturation-v1,True,True,False,main,general; macro; micro
ECON-MG-EASY-26,production-possibilities-frontier,A PROTECTED MATURE,Market Gate: documented later descendant,market-gate,phase7.7-general-economics-final-maturation-v1,True,True,False,main,general; macro; micro
ECON-MG-EASY-27,production-possibilities-frontier,A PROTECTED MATURE,Market Gate: documented later descendant,market-gate,phase7.7-general-economics-final-maturation-v1,True,True,False,main,general; macro; micro
ECON-MG-LEGENDARY-9083,production-possibilities-frontier,A PROTECTED MATURE,Market Gate: no later curation recorded,market-gate,,True,True,False,main,general; macro; micro
ECON-MG-HARD-206,production-possibilities-frontier,A PROTECTED MATURE,Market Gate: no later curation recorded,market-gate,,True,True,False,main,general; macro; micro
ECON-MG-MEDIUM-109,production-possibilities-frontier,A PROTECTED MATURE,Market Gate: no later curation recorded,market-gate,,True,True,False,main,general; macro; micro
ECON-MG-MEDIUM-110,production-possibilities-frontier,A PROTECTED MATURE,Market Gate: documented later descendant,market-gate,phase7.7-general-economics-final-maturation-v1,True,True,False,main,general; macro; micro
ECON-MG-MEDIUM-111,production-possibilities-frontier,A PROTECTED MATURE,Market Gate: documented later descendant,market-gate,phase7.7-general-economics-final-maturation-v1,True,True,False,main,general; macro; micro
ECON-MG-MEDIUM-112,production-possibilities-frontier,A PROTECTED MATURE,Market Gate: documented later descendant,market-gate,phase7.7-general-economics-final-maturation-v1,True,True,False,main,general; macro; micro
ECON-MG-MEDIUM-150,production-possibilities-frontier,A PROTECTED MATURE,Market Gate: documented later descendant,market-gate,phaseQH7-principles-micro-human-read-curation-v1,True,True,False,main,general; macro; micro
ECON-MG-MEDIUM-151,production-possibilities-frontier,A PROTECTED MATURE,Market Gate: documented later descendant,market-gate,phaseQH5-foundations-curation-graph-evidence-v1,True,True,False,main,general; macro; micro
ECON-MG-MEDIUM-152,production-possibilities-frontier,A PROTECTED MATURE,Market Gate: documented later descendant,market-gate,phaseQH5-foundations-curation-graph-evidence-v1,True,True,False,main,general; macro; micro
ECON-MG-MEDIUM-157,production-possibilities-frontier,A PROTECTED MATURE,Market Gate: documented later descendant,market-gate,phaseQH5-foundations-curation-graph-evidence-v1,True,True,False,main,general; macro; micro
ECON-MG-MEDIUM-158,production-possibilities-frontier,A PROTECTED MATURE,Market Gate: documented later descendant,market-gate,phaseQH5-foundations-curation-graph-evidence-v1,True,True,False,main,general; macro; micro
40000,production-possibilities-frontier,A PROTECTED MATURE,Market Gate: documented later descendant,market-gate,phaseQH5-foundations-curation-graph-evidence-v1,True,True,False,main,general; macro; micro
ECON-MG-HARD-213,production-possibilities-frontier,A PROTECTED MATURE,Market Gate: documented later descendant,market-gate,phaseQH7-principles-micro-human-read-curation-v1,True,True,False,main,general; macro; micro
ECON-MG-HARD-208,production-possibilities-frontier,A PROTECTED MATURE,Market Gate: documented later descendant,market-gate,phase7.7-general-economics-final-maturation-v1,True,True,False,main,general; macro; micro
ECON-MG-ELITE-330,production-possibilities-frontier,A PROTECTED MATURE,Market Gate: documented later descendant,market-gate,phase7.7-general-economics-final-maturation-v1,True,True,False,main,general; macro; micro
ECON-MG-ELITE-331,production-possibilities-frontier,A PROTECTED MATURE,Market Gate: documented later descendant,market-gate,phaseQH7-principles-micro-human-read-curation-v1,True,True,False,main,general; macro; micro
ECON-MG-LEGENDARY-9009,production-possibilities-frontier,A PROTECTED MATURE,Market Gate: documented later descendant,market-gate,phaseQH7-principles-micro-human-read-curation-v1,True,True,False,main,general; macro; micro
ECON-MG-LEGENDARY-9010,production-possibilities-frontier,A PROTECTED MATURE,Market Gate: documented later descendant,market-gate,phaseQH7-principles-micro-human-read-curation-v1,True,True,False,main,general; macro; micro
40002,production-possibilities-frontier,A PROTECTED MATURE,Market Gate: documented later descendant,market-gate,phaseQH5-foundations-curation-graph-evidence-v1,True,True,False,main,general; macro; micro
ECON-MG-HARD-207,production-possibilities-frontier,A PROTECTED MATURE,Market Gate: documented later descendant,market-gate,phase7.7-general-economics-final-maturation-v1,True,True,False,main,general; macro; micro
ECON-MG-HARD-209,production-possibilities-frontier,A PROTECTED MATURE,Market Gate: documented later descendant,market-gate,phase7.7-general-economics-final-maturation-v1,True,True,False,main,general; macro; micro
ECON-MG-HARD-253,production-possibilities-frontier,A PROTECTED MATURE,Market Gate: documented later descendant,market-gate,phaseQH5-foundations-curation-graph-evidence-v1,True,True,False,main,general; macro; micro
ECON-MG-HARD-254,production-possibilities-frontier,A PROTECTED MATURE,Market Gate: documented later descendant,market-gate,phaseQH5-foundations-curation-graph-evidence-v1,True,True,False,main,general; macro; micro
ECON-MG-HARD-256,production-possibilities-frontier,A PROTECTED MATURE,Market Gate: documented later descendant,market-gate,phaseQH5-foundations-curation-graph-evidence-v1,True,True,False,main,general; macro; micro
ECON-MG-HARD-257,production-possibilities-frontier,A PROTECTED MATURE,Market Gate: documented later descendant,market-gate,phaseQH5-foundations-curation-graph-evidence-v1,True,True,False,main,general; macro; micro
40001,production-possibilities-frontier,A PROTECTED MATURE,Market Gate: documented later descendant,market-gate,phaseQH5-foundations-curation-graph-evidence-v1,True,True,False,main,general; macro; micro
40003,production-possibilities-frontier,A PROTECTED MATURE,Market Gate: documented later descendant,market-gate,phaseQH5-foundations-curation-graph-evidence-v1,True,True,False,main,general; macro; micro
ECON-MG-ELITE-327,production-possibilities-frontier,A PROTECTED MATURE,Market Gate: documented later descendant,market-gate,phaseQH7-principles-micro-human-read-curation-v1,True,True,False,main,general; macro; micro
ECON-MG-ELITE-328,production-possibilities-frontier,A PROTECTED MATURE,Market Gate: documented later descendant,market-gate,phase7.7-general-economics-final-maturation-v1,True,True,False,main,general; macro; micro
ECON-MG-ELITE-329,production-possibilities-frontier,A PROTECTED MATURE,Market Gate: documented later descendant,market-gate,phase7.7-general-economics-final-maturation-v1,True,True,False,main,general; macro; micro
ECON-MG-LEGENDARY-9004,production-possibilities-frontier,A PROTECTED MATURE,Market Gate: documented later descendant,market-gate,phaseQH5-foundations-curation-graph-evidence-v1,True,True,False,main,general; macro; micro
40004,production-possibilities-frontier,A PROTECTED MATURE,Market Gate: documented later descendant,market-gate,phaseQH5-foundations-curation-graph-evidence-v1,True,True,False,main,general; macro; micro
ECON-EC-LEGENDARY-14007,production-possibilities-frontier,A PROTECTED MATURE,Other imported bank,equilibrium-crisis,phaseQH5-foundations-curation-graph-evidence-v1,False,True,False,legendary,general; macro; micro
ECON-MG-LEGENDARY-9000,production-possibilities-frontier,A PROTECTED MATURE,Market Gate: documented later descendant,market-gate,phaseQH5-foundations-curation-graph-evidence-v1,True,True,False,legendary,general; macro; micro
ECON-MG-LEGENDARY-9001,production-possibilities-frontier,A PROTECTED MATURE,Market Gate: documented later descendant,market-gate,phaseQH5-foundations-curation-graph-evidence-v1,True,True,False,legendary,general; macro; micro
ECON-MG-LEGENDARY-9002,production-possibilities-frontier,A PROTECTED MATURE,Market Gate: documented later descendant,market-gate,phaseQH5-foundations-curation-graph-evidence-v1,True,True,False,legendary,general; macro; micro
ECON-MG-LEGENDARY-9003,production-possibilities-frontier,A PROTECTED MATURE,Market Gate: documented later descendant,market-gate,phaseQH5-foundations-curation-graph-evidence-v1,True,True,False,legendary,general; macro; micro
ECON-MG-LEGENDARY-9005,production-possibilities-frontier,A PROTECTED MATURE,Market Gate: documented later descendant,market-gate,phase7.7-general-economics-final-maturation-v1,True,True,False,legendary,general; macro; micro
ECON-MG-LEGENDARY-9006,production-possibilities-frontier,A PROTECTED MATURE,Market Gate: documented later descendant,market-gate,phase7.7-general-economics-final-maturation-v1,True,True,False,legendary,general; macro; micro
ECON-MG-LEGENDARY-9008,production-possibilities-frontier,A PROTECTED MATURE,Market Gate: no later curation recorded,market-gate,,True,True,False,legendary,general; macro; micro
ECON-MG-LEGENDARY-9014,production-possibilities-frontier,A PROTECTED MATURE,Market Gate: documented later descendant,market-gate,phase7.7-general-economics-final-maturation-v1,True,True,False,legendary,general; macro; micro
40005,production-possibilities-frontier,A PROTECTED MATURE,Market Gate: documented later descendant,market-gate,phaseQH5-foundations-curation-graph-evidence-v1,True,True,False,main,general; macro; micro
ECON-MG-EASY-28,production-possibilities-frontier,A PROTECTED MATURE,Market Gate: no later curation recorded,market-gate,,True,True,False,calculation,general; macro; micro
ECON-MG-HARD-204,production-possibilities-frontier,A PROTECTED MATURE,Market Gate: documented later descendant,market-gate,phase7.7-general-economics-final-maturation-v1,True,True,False,calculation,general; macro; micro
ECON-MG-HARD-205,production-possibilities-frontier,A PROTECTED MATURE,Market Gate: documented later descendant,market-gate,phase7.7-general-economics-final-maturation-v1,True,True,False,calculation,general; macro; micro
ECON-MG-HARD-250,production-possibilities-frontier,A PROTECTED MATURE,Market Gate: documented later descendant,market-gate,phaseQH5-foundations-curation-graph-evidence-v1,True,True,False,calculation,general; macro; micro
ECON-MG-HARD-251,production-possibilities-frontier,A PROTECTED MATURE,Market Gate: documented later descendant,market-gate,phaseQH5-foundations-curation-graph-evidence-v1,True,True,False,calculation,general; macro; micro
ECON-MG-HARD-252,production-possibilities-frontier,A PROTECTED MATURE,Market Gate: documented later descendant,market-gate,phaseQH5-foundations-curation-graph-evidence-v1,True,True,False,calculation,general; macro; micro
ECON-MG-HARD-255,production-possibilities-frontier,A PROTECTED MATURE,Market Gate: documented later descendant,market-gate,phaseQH5-foundations-curation-graph-evidence-v1,True,True,False,calculation,general; macro; micro
ECON-MG-MEDIUM-153,production-possibilities-frontier,A PROTECTED MATURE,Market Gate: documented later descendant,market-gate,phaseQH5-foundations-curation-graph-evidence-v1,True,True,False,calculation,general; macro; micro
ECON-MG-MEDIUM-154,production-possibilities-frontier,A PROTECTED MATURE,Market Gate: documented later descendant,market-gate,phaseQH5-foundations-curation-graph-evidence-v1,True,True,False,calculation,general; macro; micro
ECON-MG-MEDIUM-155,production-possibilities-frontier,A PROTECTED MATURE,Market Gate: documented later descendant,market-gate,phaseQH5-foundations-curation-graph-evidence-v1,True,True,False,calculation,general; macro; micro
ECON-MG-MEDIUM-156,production-possibilities-frontier,A PROTECTED MATURE,Market Gate: documented later descendant,market-gate,phaseQH5-foundations-curation-graph-evidence-v1,True,True,False,calculation,general; macro; micro
ECON-MG-EASYBOSS-2009,production-possibilities-frontier,A PROTECTED MATURE,Market Gate: documented later descendant,market-gate,phase7.7-general-economics-final-maturation-v1,True,True,False,boss,general; macro; micro
ECON-MG-EASYBOSS-2010,production-possibilities-frontier,A PROTECTED MATURE,Market Gate: documented later descendant,market-gate,phaseQH7-principles-micro-human-read-curation-v1,True,True,False,boss,general; macro; micro
ECON-MG-EASYBOSS-2011,production-possibilities-frontier,A PROTECTED MATURE,Market Gate: no later curation recorded,market-gate,,True,True,False,boss,general; macro; micro
P52B-S4-PPF-B2-001,production-possibilities-frontier,A PROTECTED MATURE,Authored/expansion,phase5.2b-stage4-rescue,,False,True,False,boss,general; macro; micro
P52B-S4-PPF-B2-002,production-possibilities-frontier,A PROTECTED MATURE,Authored/expansion,phase5.2b-stage4-rescue,,False,True,False,boss,general; macro; micro
P52B-S4-PPF-B2-003,production-possibilities-frontier,A PROTECTED MATURE,Authored/expansion,phase5.2b-stage4-rescue,,False,True,False,boss,general; macro; micro
P52B-S4-PPF-B3-001,production-possibilities-frontier,A PROTECTED MATURE,Authored/expansion,phase5.2b-stage4-rescue,phaseQH7-principles-micro-human-read-curation-v1,False,True,False,boss,general; macro; micro
P52B-S4-PPF-B3-002,production-possibilities-frontier,A PROTECTED MATURE,Authored/expansion,phase5.2b-stage4-rescue,phase7.7-general-economics-final-maturation-v1,False,True,False,boss,general; macro; micro
P52B-S4-PPF-B3-003,production-possibilities-frontier,A PROTECTED MATURE,Authored/expansion,phase5.2b-stage4-rescue,phase7.7-general-economics-final-maturation-v1,False,True,False,boss,general; macro; micro
ECON-MG-LEGENDARYBOSS-9115,production-possibilities-frontier,A PROTECTED MATURE,Market Gate: documented later descendant,market-gate,phase7.7-general-economics-final-maturation-v1,True,True,False,legendaryBoss,general; macro; micro
ECON-MG-LEGENDARYBOSS-9116,production-possibilities-frontier,A PROTECTED MATURE,Market Gate: documented later descendant,market-gate,phaseQH7-principles-micro-human-read-curation-v1,True,True,False,legendaryBoss,general; macro; micro
ECON-MG-LEGENDARYBOSS-9117,production-possibilities-frontier,A PROTECTED MATURE,Market Gate: documented later descendant,market-gate,phaseQH7-principles-micro-human-read-curation-v1,True,True,False,legendaryBoss,general; macro; micro
P77-PPF-LB-006,production-possibilities-frontier,A PROTECTED MATURE,Authored/expansion,general-economics-final-maturation,phaseQH7-principles-micro-human-read-curation-v1,False,True,False,legendaryBoss,general; macro; micro
P77-PPF-LB-007,production-possibilities-frontier,A PROTECTED MATURE,Authored/expansion,general-economics-final-maturation,phaseQH5-foundations-curation-graph-evidence-v1,False,True,False,legendaryBoss,general; macro; micro
ECON-MG-PPF-OPPORTUNITY-COST-5010,production-possibilities-frontier,A PROTECTED MATURE,Market Gate: no later curation recorded,market-gate,,True,True,False,repair,general; macro; micro
ECON-MG-PPF-OPPORTUNITY-COST-5011,production-possibilities-frontier,A PROTECTED MATURE,Market Gate: documented later descendant,market-gate,phaseQH5-foundations-curation-graph-evidence-v1,True,True,False,repair,general; macro; micro
P52B-S4-PPF-R-001,production-possibilities-frontier,A PROTECTED MATURE,Authored/expansion,phase5.2b-stage4-rescue,,False,True,False,repair,general; macro; micro
P77-PPF-R-002,production-possibilities-frontier,A PROTECTED MATURE,Authored/expansion,general-economics-final-maturation,phaseQH7-principles-micro-human-read-curation-v1,False,True,False,repair,general; macro; micro
P77-PPF-R-003,production-possibilities-frontier,A PROTECTED MATURE,Authored/expansion,general-economics-final-maturation,phaseQH7-principles-micro-human-read-curation-v1,False,True,False,repair,general; macro; micro
P77-PPF-R-004,production-possibilities-frontier,A PROTECTED MATURE,Authored/expansion,general-economics-final-maturation,phaseQH7-principles-micro-human-read-curation-v1,False,True,False,repair,general; macro; micro
P77-PPF-R-005,production-possibilities-frontier,A PROTECTED MATURE,Authored/expansion,general-economics-final-maturation,phaseQH7-principles-micro-human-read-curation-v1,False,True,False,repair,general; macro; micro
ECON-MG-INCREASING-OPPORTUNITY-COST-6020,production-possibilities-frontier,A PROTECTED MATURE,Market Gate: no later curation recorded,market-gate,,True,True,False,bridge,general; macro; micro
ECON-MG-INCREASING-OPPORTUNITY-COST-6021,production-possibilities-frontier,A PROTECTED MATURE,Market Gate: documented later descendant,market-gate,phase7.7-general-economics-final-maturation-v1,True,True,False,bridge,general; macro; micro
ECON-MG-PPF-EFFICIENCY-STATUS-6016,production-possibilities-frontier,A PROTECTED MATURE,Market Gate: documented later descendant,market-gate,phase7.7-general-economics-final-maturation-v1,True,True,False,bridge,general; macro; micro
ECON-MG-PPF-EFFICIENCY-STATUS-6017,production-possibilities-frontier,A PROTECTED MATURE,Market Gate: documented later descendant,market-gate,phase7.7-general-economics-final-maturation-v1,True,True,False,bridge,general; macro; micro
ECON-MG-PPF-GROWTH-6018,production-possibilities-frontier,A PROTECTED MATURE,Market Gate: no later curation recorded,market-gate,,True,True,False,bridge,general; macro; micro
ECON-MG-PPF-GROWTH-6019,production-possibilities-frontier,A PROTECTED MATURE,Market Gate: documented later descendant,market-gate,phaseQH7-principles-micro-human-read-curation-v1,True,True,False,bridge,general; macro; micro
ECON-MG-PPF-OPPORTUNITY-COST-6014,production-possibilities-frontier,A PROTECTED MATURE,Market Gate: documented later descendant,market-gate,phase7.7-general-economics-final-maturation-v1,True,True,False,bridge,general; macro; micro
ECON-MG-PPF-OPPORTUNITY-COST-6015,production-possibilities-frontier,A PROTECTED MATURE,Market Gate: documented later descendant,market-gate,phase7.7-general-economics-final-maturation-v1,True,True,False,bridge,general; macro; micro
ECON-NL-EASY-46,productivity-measurement,D NO ISSUE DETECTED,Other imported bank,national-ledger,,False,False,False,main,macro
ECON-NL-EASY-47,productivity-measurement,D NO ISSUE DETECTED,Other imported bank,national-ledger,,False,False,False,main,macro
PM2B3-PROD-E-001,productivity-measurement,A PROTECTED MATURE,Authored/expansion,macro-m2b3-growth-productivity-family,phaseM2b3-growth-productivity-family-maturation-v1,False,False,True,easy,macro
PM2B3-PROD-E-002,productivity-measurement,A PROTECTED MATURE,Authored/expansion,macro-m2b3-growth-productivity-family,phaseM2b3-growth-productivity-family-maturation-v1,False,False,True,easy,macro
PM2B3-PROD-E-003,productivity-measurement,A PROTECTED MATURE,Authored/expansion,macro-m2b3-growth-productivity-family,phaseM2b3-growth-productivity-family-maturation-v1,False,False,True,easy,macro
PM2B3-PROD-E-004,productivity-measurement,A PROTECTED MATURE,Authored/expansion,macro-m2b3-growth-productivity-family,phaseM2b3-growth-productivity-family-maturation-v1,False,False,True,easy,macro
ECON-NL-MEDIUM-147,productivity-measurement,D NO ISSUE DETECTED,Other imported bank,national-ledger,,False,False,False,main,macro
ECON-NL-MEDIUM-148,productivity-measurement,D NO ISSUE DETECTED,Other imported bank,national-ledger,,False,False,False,main,macro
PM2B3-PROD-M-001,productivity-measurement,A PROTECTED MATURE,Authored/expansion,macro-m2b3-growth-productivity-family,phaseM2b3-growth-productivity-family-maturation-v1,False,False,True,medium,macro
PM2B3-PROD-M-002,productivity-measurement,A PROTECTED MATURE,Authored/expansion,macro-m2b3-growth-productivity-family,phaseM2b3-growth-productivity-family-maturation-v1,False,False,True,medium,macro
PM2B3-PROD-M-003,productivity-measurement,A PROTECTED MATURE,Authored/expansion,macro-m2b3-growth-productivity-family,phaseM2b3-growth-productivity-family-maturation-v1,False,False,True,medium,macro
PM2B3-PROD-M-004,productivity-measurement,A PROTECTED MATURE,Authored/expansion,macro-m2b3-growth-productivity-family,phaseM2b3-growth-productivity-family-maturation-v1,False,False,True,medium,macro
ECON-NL-HARD-247,productivity-measurement,D NO ISSUE DETECTED,Other imported bank,national-ledger,,False,False,False,main,macro
PM2B3-PROD-H-002,productivity-measurement,A PROTECTED MATURE,Authored/expansion,macro-m2b3-growth-productivity-family,phaseM2b3-growth-productivity-family-maturation-v1,False,False,True,hard,macro
PM2B3-PROD-H-004,productivity-measurement,A PROTECTED MATURE,Authored/expansion,macro-m2b3-growth-productivity-family,phaseM2b3-growth-productivity-family-maturation-v1,False,False,True,hard,macro
ECON-NL-ELITE-346,productivity-measurement,D NO ISSUE DETECTED,Other imported bank,national-ledger,,False,False,False,elite,macro
ECON-NL-ELITE-347,productivity-measurement,D NO ISSUE DETECTED,Other imported bank,national-ledger,,False,False,False,elite,macro
ECON-NL-LEGENDARY-9052,productivity-measurement,D NO ISSUE DETECTED,Other imported bank,national-ledger,,False,False,False,legendary,macro
PM2B3-PROD-L-002,productivity-measurement,A PROTECTED MATURE,Authored/expansion,macro-m2b3-growth-productivity-family,phaseM2b3-growth-productivity-family-maturation-v1,False,False,True,legendary,macro
ECON-NL-HARD-246,productivity-measurement,D NO ISSUE DETECTED,Other imported bank,national-ledger,,False,False,False,main,macro
PM2B3-PROD-H-001,productivity-measurement,A PROTECTED MATURE,Authored/expansion,macro-m2b3-growth-productivity-family,phaseM2b3-growth-productivity-family-maturation-v1,False,False,True,hard,macro
PM2B3-PROD-H-003,productivity-measurement,A PROTECTED MATURE,Authored/expansion,macro-m2b3-growth-productivity-family,phaseM2b3-growth-productivity-family-maturation-v1,False,False,True,hard,macro
ECON-NL-ELITE-345,productivity-measurement,D NO ISSUE DETECTED,Other imported bank,national-ledger,,False,False,False,elite,macro
ECON-NL-ELITE-348,productivity-measurement,D NO ISSUE DETECTED,Other imported bank,national-ledger,,False,False,False,elite,macro
PM2B3-PROD-L-001,productivity-measurement,A PROTECTED MATURE,Authored/expansion,macro-m2b3-growth-productivity-family,phaseM2b3-growth-productivity-family-maturation-v1,False,False,True,legendary,macro
ECON-NL-LEGENDARY-9050,productivity-measurement,D NO ISSUE DETECTED,Other imported bank,national-ledger,,False,False,False,legendary,macro
ECON-NL-LEGENDARY-9051,productivity-measurement,D NO ISSUE DETECTED,Other imported bank,national-ledger,,False,False,False,legendary,macro
ECON-NL-LEGENDARY-9053,productivity-measurement,D NO ISSUE DETECTED,Other imported bank,national-ledger,,False,False,False,legendary,macro
ECON-NL-LEGENDARY-9066,productivity-measurement,D NO ISSUE DETECTED,Other imported bank,national-ledger,,False,False,False,legendary,macro
ECON-NL-EASY-48,productivity-measurement,D NO ISSUE DETECTED,Other imported bank,national-ledger,,False,False,False,calculation,macro
ECON-NL-EASY-49,productivity-measurement,D NO ISSUE DETECTED,Other imported bank,national-ledger,,False,False,False,calculation,macro
ECON-NL-HARD-245,productivity-measurement,D NO ISSUE DETECTED,Other imported bank,national-ledger,,False,False,False,calculation,macro
ECON-NL-HARD-248,productivity-measurement,D NO ISSUE DETECTED,Other imported bank,national-ledger,,False,False,False,calculation,macro
ECON-NL-MEDIUM-145,productivity-measurement,D NO ISSUE DETECTED,Other imported bank,national-ledger,,False,False,False,calculation,macro
ECON-NL-MEDIUM-146,productivity-measurement,D NO ISSUE DETECTED,Other imported bank,national-ledger,,False,False,False,calculation,macro
ECON-NL-MEDIUMBOSS-3006,productivity-measurement,D NO ISSUE DETECTED,Other imported bank,national-ledger,,False,False,False,boss,macro
ECON-NL-MEDIUMBOSS-3007,productivity-measurement,D NO ISSUE DETECTED,Other imported bank,national-ledger,,False,False,False,boss,macro
ECON-NL-MEDIUMBOSS-3008,productivity-measurement,D NO ISSUE DETECTED,Other imported bank,national-ledger,,False,False,False,boss,macro
ECON-NL-MEDIUMBOSS-3009,productivity-measurement,D NO ISSUE DETECTED,Other imported bank,national-ledger,,False,False,False,boss,macro
ECON-NL-MEDIUMBOSS-3010,productivity-measurement,D NO ISSUE DETECTED,Other imported bank,national-ledger,,False,False,False,boss,macro
ECON-NL-MEDIUMBOSS-3011,productivity-measurement,D NO ISSUE DETECTED,Other imported bank,national-ledger,,False,False,False,boss,macro
PM2B3-PROD-EB-001,productivity-measurement,C FACULTY-REVIEW CANDIDATE,Authored/expansion,macro-m2b3-growth-productivity-family,phaseM2b3-growth-productivity-family-maturation-v1,False,False,True,boss,macro
PM2B3-PROD-EB-002,productivity-measurement,A PROTECTED MATURE,Authored/expansion,macro-m2b3-growth-productivity-family,phaseM2b3-growth-productivity-family-maturation-v1,False,False,True,boss,macro
PM2B3-PROD-EB-003,productivity-measurement,A PROTECTED MATURE,Authored/expansion,macro-m2b3-growth-productivity-family,phaseM2b3-growth-productivity-family-maturation-v1,False,False,True,boss,macro
PM2B3-PROD-FB-004,productivity-measurement,A PROTECTED MATURE,Authored/expansion,macro-m2b3-growth-productivity-family,phaseM2b3-growth-productivity-family-maturation-v1,False,False,True,boss,macro
PM2B3-PROD-FB-005,productivity-measurement,A PROTECTED MATURE,Authored/expansion,macro-m2b3-growth-productivity-family,phaseM2b3-growth-productivity-family-maturation-v1,False,False,True,boss,macro
PM2B3-PROD-FB-006,productivity-measurement,A PROTECTED MATURE,Authored/expansion,macro-m2b3-growth-productivity-family,phaseM2b3-growth-productivity-family-maturation-v1,False,False,True,boss,macro
ECON-NL-LEGENDARYBOSS-9118,productivity-measurement,D NO ISSUE DETECTED,Other imported bank,national-ledger,,False,False,False,legendaryBoss,macro
PM2B3-PROD-LB-001,productivity-measurement,A PROTECTED MATURE,Authored/expansion,macro-m2b3-growth-productivity-family,phaseM2b3-growth-productivity-family-maturation-v1,False,False,True,legendaryBoss,macro
PM2B3-PROD-LB-002,productivity-measurement,A PROTECTED MATURE,Authored/expansion,macro-m2b3-growth-productivity-family,phaseM2b3-growth-productivity-family-maturation-v1,False,False,True,legendaryBoss,macro
ECON-NL-PRODUCTIVITY-CALCULATION-5036,productivity-measurement,D NO ISSUE DETECTED,Other imported bank,national-ledger,,False,False,False,repair,macro
ECON-NL-PRODUCTIVITY-CALCULATION-5037,productivity-measurement,D NO ISSUE DETECTED,Other imported bank,national-ledger,,False,False,False,repair,macro
ECON-NL-PRODUCTIVITY-CALCULATION-6018,productivity-measurement,D NO ISSUE DETECTED,Other imported bank,national-ledger,,False,False,False,bridge,macro
ECON-SP-EASY-13,quantity-theory-of-money,D NO ISSUE DETECTED,Other imported bank,stabilization-protocol,,False,False,False,main,macro
ECON-SP-EASY-15,quantity-theory-of-money,D NO ISSUE DETECTED,Other imported bank,stabilization-protocol,,False,False,False,main,macro
ECON-SP-EASY-16,quantity-theory-of-money,D NO ISSUE DETECTED,Other imported bank,stabilization-protocol,,False,False,False,main,macro
LG-Q-18,quantity-theory-of-money,D NO ISSUE DETECTED,Other imported bank,liquidity-grid,,False,False,False,main,macro
LG-Q-19,quantity-theory-of-money,D NO ISSUE DETECTED,Other imported bank,liquidity-grid,,False,False,False,main,macro
LG-Q-20,quantity-theory-of-money,D NO ISSUE DETECTED,Other imported bank,liquidity-grid,,False,False,False,main,macro
LG-Q-21,quantity-theory-of-money,D NO ISSUE DETECTED,Other imported bank,liquidity-grid,,False,False,False,main,macro
LG-Q-22,quantity-theory-of-money,D NO ISSUE DETECTED,Other imported bank,liquidity-grid,,False,False,False,main,macro
LG-Q-23,quantity-theory-of-money,D NO ISSUE DETECTED,Other imported bank,liquidity-grid,,False,False,False,main,macro
LG-Q-229,quantity-theory-of-money,D NO ISSUE DETECTED,Other imported bank,liquidity-grid,,False,False,False,main,macro
LG-Q-9050,quantity-theory-of-money,D NO ISSUE DETECTED,Other imported bank,liquidity-grid,,False,False,False,legendary,macro
ECON-SP-MEDIUM-111,quantity-theory-of-money,D NO ISSUE DETECTED,Other imported bank,stabilization-protocol,,False,False,False,main,macro
LG-Q-126,quantity-theory-of-money,D NO ISSUE DETECTED,Other imported bank,liquidity-grid,,False,False,False,main,macro
LG-Q-127,quantity-theory-of-money,D NO ISSUE DETECTED,Other imported bank,liquidity-grid,,False,False,False,main,macro
LG-Q-128,quantity-theory-of-money,D NO ISSUE DETECTED,Other imported bank,liquidity-grid,,False,False,False,main,macro
LG-Q-129,quantity-theory-of-money,D NO ISSUE DETECTED,Other imported bank,liquidity-grid,,False,False,False,main,macro
LG-Q-131,quantity-theory-of-money,D NO ISSUE DETECTED,Other imported bank,liquidity-grid,,False,False,False,main,macro
LG-Q-133,quantity-theory-of-money,D NO ISSUE DETECTED,Other imported bank,liquidity-grid,,False,False,False,main,macro
LG-Q-228,quantity-theory-of-money,D NO ISSUE DETECTED,Other imported bank,liquidity-grid,,False,False,False,main,macro
LG-Q-230,quantity-theory-of-money,D NO ISSUE DETECTED,Other imported bank,liquidity-grid,,False,False,False,main,macro
P52B-S4-QTM-H-001,quantity-theory-of-money,D NO ISSUE DETECTED,Authored/expansion,phase5.2b-stage4-rescue,,False,False,False,main,macro
LG-Q-330,quantity-theory-of-money,D NO ISSUE DETECTED,Other imported bank,liquidity-grid,,False,False,False,elite,macro
LG-Q-334,quantity-theory-of-money,A PROTECTED MATURE,Other imported bank,liquidity-grid,,False,False,True,elite,macro
LG-Q-335,quantity-theory-of-money,D NO ISSUE DETECTED,Other imported bank,liquidity-grid,,False,False,False,elite,macro
LG-Q-353,quantity-theory-of-money,D NO ISSUE DETECTED,Other imported bank,liquidity-grid,,False,False,False,elite,macro
LG-Q-9025,quantity-theory-of-money,D NO ISSUE DETECTED,Other imported bank,liquidity-grid,,False,False,False,legendary,macro
LG-Q-9026,quantity-theory-of-money,D NO ISSUE DETECTED,Other imported bank,liquidity-grid,,False,False,False,legendary,macro
LG-Q-9027,quantity-theory-of-money,A PROTECTED MATURE,Other imported bank,liquidity-grid,,False,False,True,legendary,macro
LG-Q-9028,quantity-theory-of-money,D NO ISSUE DETECTED,Other imported bank,liquidity-grid,,False,False,False,legendary,macro
LG-Q-9049,quantity-theory-of-money,D NO ISSUE DETECTED,Other imported bank,liquidity-grid,,False,False,False,legendary,macro
LG-Q-255,quantity-theory-of-money,D NO ISSUE DETECTED,Other imported bank,liquidity-grid,,False,False,False,main,macro
P52B-S4-QTM-H-002,quantity-theory-of-money,D NO ISSUE DETECTED,Authored/expansion,phase5.2b-stage4-rescue,,False,False,False,main,macro
ECON-SP-ELITE-304,quantity-theory-of-money,D NO ISSUE DETECTED,Other imported bank,stabilization-protocol,,False,False,False,elite,macro
LG-Q-332,quantity-theory-of-money,D NO ISSUE DETECTED,Other imported bank,liquidity-grid,,False,False,False,elite,macro
LG-Q-333,quantity-theory-of-money,D NO ISSUE DETECTED,Other imported bank,liquidity-grid,,False,False,False,elite,macro
LG-Q-337,quantity-theory-of-money,D NO ISSUE DETECTED,Other imported bank,liquidity-grid,,False,False,False,elite,macro
LG-Q-338,quantity-theory-of-money,D NO ISSUE DETECTED,Other imported bank,liquidity-grid,,False,False,False,elite,macro
LG-Q-9030,quantity-theory-of-money,D NO ISSUE DETECTED,Other imported bank,liquidity-grid,,False,False,False,legendary,macro
LG-Q-328,quantity-theory-of-money,D NO ISSUE DETECTED,Other imported bank,liquidity-grid,,False,False,False,elite,macro
LG-Q-329,quantity-theory-of-money,D NO ISSUE DETECTED,Other imported bank,liquidity-grid,,False,False,False,elite,macro
LG-Q-331,quantity-theory-of-money,D NO ISSUE DETECTED,Other imported bank,liquidity-grid,,False,False,False,elite,macro
LG-Q-9029,quantity-theory-of-money,D NO ISSUE DETECTED,Other imported bank,liquidity-grid,,False,False,False,legendary,macro
LG-Q-9031,quantity-theory-of-money,D NO ISSUE DETECTED,Other imported bank,liquidity-grid,,False,False,False,legendary,macro
ECON-SP-HARD-206,quantity-theory-of-money,D NO ISSUE DETECTED,Other imported bank,stabilization-protocol,,False,False,False,calculation,macro
ECON-SP-MEDIUM-110,quantity-theory-of-money,D NO ISSUE DETECTED,Other imported bank,stabilization-protocol,,False,False,False,calculation,macro
ECON-SP-MEDIUM-112,quantity-theory-of-money,D NO ISSUE DETECTED,Other imported bank,stabilization-protocol,,False,False,False,calculation,macro
LG-Q-125,quantity-theory-of-money,D NO ISSUE DETECTED,Other imported bank,liquidity-grid,,False,False,False,calculation,macro
LG-Q-130,quantity-theory-of-money,D NO ISSUE DETECTED,Other imported bank,liquidity-grid,,False,False,False,calculation,macro
LG-Q-132,quantity-theory-of-money,D NO ISSUE DETECTED,Other imported bank,liquidity-grid,,False,False,False,calculation,macro
LG-Q-231,quantity-theory-of-money,D NO ISSUE DETECTED,Other imported bank,liquidity-grid,,False,False,False,calculation,macro
LG-Q-232,quantity-theory-of-money,D NO ISSUE DETECTED,Other imported bank,liquidity-grid,,False,False,False,calculation,macro
LG-Q-233,quantity-theory-of-money,D NO ISSUE DETECTED,Other imported bank,liquidity-grid,,False,False,False,calculation,macro
LG-Q-234,quantity-theory-of-money,D NO ISSUE DETECTED,Other imported bank,liquidity-grid,,False,False,False,calculation,macro
LG-Q-235,quantity-theory-of-money,D NO ISSUE DETECTED,Other imported bank,liquidity-grid,,False,False,False,calculation,macro
LG-Q-24,quantity-theory-of-money,D NO ISSUE DETECTED,Other imported bank,liquidity-grid,,False,False,False,calculation,macro
LG-Q-3000,quantity-theory-of-money,D NO ISSUE DETECTED,Other imported bank,liquidity-grid,,False,False,False,boss,macro
LG-Q-3001,quantity-theory-of-money,D NO ISSUE DETECTED,Other imported bank,liquidity-grid,,False,False,False,boss,macro
LG-Q-3002,quantity-theory-of-money,D NO ISSUE DETECTED,Other imported bank,liquidity-grid,,False,False,False,boss,macro
P52B-S4-QTM-B1-001,quantity-theory-of-money,D NO ISSUE DETECTED,Authored/expansion,phase5.2b-stage4-rescue,,False,False,False,boss,macro
P52B-S4-QTM-B1-002,quantity-theory-of-money,D NO ISSUE DETECTED,Authored/expansion,phase5.2b-stage4-rescue,,False,False,False,boss,macro
P52B-S4-QTM-B1-003,quantity-theory-of-money,D NO ISSUE DETECTED,Authored/expansion,phase5.2b-stage4-rescue,,False,False,False,boss,macro
P52B-S4-QTM-B3-001,quantity-theory-of-money,D NO ISSUE DETECTED,Authored/expansion,phase5.2b-stage4-rescue,,False,False,False,boss,macro
P52B-S4-QTM-B3-002,quantity-theory-of-money,D NO ISSUE DETECTED,Authored/expansion,phase5.2b-stage4-rescue,,False,False,False,boss,macro
P52B-S4-QTM-B3-003,quantity-theory-of-money,D NO ISSUE DETECTED,Authored/expansion,phase5.2b-stage4-rescue,,False,False,False,boss,macro
LG-Q-9116,quantity-theory-of-money,D NO ISSUE DETECTED,Other imported bank,liquidity-grid,phaseM2c2-money-growth-inflation-neutrality-family-maturation-v1,False,False,False,legendaryBoss,macro
LG-Q-9118,quantity-theory-of-money,D NO ISSUE DETECTED,Other imported bank,liquidity-grid,phaseM2c2-money-growth-inflation-neutrality-family-maturation-v1,False,False,False,legendaryBoss,macro
LG-Q-9122,quantity-theory-of-money,C FACULTY-REVIEW CANDIDATE,Other imported bank,liquidity-grid,phaseM2c2-money-growth-inflation-neutrality-family-maturation-v1,False,False,False,legendaryBoss,macro
LG-Q-9126,quantity-theory-of-money,D NO ISSUE DETECTED,Other imported bank,liquidity-grid,phaseM2c2-money-growth-inflation-neutrality-family-maturation-v1,False,False,False,legendaryBoss,macro
ECON-SP-MONEY-GROWTH-TO-INFLATION-5015,quantity-theory-of-money,A PROTECTED MATURE,Other imported bank,stabilization-protocol,,False,False,True,repair,macro
ECON-SP-QUANTITY-EQUATION-5013,quantity-theory-of-money,A PROTECTED MATURE,Other imported bank,stabilization-protocol,,False,False,True,repair,macro
ECON-SP-QUANTITY-EQUATION-5014,quantity-theory-of-money,A PROTECTED MATURE,Other imported bank,stabilization-protocol,,False,False,True,repair,macro
ECON-SP-VALUE-OF-MONEY-5016,quantity-theory-of-money,A PROTECTED MATURE,Other imported bank,stabilization-protocol,,False,False,True,repair,macro
LG-R-5024,quantity-theory-of-money,D NO ISSUE DETECTED,Other imported bank,liquidity-grid,,False,False,False,repair,macro
LG-R-5025,quantity-theory-of-money,D NO ISSUE DETECTED,Other imported bank,liquidity-grid,,False,False,False,repair,macro
LG-R-5026,quantity-theory-of-money,D NO ISSUE DETECTED,Other imported bank,liquidity-grid,,False,False,False,repair,macro
LG-R-5027,quantity-theory-of-money,D NO ISSUE DETECTED,Other imported bank,liquidity-grid,,False,False,False,repair,macro
ECON-SP-MONEY-GROWTH-TO-INFLATION-6011,quantity-theory-of-money,A PROTECTED MATURE,Other imported bank,stabilization-protocol,,False,False,True,bridge,macro
ECON-SP-QUANTITY-EQUATION-6010,quantity-theory-of-money,A PROTECTED MATURE,Other imported bank,stabilization-protocol,,False,False,True,bridge,macro
ECON-SP-VALUE-OF-MONEY-6012,quantity-theory-of-money,A PROTECTED MATURE,Other imported bank,stabilization-protocol,,False,False,True,bridge,macro
LG-B-6009,quantity-theory-of-money,D NO ISSUE DETECTED,Other imported bank,liquidity-grid,,False,False,False,bridge,macro
LG-B-6010,quantity-theory-of-money,D NO ISSUE DETECTED,Other imported bank,liquidity-grid,,False,False,False,bridge,macro
PMOE-RER-E-001,real-exchange-rates-and-purchasing-power,D NO ISSUE DETECTED,Authored/expansion,macro-open-economy-authoring,phaseMacroOpenEconomy-v1,False,False,False,main,macro
PMOE-RER-E-002,real-exchange-rates-and-purchasing-power,D NO ISSUE DETECTED,Authored/expansion,macro-open-economy-authoring,phaseMacroOpenEconomy-v1,False,False,False,main,macro
PMOE-RER-E-003,real-exchange-rates-and-purchasing-power,D NO ISSUE DETECTED,Authored/expansion,macro-open-economy-authoring,phaseMacroOpenEconomy-v1,False,False,False,main,macro
PMOE-RER-E-004,real-exchange-rates-and-purchasing-power,D NO ISSUE DETECTED,Authored/expansion,macro-open-economy-authoring,phaseMacroOpenEconomy-v1,False,False,False,main,macro
PMOE-RER-E-005,real-exchange-rates-and-purchasing-power,D NO ISSUE DETECTED,Authored/expansion,macro-open-economy-authoring,phaseMacroOpenEconomy-v1,False,False,False,main,macro
PMOE-RER-E-006,real-exchange-rates-and-purchasing-power,D NO ISSUE DETECTED,Authored/expansion,macro-open-economy-authoring,phaseMacroOpenEconomy-v1,False,False,False,main,macro
PMOE-RER-M-001,real-exchange-rates-and-purchasing-power,D NO ISSUE DETECTED,Authored/expansion,macro-open-economy-authoring,phaseMacroOpenEconomy-v1,False,False,False,main,macro
PMOE-RER-M-002,real-exchange-rates-and-purchasing-power,D NO ISSUE DETECTED,Authored/expansion,macro-open-economy-authoring,phaseMacroOpenEconomy-v1,False,False,False,main,macro
PMOE-RER-M-003,real-exchange-rates-and-purchasing-power,D NO ISSUE DETECTED,Authored/expansion,macro-open-economy-authoring,phaseMacroOpenEconomy-v1,False,False,False,main,macro
PMOE-RER-M-004,real-exchange-rates-and-purchasing-power,D NO ISSUE DETECTED,Authored/expansion,macro-open-economy-authoring,phaseMacroOpenEconomy-v1,False,False,False,main,macro
PMOE-RER-M-005,real-exchange-rates-and-purchasing-power,D NO ISSUE DETECTED,Authored/expansion,macro-open-economy-authoring,phaseMacroOpenEconomy-v1,False,False,False,main,macro
PMOE-RER-M-006,real-exchange-rates-and-purchasing-power,D NO ISSUE DETECTED,Authored/expansion,macro-open-economy-authoring,phaseMacroOpenEconomy-v1,False,False,False,main,macro
PMOE-RER-H-001,real-exchange-rates-and-purchasing-power,D NO ISSUE DETECTED,Authored/expansion,macro-open-economy-authoring,phaseMacroOpenEconomy-v1,False,False,False,main,macro
PMOE-RER-H-003,real-exchange-rates-and-purchasing-power,D NO ISSUE DETECTED,Authored/expansion,macro-open-economy-authoring,phaseMacroOpenEconomy-v1,False,False,False,main,macro
PMOE-RER-H-005,real-exchange-rates-and-purchasing-power,D NO ISSUE DETECTED,Authored/expansion,macro-open-economy-authoring,phaseMacroOpenEconomy-v1,False,False,False,main,macro
PMOE-RER-EL-002,real-exchange-rates-and-purchasing-power,D NO ISSUE DETECTED,Authored/expansion,macro-open-economy-authoring,phaseMacroOpenEconomy-v1,False,False,False,elite,macro
PMOE-RER-H-002,real-exchange-rates-and-purchasing-power,D NO ISSUE DETECTED,Authored/expansion,macro-open-economy-authoring,phaseMacroOpenEconomy-v1,False,False,False,main,macro
PMOE-RER-H-004,real-exchange-rates-and-purchasing-power,D NO ISSUE DETECTED,Authored/expansion,macro-open-economy-authoring,phaseMacroOpenEconomy-v1,False,False,False,main,macro
PMOE-RER-H-006,real-exchange-rates-and-purchasing-power,D NO ISSUE DETECTED,Authored/expansion,macro-open-economy-authoring,phaseMacroOpenEconomy-v1,False,False,False,main,macro
PMOE-RER-L-005,real-exchange-rates-and-purchasing-power,D NO ISSUE DETECTED,Authored/expansion,macro-open-economy-authoring,phaseMacroOpenEconomy-v1,False,False,False,legendary,macro
PMOE-RER-EL-001,real-exchange-rates-and-purchasing-power,D NO ISSUE DETECTED,Authored/expansion,macro-open-economy-authoring,phaseMacroOpenEconomy-v1,False,False,False,elite,macro
PMOE-RER-L-001,real-exchange-rates-and-purchasing-power,D NO ISSUE DETECTED,Authored/expansion,macro-open-economy-authoring,phaseMacroOpenEconomy-v1,False,False,False,legendary,macro
PMOE-RER-L-002,real-exchange-rates-and-purchasing-power,D NO ISSUE DETECTED,Authored/expansion,macro-open-economy-authoring,phaseMacroOpenEconomy-v1,False,False,False,legendary,macro
PMOE-RER-L-003,real-exchange-rates-and-purchasing-power,C FACULTY-REVIEW CANDIDATE,Authored/expansion,macro-open-economy-authoring,phaseMacroOpenEconomy-v1,False,False,False,legendary,macro
PMOE-RER-L-004,real-exchange-rates-and-purchasing-power,D NO ISSUE DETECTED,Authored/expansion,macro-open-economy-authoring,phaseMacroOpenEconomy-v1,False,False,False,legendary,macro
PMOE-RER-L-006,real-exchange-rates-and-purchasing-power,D NO ISSUE DETECTED,Authored/expansion,macro-open-economy-authoring,phaseMacroOpenEconomy-v1,False,False,False,legendary,macro
PMOE-RER-B1-001,real-exchange-rates-and-purchasing-power,D NO ISSUE DETECTED,Authored/expansion,macro-open-economy-authoring,phaseMacroOpenEconomy-v1,False,False,False,boss,macro
PMOE-RER-B1-002,real-exchange-rates-and-purchasing-power,D NO ISSUE DETECTED,Authored/expansion,macro-open-economy-authoring,phaseMacroOpenEconomy-v1,False,False,False,boss,macro
PMOE-RER-B1-003,real-exchange-rates-and-purchasing-power,D NO ISSUE DETECTED,Authored/expansion,macro-open-economy-authoring,phaseMacroOpenEconomy-v1,False,False,False,boss,macro
PMOE-RER-B2-001,real-exchange-rates-and-purchasing-power,D NO ISSUE DETECTED,Authored/expansion,macro-open-economy-authoring,phaseMacroOpenEconomy-v1,False,False,False,boss,macro
PMOE-RER-B2-002,real-exchange-rates-and-purchasing-power,D NO ISSUE DETECTED,Authored/expansion,macro-open-economy-authoring,phaseMacroOpenEconomy-v1,False,False,False,boss,macro
PMOE-RER-B2-003,real-exchange-rates-and-purchasing-power,D NO ISSUE DETECTED,Authored/expansion,macro-open-economy-authoring,phaseMacroOpenEconomy-v1,False,False,False,boss,macro
PMOE-RER-B3-001,real-exchange-rates-and-purchasing-power,D NO ISSUE DETECTED,Authored/expansion,macro-open-economy-authoring,phaseMacroOpenEconomy-v1,False,False,False,boss,macro
PMOE-RER-B3-002,real-exchange-rates-and-purchasing-power,D NO ISSUE DETECTED,Authored/expansion,macro-open-economy-authoring,phaseMacroOpenEconomy-v1,False,False,False,boss,macro
PMOE-RER-B3-003,real-exchange-rates-and-purchasing-power,D NO ISSUE DETECTED,Authored/expansion,macro-open-economy-authoring,phaseMacroOpenEconomy-v1,False,False,False,boss,macro
PMOE-RER-LB-001,real-exchange-rates-and-purchasing-power,D NO ISSUE DETECTED,Authored/expansion,macro-open-economy-authoring,phaseMacroOpenEconomy-v1,False,False,False,legendaryBoss,macro
PMOE-RER-LB-002,real-exchange-rates-and-purchasing-power,D NO ISSUE DETECTED,Authored/expansion,macro-open-economy-authoring,phaseMacroOpenEconomy-v1,False,False,False,legendaryBoss,macro
PMOE-RER-LB-003,real-exchange-rates-and-purchasing-power,D NO ISSUE DETECTED,Authored/expansion,macro-open-economy-authoring,phaseMacroOpenEconomy-v1,False,False,False,legendaryBoss,macro
PMOE-RER-R-001,real-exchange-rates-and-purchasing-power,D NO ISSUE DETECTED,Authored/expansion,macro-open-economy-authoring,phaseMacroOpenEconomy-v1,False,False,False,repair,macro
PMOE-RER-BR-001,real-exchange-rates-and-purchasing-power,D NO ISSUE DETECTED,Authored/expansion,macro-open-economy-authoring,phaseMacroOpenEconomy-v1,False,False,False,bridge,macro
ECON-NL-EASY-16,real-versus-nominal-gdp,D NO ISSUE DETECTED,Other imported bank,national-ledger,,False,False,False,main,macro
ECON-NL-EASY-17,real-versus-nominal-gdp,D NO ISSUE DETECTED,Other imported bank,national-ledger,,False,False,False,main,macro
ECON-NL-EASY-18,real-versus-nominal-gdp,D NO ISSUE DETECTED,Other imported bank,national-ledger,,False,False,False,main,macro
P52B-S2-RVNGDP-E-001,real-versus-nominal-gdp,D NO ISSUE DETECTED,Authored/expansion,phase5.2b-stage2-rescue,,False,False,False,main,macro
PM2B1-RNGDP-E-001,real-versus-nominal-gdp,D NO ISSUE DETECTED,Authored/expansion,macro-m2b1-gdp-family,phaseM2b1-gdp-national-output-family-maturation-v1,False,False,False,easy,macro
PM2B1-RNGDP-E-002,real-versus-nominal-gdp,D NO ISSUE DETECTED,Authored/expansion,macro-m2b1-gdp-family,phaseM2b1-gdp-national-output-family-maturation-v1,False,False,False,easy,macro
ECON-NL-MEDIUM-115,real-versus-nominal-gdp,D NO ISSUE DETECTED,Other imported bank,national-ledger,,False,False,False,main,macro
ECON-NL-MEDIUM-117,real-versus-nominal-gdp,D NO ISSUE DETECTED,Other imported bank,national-ledger,,False,False,False,main,macro
P52B-S2-RVNGDP-M-001,real-versus-nominal-gdp,D NO ISSUE DETECTED,Authored/expansion,phase5.2b-stage2-rescue,,False,False,False,main,macro
P52B-S2-RVNGDP-M-002,real-versus-nominal-gdp,D NO ISSUE DETECTED,Authored/expansion,phase5.2b-stage2-rescue,,False,False,False,main,macro
PM2B1-RNGDP-M-001,real-versus-nominal-gdp,D NO ISSUE DETECTED,Authored/expansion,macro-m2b1-gdp-family,phaseM2b1-gdp-national-output-family-maturation-v1,False,False,False,medium,macro
PM2B1-RNGDP-M-002,real-versus-nominal-gdp,D NO ISSUE DETECTED,Authored/expansion,macro-m2b1-gdp-family,phaseM2b1-gdp-national-output-family-maturation-v1,False,False,False,medium,macro
P52B-S2-RVNGDP-H-002,real-versus-nominal-gdp,D NO ISSUE DETECTED,Authored/expansion,phase5.2b-stage2-rescue,,False,False,False,main,macro
ECON-NL-ELITE-313,real-versus-nominal-gdp,D NO ISSUE DETECTED,Other imported bank,national-ledger,,False,False,False,elite,macro
ECON-NL-ELITE-314,real-versus-nominal-gdp,D NO ISSUE DETECTED,Other imported bank,national-ledger,,False,False,False,elite,macro
ECON-NL-ELITE-316,real-versus-nominal-gdp,D NO ISSUE DETECTED,Other imported bank,national-ledger,,False,False,False,elite,macro
ECON-NL-HARD-213,real-versus-nominal-gdp,D NO ISSUE DETECTED,Other imported bank,national-ledger,,False,False,False,main,macro
ECON-NL-HARD-216,real-versus-nominal-gdp,D NO ISSUE DETECTED,Other imported bank,national-ledger,,False,False,False,main,macro
P52B-S2-RVNGDP-H-001,real-versus-nominal-gdp,D NO ISSUE DETECTED,Authored/expansion,phase5.2b-stage2-rescue,,False,False,False,main,macro
PM2B1-RNGDP-H-001,real-versus-nominal-gdp,D NO ISSUE DETECTED,Authored/expansion,macro-m2b1-gdp-family,phaseM2b1-gdp-national-output-family-maturation-v1,False,False,False,hard,macro
PM2B1-RNGDP-H-002,real-versus-nominal-gdp,D NO ISSUE DETECTED,Authored/expansion,macro-m2b1-gdp-family,phaseM2b1-gdp-national-output-family-maturation-v1,False,False,False,hard,macro
ECON-NL-LEGENDARY-9018,real-versus-nominal-gdp,D NO ISSUE DETECTED,Other imported bank,national-ledger,,False,False,False,legendary,macro
ECON-NL-ELITE-315,real-versus-nominal-gdp,D NO ISSUE DETECTED,Other imported bank,national-ledger,,False,False,False,elite,macro
ECON-NL-LEGENDARY-9005,real-versus-nominal-gdp,D NO ISSUE DETECTED,Other imported bank,national-ledger,,False,False,False,legendary,macro
ECON-NL-LEGENDARY-9006,real-versus-nominal-gdp,D NO ISSUE DETECTED,Other imported bank,national-ledger,,False,False,False,legendary,macro
ECON-NL-LEGENDARY-9007,real-versus-nominal-gdp,D NO ISSUE DETECTED,Other imported bank,national-ledger,,False,False,False,legendary,macro
ECON-NL-LEGENDARY-9013,real-versus-nominal-gdp,D NO ISSUE DETECTED,Other imported bank,national-ledger,,False,False,False,legendary,macro
ECON-NL-LEGENDARY-9022,real-versus-nominal-gdp,D NO ISSUE DETECTED,Other imported bank,national-ledger,,False,False,False,legendary,macro
P52B-S4-IEA-L-001,real-versus-nominal-gdp,D NO ISSUE DETECTED,Authored/expansion,phase5.2b-stage4-rescue,,False,False,False,legendary,macro
ECON-NL-HARD-214,real-versus-nominal-gdp,D NO ISSUE DETECTED,Other imported bank,national-ledger,,False,False,False,calculation,macro
ECON-NL-HARD-215,real-versus-nominal-gdp,D NO ISSUE DETECTED,Other imported bank,national-ledger,,False,False,False,calculation,macro
ECON-NL-MEDIUM-116,real-versus-nominal-gdp,D NO ISSUE DETECTED,Other imported bank,national-ledger,,False,False,False,calculation,macro
ECON-NL-EASYBOSS-2012,real-versus-nominal-gdp,D NO ISSUE DETECTED,Other imported bank,national-ledger,,False,False,False,boss,macro
ECON-NL-EASYBOSS-2013,real-versus-nominal-gdp,C FACULTY-REVIEW CANDIDATE,Other imported bank,national-ledger,phaseM2b1-gdp-national-output-family-maturation-v1,False,False,False,boss,macro
ECON-NL-EASYBOSS-2014,real-versus-nominal-gdp,D NO ISSUE DETECTED,Other imported bank,national-ledger,,False,False,False,boss,macro
PM2B1-RNGDP-FB-004,real-versus-nominal-gdp,D NO ISSUE DETECTED,Authored/expansion,macro-m2b1-gdp-family,phaseM2b1-gdp-national-output-family-maturation-v1,False,False,False,boss,macro
PM2B1-RNGDP-FB-005,real-versus-nominal-gdp,D NO ISSUE DETECTED,Authored/expansion,macro-m2b1-gdp-family,phaseM2b1-gdp-national-output-family-maturation-v1,False,False,False,boss,macro
PM2B1-RNGDP-FB-006,real-versus-nominal-gdp,D NO ISSUE DETECTED,Authored/expansion,macro-m2b1-gdp-family,phaseM2b1-gdp-national-output-family-maturation-v1,False,False,False,boss,macro
PM2B1-RNGDP-MB-001,real-versus-nominal-gdp,D NO ISSUE DETECTED,Authored/expansion,macro-m2b1-gdp-family,phaseM2b1-gdp-national-output-family-maturation-v1,False,False,False,boss,macro
PM2B1-RNGDP-MB-002,real-versus-nominal-gdp,D NO ISSUE DETECTED,Authored/expansion,macro-m2b1-gdp-family,phaseM2b1-gdp-national-output-family-maturation-v1,False,False,False,boss,macro
PM2B1-RNGDP-MB-003,real-versus-nominal-gdp,D NO ISSUE DETECTED,Authored/expansion,macro-m2b1-gdp-family,phaseM2b1-gdp-national-output-family-maturation-v1,False,False,False,boss,macro
ECON-NL-LEGENDARYBOSS-9103,real-versus-nominal-gdp,A PROTECTED MATURE,Other imported bank,national-ledger,,False,False,True,legendaryBoss,macro
ECON-NL-LEGENDARYBOSS-9104,real-versus-nominal-gdp,A PROTECTED MATURE,Other imported bank,national-ledger,,False,False,True,legendaryBoss,macro
PM2B1-RNGDP-LB-001,real-versus-nominal-gdp,D NO ISSUE DETECTED,Authored/expansion,macro-m2b1-gdp-family,phaseM2b1-gdp-national-output-family-maturation-v1,False,False,False,legendaryBoss,macro
ECON-NL-GDP-DEFLATOR-5014,real-versus-nominal-gdp,D NO ISSUE DETECTED,Other imported bank,national-ledger,phaseM2b1-gdp-national-output-family-maturation-v1,False,False,False,repair,macro
ECON-NL-GDP-DEFLATOR-5015,real-versus-nominal-gdp,D NO ISSUE DETECTED,Other imported bank,national-ledger,,False,False,False,repair,macro
ECON-NL-NOMINAL-VS-REAL-GDP-5012,real-versus-nominal-gdp,D NO ISSUE DETECTED,Other imported bank,national-ledger,phaseM2b1-gdp-national-output-family-maturation-v1,False,False,False,repair,macro
ECON-NL-NOMINAL-VS-REAL-GDP-5013,real-versus-nominal-gdp,D NO ISSUE DETECTED,Other imported bank,national-ledger,phaseM2b1-gdp-national-output-family-maturation-v1,False,False,False,repair,macro
ECON-NL-GDP-DEFLATOR-6007,real-versus-nominal-gdp,D NO ISSUE DETECTED,Other imported bank,national-ledger,phaseM2b1-gdp-national-output-family-maturation-v1,False,False,False,bridge,macro
ECON-NL-NOMINAL-VS-REAL-GDP-6006,real-versus-nominal-gdp,D NO ISSUE DETECTED,Other imported bank,national-ledger,phaseM2b1-gdp-national-output-family-maturation-v1,False,False,False,bridge,macro
ECON-NL-EASY-37,real-versus-nominal-interest-rates,D NO ISSUE DETECTED,Other imported bank,national-ledger,,False,False,False,main,macro
ECON-NL-EASY-38,real-versus-nominal-interest-rates,D NO ISSUE DETECTED,Other imported bank,national-ledger,,False,False,False,main,macro
ECON-NL-EASY-40,real-versus-nominal-interest-rates,D NO ISSUE DETECTED,Other imported bank,national-ledger,,False,False,False,main,macro
PM2B2-RNI-E-001,real-versus-nominal-interest-rates,D NO ISSUE DETECTED,Authored/expansion,macro-m2b2-inflation-family,phaseM2b2-inflation-real-values-family-maturation-v1,False,False,False,easy,macro
PM2B2-RNI-E-002,real-versus-nominal-interest-rates,D NO ISSUE DETECTED,Authored/expansion,macro-m2b2-inflation-family,phaseM2b2-inflation-real-values-family-maturation-v1,False,False,False,easy,macro
PM2B2-RNI-E-003,real-versus-nominal-interest-rates,D NO ISSUE DETECTED,Authored/expansion,macro-m2b2-inflation-family,phaseM2b2-inflation-real-values-family-maturation-v1,False,False,False,easy,macro
ECON-NL-HARD-239,real-versus-nominal-interest-rates,D NO ISSUE DETECTED,Other imported bank,national-ledger,,False,False,False,main,macro
ECON-NL-MEDIUM-138,real-versus-nominal-interest-rates,D NO ISSUE DETECTED,Other imported bank,national-ledger,,False,False,False,main,macro
ECON-NL-MEDIUM-139,real-versus-nominal-interest-rates,D NO ISSUE DETECTED,Other imported bank,national-ledger,,False,False,False,main,macro
P52B-S1-RNI-M-001,real-versus-nominal-interest-rates,D NO ISSUE DETECTED,Authored/expansion,phase5.2b-stage1-rescue,,False,False,False,main,macro
PM2B2-RNI-M-001,real-versus-nominal-interest-rates,D NO ISSUE DETECTED,Authored/expansion,macro-m2b2-inflation-family,phaseM2b2-inflation-real-values-family-maturation-v1,False,False,False,medium,macro
PM2B2-RNI-M-002,real-versus-nominal-interest-rates,A PROTECTED MATURE,Authored/expansion,macro-m2b2-inflation-family,phaseM2b2-inflation-real-values-family-maturation-v1,False,False,True,medium,macro
PM2B2-RNI-M-003,real-versus-nominal-interest-rates,D NO ISSUE DETECTED,Authored/expansion,macro-m2b2-inflation-family,phaseM2b2-inflation-real-values-family-maturation-v1,False,False,False,medium,macro
ECON-NL-HARD-237,real-versus-nominal-interest-rates,D NO ISSUE DETECTED,Other imported bank,national-ledger,,False,False,False,main,macro
ECON-NL-HARD-238,real-versus-nominal-interest-rates,D NO ISSUE DETECTED,Other imported bank,national-ledger,,False,False,False,main,macro
PM2B2-RNI-H-001,real-versus-nominal-interest-rates,D NO ISSUE DETECTED,Authored/expansion,macro-m2b2-inflation-family,phaseM2b2-inflation-real-values-family-maturation-v1,False,False,False,hard,macro
ECON-NL-ELITE-336,real-versus-nominal-interest-rates,D NO ISSUE DETECTED,Other imported bank,national-ledger,,False,False,False,elite,macro
ECON-NL-ELITE-339,real-versus-nominal-interest-rates,D NO ISSUE DETECTED,Other imported bank,national-ledger,,False,False,False,elite,macro
ECON-NL-LEGENDARY-9042,real-versus-nominal-interest-rates,D NO ISSUE DETECTED,Other imported bank,national-ledger,,False,False,False,legendary,macro
PM2B2-RNI-H-002,real-versus-nominal-interest-rates,D NO ISSUE DETECTED,Authored/expansion,macro-m2b2-inflation-family,phaseM2b2-inflation-real-values-family-maturation-v1,False,False,False,hard,macro
PM2B2-RNI-H-003,real-versus-nominal-interest-rates,D NO ISSUE DETECTED,Authored/expansion,macro-m2b2-inflation-family,phaseM2b2-inflation-real-values-family-maturation-v1,False,False,False,hard,macro
ECON-NL-ELITE-337,real-versus-nominal-interest-rates,D NO ISSUE DETECTED,Other imported bank,national-ledger,,False,False,False,elite,macro
ECON-NL-ELITE-338,real-versus-nominal-interest-rates,D NO ISSUE DETECTED,Other imported bank,national-ledger,,False,False,False,elite,macro
ECON-NL-LEGENDARY-9039,real-versus-nominal-interest-rates,D NO ISSUE DETECTED,Other imported bank,national-ledger,,False,False,False,legendary,macro
ECON-NL-LEGENDARY-9041,real-versus-nominal-interest-rates,D NO ISSUE DETECTED,Other imported bank,national-ledger,,False,False,False,legendary,macro
PM2B2-RNI-L-001,real-versus-nominal-interest-rates,D NO ISSUE DETECTED,Authored/expansion,macro-m2b2-inflation-family,phaseM2b2-inflation-real-values-family-maturation-v1,False,False,False,legendary,macro
ECON-NL-LEGENDARY-9038,real-versus-nominal-interest-rates,D NO ISSUE DETECTED,Other imported bank,national-ledger,,False,False,False,legendary,macro
ECON-NL-LEGENDARY-9040,real-versus-nominal-interest-rates,D NO ISSUE DETECTED,Other imported bank,national-ledger,,False,False,False,legendary,macro
ECON-NL-EASY-39,real-versus-nominal-interest-rates,D NO ISSUE DETECTED,Other imported bank,national-ledger,,False,False,False,calculation,macro
ECON-NL-HARD-236,real-versus-nominal-interest-rates,D NO ISSUE DETECTED,Other imported bank,national-ledger,,False,False,False,calculation,macro
ECON-NL-MEDIUM-137,real-versus-nominal-interest-rates,D NO ISSUE DETECTED,Other imported bank,national-ledger,,False,False,False,calculation,macro
ECON-NL-EASYBOSS-2033,real-versus-nominal-interest-rates,D NO ISSUE DETECTED,Other imported bank,national-ledger,,False,False,False,boss,macro
ECON-NL-EASYBOSS-2034,real-versus-nominal-interest-rates,D NO ISSUE DETECTED,Other imported bank,national-ledger,,False,False,False,boss,macro
ECON-NL-EASYBOSS-2035,real-versus-nominal-interest-rates,D NO ISSUE DETECTED,Other imported bank,national-ledger,,False,False,False,boss,macro
PM2B2-RNI-FB-004,real-versus-nominal-interest-rates,D NO ISSUE DETECTED,Authored/expansion,macro-m2b2-inflation-family,phaseM2b2-inflation-real-values-family-maturation-v1,False,False,False,boss,macro
PM2B2-RNI-FB-005,real-versus-nominal-interest-rates,A PROTECTED MATURE,Authored/expansion,macro-m2b2-inflation-family,phaseM2b2-inflation-real-values-family-maturation-v1,False,False,True,boss,macro
PM2B2-RNI-FB-006,real-versus-nominal-interest-rates,D NO ISSUE DETECTED,Authored/expansion,macro-m2b2-inflation-family,phaseM2b2-inflation-real-values-family-maturation-v1,False,False,False,boss,macro
PM2B2-RNI-MB-001,real-versus-nominal-interest-rates,D NO ISSUE DETECTED,Authored/expansion,macro-m2b2-inflation-family,phaseM2b2-inflation-real-values-family-maturation-v1,False,False,False,boss,macro
PM2B2-RNI-MB-002,real-versus-nominal-interest-rates,D NO ISSUE DETECTED,Authored/expansion,macro-m2b2-inflation-family,phaseM2b2-inflation-real-values-family-maturation-v1,False,False,False,boss,macro
PM2B2-RNI-MB-003,real-versus-nominal-interest-rates,D NO ISSUE DETECTED,Authored/expansion,macro-m2b2-inflation-family,phaseM2b2-inflation-real-values-family-maturation-v1,False,False,False,boss,macro
ECON-EC-FINALBOSS-19003,real-versus-nominal-interest-rates,D NO ISSUE DETECTED,Other imported bank,equilibrium-crisis,phase7.7-general-economics-final-maturation-v1,False,False,False,boss,macro
ECON-EC-FINALBOSS-19004,real-versus-nominal-interest-rates,D NO ISSUE DETECTED,Other imported bank,equilibrium-crisis,,False,False,False,boss,macro
ECON-EC-FINALBOSS-19005,real-versus-nominal-interest-rates,D NO ISSUE DETECTED,Other imported bank,equilibrium-crisis,phase7.7-general-economics-final-maturation-v1,False,False,False,boss,macro
ECON-EC-MEDIUMBOSS-18004,real-versus-nominal-interest-rates,D NO ISSUE DETECTED,Other imported bank,equilibrium-crisis,phase7.7-general-economics-final-maturation-v1,False,False,False,boss,macro
ECON-EC-MEDIUMBOSS-18005,real-versus-nominal-interest-rates,D NO ISSUE DETECTED,Other imported bank,equilibrium-crisis,phase7.7-general-economics-final-maturation-v1,False,False,False,boss,macro
ECON-NL-LEGENDARYBOSS-9114,real-versus-nominal-interest-rates,D NO ISSUE DETECTED,Other imported bank,national-ledger,,False,False,False,legendaryBoss,macro
PM2B2-RNI-LB-001,real-versus-nominal-interest-rates,C FACULTY-REVIEW CANDIDATE,Authored/expansion,macro-m2b2-inflation-family,phaseM2b2-inflation-real-values-family-maturation-v1,False,False,False,legendaryBoss,macro
PM2B2-RNI-LB-002,real-versus-nominal-interest-rates,D NO ISSUE DETECTED,Authored/expansion,macro-m2b2-inflation-family,phaseM2b2-inflation-real-values-family-maturation-v1,False,False,False,legendaryBoss,macro
ECON-EC-LEGENDARYBOSS-20003,real-versus-nominal-interest-rates,D NO ISSUE DETECTED,Other imported bank,equilibrium-crisis,phase7.7-general-economics-final-maturation-v1,False,False,False,legendaryBoss,macro
ECON-EC-LEGENDARYBOSS-20004,real-versus-nominal-interest-rates,D NO ISSUE DETECTED,Other imported bank,equilibrium-crisis,,False,False,False,legendaryBoss,macro
ECON-EC-LEGENDARYBOSS-20005,real-versus-nominal-interest-rates,D NO ISSUE DETECTED,Other imported bank,equilibrium-crisis,phase7.7-general-economics-final-maturation-v1,False,False,False,legendaryBoss,macro
ECON-NL-REAL-INTEREST-RATE-5030,real-versus-nominal-interest-rates,D NO ISSUE DETECTED,Other imported bank,national-ledger,,False,False,False,repair,macro
ECON-NL-REAL-INTEREST-RATE-5031,real-versus-nominal-interest-rates,D NO ISSUE DETECTED,Other imported bank,national-ledger,,False,False,False,repair,macro
ECON-NL-REAL-INTEREST-RATE-6015,real-versus-nominal-interest-rates,D NO ISSUE DETECTED,Other imported bank,national-ledger,,False,False,False,bridge,macro
ECON-SP-EASY-77,sacrifice-ratio,D NO ISSUE DETECTED,Other imported bank,stabilization-protocol,,False,False,False,main,macro
ECON-SP-EASY-79,sacrifice-ratio,D NO ISSUE DETECTED,Other imported bank,stabilization-protocol,,False,False,False,main,macro
PM2A-SAC-E-001,sacrifice-ratio,D NO ISSUE DETECTED,Authored/expansion,macro-m2a-phillips-family,phaseM2a-phillips-disinflation-family-maturation-v1,False,False,False,easy,macro
PM2A-SAC-E-002,sacrifice-ratio,D NO ISSUE DETECTED,Authored/expansion,macro-m2a-phillips-family,phaseM2a-phillips-disinflation-family-maturation-v1,False,False,False,easy,macro
PM2A-SAC-E-003,sacrifice-ratio,D NO ISSUE DETECTED,Authored/expansion,macro-m2a-phillips-family,phaseM2a-phillips-disinflation-family-maturation-v1,False,False,False,easy,macro
PM2A-SAC-E-004,sacrifice-ratio,D NO ISSUE DETECTED,Authored/expansion,macro-m2a-phillips-family,phaseM2a-phillips-disinflation-family-maturation-v1,False,False,False,easy,macro
ECON-SP-MEDIUM-166,sacrifice-ratio,D NO ISSUE DETECTED,Other imported bank,stabilization-protocol,,False,False,False,main,macro
PM2A-SAC-M-005,sacrifice-ratio,D NO ISSUE DETECTED,Authored/expansion,macro-m2a-phillips-family,phaseM2a-phillips-disinflation-family-maturation-v1,False,False,False,medium,macro
PM2A-SAC-M-006,sacrifice-ratio,D NO ISSUE DETECTED,Authored/expansion,macro-m2a-phillips-family,phaseM2a-phillips-disinflation-family-maturation-v1,False,False,False,medium,macro
PM2A-SAC-M-007,sacrifice-ratio,D NO ISSUE DETECTED,Authored/expansion,macro-m2a-phillips-family,phaseM2a-phillips-disinflation-family-maturation-v1,False,False,False,medium,macro
PM2A-SAC-M-008,sacrifice-ratio,D NO ISSUE DETECTED,Authored/expansion,macro-m2a-phillips-family,phaseM2a-phillips-disinflation-family-maturation-v1,False,False,False,medium,macro
PM2A-SAC-M-009,sacrifice-ratio,D NO ISSUE DETECTED,Authored/expansion,macro-m2a-phillips-family,phaseM2a-phillips-disinflation-family-maturation-v1,False,False,False,medium,macro
ECON-SP-HARD-248,sacrifice-ratio,D NO ISSUE DETECTED,Other imported bank,stabilization-protocol,,False,False,False,main,macro
PM2A-SAC-H-011,sacrifice-ratio,D NO ISSUE DETECTED,Authored/expansion,macro-m2a-phillips-family,phaseM2a-phillips-disinflation-family-maturation-v1,False,False,False,hard,macro
PM2A-SAC-H-013,sacrifice-ratio,D NO ISSUE DETECTED,Authored/expansion,macro-m2a-phillips-family,phaseM2a-phillips-disinflation-family-maturation-v1,False,False,False,hard,macro
ECON-SP-ELITE-330,sacrifice-ratio,D NO ISSUE DETECTED,Other imported bank,stabilization-protocol,,False,False,False,elite,macro
ECON-SP-ELITE-331,sacrifice-ratio,D NO ISSUE DETECTED,Other imported bank,stabilization-protocol,phaseM2a-phillips-disinflation-family-maturation-v1,False,False,False,elite,macro
ECON-SP-HARD-266,sacrifice-ratio,D NO ISSUE DETECTED,Other imported bank,stabilization-protocol,,False,False,False,main,macro
PM2A-SAC-H-010,sacrifice-ratio,D NO ISSUE DETECTED,Authored/expansion,macro-m2a-phillips-family,phaseM2a-phillips-disinflation-family-maturation-v1,False,False,False,hard,macro
PM2A-SAC-H-012,sacrifice-ratio,D NO ISSUE DETECTED,Authored/expansion,macro-m2a-phillips-family,phaseM2a-phillips-disinflation-family-maturation-v1,False,False,False,hard,macro
ECON-SP-ELITE-329,sacrifice-ratio,D NO ISSUE DETECTED,Other imported bank,stabilization-protocol,,False,False,False,elite,macro
ECON-SP-ELITE-354,sacrifice-ratio,D NO ISSUE DETECTED,Other imported bank,stabilization-protocol,,False,False,False,elite,macro
ECON-SP-ELITE-355,sacrifice-ratio,D NO ISSUE DETECTED,Other imported bank,stabilization-protocol,,False,False,False,elite,macro
PM2A-SAC-L-014,sacrifice-ratio,D NO ISSUE DETECTED,Authored/expansion,macro-m2a-phillips-family,phaseM2a-phillips-disinflation-family-maturation-v1,False,False,False,legendary,macro
PM2A-SAC-L-015,sacrifice-ratio,D NO ISSUE DETECTED,Authored/expansion,macro-m2a-phillips-family,phaseM2a-phillips-disinflation-family-maturation-v1,False,False,False,legendary,macro
ECON-SP-LEGENDARY-9020,sacrifice-ratio,D NO ISSUE DETECTED,Other imported bank,stabilization-protocol,,False,False,False,legendary,macro
ECON-SP-LEGENDARY-9021,sacrifice-ratio,D NO ISSUE DETECTED,Other imported bank,stabilization-protocol,,False,False,False,legendary,macro
ECON-SP-LEGENDARY-9049,sacrifice-ratio,D NO ISSUE DETECTED,Other imported bank,stabilization-protocol,,False,False,False,legendary,macro
ECON-SP-LEGENDARY-9050,sacrifice-ratio,D NO ISSUE DETECTED,Other imported bank,stabilization-protocol,,False,False,False,legendary,macro
ECON-SP-EASY-78,sacrifice-ratio,D NO ISSUE DETECTED,Other imported bank,stabilization-protocol,,False,False,False,calculation,macro
ECON-SP-HARD-249,sacrifice-ratio,D NO ISSUE DETECTED,Other imported bank,stabilization-protocol,phaseM2a-phillips-disinflation-family-maturation-v1,False,False,False,calculation,macro
ECON-SP-HARD-250,sacrifice-ratio,D NO ISSUE DETECTED,Other imported bank,stabilization-protocol,phaseM2a-phillips-disinflation-family-maturation-v1,False,False,False,calculation,macro
ECON-SP-MEDIUM-167,sacrifice-ratio,D NO ISSUE DETECTED,Other imported bank,stabilization-protocol,,False,False,False,calculation,macro
ECON-SP-MEDIUMBOSS-3012,sacrifice-ratio,D NO ISSUE DETECTED,Other imported bank,stabilization-protocol,,False,False,False,boss,macro
ECON-SP-MEDIUMBOSS-3013,sacrifice-ratio,D NO ISSUE DETECTED,Other imported bank,stabilization-protocol,,False,False,False,boss,macro
PM2A-SAC-EB-016,sacrifice-ratio,D NO ISSUE DETECTED,Authored/expansion,macro-m2a-phillips-family,phaseM2a-phillips-disinflation-family-maturation-v1,False,False,False,boss,macro
PM2A-SAC-EB-017,sacrifice-ratio,D NO ISSUE DETECTED,Authored/expansion,macro-m2a-phillips-family,phaseM2a-phillips-disinflation-family-maturation-v1,False,False,False,boss,macro
PM2A-SAC-EB-018,sacrifice-ratio,D NO ISSUE DETECTED,Authored/expansion,macro-m2a-phillips-family,phaseM2a-phillips-disinflation-family-maturation-v1,False,False,False,boss,macro
PM2A-SAC-FB-020,sacrifice-ratio,D NO ISSUE DETECTED,Authored/expansion,macro-m2a-phillips-family,phaseM2a-phillips-disinflation-family-maturation-v1,False,False,False,boss,macro
PM2A-SAC-FB-021,sacrifice-ratio,D NO ISSUE DETECTED,Authored/expansion,macro-m2a-phillips-family,phaseM2a-phillips-disinflation-family-maturation-v1,False,False,False,boss,macro
PM2A-SAC-FB-022,sacrifice-ratio,D NO ISSUE DETECTED,Authored/expansion,macro-m2a-phillips-family,phaseM2a-phillips-disinflation-family-maturation-v1,False,False,False,boss,macro
PM2A-SAC-MB-019,sacrifice-ratio,D NO ISSUE DETECTED,Authored/expansion,macro-m2a-phillips-family,phaseM2a-phillips-disinflation-family-maturation-v1,False,False,False,boss,macro
PM2A-SAC-LB-023,sacrifice-ratio,D NO ISSUE DETECTED,Authored/expansion,macro-m2a-phillips-family,phaseM2a-phillips-disinflation-family-maturation-v1,False,False,False,legendaryBoss,macro
PM2A-SAC-LB-024,sacrifice-ratio,D NO ISSUE DETECTED,Authored/expansion,macro-m2a-phillips-family,phaseM2a-phillips-disinflation-family-maturation-v1,False,False,False,legendaryBoss,macro
PM2A-SAC-LB-025,sacrifice-ratio,D NO ISSUE DETECTED,Authored/expansion,macro-m2a-phillips-family,phaseM2a-phillips-disinflation-family-maturation-v1,False,False,False,legendaryBoss,macro
ECON-SP-CALCULATE-SACRIFICE-RATIO-5059,sacrifice-ratio,D NO ISSUE DETECTED,Other imported bank,stabilization-protocol,phaseM2a-phillips-disinflation-family-maturation-v1,False,False,False,repair,macro
ECON-SP-DEFINE-SACRIFICE-RATIO-5058,sacrifice-ratio,D NO ISSUE DETECTED,Other imported bank,stabilization-protocol,phaseM2a-phillips-disinflation-family-maturation-v1,False,False,False,repair,macro
ECON-SP-INTERPRET-SACRIFICE-RATIO-5060,sacrifice-ratio,D NO ISSUE DETECTED,Other imported bank,stabilization-protocol,phaseM2a-phillips-disinflation-family-maturation-v1,False,False,False,repair,macro
ECON-SP-CALCULATE-SACRIFICE-RATIO-6050,sacrifice-ratio,A PROTECTED MATURE,Other imported bank,stabilization-protocol,phaseM2a-phillips-disinflation-family-maturation-v1,False,False,True,bridge,macro
ECON-SP-DEFINE-SACRIFICE-RATIO-6049,sacrifice-ratio,D NO ISSUE DETECTED,Other imported bank,stabilization-protocol,phaseM2a-phillips-disinflation-family-maturation-v1,False,False,False,bridge,macro
ECON-SP-INTERPRET-SACRIFICE-RATIO-6051,sacrifice-ratio,D NO ISSUE DETECTED,Other imported bank,stabilization-protocol,phaseM2a-phillips-disinflation-family-maturation-v1,False,False,False,bridge,macro
43194,saving-and-investment-identities,D NO ISSUE DETECTED,Authored/expansion,saving-investment-loanable-funds-authoring,phase-saving-investment-loanable-funds-question-pool-v1,False,False,False,main,macro
43198,saving-and-investment-identities,D NO ISSUE DETECTED,Authored/expansion,saving-investment-loanable-funds-authoring,phase-saving-investment-loanable-funds-question-pool-v1,False,False,False,main,macro
43204,saving-and-investment-identities,D NO ISSUE DETECTED,Authored/expansion,saving-investment-loanable-funds-authoring,phase-saving-investment-loanable-funds-question-pool-v1,False,False,False,main,macro
43208,saving-and-investment-identities,D NO ISSUE DETECTED,Authored/expansion,saving-investment-loanable-funds-authoring,phase-saving-investment-loanable-funds-question-pool-v1,False,False,False,main,macro
43212,saving-and-investment-identities,D NO ISSUE DETECTED,Authored/expansion,saving-investment-loanable-funds-authoring,phase-saving-investment-loanable-funds-question-pool-v1,False,False,False,main,macro
43188,saving-and-investment-identities,B HIGH-CONFIDENCE AUTO-CORRECTED,Authored/expansion,saving-investment-loanable-funds-authoring,phase-saving-investment-loanable-funds-question-pool-v1,False,False,False,main,macro
43192,saving-and-investment-identities,D NO ISSUE DETECTED,Authored/expansion,saving-investment-loanable-funds-authoring,phase-saving-investment-loanable-funds-question-pool-v1,False,False,False,main,macro
43195,saving-and-investment-identities,D NO ISSUE DETECTED,Authored/expansion,saving-investment-loanable-funds-authoring,phase-saving-investment-loanable-funds-question-pool-v1,False,False,False,main,macro
43197,saving-and-investment-identities,D NO ISSUE DETECTED,Authored/expansion,saving-investment-loanable-funds-authoring,phase-saving-investment-loanable-funds-question-pool-v1,False,False,False,main,macro
43200,saving-and-investment-identities,D NO ISSUE DETECTED,Authored/expansion,saving-investment-loanable-funds-authoring,phase-saving-investment-loanable-funds-question-pool-v1,False,False,False,main,macro
43206,saving-and-investment-identities,D NO ISSUE DETECTED,Authored/expansion,saving-investment-loanable-funds-authoring,phase-saving-investment-loanable-funds-question-pool-v1,False,False,False,main,macro
43209,saving-and-investment-identities,D NO ISSUE DETECTED,Authored/expansion,saving-investment-loanable-funds-authoring,phase-saving-investment-loanable-funds-question-pool-v1,False,False,False,main,macro
43211,saving-and-investment-identities,D NO ISSUE DETECTED,Authored/expansion,saving-investment-loanable-funds-authoring,phase-saving-investment-loanable-funds-question-pool-v1,False,False,False,main,macro
43214,saving-and-investment-identities,D NO ISSUE DETECTED,Authored/expansion,saving-investment-loanable-funds-authoring,phase-saving-investment-loanable-funds-question-pool-v1,False,False,False,main,macro
43196,saving-and-investment-identities,D NO ISSUE DETECTED,Authored/expansion,saving-investment-loanable-funds-authoring,phase-saving-investment-loanable-funds-question-pool-v1,False,False,False,main,macro
43199,saving-and-investment-identities,D NO ISSUE DETECTED,Authored/expansion,saving-investment-loanable-funds-authoring,phase-saving-investment-loanable-funds-question-pool-v1,False,False,False,main,macro
43207,saving-and-investment-identities,D NO ISSUE DETECTED,Authored/expansion,saving-investment-loanable-funds-authoring,phase-saving-investment-loanable-funds-question-pool-v1,False,False,False,main,macro
43210,saving-and-investment-identities,D NO ISSUE DETECTED,Authored/expansion,saving-investment-loanable-funds-authoring,phase-saving-investment-loanable-funds-question-pool-v1,False,False,False,main,macro
43213,saving-and-investment-identities,D NO ISSUE DETECTED,Authored/expansion,saving-investment-loanable-funds-authoring,phase-saving-investment-loanable-funds-question-pool-v1,False,False,False,main,macro
43175,saving-and-investment-identities,D NO ISSUE DETECTED,Authored/expansion,saving-investment-loanable-funds-authoring,phase-saving-investment-loanable-funds-question-pool-v1,False,False,False,elite,macro
43189,saving-and-investment-identities,D NO ISSUE DETECTED,Authored/expansion,saving-investment-loanable-funds-authoring,phase-saving-investment-loanable-funds-question-pool-v1,False,False,False,elite,macro
43203,saving-and-investment-identities,D NO ISSUE DETECTED,Authored/expansion,saving-investment-loanable-funds-authoring,phase-saving-investment-loanable-funds-question-pool-v1,False,False,False,elite,macro
43168,saving-and-investment-identities,D NO ISSUE DETECTED,Authored/expansion,saving-investment-loanable-funds-authoring,phase-saving-investment-loanable-funds-question-pool-v1,False,False,False,boss,macro
43169,saving-and-investment-identities,D NO ISSUE DETECTED,Authored/expansion,saving-investment-loanable-funds-authoring,phase-saving-investment-loanable-funds-question-pool-v1,False,False,False,boss,macro
43170,saving-and-investment-identities,D NO ISSUE DETECTED,Authored/expansion,saving-investment-loanable-funds-authoring,phase-saving-investment-loanable-funds-question-pool-v1,False,False,False,boss,macro
43171,saving-and-investment-identities,D NO ISSUE DETECTED,Authored/expansion,saving-investment-loanable-funds-authoring,phase-saving-investment-loanable-funds-question-pool-v1,False,False,False,boss,macro
43172,saving-and-investment-identities,D NO ISSUE DETECTED,Authored/expansion,saving-investment-loanable-funds-authoring,phase-saving-investment-loanable-funds-question-pool-v1,False,False,False,boss,macro
43173,saving-and-investment-identities,D NO ISSUE DETECTED,Authored/expansion,saving-investment-loanable-funds-authoring,phase-saving-investment-loanable-funds-question-pool-v1,False,False,False,boss,macro
43174,saving-and-investment-identities,D NO ISSUE DETECTED,Authored/expansion,saving-investment-loanable-funds-authoring,phase-saving-investment-loanable-funds-question-pool-v1,False,False,False,boss,macro
43176,saving-and-investment-identities,D NO ISSUE DETECTED,Authored/expansion,saving-investment-loanable-funds-authoring,phase-saving-investment-loanable-funds-question-pool-v1,False,False,False,boss,macro
43178,saving-and-investment-identities,D NO ISSUE DETECTED,Authored/expansion,saving-investment-loanable-funds-authoring,phase-saving-investment-loanable-funds-question-pool-v1,False,False,False,boss,macro
43179,saving-and-investment-identities,D NO ISSUE DETECTED,Authored/expansion,saving-investment-loanable-funds-authoring,phase-saving-investment-loanable-funds-question-pool-v1,False,False,False,boss,macro
43180,saving-and-investment-identities,D NO ISSUE DETECTED,Authored/expansion,saving-investment-loanable-funds-authoring,phase-saving-investment-loanable-funds-question-pool-v1,False,False,False,boss,macro
43181,saving-and-investment-identities,D NO ISSUE DETECTED,Authored/expansion,saving-investment-loanable-funds-authoring,phase-saving-investment-loanable-funds-question-pool-v1,False,False,False,boss,macro
43184,saving-and-investment-identities,D NO ISSUE DETECTED,Authored/expansion,saving-investment-loanable-funds-authoring,phase-saving-investment-loanable-funds-question-pool-v1,False,False,False,boss,macro
43185,saving-and-investment-identities,D NO ISSUE DETECTED,Authored/expansion,saving-investment-loanable-funds-authoring,phase-saving-investment-loanable-funds-question-pool-v1,False,False,False,boss,macro
43186,saving-and-investment-identities,D NO ISSUE DETECTED,Authored/expansion,saving-investment-loanable-funds-authoring,phase-saving-investment-loanable-funds-question-pool-v1,False,False,False,boss,macro
43187,saving-and-investment-identities,D NO ISSUE DETECTED,Authored/expansion,saving-investment-loanable-funds-authoring,phase-saving-investment-loanable-funds-question-pool-v1,False,False,False,boss,macro
43190,saving-and-investment-identities,D NO ISSUE DETECTED,Authored/expansion,saving-investment-loanable-funds-authoring,phase-saving-investment-loanable-funds-question-pool-v1,False,False,False,boss,macro
43193,saving-and-investment-identities,D NO ISSUE DETECTED,Authored/expansion,saving-investment-loanable-funds-authoring,phase-saving-investment-loanable-funds-question-pool-v1,False,False,False,boss,macro
43177,saving-and-investment-identities,D NO ISSUE DETECTED,Authored/expansion,saving-investment-loanable-funds-authoring,phase-saving-investment-loanable-funds-question-pool-v1,False,False,False,legendaryBoss,macro
43191,saving-and-investment-identities,D NO ISSUE DETECTED,Authored/expansion,saving-investment-loanable-funds-authoring,phase-saving-investment-loanable-funds-question-pool-v1,False,False,False,legendaryBoss,macro
43205,saving-and-investment-identities,A PROTECTED MATURE,Authored/expansion,saving-investment-loanable-funds-authoring,phase-saving-investment-loanable-funds-question-pool-v1,False,False,True,legendaryBoss,macro
43183,saving-and-investment-identities,D NO ISSUE DETECTED,Authored/expansion,saving-investment-loanable-funds-authoring,phase-saving-investment-loanable-funds-question-pool-v1,False,False,False,repair,macro
43202,saving-and-investment-identities,B HIGH-CONFIDENCE AUTO-CORRECTED,Authored/expansion,saving-investment-loanable-funds-authoring,phase-saving-investment-loanable-funds-question-pool-v1,False,False,False,repair,macro
43216,saving-and-investment-identities,D NO ISSUE DETECTED,Authored/expansion,saving-investment-loanable-funds-authoring,phase-saving-investment-loanable-funds-question-pool-v1,False,False,False,repair,macro
43182,saving-and-investment-identities,D NO ISSUE DETECTED,Authored/expansion,saving-investment-loanable-funds-authoring,phase-saving-investment-loanable-funds-question-pool-v1,False,False,False,bridge,macro
43201,saving-and-investment-identities,D NO ISSUE DETECTED,Authored/expansion,saving-investment-loanable-funds-authoring,phase-saving-investment-loanable-funds-question-pool-v1,False,False,False,bridge,macro
43215,saving-and-investment-identities,D NO ISSUE DETECTED,Authored/expansion,saving-investment-loanable-funds-authoring,phase-saving-investment-loanable-funds-question-pool-v1,False,False,False,bridge,macro
ECON-MG-EASY-1,scarcity-and-tradeoffs,A PROTECTED MATURE,Market Gate: documented later descendant,market-gate,phase7.1-scarcity-standalone-expansion-v1,True,False,False,main,general; macro
ECON-MG-EASY-16,scarcity-and-tradeoffs,A PROTECTED MATURE,Market Gate: documented later descendant,market-gate,phase7.1-scarcity-standalone-expansion-v1,True,False,False,main,general; macro
ECON-MG-EASY-17,scarcity-and-tradeoffs,A PROTECTED MATURE,Market Gate: documented later descendant,market-gate,phase7.1-scarcity-standalone-expansion-v1,True,False,False,main,general; macro
ECON-MG-EASY-2,scarcity-and-tradeoffs,A PROTECTED MATURE,Market Gate: no later curation recorded,market-gate,,True,False,False,main,general; macro
P52A-SCAR-E-001,scarcity-and-tradeoffs,D NO ISSUE DETECTED,Authored/expansion,phase5.2a-concept-expansion,phase7.1-scarcity-standalone-expansion-v1,False,False,False,main,general; macro
P52A-SCAR-E-002,scarcity-and-tradeoffs,D NO ISSUE DETECTED,Authored/expansion,phase5.2a-concept-expansion,phase7.1-scarcity-standalone-expansion-v1,False,False,False,main,general; macro
P71-SCAR-E-001,scarcity-and-tradeoffs,D NO ISSUE DETECTED,Authored/expansion,phase7.1-scarcity-standalone-expansion,phase7.1-scarcity-standalone-expansion-v1,False,False,False,main,general; macro
P71-SCAR-E-002,scarcity-and-tradeoffs,D NO ISSUE DETECTED,Authored/expansion,phase7.1-scarcity-standalone-expansion,phase7.1-scarcity-standalone-expansion-v1,False,False,False,main,general; macro
P71-SCAR-E-003,scarcity-and-tradeoffs,D NO ISSUE DETECTED,Authored/expansion,phase7.1-scarcity-standalone-expansion,phase7.1-scarcity-standalone-expansion-v1,False,False,False,main,general; macro
P71-SCAR-E-004,scarcity-and-tradeoffs,D NO ISSUE DETECTED,Authored/expansion,phase7.1-scarcity-standalone-expansion,phase7.1-scarcity-standalone-expansion-v1,False,False,False,main,general; macro
ECON-MG-MEDIUM-105,scarcity-and-tradeoffs,A PROTECTED MATURE,Market Gate: no later curation recorded,market-gate,,True,False,False,main,general; macro
P52A-SCAR-M-001,scarcity-and-tradeoffs,D NO ISSUE DETECTED,Authored/expansion,phase5.2a-concept-expansion,phase7.1-scarcity-standalone-expansion-v1,False,False,False,main,general; macro
P52A-SCAR-M-002,scarcity-and-tradeoffs,D NO ISSUE DETECTED,Authored/expansion,phase5.2a-concept-expansion,,False,False,False,main,general; macro
P52A-SCAR-M-003,scarcity-and-tradeoffs,D NO ISSUE DETECTED,Authored/expansion,phase5.2a-concept-expansion,phase7.1-scarcity-standalone-expansion-v1,False,False,False,main,general; macro
P52A-SCAR-M-004,scarcity-and-tradeoffs,D NO ISSUE DETECTED,Authored/expansion,phase5.2a-concept-expansion,phase7.1-scarcity-standalone-expansion-v1,False,False,False,main,general; macro
P52A-SCAR-M-005,scarcity-and-tradeoffs,D NO ISSUE DETECTED,Authored/expansion,phase5.2a-concept-expansion,phase7.1-scarcity-standalone-expansion-v1,False,False,False,main,general; macro
P71-SCAR-M-001,scarcity-and-tradeoffs,D NO ISSUE DETECTED,Authored/expansion,phase7.1-scarcity-standalone-expansion,phase7.1-scarcity-standalone-expansion-v1,False,False,False,main,general; macro
P71-SCAR-M-002,scarcity-and-tradeoffs,D NO ISSUE DETECTED,Authored/expansion,phase7.1-scarcity-standalone-expansion,phase7.1-scarcity-standalone-expansion-v1,False,False,False,main,general; macro
P71-SCAR-M-003,scarcity-and-tradeoffs,D NO ISSUE DETECTED,Authored/expansion,phase7.1-scarcity-standalone-expansion,phase7.1-scarcity-standalone-expansion-v1,False,False,False,main,general; macro
P71-SCAR-M-004,scarcity-and-tradeoffs,D NO ISSUE DETECTED,Authored/expansion,phase7.1-scarcity-standalone-expansion,phase7.1-scarcity-standalone-expansion-v1,False,False,False,main,general; macro
P71-SCAR-H-004,scarcity-and-tradeoffs,D NO ISSUE DETECTED,Authored/expansion,phase7.1-scarcity-standalone-expansion,phase7.1-scarcity-standalone-expansion-v1,False,False,False,main,general; macro
P52A-SCAR-H-001,scarcity-and-tradeoffs,D NO ISSUE DETECTED,Authored/expansion,phase5.2a-concept-expansion,,False,False,False,main,general; macro
P52A-SCAR-H-002,scarcity-and-tradeoffs,D NO ISSUE DETECTED,Authored/expansion,phase5.2a-concept-expansion,phase7.1-scarcity-standalone-expansion-v1,False,False,False,main,general; macro
P52A-SCAR-H-004,scarcity-and-tradeoffs,D NO ISSUE DETECTED,Authored/expansion,phase5.2a-concept-expansion,phaseQH7-principles-micro-human-read-curation-v1,False,False,False,main,general; macro
P52A-SCAR-H-005,scarcity-and-tradeoffs,D NO ISSUE DETECTED,Authored/expansion,phase5.2a-concept-expansion,phase7.1-scarcity-standalone-expansion-v1,False,False,False,main,general; macro
P52A-SCAR-EL-003,scarcity-and-tradeoffs,D NO ISSUE DETECTED,Authored/expansion,phase5.2a-concept-expansion,phase7.1-scarcity-standalone-expansion-v1,False,False,False,main,general; macro
P71-SCAR-L-008,scarcity-and-tradeoffs,D NO ISSUE DETECTED,Authored/expansion,phase7.1-scarcity-standalone-expansion,phase7.1-scarcity-standalone-expansion-v1,False,False,False,main,general; macro
P71-SCAR-L-009,scarcity-and-tradeoffs,D NO ISSUE DETECTED,Authored/expansion,phase7.1-scarcity-standalone-expansion,phase7.1-scarcity-standalone-expansion-v1,False,False,False,main,general; macro
P71-SCAR-L-011,scarcity-and-tradeoffs,D NO ISSUE DETECTED,Authored/expansion,phase7.1-scarcity-standalone-expansion,phase7.1-scarcity-standalone-expansion-v1,False,False,False,main,general; macro
P71-SCAR-L-015,scarcity-and-tradeoffs,D NO ISSUE DETECTED,Authored/expansion,phase7.1-scarcity-standalone-expansion,phase7.1-scarcity-standalone-expansion-v1,False,False,False,main,general; macro
P71-SCAR-L-017,scarcity-and-tradeoffs,D NO ISSUE DETECTED,Authored/expansion,phase7.1-scarcity-standalone-expansion,phase7.1-scarcity-standalone-expansion-v1,False,False,False,main,general; macro
P52A-SCAR-H-003,scarcity-and-tradeoffs,D NO ISSUE DETECTED,Authored/expansion,phase5.2a-concept-expansion,phase7.1-scarcity-standalone-expansion-v1,False,False,False,main,general; macro
P52A-SCAR-H-006,scarcity-and-tradeoffs,D NO ISSUE DETECTED,Authored/expansion,phase5.2a-concept-expansion,phaseQH7-principles-micro-human-read-curation-v1,False,False,False,main,general; macro
P71-SCAR-H-001,scarcity-and-tradeoffs,D NO ISSUE DETECTED,Authored/expansion,phase7.1-scarcity-standalone-expansion,phase7.1-scarcity-standalone-expansion-v1,False,False,False,main,general; macro
P71-SCAR-H-002,scarcity-and-tradeoffs,D NO ISSUE DETECTED,Authored/expansion,phase7.1-scarcity-standalone-expansion,phase7.1-scarcity-standalone-expansion-v1,False,False,False,main,general; macro
P71-SCAR-H-003,scarcity-and-tradeoffs,D NO ISSUE DETECTED,Authored/expansion,phase7.1-scarcity-standalone-expansion,phase7.1-scarcity-standalone-expansion-v1,False,False,False,main,general; macro
P52A-SCAR-EL-002,scarcity-and-tradeoffs,D NO ISSUE DETECTED,Authored/expansion,phase5.2a-concept-expansion,phase7.1-scarcity-standalone-expansion-v1,False,False,False,main,general; macro
P52A-SCAR-L-002,scarcity-and-tradeoffs,D NO ISSUE DETECTED,Authored/expansion,phase5.2a-concept-expansion,phaseQH7-principles-micro-human-read-curation-v1,False,False,False,main,general; macro
P52A-SCAR-L-003,scarcity-and-tradeoffs,D NO ISSUE DETECTED,Authored/expansion,phase5.2a-concept-expansion,phaseQH7-principles-micro-human-read-curation-v1,False,False,False,main,general; macro
P71-SCAR-L-002,scarcity-and-tradeoffs,D NO ISSUE DETECTED,Authored/expansion,phase7.1-scarcity-standalone-expansion,phase7.1-scarcity-standalone-expansion-v1,False,False,False,main,general; macro
P71-SCAR-L-004,scarcity-and-tradeoffs,D NO ISSUE DETECTED,Authored/expansion,phase7.1-scarcity-standalone-expansion,phase7.1-scarcity-standalone-expansion-v1,False,False,False,main,general; macro
P71-SCAR-L-006,scarcity-and-tradeoffs,D NO ISSUE DETECTED,Authored/expansion,phase7.1-scarcity-standalone-expansion,phase7.1-scarcity-standalone-expansion-v1,False,False,False,main,general; macro
P71-SCAR-L-016,scarcity-and-tradeoffs,D NO ISSUE DETECTED,Authored/expansion,phase7.1-scarcity-standalone-expansion,phase7.1-scarcity-standalone-expansion-v1,False,False,False,main,general; macro
P71-SCAR-L-019,scarcity-and-tradeoffs,D NO ISSUE DETECTED,Authored/expansion,phase7.1-scarcity-standalone-expansion,phase7.1-scarcity-standalone-expansion-v1,False,False,False,main,general; macro
ECON-MG-ELITE-335,scarcity-and-tradeoffs,A PROTECTED MATURE,Market Gate: documented later descendant,market-gate,phase7.1-scarcity-standalone-expansion-v1,True,False,False,elite,general; macro
P52A-SCAR-EL-001,scarcity-and-tradeoffs,D NO ISSUE DETECTED,Authored/expansion,phase5.2a-concept-expansion,phase7.1-scarcity-standalone-expansion-v1,False,False,False,elite,general; macro
ECON-MG-LEGENDARY-9013,scarcity-and-tradeoffs,A PROTECTED MATURE,Market Gate: documented later descendant,market-gate,phase7.1-scarcity-standalone-expansion-v1,True,False,False,legendary,general; macro
ECON-MG-LEGENDARY-9051,scarcity-and-tradeoffs,A PROTECTED MATURE,Market Gate: no later curation recorded,market-gate,,True,False,False,legendary,general; macro
P52A-SCAR-L-001,scarcity-and-tradeoffs,D NO ISSUE DETECTED,Authored/expansion,phase5.2a-concept-expansion,phase7.1-scarcity-standalone-expansion-v1,False,False,False,legendary,general; macro
P52A-SCAR-L-004,scarcity-and-tradeoffs,D NO ISSUE DETECTED,Authored/expansion,phase5.2a-concept-expansion,phaseQH7-principles-micro-human-read-curation-v1,False,False,False,legendary,general; macro
P71-SCAR-L-001,scarcity-and-tradeoffs,D NO ISSUE DETECTED,Authored/expansion,phase7.1-scarcity-standalone-expansion,phase7.1-scarcity-standalone-expansion-v1,False,False,False,legendary,general; macro
P71-SCAR-L-003,scarcity-and-tradeoffs,D NO ISSUE DETECTED,Authored/expansion,phase7.1-scarcity-standalone-expansion,phase7.1-scarcity-standalone-expansion-v1,False,False,False,legendary,general; macro
P71-SCAR-L-005,scarcity-and-tradeoffs,D NO ISSUE DETECTED,Authored/expansion,phase7.1-scarcity-standalone-expansion,phase7.1-scarcity-standalone-expansion-v1,False,False,False,legendary,general; macro
P71-SCAR-L-007,scarcity-and-tradeoffs,D NO ISSUE DETECTED,Authored/expansion,phase7.1-scarcity-standalone-expansion,phase7.1-scarcity-standalone-expansion-v1,False,False,False,legendary,general; macro
P71-SCAR-L-010,scarcity-and-tradeoffs,D NO ISSUE DETECTED,Authored/expansion,phase7.1-scarcity-standalone-expansion,phase7.1-scarcity-standalone-expansion-v1,False,False,False,legendary,general; macro
P71-SCAR-L-012,scarcity-and-tradeoffs,D NO ISSUE DETECTED,Authored/expansion,phase7.1-scarcity-standalone-expansion,phase7.1-scarcity-standalone-expansion-v1,False,False,False,legendary,general; macro
P71-SCAR-L-013,scarcity-and-tradeoffs,D NO ISSUE DETECTED,Authored/expansion,phase7.1-scarcity-standalone-expansion,phase7.1-scarcity-standalone-expansion-v1,False,False,False,legendary,general; macro
P71-SCAR-L-014,scarcity-and-tradeoffs,D NO ISSUE DETECTED,Authored/expansion,phase7.1-scarcity-standalone-expansion,phase7.1-scarcity-standalone-expansion-v1,False,False,False,legendary,general; macro
P71-SCAR-L-018,scarcity-and-tradeoffs,D NO ISSUE DETECTED,Authored/expansion,phase7.1-scarcity-standalone-expansion,phase7.1-scarcity-standalone-expansion-v1,False,False,False,legendary,general; macro
P71-SCAR-L-020,scarcity-and-tradeoffs,D NO ISSUE DETECTED,Authored/expansion,phase7.1-scarcity-standalone-expansion,phase7.1-scarcity-standalone-expansion-v1,False,False,False,legendary,general; macro
P71-SCAR-L-021,scarcity-and-tradeoffs,D NO ISSUE DETECTED,Authored/expansion,phase7.1-scarcity-standalone-expansion,phase7.1-scarcity-standalone-expansion-v1,False,False,False,legendary,general; macro
P52A-SCAR-B1-001,scarcity-and-tradeoffs,D NO ISSUE DETECTED,Authored/expansion,phase5.2a-concept-expansion,phase7.1-scarcity-standalone-expansion-v1,False,False,False,boss,general; macro
P52A-SCAR-B1-002,scarcity-and-tradeoffs,D NO ISSUE DETECTED,Authored/expansion,phase5.2a-concept-expansion,phase7.1-scarcity-standalone-expansion-v1,False,False,False,boss,general; macro
P52A-SCAR-B1-003,scarcity-and-tradeoffs,D NO ISSUE DETECTED,Authored/expansion,phase5.2a-concept-expansion,phaseQH7-principles-micro-human-read-curation-v1,False,False,False,boss,general; macro
P52A-SCAR-B2-001,scarcity-and-tradeoffs,D NO ISSUE DETECTED,Authored/expansion,phase5.2a-concept-expansion,,False,False,False,boss,general; macro
P52A-SCAR-B2-002,scarcity-and-tradeoffs,D NO ISSUE DETECTED,Authored/expansion,phase5.2a-concept-expansion,,False,False,False,boss,general; macro
P52A-SCAR-B2-003,scarcity-and-tradeoffs,D NO ISSUE DETECTED,Authored/expansion,phase5.2a-concept-expansion,phase7.1-scarcity-standalone-expansion-v1,False,False,False,boss,general; macro
P52A-SCAR-B3-001,scarcity-and-tradeoffs,D NO ISSUE DETECTED,Authored/expansion,phase5.2a-concept-expansion,phase7.1-scarcity-standalone-expansion-v1,False,False,False,boss,general; macro
P52A-SCAR-B3-002,scarcity-and-tradeoffs,D NO ISSUE DETECTED,Authored/expansion,phase5.2a-concept-expansion,phase7.1-scarcity-standalone-expansion-v1,False,False,False,boss,general; macro
P52A-SCAR-B3-003,scarcity-and-tradeoffs,D NO ISSUE DETECTED,Authored/expansion,phase5.2a-concept-expansion,phaseQH7-principles-micro-human-read-curation-v1,False,False,False,boss,general; macro
P71-SCAR-B1-001,scarcity-and-tradeoffs,D NO ISSUE DETECTED,Authored/expansion,phase7.1-scarcity-standalone-expansion,phase7.1-scarcity-standalone-expansion-v1,False,False,False,boss,general; macro
P71-SCAR-B2-001,scarcity-and-tradeoffs,D NO ISSUE DETECTED,Authored/expansion,phase7.1-scarcity-standalone-expansion,phase7.1-scarcity-standalone-expansion-v1,False,False,False,boss,general; macro
P71-SCAR-B3-001,scarcity-and-tradeoffs,D NO ISSUE DETECTED,Authored/expansion,phase7.1-scarcity-standalone-expansion,phase7.1-scarcity-standalone-expansion-v1,False,False,False,boss,general; macro
ECON-MG-LEGENDARYBOSS-9100,scarcity-and-tradeoffs,A PROTECTED MATURE,Market Gate: documented later descendant,market-gate,phase7.1-scarcity-standalone-expansion-v1,True,False,False,legendaryBoss,general; macro
ECON-MG-LEGENDARYBOSS-9101,scarcity-and-tradeoffs,A PROTECTED MATURE,Market Gate: documented later descendant,market-gate,phase7.1-scarcity-standalone-expansion-v1,True,False,False,legendaryBoss,general; macro
ECON-MG-LEGENDARYBOSS-9102,scarcity-and-tradeoffs,A PROTECTED MATURE,Market Gate: documented later descendant,market-gate,phase7.1-scarcity-standalone-expansion-v1,True,False,False,legendaryBoss,general; macro
P71-SCAR-LB-001,scarcity-and-tradeoffs,D NO ISSUE DETECTED,Authored/expansion,phase7.1-scarcity-standalone-expansion,phase7.1-scarcity-standalone-expansion-v1,False,False,False,legendaryBoss,general; macro
P71-SCAR-LB-002,scarcity-and-tradeoffs,D NO ISSUE DETECTED,Authored/expansion,phase7.1-scarcity-standalone-expansion,phase7.1-scarcity-standalone-expansion-v1,False,False,False,legendaryBoss,general; macro
P71-SCAR-LB-003,scarcity-and-tradeoffs,D NO ISSUE DETECTED,Authored/expansion,phase7.1-scarcity-standalone-expansion,phase7.1-scarcity-standalone-expansion-v1,False,False,False,legendaryBoss,general; macro
P71-SCAR-LB-004,scarcity-and-tradeoffs,D NO ISSUE DETECTED,Authored/expansion,phase7.1-scarcity-standalone-expansion,phaseQH5-foundations-curation-graph-evidence-v1,False,False,False,legendaryBoss,general; macro
P71-SCAR-LB-005,scarcity-and-tradeoffs,D NO ISSUE DETECTED,Authored/expansion,phase7.1-scarcity-standalone-expansion,phase7.1-scarcity-standalone-expansion-v1,False,False,False,legendaryBoss,general; macro
P71-SCAR-LB-006,scarcity-and-tradeoffs,D NO ISSUE DETECTED,Authored/expansion,phase7.1-scarcity-standalone-expansion,phase7.1-scarcity-standalone-expansion-v1,False,False,False,legendaryBoss,general; macro
P52A-SCAR-R-001,scarcity-and-tradeoffs,D NO ISSUE DETECTED,Authored/expansion,phase5.2a-concept-expansion,phaseQH7-principles-micro-human-read-curation-v1,False,False,False,repair,general; macro
P52A-SCAR-R-002,scarcity-and-tradeoffs,D NO ISSUE DETECTED,Authored/expansion,phase5.2a-concept-expansion,phase7.1-scarcity-standalone-expansion-v1,False,False,False,repair,general; macro
P52A-SCAR-R-003,scarcity-and-tradeoffs,D NO ISSUE DETECTED,Authored/expansion,phase5.2a-concept-expansion,phase7.1-scarcity-standalone-expansion-v1,False,False,False,repair,general; macro
P71-SCAR-R-001,scarcity-and-tradeoffs,D NO ISSUE DETECTED,Authored/expansion,phase7.1-scarcity-standalone-expansion,phase7.1-scarcity-standalone-expansion-v1,False,False,False,repair,general; macro
P71-SCAR-R-002,scarcity-and-tradeoffs,D NO ISSUE DETECTED,Authored/expansion,phase7.1-scarcity-standalone-expansion,phase7.1-scarcity-standalone-expansion-v1,False,False,False,repair,general; macro
P71-SCAR-R-003,scarcity-and-tradeoffs,D NO ISSUE DETECTED,Authored/expansion,phase7.1-scarcity-standalone-expansion,phase7.1-scarcity-standalone-expansion-v1,False,False,False,repair,general; macro
P71-SCAR-R-004,scarcity-and-tradeoffs,D NO ISSUE DETECTED,Authored/expansion,phase7.1-scarcity-standalone-expansion,phase7.1-scarcity-standalone-expansion-v1,False,False,False,repair,general; macro
ECON-MG-CORE-POLICY-TRADEOFFS-30014,scarcity-and-tradeoffs,A PROTECTED MATURE,Market Gate: no later curation recorded,market-gate,,True,False,False,repairSeed,general; macro
ECON-MG-CORE-SCARCITY-30003,scarcity-and-tradeoffs,A PROTECTED MATURE,Market Gate: documented later descendant,market-gate,phaseQH5-foundations-curation-graph-evidence-v1,True,False,False,repairSeed,general; macro
ECON-MG-CORE-TRADEOFFS-30002,scarcity-and-tradeoffs,A PROTECTED MATURE,Market Gate: no later curation recorded,market-gate,,True,False,False,repairSeed,general; macro
P52A-SCAR-BR-001,scarcity-and-tradeoffs,D NO ISSUE DETECTED,Authored/expansion,phase5.2a-concept-expansion,phaseQH7-principles-micro-human-read-curation-v1,False,False,False,bridge,general; macro
P52A-SCAR-BR-002,scarcity-and-tradeoffs,D NO ISSUE DETECTED,Authored/expansion,phase5.2a-concept-expansion,phaseQH7-principles-micro-human-read-curation-v1,False,False,False,bridge,general; macro
P71-SCAR-BR-001,scarcity-and-tradeoffs,D NO ISSUE DETECTED,Authored/expansion,phase7.1-scarcity-standalone-expansion,phaseQH7-principles-micro-human-read-curation-v1,False,False,False,bridge,general; macro
P71-SCAR-BR-002,scarcity-and-tradeoffs,D NO ISSUE DETECTED,Authored/expansion,phase7.1-scarcity-standalone-expansion,phaseQH7-principles-micro-human-read-curation-v1,False,False,False,bridge,general; macro
ECON-SP-EASY-30,short-run-aggregate-supply,D NO ISSUE DETECTED,Other imported bank,stabilization-protocol,,False,False,False,main,macro
ECON-SP-EASY-31,short-run-aggregate-supply,D NO ISSUE DETECTED,Other imported bank,stabilization-protocol,,False,False,False,main,macro
ECON-SP-EASY-37,short-run-aggregate-supply,D NO ISSUE DETECTED,Other imported bank,stabilization-protocol,,False,False,False,main,macro
P52A-AS-E-002,short-run-aggregate-supply,D NO ISSUE DETECTED,Authored/expansion,phase5.2a-concept-expansion,,False,False,False,main,macro
PG3-AS-E-001,short-run-aggregate-supply,D NO ISSUE DETECTED,Authored/expansion,macro-concept-library,,False,False,False,main,macro
PG3-AS-E-002,short-run-aggregate-supply,D NO ISSUE DETECTED,Authored/expansion,macro-concept-library,,False,False,False,main,macro
ECON-SP-MEDIUM-124,short-run-aggregate-supply,D NO ISSUE DETECTED,Other imported bank,stabilization-protocol,,False,False,False,main,macro
ECON-SP-MEDIUM-125,short-run-aggregate-supply,D NO ISSUE DETECTED,Other imported bank,stabilization-protocol,,False,False,False,main,macro
P52A-AS-M-001,short-run-aggregate-supply,D NO ISSUE DETECTED,Authored/expansion,phase5.2a-concept-expansion,,False,False,False,main,macro
P52A-AS-M-002,short-run-aggregate-supply,D NO ISSUE DETECTED,Authored/expansion,phase5.2a-concept-expansion,,False,False,False,main,macro
P52A-AS-M-003,short-run-aggregate-supply,A PROTECTED MATURE,Authored/expansion,phase5.2a-concept-expansion,,False,False,True,main,macro
PG3-AS-M-002,short-run-aggregate-supply,D NO ISSUE DETECTED,Authored/expansion,macro-concept-library,,False,False,False,main,macro
PG3-AS-M-003,short-run-aggregate-supply,D NO ISSUE DETECTED,Authored/expansion,macro-concept-library,,False,False,False,main,macro
PG3-AS-M-004,short-run-aggregate-supply,D NO ISSUE DETECTED,Authored/expansion,macro-concept-library,,False,False,False,main,macro
P52A-AS-H-004,short-run-aggregate-supply,A PROTECTED MATURE,Authored/expansion,phase5.2a-concept-expansion,,False,False,True,main,macro
P52A-AS-H-006,short-run-aggregate-supply,D NO ISSUE DETECTED,Authored/expansion,phase5.2a-concept-expansion,,False,False,False,main,macro
PG3-AS-H-001,short-run-aggregate-supply,D NO ISSUE DETECTED,Authored/expansion,macro-concept-library,,False,False,False,main,macro
PG3-AS-H-002,short-run-aggregate-supply,D NO ISSUE DETECTED,Authored/expansion,macro-concept-library,,False,False,False,main,macro
P52A-AS-L-006,short-run-aggregate-supply,D NO ISSUE DETECTED,Authored/expansion,phase5.2a-concept-expansion,,False,False,False,legendary,macro
P52A-AS-H-001,short-run-aggregate-supply,A PROTECTED MATURE,Authored/expansion,phase5.2a-concept-expansion,,False,False,True,main,macro
P52A-AS-H-002,short-run-aggregate-supply,D NO ISSUE DETECTED,Authored/expansion,phase5.2a-concept-expansion,,False,False,False,main,macro
P52A-AS-H-005,short-run-aggregate-supply,D NO ISSUE DETECTED,Authored/expansion,phase5.2a-concept-expansion,,False,False,False,main,macro
PG3-MEQ-H-002,short-run-aggregate-supply,D NO ISSUE DETECTED,Authored/expansion,macro-concept-library,,False,False,False,main,macro
PG3-AS-EL-001,short-run-aggregate-supply,D NO ISSUE DETECTED,Authored/expansion,macro-concept-library,,False,False,False,elite,macro
PG3-AS-EL-002,short-run-aggregate-supply,D NO ISSUE DETECTED,Authored/expansion,macro-concept-library,,False,False,False,elite,macro
P52A-AS-EL-002,short-run-aggregate-supply,A PROTECTED MATURE,Authored/expansion,phase5.2a-concept-expansion,,False,False,True,elite,macro
P52A-AS-EL-003,short-run-aggregate-supply,A PROTECTED MATURE,Authored/expansion,phase5.2a-concept-expansion,,False,False,True,elite,macro
P52A-AS-EL-004,short-run-aggregate-supply,A PROTECTED MATURE,Authored/expansion,phase5.2a-concept-expansion,,False,False,True,elite,macro
P52A-AS-L-002,short-run-aggregate-supply,A PROTECTED MATURE,Authored/expansion,phase5.2a-concept-expansion,,False,False,True,legendary,macro
P52A-AS-L-004,short-run-aggregate-supply,A PROTECTED MATURE,Authored/expansion,phase5.2a-concept-expansion,,False,False,True,legendary,macro
PG3-AS-L-001,short-run-aggregate-supply,D NO ISSUE DETECTED,Authored/expansion,macro-concept-library,,False,False,False,legendary,macro
PG3-AS-L-002,short-run-aggregate-supply,D NO ISSUE DETECTED,Authored/expansion,macro-concept-library,,False,False,False,legendary,macro
P52A-AS-B1-001,short-run-aggregate-supply,B HIGH-CONFIDENCE AUTO-CORRECTED,Authored/expansion,phase5.2a-concept-expansion,,False,False,False,boss,macro
P52A-AS-B1-003,short-run-aggregate-supply,D NO ISSUE DETECTED,Authored/expansion,phase5.2a-concept-expansion,,False,False,False,boss,macro
P52A-AS-B2-001,short-run-aggregate-supply,D NO ISSUE DETECTED,Authored/expansion,phase5.2a-concept-expansion,,False,False,False,boss,macro
P52A-AS-B2-003,short-run-aggregate-supply,D NO ISSUE DETECTED,Authored/expansion,phase5.2a-concept-expansion,,False,False,False,boss,macro
P52A-AS-B3-002,short-run-aggregate-supply,B HIGH-CONFIDENCE AUTO-CORRECTED,Authored/expansion,phase5.2a-concept-expansion,,False,False,False,boss,macro
P52A-AS-B3-003,short-run-aggregate-supply,A PROTECTED MATURE,Authored/expansion,phase5.2a-concept-expansion,,False,False,True,boss,macro
P52A-AS-LB-001,short-run-aggregate-supply,D NO ISSUE DETECTED,Authored/expansion,phase5.2a-concept-expansion,,False,False,False,legendaryBoss,macro
P52A-AS-LB-002,short-run-aggregate-supply,D NO ISSUE DETECTED,Authored/expansion,phase5.2a-concept-expansion,,False,False,False,legendaryBoss,macro
ECON-SP-EXPECTED-PRICE-SRAS-SHIFT-5031,short-run-aggregate-supply,A PROTECTED MATURE,Other imported bank,stabilization-protocol,,False,False,True,repair,macro
ECON-SP-EXPLAIN-SRAS-UPWARD-5028,short-run-aggregate-supply,A PROTECTED MATURE,Other imported bank,stabilization-protocol,,False,False,True,repair,macro
ECON-SP-IDENTIFY-SRAS-SHIFTERS-5029,short-run-aggregate-supply,A PROTECTED MATURE,Other imported bank,stabilization-protocol,,False,False,True,repair,macro
ECON-SP-IDENTIFY-SRAS-SHIFTERS-5030,short-run-aggregate-supply,A PROTECTED MATURE,Other imported bank,stabilization-protocol,,False,False,True,repair,macro
ECON-SP-READ-SRAS-SHIFT-5092,short-run-aggregate-supply,A PROTECTED MATURE,Other imported bank,stabilization-protocol,,False,False,True,repair,macro
ECON-SP-EXPECTED-PRICE-SRAS-SHIFT-6024,short-run-aggregate-supply,A PROTECTED MATURE,Other imported bank,stabilization-protocol,,False,False,True,bridge,macro
ECON-SP-EXPLAIN-SRAS-UPWARD-6022,short-run-aggregate-supply,A PROTECTED MATURE,Other imported bank,stabilization-protocol,,False,False,True,bridge,macro
ECON-SP-IDENTIFY-SRAS-SHIFTERS-6023,short-run-aggregate-supply,D NO ISSUE DETECTED,Other imported bank,stabilization-protocol,,False,False,False,bridge,macro
ECON-SP-EASY-59,short-run-phillips-curve,D NO ISSUE DETECTED,Other imported bank,stabilization-protocol,,False,False,False,main,macro
ECON-SP-EASY-60,short-run-phillips-curve,D NO ISSUE DETECTED,Other imported bank,stabilization-protocol,,False,False,False,main,macro
ECON-SP-EASY-61,short-run-phillips-curve,D NO ISSUE DETECTED,Other imported bank,stabilization-protocol,,False,False,False,main,macro
ECON-SP-EASY-62,short-run-phillips-curve,D NO ISSUE DETECTED,Other imported bank,stabilization-protocol,,False,False,False,main,macro
ECON-SP-EASY-63,short-run-phillips-curve,D NO ISSUE DETECTED,Other imported bank,stabilization-protocol,,False,False,False,main,macro
ECON-SP-EASY-66,short-run-phillips-curve,D NO ISSUE DETECTED,Other imported bank,stabilization-protocol,,False,False,False,main,macro
ECON-SP-EASY-67,short-run-phillips-curve,D NO ISSUE DETECTED,Other imported bank,stabilization-protocol,,False,False,False,main,macro
ECON-SP-EASY-76,short-run-phillips-curve,D NO ISSUE DETECTED,Other imported bank,stabilization-protocol,,False,False,False,main,macro
PG5-PC-E-007,short-run-phillips-curve,D NO ISSUE DETECTED,Authored/expansion,macro-concept-library,,False,False,False,main,macro
PG5-PC-E-013,short-run-phillips-curve,D NO ISSUE DETECTED,Authored/expansion,macro-concept-library,,False,False,False,main,macro
PG5-PC-E-019,short-run-phillips-curve,D NO ISSUE DETECTED,Authored/expansion,macro-concept-library,,False,False,False,main,macro
ECON-SP-MEDIUM-153,short-run-phillips-curve,D NO ISSUE DETECTED,Other imported bank,stabilization-protocol,,False,False,False,main,macro
ECON-SP-MEDIUM-154,short-run-phillips-curve,D NO ISSUE DETECTED,Other imported bank,stabilization-protocol,,False,False,False,main,macro
ECON-SP-MEDIUM-155,short-run-phillips-curve,D NO ISSUE DETECTED,Other imported bank,stabilization-protocol,,False,False,False,main,macro
ECON-SP-MEDIUM-160,short-run-phillips-curve,D NO ISSUE DETECTED,Other imported bank,stabilization-protocol,,False,False,False,main,macro
PG5-PC-M-008,short-run-phillips-curve,D NO ISSUE DETECTED,Authored/expansion,macro-concept-library,,False,False,False,main,macro
PG5-PC-M-014,short-run-phillips-curve,D NO ISSUE DETECTED,Authored/expansion,macro-concept-library,,False,False,False,main,macro
PG5-PC-M-015,short-run-phillips-curve,D NO ISSUE DETECTED,Authored/expansion,macro-concept-library,,False,False,False,main,macro
PG5-PC-M-020,short-run-phillips-curve,D NO ISSUE DETECTED,Authored/expansion,macro-concept-library,,False,False,False,main,macro
PG5-PC-M-021,short-run-phillips-curve,D NO ISSUE DETECTED,Authored/expansion,macro-concept-library,,False,False,False,main,macro
PM2A-SRPC-M-001,short-run-phillips-curve,D NO ISSUE DETECTED,Authored/expansion,macro-m2a-phillips-family,phaseM2a-phillips-disinflation-family-maturation-v1,False,False,False,medium,macro
PM2A-SRPC-M-002,short-run-phillips-curve,D NO ISSUE DETECTED,Authored/expansion,macro-m2a-phillips-family,phaseM2a-phillips-disinflation-family-maturation-v1,False,False,False,medium,macro
ECON-SP-HARD-238,short-run-phillips-curve,D NO ISSUE DETECTED,Other imported bank,stabilization-protocol,,False,False,False,main,macro
ECON-SP-HARD-241,short-run-phillips-curve,D NO ISSUE DETECTED,Other imported bank,stabilization-protocol,,False,False,False,main,macro
ECON-SP-HARD-258,short-run-phillips-curve,D NO ISSUE DETECTED,Other imported bank,stabilization-protocol,,False,False,False,main,macro
PG5-PC-H-010,short-run-phillips-curve,D NO ISSUE DETECTED,Authored/expansion,macro-concept-library,,False,False,False,main,macro
PM2A-SRPC-H-003,short-run-phillips-curve,D NO ISSUE DETECTED,Authored/expansion,macro-m2a-phillips-family,phaseM2a-phillips-disinflation-family-maturation-v1,False,False,False,hard,macro
ECON-SP-ELITE-351,short-run-phillips-curve,D NO ISSUE DETECTED,Other imported bank,stabilization-protocol,,False,False,False,elite,macro
ECON-SP-HARD-255,short-run-phillips-curve,D NO ISSUE DETECTED,Other imported bank,stabilization-protocol,,False,False,False,main,macro
ECON-SP-HARD-268,short-run-phillips-curve,D NO ISSUE DETECTED,Other imported bank,stabilization-protocol,,False,False,False,main,macro
PG5-PC-H-016,short-run-phillips-curve,D NO ISSUE DETECTED,Authored/expansion,macro-concept-library,,False,False,False,main,macro
PG5-PC-H-022,short-run-phillips-curve,D NO ISSUE DETECTED,Authored/expansion,macro-concept-library,,False,False,False,main,macro
ECON-SP-ELITE-323,short-run-phillips-curve,D NO ISSUE DETECTED,Other imported bank,stabilization-protocol,,False,False,False,elite,macro
ECON-SP-ELITE-348,short-run-phillips-curve,D NO ISSUE DETECTED,Other imported bank,stabilization-protocol,,False,False,False,elite,macro
ECON-SP-LEGENDARY-9007,short-run-phillips-curve,D NO ISSUE DETECTED,Other imported bank,stabilization-protocol,,False,False,False,legendary,macro
ECON-SP-LEGENDARY-9046,short-run-phillips-curve,D NO ISSUE DETECTED,Other imported bank,stabilization-protocol,,False,False,False,legendary,macro
PM2A-SRPC-L-004,short-run-phillips-curve,D NO ISSUE DETECTED,Authored/expansion,macro-m2a-phillips-family,phaseM2a-phillips-disinflation-family-maturation-v1,False,False,False,legendary,macro
PM2A-SRPC-L-005,short-run-phillips-curve,D NO ISSUE DETECTED,Authored/expansion,macro-m2a-phillips-family,phaseM2a-phillips-disinflation-family-maturation-v1,False,False,False,legendary,macro
PM2A-SRPC-L-006,short-run-phillips-curve,D NO ISSUE DETECTED,Authored/expansion,macro-m2a-phillips-family,phaseM2a-phillips-disinflation-family-maturation-v1,False,False,False,legendary,macro
P52B-S2-SRPC-L-001,short-run-phillips-curve,D NO ISSUE DETECTED,Authored/expansion,phase5.2b-stage2-rescue,,False,False,False,legendary,macro
PG5-PC-L-012,short-run-phillips-curve,D NO ISSUE DETECTED,Authored/expansion,macro-concept-library,,False,False,False,main,macro
ECON-SP-MEDIUMBOSS-3000,short-run-phillips-curve,D NO ISSUE DETECTED,Other imported bank,stabilization-protocol,,False,False,False,boss,macro
ECON-SP-MEDIUMBOSS-3001,short-run-phillips-curve,D NO ISSUE DETECTED,Other imported bank,stabilization-protocol,,False,False,False,boss,macro
P52B-S2-SRPC-B2-001,short-run-phillips-curve,D NO ISSUE DETECTED,Authored/expansion,phase5.2b-stage2-rescue,,False,False,False,boss,macro
PM2A-SRPC-EB-007,short-run-phillips-curve,D NO ISSUE DETECTED,Authored/expansion,macro-m2a-phillips-family,phaseM2a-phillips-disinflation-family-maturation-v1,False,False,False,boss,macro
PM2A-SRPC-EB-008,short-run-phillips-curve,D NO ISSUE DETECTED,Authored/expansion,macro-m2a-phillips-family,phaseM2a-phillips-disinflation-family-maturation-v1,False,False,False,boss,macro
PM2A-SRPC-EB-009,short-run-phillips-curve,C FACULTY-REVIEW CANDIDATE,Authored/expansion,macro-m2a-phillips-family,phaseM2a-phillips-disinflation-family-maturation-v1,False,False,False,boss,macro
PM2A-SRPC-FB-010,short-run-phillips-curve,D NO ISSUE DETECTED,Authored/expansion,macro-m2a-phillips-family,phaseM2a-phillips-disinflation-family-maturation-v1,False,False,False,boss,macro
PM2A-SRPC-FB-011,short-run-phillips-curve,D NO ISSUE DETECTED,Authored/expansion,macro-m2a-phillips-family,phaseM2a-phillips-disinflation-family-maturation-v1,False,False,False,boss,macro
PM2A-SRPC-FB-012,short-run-phillips-curve,D NO ISSUE DETECTED,Authored/expansion,macro-m2a-phillips-family,phaseM2a-phillips-disinflation-family-maturation-v1,False,False,False,boss,macro
PM2A-SRPC-LB-013,short-run-phillips-curve,D NO ISSUE DETECTED,Authored/expansion,macro-m2a-phillips-family,phaseM2a-phillips-disinflation-family-maturation-v1,False,False,False,legendaryBoss,macro
PM2A-SRPC-LB-014,short-run-phillips-curve,D NO ISSUE DETECTED,Authored/expansion,macro-m2a-phillips-family,phaseM2a-phillips-disinflation-family-maturation-v1,False,False,False,legendaryBoss,macro
PM2A-SRPC-LB-015,short-run-phillips-curve,D NO ISSUE DETECTED,Authored/expansion,macro-m2a-phillips-family,phaseM2a-phillips-disinflation-family-maturation-v1,False,False,False,legendaryBoss,macro
ECON-SP-DEFINE-PHILLIPS-CURVE-5048,short-run-phillips-curve,D NO ISSUE DETECTED,Other imported bank,stabilization-protocol,phaseM2a-phillips-disinflation-family-maturation-v1,False,False,False,repair,macro
ECON-SP-MOVE-ALONG-SRPC-5050,short-run-phillips-curve,D NO ISSUE DETECTED,Other imported bank,stabilization-protocol,phaseM2a-phillips-disinflation-family-maturation-v1,False,False,False,repair,macro
ECON-SP-NATURAL-RATE-HYPOTHESIS-5052,short-run-phillips-curve,D NO ISSUE DETECTED,Other imported bank,stabilization-protocol,phaseM2a-phillips-disinflation-family-maturation-v1,False,False,False,repair,macro
ECON-SP-READ-PC-AXES-5049,short-run-phillips-curve,D NO ISSUE DETECTED,Other imported bank,stabilization-protocol,phaseM2a-phillips-disinflation-family-maturation-v1,False,False,False,repair,macro
ECON-SP-READ-PC-POINTS-5091,short-run-phillips-curve,D NO ISSUE DETECTED,Other imported bank,stabilization-protocol,phaseM2a-phillips-disinflation-family-maturation-v1,False,False,False,repair,macro
ECON-SP-DEFINE-PHILLIPS-CURVE-6039,short-run-phillips-curve,D NO ISSUE DETECTED,Other imported bank,stabilization-protocol,phaseM2a-phillips-disinflation-family-maturation-v1,False,False,False,bridge,macro
ECON-SP-MOVE-ALONG-SRPC-6041,short-run-phillips-curve,A PROTECTED MATURE,Other imported bank,stabilization-protocol,phaseM2a-phillips-disinflation-family-maturation-v1,False,False,True,bridge,macro
ECON-SP-NATURAL-RATE-HYPOTHESIS-6043,short-run-phillips-curve,D NO ISSUE DETECTED,Other imported bank,stabilization-protocol,phaseM2a-phillips-disinflation-family-maturation-v1,False,False,False,bridge,macro
ECON-SP-READ-PC-AXES-6040,short-run-phillips-curve,D NO ISSUE DETECTED,Other imported bank,stabilization-protocol,phaseM2a-phillips-disinflation-family-maturation-v1,False,False,False,bridge,macro
ECON-NL-EASY-50,sources-of-productivity,D NO ISSUE DETECTED,Other imported bank,national-ledger,,False,False,False,main,macro
ECON-NL-EASY-51,sources-of-productivity,D NO ISSUE DETECTED,Other imported bank,national-ledger,,False,False,False,main,macro
ECON-NL-EASY-52,sources-of-productivity,D NO ISSUE DETECTED,Other imported bank,national-ledger,,False,False,False,main,macro
ECON-NL-EASY-53,sources-of-productivity,D NO ISSUE DETECTED,Other imported bank,national-ledger,,False,False,False,main,macro
ECON-NL-EASY-54,sources-of-productivity,D NO ISSUE DETECTED,Other imported bank,national-ledger,,False,False,False,main,macro
ECON-NL-EASY-55,sources-of-productivity,D NO ISSUE DETECTED,Other imported bank,national-ledger,,False,False,False,main,macro
ECON-NL-EASY-56,sources-of-productivity,D NO ISSUE DETECTED,Other imported bank,national-ledger,,False,False,False,main,macro
ECON-NL-EASY-57,sources-of-productivity,D NO ISSUE DETECTED,Other imported bank,national-ledger,,False,False,False,main,macro
ECON-NL-HARD-250,sources-of-productivity,D NO ISSUE DETECTED,Other imported bank,national-ledger,,False,False,False,main,macro
ECON-NL-HARD-251,sources-of-productivity,D NO ISSUE DETECTED,Other imported bank,national-ledger,,False,False,False,main,macro
ECON-NL-HARD-252,sources-of-productivity,D NO ISSUE DETECTED,Other imported bank,national-ledger,,False,False,False,main,macro
ECON-NL-HARD-253,sources-of-productivity,D NO ISSUE DETECTED,Other imported bank,national-ledger,,False,False,False,main,macro
ECON-NL-HARD-254,sources-of-productivity,D NO ISSUE DETECTED,Other imported bank,national-ledger,,False,False,False,main,macro
ECON-NL-ELITE-350,sources-of-productivity,D NO ISSUE DETECTED,Other imported bank,national-ledger,,False,False,False,elite,macro
ECON-NL-ELITE-352,sources-of-productivity,D NO ISSUE DETECTED,Other imported bank,national-ledger,,False,False,False,elite,macro
ECON-NL-ELITE-355,sources-of-productivity,D NO ISSUE DETECTED,Other imported bank,national-ledger,,False,False,False,elite,macro
ECON-NL-MEDIUM-149,sources-of-productivity,A PROTECTED MATURE,Other imported bank,national-ledger,,False,False,True,main,macro
ECON-NL-MEDIUM-150,sources-of-productivity,D NO ISSUE DETECTED,Other imported bank,national-ledger,,False,False,False,main,macro
ECON-NL-MEDIUM-151,sources-of-productivity,D NO ISSUE DETECTED,Other imported bank,national-ledger,,False,False,False,main,macro
ECON-NL-MEDIUM-152,sources-of-productivity,D NO ISSUE DETECTED,Other imported bank,national-ledger,,False,False,False,main,macro
ECON-NL-MEDIUM-153,sources-of-productivity,D NO ISSUE DETECTED,Other imported bank,national-ledger,,False,False,False,main,macro
ECON-NL-MEDIUM-154,sources-of-productivity,D NO ISSUE DETECTED,Other imported bank,national-ledger,,False,False,False,main,macro
ECON-NL-MEDIUM-155,sources-of-productivity,D NO ISSUE DETECTED,Other imported bank,national-ledger,,False,False,False,main,macro
ECON-NL-HARD-255,sources-of-productivity,D NO ISSUE DETECTED,Other imported bank,national-ledger,,False,False,False,main,macro
ECON-NL-ELITE-353,sources-of-productivity,D NO ISSUE DETECTED,Other imported bank,national-ledger,,False,False,False,elite,macro
ECON-NL-ELITE-354,sources-of-productivity,D NO ISSUE DETECTED,Other imported bank,national-ledger,,False,False,False,elite,macro
ECON-NL-LEGENDARY-9057,sources-of-productivity,D NO ISSUE DETECTED,Other imported bank,national-ledger,,False,False,False,legendary,macro
ECON-NL-LEGENDARY-9065,sources-of-productivity,D NO ISSUE DETECTED,Other imported bank,national-ledger,,False,False,False,legendary,macro
ECON-NL-HARD-249,sources-of-productivity,D NO ISSUE DETECTED,Other imported bank,national-ledger,,False,False,False,main,macro
ECON-NL-ELITE-349,sources-of-productivity,D NO ISSUE DETECTED,Other imported bank,national-ledger,,False,False,False,elite,macro
ECON-NL-ELITE-351,sources-of-productivity,D NO ISSUE DETECTED,Other imported bank,national-ledger,,False,False,False,elite,macro
ECON-NL-LEGENDARY-9055,sources-of-productivity,D NO ISSUE DETECTED,Other imported bank,national-ledger,,False,False,False,legendary,macro
ECON-NL-LEGENDARY-9059,sources-of-productivity,D NO ISSUE DETECTED,Other imported bank,national-ledger,,False,False,False,legendary,macro
ECON-NL-LEGENDARY-9054,sources-of-productivity,D NO ISSUE DETECTED,Other imported bank,national-ledger,,False,False,False,legendary,macro
ECON-NL-LEGENDARY-9056,sources-of-productivity,D NO ISSUE DETECTED,Other imported bank,national-ledger,,False,False,False,legendary,macro
ECON-NL-LEGENDARY-9058,sources-of-productivity,D NO ISSUE DETECTED,Other imported bank,national-ledger,,False,False,False,legendary,macro
ECON-NL-MEDIUMBOSS-3012,sources-of-productivity,D NO ISSUE DETECTED,Other imported bank,national-ledger,,False,False,False,boss,macro
ECON-NL-MEDIUMBOSS-3013,sources-of-productivity,D NO ISSUE DETECTED,Other imported bank,national-ledger,,False,False,False,boss,macro
ECON-NL-MEDIUMBOSS-3014,sources-of-productivity,D NO ISSUE DETECTED,Other imported bank,national-ledger,,False,False,False,boss,macro
ECON-NL-MEDIUMBOSS-3015,sources-of-productivity,D NO ISSUE DETECTED,Other imported bank,national-ledger,,False,False,False,boss,macro
ECON-NL-MEDIUMBOSS-3016,sources-of-productivity,C FACULTY-REVIEW CANDIDATE,Other imported bank,national-ledger,,False,False,False,boss,macro
ECON-NL-MEDIUMBOSS-3017,sources-of-productivity,D NO ISSUE DETECTED,Other imported bank,national-ledger,,False,False,False,boss,macro
ECON-NL-MEDIUMBOSS-3018,sources-of-productivity,D NO ISSUE DETECTED,Other imported bank,national-ledger,,False,False,False,boss,macro
ECON-NL-MEDIUMBOSS-3019,sources-of-productivity,D NO ISSUE DETECTED,Other imported bank,national-ledger,,False,False,False,boss,macro
ECON-NL-MEDIUMBOSS-3020,sources-of-productivity,D NO ISSUE DETECTED,Other imported bank,national-ledger,,False,False,False,boss,macro
ECON-NL-MEDIUMBOSS-3021,sources-of-productivity,D NO ISSUE DETECTED,Other imported bank,national-ledger,,False,False,False,boss,macro
ECON-NL-MEDIUMBOSS-3022,sources-of-productivity,D NO ISSUE DETECTED,Other imported bank,national-ledger,,False,False,False,boss,macro
ECON-NL-MEDIUMBOSS-3023,sources-of-productivity,D NO ISSUE DETECTED,Other imported bank,national-ledger,,False,False,False,boss,macro
ECON-NL-MEDIUMBOSS-3024,sources-of-productivity,D NO ISSUE DETECTED,Other imported bank,national-ledger,,False,False,False,boss,macro
ECON-NL-MEDIUMBOSS-3025,sources-of-productivity,D NO ISSUE DETECTED,Other imported bank,national-ledger,,False,False,False,boss,macro
ECON-NL-MEDIUMBOSS-3026,sources-of-productivity,D NO ISSUE DETECTED,Other imported bank,national-ledger,,False,False,False,boss,macro
PM2B3-SRC-EB-001,sources-of-productivity,A PROTECTED MATURE,Authored/expansion,macro-m2b3-growth-productivity-family,phaseM2b3-growth-productivity-family-maturation-v1,False,False,True,boss,macro
PM2B3-SRC-EB-002,sources-of-productivity,A PROTECTED MATURE,Authored/expansion,macro-m2b3-growth-productivity-family,phaseM2b3-growth-productivity-family-maturation-v1,False,False,True,boss,macro
PM2B3-SRC-EB-003,sources-of-productivity,B HIGH-CONFIDENCE AUTO-CORRECTED,Authored/expansion,macro-m2b3-growth-productivity-family,phaseM2b3-growth-productivity-family-maturation-v1,False,False,False,boss,macro
PM2B3-SRC-FB-004,sources-of-productivity,A PROTECTED MATURE,Authored/expansion,macro-m2b3-growth-productivity-family,phaseM2b3-growth-productivity-family-maturation-v1,False,False,True,boss,macro
PM2B3-SRC-FB-005,sources-of-productivity,A PROTECTED MATURE,Authored/expansion,macro-m2b3-growth-productivity-family,phaseM2b3-growth-productivity-family-maturation-v1,False,False,True,boss,macro
PM2B3-SRC-FB-006,sources-of-productivity,A PROTECTED MATURE,Authored/expansion,macro-m2b3-growth-productivity-family,phaseM2b3-growth-productivity-family-maturation-v1,False,False,True,boss,macro
ECON-EC-FINALBOSS-19010,sources-of-productivity,D NO ISSUE DETECTED,Other imported bank,equilibrium-crisis,phase7.7-general-economics-final-maturation-v1,False,False,False,boss,macro
ECON-EC-FINALBOSS-19011,sources-of-productivity,D NO ISSUE DETECTED,Other imported bank,equilibrium-crisis,phase7.7-general-economics-final-maturation-v1,False,False,False,boss,macro
ECON-EC-MEDIUMBOSS-18007,sources-of-productivity,D NO ISSUE DETECTED,Other imported bank,equilibrium-crisis,phase7.7-general-economics-final-maturation-v1,False,False,False,boss,macro
ECON-EC-MEDIUMBOSS-18022,sources-of-productivity,D NO ISSUE DETECTED,Other imported bank,equilibrium-crisis,phaseQH7-principles-micro-human-read-curation-v1,False,False,False,boss,macro
ECON-NL-LEGENDARYBOSS-9119,sources-of-productivity,D NO ISSUE DETECTED,Other imported bank,national-ledger,,False,False,False,legendaryBoss,macro
ECON-NL-LEGENDARYBOSS-9120,sources-of-productivity,D NO ISSUE DETECTED,Other imported bank,national-ledger,,False,False,False,legendaryBoss,macro
ECON-NL-LEGENDARYBOSS-9121,sources-of-productivity,D NO ISSUE DETECTED,Other imported bank,national-ledger,,False,False,False,legendaryBoss,macro
ECON-EC-LEGENDARYBOSS-20020,sources-of-productivity,D NO ISSUE DETECTED,Other imported bank,equilibrium-crisis,,False,False,False,legendaryBoss,macro
ECON-NL-CATCH-UP-EFFECT-5043,sources-of-productivity,D NO ISSUE DETECTED,Other imported bank,national-ledger,,False,False,False,repair,macro
ECON-NL-DIMINISHING-RETURNS-5042,sources-of-productivity,D NO ISSUE DETECTED,Other imported bank,national-ledger,,False,False,False,repair,macro
ECON-NL-HUMAN-CAPITAL-5039,sources-of-productivity,D NO ISSUE DETECTED,Other imported bank,national-ledger,,False,False,False,repair,macro
ECON-NL-NATURAL-RESOURCES-5040,sources-of-productivity,D NO ISSUE DETECTED,Other imported bank,national-ledger,,False,False,False,repair,macro
ECON-NL-PHYSICAL-CAPITAL-5038,sources-of-productivity,D NO ISSUE DETECTED,Other imported bank,national-ledger,,False,False,False,repair,macro
ECON-NL-TECHNOLOGICAL-KNOWLEDGE-5041,sources-of-productivity,D NO ISSUE DETECTED,Other imported bank,national-ledger,,False,False,False,repair,macro
ECON-NL-CATCH-UP-EFFECT-6024,sources-of-productivity,D NO ISSUE DETECTED,Other imported bank,national-ledger,,False,False,False,bridge,macro
ECON-NL-DIMINISHING-RETURNS-6023,sources-of-productivity,D NO ISSUE DETECTED,Other imported bank,national-ledger,,False,False,False,bridge,macro
ECON-NL-HUMAN-CAPITAL-6020,sources-of-productivity,D NO ISSUE DETECTED,Other imported bank,national-ledger,,False,False,False,bridge,macro
ECON-NL-NATURAL-RESOURCES-6021,sources-of-productivity,D NO ISSUE DETECTED,Other imported bank,national-ledger,,False,False,False,bridge,macro
ECON-NL-PHYSICAL-CAPITAL-6019,sources-of-productivity,D NO ISSUE DETECTED,Other imported bank,national-ledger,,False,False,False,bridge,macro
ECON-NL-TECHNOLOGICAL-KNOWLEDGE-6022,sources-of-productivity,D NO ISSUE DETECTED,Other imported bank,national-ledger,,False,False,False,bridge,macro
ECON-SP-EASY-56,stabilization-policy,D NO ISSUE DETECTED,Other imported bank,stabilization-protocol,,False,False,False,main,macro
ECON-SP-EASY-57,stabilization-policy,D NO ISSUE DETECTED,Other imported bank,stabilization-protocol,,False,False,False,main,macro
ECON-SP-EASY-58,stabilization-policy,D NO ISSUE DETECTED,Other imported bank,stabilization-protocol,,False,False,False,main,macro
LG-Q-60,stabilization-policy,D NO ISSUE DETECTED,Other imported bank,liquidity-grid,,False,False,False,main,macro
LG-Q-81,stabilization-policy,D NO ISSUE DETECTED,Other imported bank,liquidity-grid,,False,False,False,main,macro
LG-Q-82,stabilization-policy,D NO ISSUE DETECTED,Other imported bank,liquidity-grid,,False,False,False,main,macro
LG-Q-83,stabilization-policy,D NO ISSUE DETECTED,Other imported bank,liquidity-grid,,False,False,False,main,macro
LG-Q-84,stabilization-policy,D NO ISSUE DETECTED,Other imported bank,liquidity-grid,,False,False,False,main,macro
LG-Q-85,stabilization-policy,D NO ISSUE DETECTED,Other imported bank,liquidity-grid,,False,False,False,main,macro
LG-Q-280,stabilization-policy,D NO ISSUE DETECTED,Other imported bank,liquidity-grid,,False,False,False,main,macro
ECON-SP-MEDIUM-148,stabilization-policy,D NO ISSUE DETECTED,Other imported bank,stabilization-protocol,,False,False,False,main,macro
ECON-SP-MEDIUM-149,stabilization-policy,D NO ISSUE DETECTED,Other imported bank,stabilization-protocol,,False,False,False,main,macro
ECON-SP-MEDIUM-150,stabilization-policy,D NO ISSUE DETECTED,Other imported bank,stabilization-protocol,,False,False,False,main,macro
LG-Q-179,stabilization-policy,D NO ISSUE DETECTED,Other imported bank,liquidity-grid,,False,False,False,main,macro
LG-Q-180,stabilization-policy,D NO ISSUE DETECTED,Other imported bank,liquidity-grid,,False,False,False,main,macro
LG-Q-181,stabilization-policy,D NO ISSUE DETECTED,Other imported bank,liquidity-grid,,False,False,False,main,macro
LG-Q-182,stabilization-policy,D NO ISSUE DETECTED,Other imported bank,liquidity-grid,,False,False,False,main,macro
LG-Q-183,stabilization-policy,D NO ISSUE DETECTED,Other imported bank,liquidity-grid,,False,False,False,main,macro
LG-Q-184,stabilization-policy,D NO ISSUE DETECTED,Other imported bank,liquidity-grid,,False,False,False,main,macro
ECON-SP-HARD-233,stabilization-policy,D NO ISSUE DETECTED,Other imported bank,stabilization-protocol,,False,False,False,main,macro
ECON-SP-HARD-234,stabilization-policy,D NO ISSUE DETECTED,Other imported bank,stabilization-protocol,,False,False,False,main,macro
ECON-SP-HARD-235,stabilization-policy,D NO ISSUE DETECTED,Other imported bank,stabilization-protocol,,False,False,False,main,macro
LG-Q-278,stabilization-policy,D NO ISSUE DETECTED,Other imported bank,liquidity-grid,,False,False,False,main,macro
LG-Q-279,stabilization-policy,D NO ISSUE DETECTED,Other imported bank,liquidity-grid,,False,False,False,main,macro
LG-Q-281,stabilization-policy,D NO ISSUE DETECTED,Other imported bank,liquidity-grid,,False,False,False,main,macro
ECON-SP-ELITE-322,stabilization-policy,D NO ISSUE DETECTED,Other imported bank,stabilization-protocol,,False,False,False,elite,macro
LG-Q-375,stabilization-policy,D NO ISSUE DETECTED,Other imported bank,liquidity-grid,,False,False,False,elite,macro
LG-Q-9057,stabilization-policy,D NO ISSUE DETECTED,Other imported bank,liquidity-grid,,False,False,False,legendary,macro
LG-Q-9063,stabilization-policy,D NO ISSUE DETECTED,Other imported bank,liquidity-grid,,False,False,False,legendary,macro
LG-Q-9071,stabilization-policy,D NO ISSUE DETECTED,Other imported bank,liquidity-grid,,False,False,False,legendary,macro
LG-Q-268,stabilization-policy,D NO ISSUE DETECTED,Other imported bank,liquidity-grid,,False,False,False,main,macro
LG-Q-269,stabilization-policy,D NO ISSUE DETECTED,Other imported bank,liquidity-grid,,False,False,False,main,macro
LG-Q-282,stabilization-policy,A PROTECTED MATURE,Other imported bank,liquidity-grid,,False,False,True,main,macro
LG-Q-283,stabilization-policy,D NO ISSUE DETECTED,Other imported bank,liquidity-grid,,False,False,False,main,macro
LG-Q-284,stabilization-policy,D NO ISSUE DETECTED,Other imported bank,liquidity-grid,,False,False,False,main,macro
ECON-SP-ELITE-321,stabilization-policy,D NO ISSUE DETECTED,Other imported bank,stabilization-protocol,,False,False,False,elite,macro
ECON-SP-ELITE-344,stabilization-policy,D NO ISSUE DETECTED,Other imported bank,stabilization-protocol,,False,False,False,elite,macro
LG-Q-362,stabilization-policy,D NO ISSUE DETECTED,Other imported bank,liquidity-grid,,False,False,False,elite,macro
LG-Q-363,stabilization-policy,D NO ISSUE DETECTED,Other imported bank,liquidity-grid,,False,False,False,elite,macro
LG-Q-378,stabilization-policy,D NO ISSUE DETECTED,Other imported bank,liquidity-grid,,False,False,False,elite,macro
LG-Q-380,stabilization-policy,D NO ISSUE DETECTED,Other imported bank,liquidity-grid,,False,False,False,elite,macro
LG-Q-381,stabilization-policy,D NO ISSUE DETECTED,Other imported bank,liquidity-grid,,False,False,False,elite,macro
LG-Q-382,stabilization-policy,D NO ISSUE DETECTED,Other imported bank,liquidity-grid,,False,False,False,elite,macro
LG-Q-383,stabilization-policy,D NO ISSUE DETECTED,Other imported bank,liquidity-grid,,False,False,False,elite,macro
LG-Q-384,stabilization-policy,D NO ISSUE DETECTED,Other imported bank,liquidity-grid,,False,False,False,elite,macro
LG-Q-9058,stabilization-policy,D NO ISSUE DETECTED,Other imported bank,liquidity-grid,,False,False,False,legendary,macro
LG-Q-9065,stabilization-policy,D NO ISSUE DETECTED,Other imported bank,liquidity-grid,,False,False,False,legendary,macro
PM2D2-STAB-L-001,stabilization-policy,D NO ISSUE DETECTED,Authored/expansion,macro-m2d2-fiscal-stabilization-family,phaseM2d2-fiscal-stabilization-family-maturation-v1,False,False,False,legendary,macro
PM2D2-STAB-L-003,stabilization-policy,D NO ISSUE DETECTED,Authored/expansion,macro-m2d2-fiscal-stabilization-family,phaseM2d2-fiscal-stabilization-family-maturation-v1,False,False,False,legendary,macro
LG-Q-9069,stabilization-policy,D NO ISSUE DETECTED,Other imported bank,liquidity-grid,,False,False,False,legendary,macro
LG-Q-9070,stabilization-policy,D NO ISSUE DETECTED,Other imported bank,liquidity-grid,,False,False,False,legendary,macro
LG-Q-9074,stabilization-policy,D NO ISSUE DETECTED,Other imported bank,liquidity-grid,,False,False,False,legendary,macro
PM2D2-STAB-L-002,stabilization-policy,D NO ISSUE DETECTED,Authored/expansion,macro-m2d2-fiscal-stabilization-family,phaseM2d2-fiscal-stabilization-family-maturation-v1,False,False,False,legendary,macro
PM2D2-STAB-L-004,stabilization-policy,D NO ISSUE DETECTED,Authored/expansion,macro-m2d2-fiscal-stabilization-family,phaseM2d2-fiscal-stabilization-family-maturation-v1,False,False,False,legendary,macro
LG-Q-4012,stabilization-policy,D NO ISSUE DETECTED,Other imported bank,liquidity-grid,,False,False,False,boss,macro
LG-Q-4013,stabilization-policy,D NO ISSUE DETECTED,Other imported bank,liquidity-grid,,False,False,False,boss,macro
LG-Q-4014,stabilization-policy,D NO ISSUE DETECTED,Other imported bank,liquidity-grid,,False,False,False,boss,macro
P52B-S4-STAB-B1-001,stabilization-policy,D NO ISSUE DETECTED,Authored/expansion,phase5.2b-stage4-rescue,,False,False,False,boss,macro
P52B-S4-STAB-B1-002,stabilization-policy,D NO ISSUE DETECTED,Authored/expansion,phase5.2b-stage4-rescue,,False,False,False,boss,macro
P52B-S4-STAB-B1-003,stabilization-policy,D NO ISSUE DETECTED,Authored/expansion,phase5.2b-stage4-rescue,,False,False,False,boss,macro
P52B-S4-STAB-B2-001,stabilization-policy,D NO ISSUE DETECTED,Authored/expansion,phase5.2b-stage4-rescue,,False,False,False,boss,macro
P52B-S4-STAB-B2-002,stabilization-policy,B HIGH-CONFIDENCE AUTO-CORRECTED,Authored/expansion,phase5.2b-stage4-rescue,,False,False,False,boss,macro
P52B-S4-STAB-B2-003,stabilization-policy,D NO ISSUE DETECTED,Authored/expansion,phase5.2b-stage4-rescue,,False,False,False,boss,macro
LG-Q-9135,stabilization-policy,D NO ISSUE DETECTED,Other imported bank,liquidity-grid,,False,False,False,legendaryBoss,macro
LG-Q-9136,stabilization-policy,D NO ISSUE DETECTED,Other imported bank,liquidity-grid,,False,False,False,legendaryBoss,macro
LG-Q-9139,stabilization-policy,C FACULTY-REVIEW CANDIDATE,Other imported bank,liquidity-grid,,False,False,False,legendaryBoss,macro
LG-Q-9140,stabilization-policy,A PROTECTED MATURE,Other imported bank,liquidity-grid,,False,False,True,legendaryBoss,macro
LG-Q-9143,stabilization-policy,D NO ISSUE DETECTED,Other imported bank,liquidity-grid,,False,False,False,legendaryBoss,macro
LG-Q-9144,stabilization-policy,D NO ISSUE DETECTED,Other imported bank,liquidity-grid,,False,False,False,legendaryBoss,macro
ECON-SP-AUTOMATIC-STABILIZERS-5064,stabilization-policy,A PROTECTED MATURE,Other imported bank,stabilization-protocol,,False,False,True,repair,macro
ECON-SP-CHOOSE-STABILIZATION-RESPONSE-5063,stabilization-policy,A PROTECTED MATURE,Other imported bank,stabilization-protocol,,False,False,True,repair,macro
ECON-SP-LIQUIDITY-TRAP-5047,stabilization-policy,A PROTECTED MATURE,Other imported bank,stabilization-protocol,,False,False,True,repair,macro
ECON-SP-POLICY-LAGS-5046,stabilization-policy,A PROTECTED MATURE,Other imported bank,stabilization-protocol,,False,False,True,repair,macro
LG-R-5056,stabilization-policy,D NO ISSUE DETECTED,Other imported bank,liquidity-grid,,False,False,False,repair,macro
LG-R-5057,stabilization-policy,D NO ISSUE DETECTED,Other imported bank,liquidity-grid,,False,False,False,repair,macro
LG-R-5058,stabilization-policy,D NO ISSUE DETECTED,Other imported bank,liquidity-grid,,False,False,False,repair,macro
LG-R-5059,stabilization-policy,D NO ISSUE DETECTED,Other imported bank,liquidity-grid,,False,False,False,repair,macro
ECON-SP-CHOOSE-STABILIZATION-RESPONSE-6054,stabilization-policy,D NO ISSUE DETECTED,Other imported bank,stabilization-protocol,,False,False,False,bridge,macro
ECON-SP-LIQUIDITY-TRAP-6038,stabilization-policy,A PROTECTED MATURE,Other imported bank,stabilization-protocol,,False,False,True,bridge,macro
ECON-SP-POLICY-LAGS-6037,stabilization-policy,A PROTECTED MATURE,Other imported bank,stabilization-protocol,,False,False,True,bridge,macro
LG-B-6024,stabilization-policy,D NO ISSUE DETECTED,Other imported bank,liquidity-grid,,False,False,False,bridge,macro
LG-B-6025,stabilization-policy,D NO ISSUE DETECTED,Other imported bank,liquidity-grid,,False,False,False,bridge,macro
ECON-MG-EASY-73,statutory-versus-economic-tax-incidence,A PROTECTED MATURE,Market Gate: no later curation recorded,market-gate,,True,True,False,main,general; macro; micro
PG2-STX-E-001,statutory-versus-economic-tax-incidence,A PROTECTED MATURE,Other imported bank,micro-concept-library,phaseQH7-principles-micro-human-read-curation-v1,False,True,False,main,general; macro; micro
ECON-MG-MEDIUM-143,statutory-versus-economic-tax-incidence,A PROTECTED MATURE,Market Gate: documented later descendant,market-gate,phaseQH7-principles-micro-human-read-curation-v1,True,True,False,main,general; macro; micro
PG2-STX-M-001,statutory-versus-economic-tax-incidence,A PROTECTED MATURE,Other imported bank,micro-concept-library,phaseQH7-principles-micro-human-read-curation-v1,False,True,False,main,general; macro; micro
PG2-STX-M-002,statutory-versus-economic-tax-incidence,A PROTECTED MATURE,Other imported bank,micro-concept-library,phaseQH7-principles-micro-human-read-curation-v1,False,True,False,main,general; macro; micro
ECON-MG-HARD-247,statutory-versus-economic-tax-incidence,A PROTECTED MATURE,Market Gate: documented later descendant,market-gate,phaseQH7-principles-micro-human-read-curation-v1,True,True,False,main,general; macro; micro
ECON-MG-ELITE-303,statutory-versus-economic-tax-incidence,A PROTECTED MATURE,Market Gate: no later curation recorded,market-gate,,True,True,False,main,general; macro; micro
ECON-MG-LEGENDARY-9073,statutory-versus-economic-tax-incidence,A PROTECTED MATURE,Market Gate: no later curation recorded,market-gate,,True,True,False,main,general; macro; micro
ECON-MG-HARD-282,statutory-versus-economic-tax-incidence,A PROTECTED MATURE,Market Gate: no later curation recorded,market-gate,,True,True,False,main,general; macro; micro
PG2-STX-H-001,statutory-versus-economic-tax-incidence,A PROTECTED MATURE,Other imported bank,micro-concept-library,phaseQH7-principles-micro-human-read-curation-v1,False,True,False,main,general; macro; micro
ECON-MG-LEGENDARY-9062,statutory-versus-economic-tax-incidence,A PROTECTED MATURE,Market Gate: no later curation recorded,market-gate,,True,True,False,main,general; macro; micro
ECON-MG-LEGENDARY-9063,statutory-versus-economic-tax-incidence,A PROTECTED MATURE,Market Gate: no later curation recorded,market-gate,,True,True,False,main,general; macro; micro
ECON-MG-ELITE-320,statutory-versus-economic-tax-incidence,A PROTECTED MATURE,Market Gate: documented later descendant,market-gate,phaseQH7-principles-micro-human-read-curation-v1,True,True,False,main,general; macro; micro
PG2-STX-EL-001,statutory-versus-economic-tax-incidence,A PROTECTED MATURE,Other imported bank,micro-concept-library,,False,True,False,elite,general; macro; micro
40046,statutory-versus-economic-tax-incidence,A PROTECTED MATURE,Market Gate: documented later descendant,market-gate,phaseQH7-principles-micro-human-read-curation-v1,True,True,False,main,general; macro; micro
ECON-MG-LEGENDARY-9070,statutory-versus-economic-tax-incidence,A PROTECTED MATURE,Market Gate: no later curation recorded,market-gate,,True,True,False,legendary,general; macro; micro
PG2-STX-L-001,statutory-versus-economic-tax-incidence,A PROTECTED MATURE,Other imported bank,micro-concept-library,phaseQH7-principles-micro-human-read-curation-v1,False,True,False,legendary,general; macro; micro
ECON-MG-FINALBOSS-4009,statutory-versus-economic-tax-incidence,A PROTECTED MATURE,Market Gate: no later curation recorded,market-gate,,True,True,False,boss,general; macro; micro
ECON-MG-FINALBOSS-4010,statutory-versus-economic-tax-incidence,A PROTECTED MATURE,Market Gate: no later curation recorded,market-gate,,True,True,False,boss,general; macro; micro
ECON-MG-FINALBOSS-4018,statutory-versus-economic-tax-incidence,A PROTECTED MATURE,Market Gate: no later curation recorded,market-gate,,True,True,False,boss,general; macro; micro
ECON-MG-LEGENDARYBOSS-9139,statutory-versus-economic-tax-incidence,A PROTECTED MATURE,Market Gate: no later curation recorded,market-gate,,True,True,False,legendaryBoss,general; macro; micro
ECON-MG-LEGENDARYBOSS-9140,statutory-versus-economic-tax-incidence,A PROTECTED MATURE,Market Gate: no later curation recorded,market-gate,,True,True,False,legendaryBoss,general; macro; micro
ECON-MG-LEGENDARYBOSS-9141,statutory-versus-economic-tax-incidence,A PROTECTED MATURE,Market Gate: no later curation recorded,market-gate,,True,True,False,legendaryBoss,general; macro; micro
ECON-MG-CORE-TAX-EQUIVALENCE-30009,statutory-versus-economic-tax-incidence,A PROTECTED MATURE,Market Gate: no later curation recorded,market-gate,,True,True,False,repairSeed,general; macro; micro
ECON-MG-TAX-EQUIVALENCE-6036,statutory-versus-economic-tax-incidence,A PROTECTED MATURE,Market Gate: no later curation recorded,market-gate,,True,True,False,bridge,general; macro; micro
ECON-MG-TAX-EQUIVALENCE-6037,statutory-versus-economic-tax-incidence,A PROTECTED MATURE,Market Gate: no later curation recorded,market-gate,,True,True,False,bridge,general; macro; micro
ECON-MG-EASY-46,supply,A PROTECTED MATURE,Market Gate: no later curation recorded,market-gate,,True,True,False,main,general; macro; micro
ECON-MG-EASY-47,supply,A PROTECTED MATURE,Market Gate: no later curation recorded,market-gate,,True,True,False,main,general; macro; micro
ECON-MG-EASY-48,supply,A PROTECTED MATURE,Market Gate: documented later descendant,market-gate,phaseQH7-principles-micro-human-read-curation-v1,True,True,False,main,general; macro; micro
ECON-MG-EASY-49,supply,A PROTECTED MATURE,Market Gate: documented later descendant,market-gate,phaseQH4-supply-demand-equilibrium-audit-remediation-v1,True,True,False,main,general; macro; micro
ECON-MG-EASY-50,supply,A PROTECTED MATURE,Market Gate: no later curation recorded,market-gate,,True,True,False,main,general; macro; micro
P52B-S2-SUP-E-001,supply,A PROTECTED MATURE,Authored/expansion,phase5.2b-stage2-rescue,,False,True,False,main,general; macro; micro
PG1-SUP-E-001,supply,A PROTECTED MATURE,Other imported bank,micro-concept-library,phaseQH3-core-question-quality-gate-v1,False,True,False,main,general; macro; micro
PG1-SUP-E-002,supply,A PROTECTED MATURE,Other imported bank,micro-concept-library,,False,True,False,main,general; macro; micro
PG1-SUP-E-003,supply,A PROTECTED MATURE,Other imported bank,micro-concept-library,,False,True,False,main,general; macro; micro
ECON-MG-MEDIUM-122,supply,A PROTECTED MATURE,Market Gate: no later curation recorded,market-gate,,True,True,False,main,general; macro; micro
ECON-MG-MEDIUM-123,supply,A PROTECTED MATURE,Market Gate: no later curation recorded,market-gate,,True,True,False,main,general; macro; micro
ECON-MG-MEDIUM-124,supply,A PROTECTED MATURE,Market Gate: no later curation recorded,market-gate,,True,True,False,main,general; macro; micro
ECON-MG-MEDIUM-125,supply,A PROTECTED MATURE,Market Gate: no later curation recorded,market-gate,,True,True,False,main,general; macro; micro
ECON-MG-MEDIUM-166,supply,A PROTECTED MATURE,Market Gate: documented later descendant,market-gate,phaseQH4-supply-demand-equilibrium-audit-remediation-v1,True,True,False,main,general; macro; micro
P52B-S2-SUP-M-001,supply,A PROTECTED MATURE,Authored/expansion,phase5.2b-stage2-rescue,,False,True,False,main,general; macro; micro
PG1-SUP-M-001,supply,A PROTECTED MATURE,Other imported bank,micro-concept-library,phaseQH7-principles-micro-human-read-curation-v1,False,True,False,main,general; macro; micro
PG1-SUP-M-002,supply,A PROTECTED MATURE,Other imported bank,micro-concept-library,,False,True,False,main,general; macro; micro
PG1-SUP-M-003,supply,A PROTECTED MATURE,Other imported bank,micro-concept-library,,False,True,False,main,general; macro; micro
PG1-SUP-M-004,supply,A PROTECTED MATURE,Other imported bank,micro-concept-library,,False,True,False,main,general; macro; micro
PG1-SUP-M-005,supply,A PROTECTED MATURE,Other imported bank,micro-concept-library,phaseQH7-principles-micro-human-read-curation-v1,False,True,False,main,general; macro; micro
PG1-SUP-M-006,supply,A PROTECTED MATURE,Other imported bank,micro-concept-library,,False,True,False,main,general; macro; micro
40006,supply,A PROTECTED MATURE,Market Gate: documented later descendant,market-gate,phaseQH6-graph-assessment-integrity-v1,True,True,False,main,general; macro; micro
40008,supply,A PROTECTED MATURE,Market Gate: documented later descendant,market-gate,phaseQH6-graph-assessment-integrity-v1,True,True,False,main,general; macro; micro
ECON-MG-HARD-220,supply,A PROTECTED MATURE,Market Gate: no later curation recorded,market-gate,,True,True,False,main,general; macro; micro
PG1-SUP-EL-001,supply,A PROTECTED MATURE,Other imported bank,micro-concept-library,,False,True,False,main,general; macro; micro
PG1-SUP-L-001,supply,A PROTECTED MATURE,Other imported bank,micro-concept-library,phaseQH3-core-question-quality-gate-v1,False,True,False,main,general; macro; micro
ECON-MG-HARD-221,supply,A PROTECTED MATURE,Market Gate: no later curation recorded,market-gate,,True,True,False,main,general; macro; micro
ECON-MG-HARD-222,supply,A PROTECTED MATURE,Market Gate: no later curation recorded,market-gate,,True,True,False,main,general; macro; micro
ECON-MG-HARD-223,supply,A PROTECTED MATURE,Market Gate: no later curation recorded,market-gate,,True,True,False,main,general; macro; micro
ECON-MG-HARD-263,supply,A PROTECTED MATURE,Market Gate: documented later descendant,market-gate,phaseQH4-supply-demand-equilibrium-audit-remediation-v1,True,True,False,main,general; macro; micro
P52B-S2-SUP-H-001,supply,A PROTECTED MATURE,Authored/expansion,phase5.2b-stage2-rescue,phaseQH4-supply-demand-equilibrium-audit-remediation-v1,False,True,False,main,general; macro; micro
PG1-SUP-H-001,supply,A PROTECTED MATURE,Other imported bank,micro-concept-library,phaseQH4-supply-demand-equilibrium-audit-remediation-v1,False,True,False,main,general; macro; micro
PG1-SUP-H-002,supply,A PROTECTED MATURE,Other imported bank,micro-concept-library,phaseQH7-principles-micro-human-read-curation-v1,False,True,False,main,general; macro; micro
PG1-SUP-H-003,supply,A PROTECTED MATURE,Other imported bank,micro-concept-library,,False,True,False,main,general; macro; micro
40007,supply,A PROTECTED MATURE,Market Gate: documented later descendant,market-gate,phaseQH6-graph-assessment-integrity-v1,True,True,False,main,general; macro; micro
P52B-S2-SUP-EL-003,supply,A PROTECTED MATURE,Authored/expansion,phase5.2b-stage2-rescue,,False,True,False,main,general; macro; micro
P52B-S2-SUP-L-003,supply,A PROTECTED MATURE,Authored/expansion,phase5.2b-stage2-rescue,,False,True,False,main,general; macro; micro
ECON-MG-ELITE-323,supply,A PROTECTED MATURE,Market Gate: no later curation recorded,market-gate,,True,True,False,elite,general; macro; micro
P52B-S2-SUP-EL-001,supply,A PROTECTED MATURE,Authored/expansion,phase5.2b-stage2-rescue,phaseQH4-supply-demand-equilibrium-audit-remediation-v1,False,True,False,elite,general; macro; micro
P52B-S2-SUP-EL-002,supply,A PROTECTED MATURE,Authored/expansion,phase5.2b-stage2-rescue,phaseQH4-supply-demand-equilibrium-audit-remediation-v1,False,True,False,elite,general; macro; micro
PG1-SUP-EL-002,supply,A PROTECTED MATURE,Other imported bank,micro-concept-library,phaseQH4-supply-demand-equilibrium-audit-remediation-v1,False,True,False,elite,general; macro; micro
PG1-SUP-EL-003,supply,A PROTECTED MATURE,Other imported bank,micro-concept-library,phaseQH4-supply-demand-equilibrium-audit-remediation-v1,False,True,False,elite,general; macro; micro
P52B-S2-SUP-L-001,supply,A PROTECTED MATURE,Authored/expansion,phase5.2b-stage2-rescue,phaseQH4-supply-demand-equilibrium-audit-remediation-v1,False,True,False,legendary,general; macro; micro
P52B-S2-SUP-L-002,supply,A PROTECTED MATURE,Authored/expansion,phase5.2b-stage2-rescue,,False,True,False,legendary,general; macro; micro
P52B-S2-SUP-L-004,supply,A PROTECTED MATURE,Authored/expansion,phase5.2b-stage2-rescue,phaseQH4-supply-demand-equilibrium-audit-remediation-v1,False,True,False,legendary,general; macro; micro
P52B-S2-SUP-L-005,supply,A PROTECTED MATURE,Authored/expansion,phase5.2b-stage2-rescue,,False,True,False,legendary,general; macro; micro
P52B-S2-SUP-L-006,supply,A PROTECTED MATURE,Authored/expansion,phase5.2b-stage2-rescue,,False,True,False,legendary,general; macro; micro
PG1-SUP-L-002,supply,A PROTECTED MATURE,Other imported bank,micro-concept-library,,False,True,False,legendary,general; macro; micro
PG1-SUP-L-003,supply,A PROTECTED MATURE,Other imported bank,micro-concept-library,,False,True,False,legendary,general; macro; micro
ECON-MG-MEDIUMBOSS-3006,supply,A PROTECTED MATURE,Market Gate: documented later descendant,market-gate,phaseQH7-principles-micro-human-read-curation-v1,True,True,False,boss,general; macro; micro
ECON-MG-MEDIUMBOSS-3007,supply,A PROTECTED MATURE,Market Gate: no later curation recorded,market-gate,,True,True,False,boss,general; macro; micro
ECON-MG-MEDIUMBOSS-3008,supply,A PROTECTED MATURE,Market Gate: documented later descendant,market-gate,phaseQH7-principles-micro-human-read-curation-v1,True,True,False,boss,general; macro; micro
P52B-S2-SUP-B1-001,supply,A PROTECTED MATURE,Authored/expansion,phase5.2b-stage2-rescue,,False,True,False,boss,general; macro; micro
P52B-S2-SUP-B1-002,supply,A PROTECTED MATURE,Authored/expansion,phase5.2b-stage2-rescue,,False,True,False,boss,general; macro; micro
P52B-S2-SUP-B1-003,supply,A PROTECTED MATURE,Authored/expansion,phase5.2b-stage2-rescue,,False,True,False,boss,general; macro; micro
P52B-S2-SUP-B3-001,supply,A PROTECTED MATURE,Authored/expansion,phase5.2b-stage2-rescue,phaseQH4-supply-demand-equilibrium-audit-remediation-v1,False,True,False,boss,general; macro; micro
P52B-S2-SUP-B3-002,supply,A PROTECTED MATURE,Authored/expansion,phase5.2b-stage2-rescue,,False,True,False,boss,general; macro; micro
P52B-S2-SUP-B3-003,supply,A PROTECTED MATURE,Authored/expansion,phase5.2b-stage2-rescue,phaseQH4-supply-demand-equilibrium-audit-remediation-v1,False,True,False,boss,general; macro; micro
ECON-MG-LEGENDARYBOSS-9124,supply,A PROTECTED MATURE,Market Gate: no later curation recorded,market-gate,,True,True,False,legendaryBoss,general; macro; micro
ECON-MG-LEGENDARYBOSS-9125,supply,A PROTECTED MATURE,Market Gate: documented later descendant,market-gate,phaseQH4-supply-demand-equilibrium-audit-remediation-v1,True,True,False,legendaryBoss,general; macro; micro
ECON-MG-LEGENDARYBOSS-9126,supply,A PROTECTED MATURE,Market Gate: no later curation recorded,market-gate,,True,True,False,legendaryBoss,general; macro; micro
ECON-MG-MOVEMENT-VS-SUPPLY-SHIFT-5002,supply,A PROTECTED MATURE,Market Gate: no later curation recorded,market-gate,,True,True,False,repair,general; macro; micro
ECON-MG-MOVEMENT-VS-SUPPLY-SHIFT-5003,supply,A PROTECTED MATURE,Market Gate: no later curation recorded,market-gate,,True,True,False,repair,general; macro; micro
ECON-MG-SUPPLY-SHIFTERS-5006,supply,A PROTECTED MATURE,Market Gate: no later curation recorded,market-gate,,True,True,False,repair,general; macro; micro
ECON-MG-SUPPLY-SHIFTERS-5007,supply,A PROTECTED MATURE,Market Gate: documented later descendant,market-gate,phaseQH7-principles-micro-human-read-curation-v1,True,True,False,repair,general; macro; micro
ECON-MG-MOVEMENT-VS-SUPPLY-SHIFT-6002,supply,A PROTECTED MATURE,Market Gate: no later curation recorded,market-gate,,True,True,False,bridge,general; macro; micro
ECON-MG-MOVEMENT-VS-SUPPLY-SHIFT-6003,supply,A PROTECTED MATURE,Market Gate: no later curation recorded,market-gate,,True,True,False,bridge,general; macro; micro
ECON-MG-SUPPLY-SHIFTERS-6008,supply,A PROTECTED MATURE,Market Gate: no later curation recorded,market-gate,,True,True,False,bridge,general; macro; micro
ECON-MG-SUPPLY-SHIFTERS-6009,supply,A PROTECTED MATURE,Market Gate: documented later descendant,market-gate,phaseQH7-principles-micro-human-read-curation-v1,True,True,False,bridge,general; macro; micro
ECON-MG-EASY-74,tax-incidence,A PROTECTED MATURE,Market Gate: no later curation recorded,market-gate,,True,True,False,main,general; macro; micro
ECON-MG-EASY-75,tax-incidence,A PROTECTED MATURE,Market Gate: documented later descendant,market-gate,phaseQH7-principles-micro-human-read-curation-v1,True,True,False,main,general; macro; micro
ECON-MG-EASY-76,tax-incidence,A PROTECTED MATURE,Market Gate: no later curation recorded,market-gate,,True,True,False,main,general; macro; micro
ECON-MG-EASY-77,tax-incidence,A PROTECTED MATURE,Market Gate: documented later descendant,market-gate,phaseQH7-principles-micro-human-read-curation-v1,True,True,False,main,general; macro; micro
ECON-MG-MEDIUM-144,tax-incidence,A PROTECTED MATURE,Market Gate: no later curation recorded,market-gate,,True,True,False,main,general; macro; micro
ECON-MG-MEDIUM-145,tax-incidence,A PROTECTED MATURE,Market Gate: no later curation recorded,market-gate,,True,True,False,main,general; macro; micro
ECON-MG-MEDIUM-149,tax-incidence,A PROTECTED MATURE,Market Gate: documented later descendant,market-gate,phaseQH7-principles-micro-human-read-curation-v1,True,True,False,main,general; macro; micro
ECON-MG-MEDIUM-188,tax-incidence,A PROTECTED MATURE,Market Gate: no later curation recorded,market-gate,,True,True,False,main,general; macro; micro
ECON-MG-LEGENDARY-9065,tax-incidence,A PROTECTED MATURE,Market Gate: no later curation recorded,market-gate,,True,True,False,main,general; macro; micro
ECON-MG-LEGENDARY-9066,tax-incidence,A PROTECTED MATURE,Market Gate: no later curation recorded,market-gate,,True,True,False,main,general; macro; micro
ECON-MG-ELITE-325,tax-incidence,A PROTECTED MATURE,Market Gate: documented later descendant,market-gate,phaseQH7-principles-micro-human-read-curation-v1,True,True,False,main,general; macro; micro
ECON-MG-LEGENDARY-9072,tax-incidence,A PROTECTED MATURE,Market Gate: no later curation recorded,market-gate,,True,True,False,main,general; macro; micro
ECON-MG-HARD-248,tax-incidence,A PROTECTED MATURE,Market Gate: no later curation recorded,market-gate,,True,True,False,main,general; macro; micro
ECON-MG-HARD-249,tax-incidence,A PROTECTED MATURE,Market Gate: documented later descendant,market-gate,phaseQH7-principles-micro-human-read-curation-v1,True,True,False,main,general; macro; micro
ECON-MG-HARD-281,tax-incidence,A PROTECTED MATURE,Market Gate: no later curation recorded,market-gate,,True,True,False,main,general; macro; micro
40037,tax-incidence,A PROTECTED MATURE,Market Gate: documented later descendant,market-gate,phaseQH7-principles-micro-human-read-curation-v1,True,True,False,main,general; macro; micro
40035,tax-incidence,A PROTECTED MATURE,Market Gate: documented later descendant,market-gate,phaseQH7-principles-micro-human-read-curation-v1,True,True,False,main,general; macro; micro
ECON-MG-ELITE-304,tax-incidence,A PROTECTED MATURE,Market Gate: no later curation recorded,market-gate,,True,True,False,main,general; macro; micro
ECON-MG-ELITE-314,tax-incidence,A PROTECTED MATURE,Market Gate: no later curation recorded,market-gate,,True,True,False,main,general; macro; micro
ECON-MG-ELITE-321,tax-incidence,A PROTECTED MATURE,Market Gate: no later curation recorded,market-gate,,True,True,False,main,general; macro; micro
ECON-MG-LEGENDARY-9068,tax-incidence,A PROTECTED MATURE,Market Gate: no later curation recorded,market-gate,,True,True,False,main,general; macro; micro
ECON-MG-ELITE-313,tax-incidence,A PROTECTED MATURE,Market Gate: no later curation recorded,market-gate,,True,True,False,elite,general; macro; micro
ECON-MG-ELITE-317,tax-incidence,A PROTECTED MATURE,Market Gate: no later curation recorded,market-gate,,True,True,False,elite,general; macro; micro
ECON-MG-ELITE-318,tax-incidence,A PROTECTED MATURE,Market Gate: no later curation recorded,market-gate,,True,True,False,elite,general; macro; micro
ECON-MG-ELITE-319,tax-incidence,A PROTECTED MATURE,Market Gate: no later curation recorded,market-gate,,True,True,False,elite,general; macro; micro
40038,tax-incidence,A PROTECTED MATURE,Market Gate: documented later descendant,market-gate,phaseQH7-principles-micro-human-read-curation-v1,True,True,False,main,general; macro; micro
40043,tax-incidence,A PROTECTED MATURE,Market Gate: documented later descendant,market-gate,phaseQH7-principles-micro-human-read-curation-v1,True,True,False,main,general; macro; micro
40044,tax-incidence,A PROTECTED MATURE,Market Gate: documented later descendant,market-gate,phaseQH7-principles-micro-human-read-curation-v1,True,True,False,main,general; macro; micro
ECON-MG-LEGENDARY-9056,tax-incidence,A PROTECTED MATURE,Market Gate: no later curation recorded,market-gate,,True,True,False,legendary,general; macro; micro
ECON-MG-LEGENDARY-9060,tax-incidence,A PROTECTED MATURE,Market Gate: no later curation recorded,market-gate,,True,True,False,legendary,general; macro; micro
ECON-MG-LEGENDARY-9061,tax-incidence,A PROTECTED MATURE,Market Gate: no later curation recorded,market-gate,,True,True,False,legendary,general; macro; micro
ECON-MG-LEGENDARY-9071,tax-incidence,A PROTECTED MATURE,Market Gate: no later curation recorded,market-gate,,True,True,False,legendary,general; macro; micro
40047,tax-incidence,A PROTECTED MATURE,Market Gate: documented later descendant,market-gate,phaseQH7-principles-micro-human-read-curation-v1,True,True,False,main,general; macro; micro
ECON-MG-HARD-242,tax-incidence,A PROTECTED MATURE,Market Gate: no later curation recorded,market-gate,,True,True,False,calculation,general; macro; micro
ECON-MG-HARD-244,tax-incidence,A PROTECTED MATURE,Market Gate: no later curation recorded,market-gate,,True,True,False,calculation,general; macro; micro
ECON-MG-HARD-275,tax-incidence,A PROTECTED MATURE,Market Gate: no later curation recorded,market-gate,,True,True,False,calculation,general; macro; micro
ECON-MG-HARD-276,tax-incidence,A PROTECTED MATURE,Market Gate: no later curation recorded,market-gate,,True,True,False,calculation,general; macro; micro
ECON-MG-HARD-277,tax-incidence,A PROTECTED MATURE,Market Gate: no later curation recorded,market-gate,,True,True,False,calculation,general; macro; micro
ECON-MG-HARD-278,tax-incidence,A PROTECTED MATURE,Market Gate: no later curation recorded,market-gate,,True,True,False,calculation,general; macro; micro
ECON-MG-HARD-279,tax-incidence,A PROTECTED MATURE,Market Gate: no later curation recorded,market-gate,,True,True,False,calculation,general; macro; micro
ECON-MG-MEDIUM-142,tax-incidence,A PROTECTED MATURE,Market Gate: no later curation recorded,market-gate,,True,True,False,calculation,general; macro; micro
ECON-MG-MEDIUM-184,tax-incidence,A PROTECTED MATURE,Market Gate: no later curation recorded,market-gate,,True,True,False,calculation,general; macro; micro
ECON-MG-MEDIUM-185,tax-incidence,A PROTECTED MATURE,Market Gate: no later curation recorded,market-gate,,True,True,False,calculation,general; macro; micro
ECON-MG-FINALBOSS-4007,tax-incidence,A PROTECTED MATURE,Market Gate: no later curation recorded,market-gate,,True,True,False,boss,general; macro; micro
ECON-MG-FINALBOSS-4011,tax-incidence,A PROTECTED MATURE,Market Gate: no later curation recorded,market-gate,,True,True,False,boss,general; macro; micro
ECON-MG-FINALBOSS-4012,tax-incidence,A PROTECTED MATURE,Market Gate: no later curation recorded,market-gate,,True,True,False,boss,general; macro; micro
ECON-MG-LEGENDARYBOSS-9142,tax-incidence,A PROTECTED MATURE,Market Gate: documented later descendant,market-gate,phaseQH7-principles-micro-human-read-curation-v1,True,True,False,legendaryBoss,general; macro; micro
ECON-MG-LEGENDARYBOSS-9143,tax-incidence,A PROTECTED MATURE,Market Gate: no later curation recorded,market-gate,,True,True,False,legendaryBoss,general; macro; micro
ECON-MG-LEGENDARYBOSS-9144,tax-incidence,A PROTECTED MATURE,Market Gate: no later curation recorded,market-gate,,True,True,False,legendaryBoss,general; macro; micro
ECON-MG-TAX-INCIDENCE-LESS-ELASTIC-SIDE-5024,tax-incidence,A PROTECTED MATURE,Market Gate: documented later descendant,market-gate,phaseQH7-principles-micro-human-read-curation-v1,True,True,False,repair,general; macro; micro
ECON-MG-TAX-INCIDENCE-LESS-ELASTIC-SIDE-5025,tax-incidence,A PROTECTED MATURE,Market Gate: no later curation recorded,market-gate,,True,True,False,repair,general; macro; micro
ECON-MG-TAX-INCIDENCE-LESS-ELASTIC-SIDE-6038,tax-incidence,A PROTECTED MATURE,Market Gate: no later curation recorded,market-gate,,True,True,False,bridge,general; macro; micro
ECON-MG-TAX-INCIDENCE-LESS-ELASTIC-SIDE-6039,tax-incidence,A PROTECTED MATURE,Market Gate: no later curation recorded,market-gate,,True,True,False,bridge,general; macro; micro
ECON-NL-EASY-61,unemployment-measurement,D NO ISSUE DETECTED,Other imported bank,national-ledger,,False,False,False,main,macro
ECON-NL-EASY-62,unemployment-measurement,D NO ISSUE DETECTED,Other imported bank,national-ledger,,False,False,False,main,macro
ECON-NL-EASY-63,unemployment-measurement,D NO ISSUE DETECTED,Other imported bank,national-ledger,,False,False,False,main,macro
ECON-NL-EASY-67,unemployment-measurement,D NO ISSUE DETECTED,Other imported bank,national-ledger,,False,False,False,main,macro
ECON-NL-EASY-68,unemployment-measurement,D NO ISSUE DETECTED,Other imported bank,national-ledger,,False,False,False,main,macro
ECON-NL-EASY-69,unemployment-measurement,D NO ISSUE DETECTED,Other imported bank,national-ledger,,False,False,False,main,macro
ECON-NL-EASY-70,unemployment-measurement,D NO ISSUE DETECTED,Other imported bank,national-ledger,,False,False,False,main,macro
ECON-NL-HARD-266,unemployment-measurement,D NO ISSUE DETECTED,Other imported bank,national-ledger,,False,False,False,main,macro
ECON-NL-HARD-269,unemployment-measurement,D NO ISSUE DETECTED,Other imported bank,national-ledger,,False,False,False,main,macro
ECON-NL-MEDIUM-163,unemployment-measurement,D NO ISSUE DETECTED,Other imported bank,national-ledger,,False,False,False,main,macro
ECON-NL-MEDIUM-165,unemployment-measurement,D NO ISSUE DETECTED,Other imported bank,national-ledger,,False,False,False,main,macro
ECON-NL-MEDIUM-166,unemployment-measurement,D NO ISSUE DETECTED,Other imported bank,national-ledger,,False,False,False,main,macro
ECON-NL-MEDIUM-167,unemployment-measurement,D NO ISSUE DETECTED,Other imported bank,national-ledger,,False,False,False,main,macro
ECON-NL-MEDIUM-168,unemployment-measurement,D NO ISSUE DETECTED,Other imported bank,national-ledger,,False,False,False,main,macro
ECON-NL-MEDIUM-169,unemployment-measurement,D NO ISSUE DETECTED,Other imported bank,national-ledger,,False,False,False,main,macro
ECON-NL-HARD-267,unemployment-measurement,D NO ISSUE DETECTED,Other imported bank,national-ledger,,False,False,False,main,macro
ECON-NL-ELITE-365,unemployment-measurement,D NO ISSUE DETECTED,Other imported bank,national-ledger,,False,False,False,elite,macro
ECON-NL-ELITE-367,unemployment-measurement,D NO ISSUE DETECTED,Other imported bank,national-ledger,,False,False,False,elite,macro
ECON-NL-ELITE-369,unemployment-measurement,D NO ISSUE DETECTED,Other imported bank,national-ledger,,False,False,False,elite,macro
ECON-NL-LEGENDARY-9072,unemployment-measurement,D NO ISSUE DETECTED,Other imported bank,national-ledger,,False,False,False,legendary,macro
ECON-NL-HARD-260,unemployment-measurement,D NO ISSUE DETECTED,Other imported bank,national-ledger,,False,False,False,main,macro
ECON-NL-HARD-261,unemployment-measurement,D NO ISSUE DETECTED,Other imported bank,national-ledger,,False,False,False,main,macro
ECON-NL-HARD-262,unemployment-measurement,D NO ISSUE DETECTED,Other imported bank,national-ledger,,False,False,False,main,macro
ECON-NL-HARD-263,unemployment-measurement,D NO ISSUE DETECTED,Other imported bank,national-ledger,,False,False,False,main,macro
ECON-NL-HARD-265,unemployment-measurement,D NO ISSUE DETECTED,Other imported bank,national-ledger,,False,False,False,main,macro
ECON-NL-HARD-268,unemployment-measurement,D NO ISSUE DETECTED,Other imported bank,national-ledger,,False,False,False,main,macro
ECON-NL-ELITE-360,unemployment-measurement,D NO ISSUE DETECTED,Other imported bank,national-ledger,,False,False,False,elite,macro
ECON-NL-ELITE-361,unemployment-measurement,D NO ISSUE DETECTED,Other imported bank,national-ledger,,False,False,False,elite,macro
ECON-NL-ELITE-362,unemployment-measurement,D NO ISSUE DETECTED,Other imported bank,national-ledger,,False,False,False,elite,macro
ECON-NL-ELITE-363,unemployment-measurement,D NO ISSUE DETECTED,Other imported bank,national-ledger,,False,False,False,elite,macro
ECON-NL-ELITE-364,unemployment-measurement,D NO ISSUE DETECTED,Other imported bank,national-ledger,,False,False,False,elite,macro
ECON-NL-ELITE-368,unemployment-measurement,D NO ISSUE DETECTED,Other imported bank,national-ledger,,False,False,False,elite,macro
ECON-NL-LEGENDARY-9069,unemployment-measurement,D NO ISSUE DETECTED,Other imported bank,national-ledger,,False,False,False,legendary,macro
ECON-NL-LEGENDARY-9071,unemployment-measurement,D NO ISSUE DETECTED,Other imported bank,national-ledger,,False,False,False,legendary,macro
ECON-NL-LEGENDARY-9089,unemployment-measurement,D NO ISSUE DETECTED,Other imported bank,national-ledger,,False,False,False,legendary,macro
ECON-NL-ELITE-366,unemployment-measurement,D NO ISSUE DETECTED,Other imported bank,national-ledger,,False,False,False,elite,macro
ECON-NL-LEGENDARY-9067,unemployment-measurement,D NO ISSUE DETECTED,Other imported bank,national-ledger,,False,False,False,legendary,macro
ECON-NL-LEGENDARY-9068,unemployment-measurement,D NO ISSUE DETECTED,Other imported bank,national-ledger,,False,False,False,legendary,macro
ECON-NL-LEGENDARY-9070,unemployment-measurement,D NO ISSUE DETECTED,Other imported bank,national-ledger,,False,False,False,legendary,macro
ECON-NL-LEGENDARY-9081,unemployment-measurement,D NO ISSUE DETECTED,Other imported bank,national-ledger,,False,False,False,legendary,macro
ECON-NL-LEGENDARY-9084,unemployment-measurement,D NO ISSUE DETECTED,Other imported bank,national-ledger,,False,False,False,legendary,macro
ECON-NL-EASY-64,unemployment-measurement,D NO ISSUE DETECTED,Other imported bank,national-ledger,,False,False,False,calculation,macro
ECON-NL-EASY-65,unemployment-measurement,D NO ISSUE DETECTED,Other imported bank,national-ledger,,False,False,False,calculation,macro
ECON-NL-EASY-66,unemployment-measurement,D NO ISSUE DETECTED,Other imported bank,national-ledger,,False,False,False,calculation,macro
ECON-NL-HARD-264,unemployment-measurement,D NO ISSUE DETECTED,Other imported bank,national-ledger,,False,False,False,calculation,macro
ECON-NL-MEDIUM-160,unemployment-measurement,D NO ISSUE DETECTED,Other imported bank,national-ledger,,False,False,False,calculation,macro
ECON-NL-MEDIUM-161,unemployment-measurement,D NO ISSUE DETECTED,Other imported bank,national-ledger,,False,False,False,calculation,macro
ECON-NL-MEDIUM-162,unemployment-measurement,B HIGH-CONFIDENCE AUTO-CORRECTED,Other imported bank,national-ledger,,False,False,False,calculation,macro
ECON-NL-MEDIUM-164,unemployment-measurement,D NO ISSUE DETECTED,Other imported bank,national-ledger,,False,False,False,calculation,macro
ECON-NL-FINALBOSS-4000,unemployment-measurement,D NO ISSUE DETECTED,Other imported bank,national-ledger,,False,False,False,boss,macro
ECON-NL-FINALBOSS-4001,unemployment-measurement,D NO ISSUE DETECTED,Other imported bank,national-ledger,,False,False,False,boss,macro
ECON-NL-FINALBOSS-4002,unemployment-measurement,D NO ISSUE DETECTED,Other imported bank,national-ledger,,False,False,False,boss,macro
ECON-NL-FINALBOSS-4003,unemployment-measurement,D NO ISSUE DETECTED,Other imported bank,national-ledger,,False,False,False,boss,macro
ECON-NL-FINALBOSS-4004,unemployment-measurement,D NO ISSUE DETECTED,Other imported bank,national-ledger,,False,False,False,boss,macro
ECON-NL-FINALBOSS-4005,unemployment-measurement,D NO ISSUE DETECTED,Other imported bank,national-ledger,,False,False,False,boss,macro
ECON-NL-FINALBOSS-4006,unemployment-measurement,D NO ISSUE DETECTED,Other imported bank,national-ledger,,False,False,False,boss,macro
ECON-NL-FINALBOSS-4007,unemployment-measurement,D NO ISSUE DETECTED,Other imported bank,national-ledger,,False,False,False,boss,macro
ECON-NL-FINALBOSS-4008,unemployment-measurement,D NO ISSUE DETECTED,Other imported bank,national-ledger,,False,False,False,boss,macro
ECON-NL-FINALBOSS-4038,unemployment-measurement,D NO ISSUE DETECTED,Other imported bank,national-ledger,,False,False,False,boss,macro
ECON-NL-FINALBOSS-4039,unemployment-measurement,D NO ISSUE DETECTED,Other imported bank,national-ledger,,False,False,False,boss,macro
P52B-S4-UNEM-B1-001,unemployment-measurement,D NO ISSUE DETECTED,Authored/expansion,phase5.2b-stage4-rescue,,False,False,False,boss,macro
P52B-S4-UNEM-B1-002,unemployment-measurement,D NO ISSUE DETECTED,Authored/expansion,phase5.2b-stage4-rescue,,False,False,False,boss,macro
P52B-S4-UNEM-B1-003,unemployment-measurement,D NO ISSUE DETECTED,Authored/expansion,phase5.2b-stage4-rescue,,False,False,False,boss,macro
P52B-S4-UNEM-B2-001,unemployment-measurement,D NO ISSUE DETECTED,Authored/expansion,phase5.2b-stage4-rescue,,False,False,False,boss,macro
P52B-S4-UNEM-B2-002,unemployment-measurement,D NO ISSUE DETECTED,Authored/expansion,phase5.2b-stage4-rescue,,False,False,False,boss,macro
P52B-S4-UNEM-B2-003,unemployment-measurement,B HIGH-CONFIDENCE AUTO-CORRECTED,Authored/expansion,phase5.2b-stage4-rescue,,False,False,False,boss,macro
ECON-EC-FINALBOSS-19021,unemployment-measurement,D NO ISSUE DETECTED,Other imported bank,equilibrium-crisis,phase7.7-general-economics-final-maturation-v1,False,False,False,boss,macro
ECON-EC-FINALBOSS-19022,unemployment-measurement,D NO ISSUE DETECTED,Other imported bank,equilibrium-crisis,phase7.7-general-economics-final-maturation-v1,False,False,False,boss,macro
ECON-EC-FINALBOSS-19023,unemployment-measurement,D NO ISSUE DETECTED,Other imported bank,equilibrium-crisis,phase7.7-general-economics-final-maturation-v1,False,False,False,boss,macro
ECON-EC-MEDIUMBOSS-18009,unemployment-measurement,D NO ISSUE DETECTED,Other imported bank,equilibrium-crisis,phase7.7-general-economics-final-maturation-v1,False,False,False,boss,macro
ECON-EC-MEDIUMBOSS-18010,unemployment-measurement,D NO ISSUE DETECTED,Other imported bank,equilibrium-crisis,phase7.7-general-economics-final-maturation-v1,False,False,False,boss,macro
ECON-EC-MEDIUMBOSS-18011,unemployment-measurement,D NO ISSUE DETECTED,Other imported bank,equilibrium-crisis,phaseQH7-principles-micro-human-read-curation-v1,False,False,False,boss,macro
ECON-NL-LEGENDARYBOSS-9124,unemployment-measurement,A PROTECTED MATURE,Other imported bank,national-ledger,,False,False,True,legendaryBoss,macro
ECON-NL-LEGENDARYBOSS-9125,unemployment-measurement,A PROTECTED MATURE,Other imported bank,national-ledger,,False,False,True,legendaryBoss,macro
ECON-NL-LEGENDARYBOSS-9126,unemployment-measurement,D NO ISSUE DETECTED,Other imported bank,national-ledger,,False,False,False,legendaryBoss,macro
ECON-EC-LEGENDARYBOSS-20006,unemployment-measurement,D NO ISSUE DETECTED,Other imported bank,equilibrium-crisis,phase7.7-general-economics-final-maturation-v1,False,False,False,legendaryBoss,macro
ECON-EC-LEGENDARYBOSS-20007,unemployment-measurement,D NO ISSUE DETECTED,Other imported bank,equilibrium-crisis,phaseQH7-principles-micro-human-read-curation-v1,False,False,False,legendaryBoss,macro
ECON-EC-LEGENDARYBOSS-20008,unemployment-measurement,D NO ISSUE DETECTED,Other imported bank,equilibrium-crisis,phaseQH7-principles-micro-human-read-curation-v1,False,False,False,legendaryBoss,macro
ECON-NL-DISCOURAGED-WORKERS-5050,unemployment-measurement,D NO ISSUE DETECTED,Other imported bank,national-ledger,,False,False,False,repair,macro
ECON-NL-EMPLOYMENT-CLASSIFICATION-5049,unemployment-measurement,D NO ISSUE DETECTED,Other imported bank,national-ledger,,False,False,False,repair,macro
ECON-NL-LABOR-FORCE-CALCULATION-5046,unemployment-measurement,D NO ISSUE DETECTED,Other imported bank,national-ledger,,False,False,False,repair,macro
ECON-NL-LABOR-FORCE-PARTICIPATION-5048,unemployment-measurement,D NO ISSUE DETECTED,Other imported bank,national-ledger,,False,False,False,repair,macro
ECON-NL-UNEMPLOYMENT-RATE-5047,unemployment-measurement,D NO ISSUE DETECTED,Other imported bank,national-ledger,,False,False,False,repair,macro
ECON-NL-DISCOURAGED-WORKERS-6030,unemployment-measurement,D NO ISSUE DETECTED,Other imported bank,national-ledger,,False,False,False,bridge,macro
ECON-NL-EMPLOYMENT-CLASSIFICATION-6029,unemployment-measurement,D NO ISSUE DETECTED,Other imported bank,national-ledger,,False,False,False,bridge,macro
ECON-NL-LABOR-FORCE-CALCULATION-6026,unemployment-measurement,D NO ISSUE DETECTED,Other imported bank,national-ledger,,False,False,False,bridge,macro
ECON-NL-LABOR-FORCE-PARTICIPATION-6028,unemployment-measurement,D NO ISSUE DETECTED,Other imported bank,national-ledger,,False,False,False,bridge,macro
ECON-NL-UNEMPLOYMENT-RATE-6027,unemployment-measurement,D NO ISSUE DETECTED,Other imported bank,national-ledger,,False,False,False,bridge,macro
ECON-NL-EASY-71,unemployment-types,D NO ISSUE DETECTED,Other imported bank,national-ledger,,False,False,False,main,macro
ECON-NL-EASY-72,unemployment-types,D NO ISSUE DETECTED,Other imported bank,national-ledger,,False,False,False,main,macro
ECON-NL-EASY-73,unemployment-types,D NO ISSUE DETECTED,Other imported bank,national-ledger,,False,False,False,main,macro
ECON-NL-EASY-74,unemployment-types,D NO ISSUE DETECTED,Other imported bank,national-ledger,,False,False,False,main,macro
ECON-NL-EASY-75,unemployment-types,D NO ISSUE DETECTED,Other imported bank,national-ledger,,False,False,False,main,macro
ECON-NL-EASY-76,unemployment-types,D NO ISSUE DETECTED,Other imported bank,national-ledger,,False,False,False,main,macro
ECON-NL-HARD-273,unemployment-types,D NO ISSUE DETECTED,Other imported bank,national-ledger,,False,False,False,main,macro
ECON-NL-ELITE-372,unemployment-types,D NO ISSUE DETECTED,Other imported bank,national-ledger,,False,False,False,elite,macro
ECON-NL-ELITE-373,unemployment-types,D NO ISSUE DETECTED,Other imported bank,national-ledger,,False,False,False,elite,macro
ECON-NL-MEDIUM-170,unemployment-types,D NO ISSUE DETECTED,Other imported bank,national-ledger,,False,False,False,main,macro
ECON-NL-MEDIUM-171,unemployment-types,D NO ISSUE DETECTED,Other imported bank,national-ledger,,False,False,False,main,macro
ECON-NL-MEDIUM-172,unemployment-types,D NO ISSUE DETECTED,Other imported bank,national-ledger,,False,False,False,main,macro
ECON-NL-MEDIUM-173,unemployment-types,D NO ISSUE DETECTED,Other imported bank,national-ledger,,False,False,False,main,macro
ECON-NL-MEDIUM-174,unemployment-types,D NO ISSUE DETECTED,Other imported bank,national-ledger,,False,False,False,main,macro
PM2B4-UTYPE-M-001,unemployment-types,D NO ISSUE DETECTED,Authored/expansion,macro-m2b4-unemployment-labor-family,phaseM2b4-unemployment-labor-family-maturation-v1,False,False,False,medium,macro
ECON-NL-HARD-271,unemployment-types,D NO ISSUE DETECTED,Other imported bank,national-ledger,,False,False,False,main,macro
ECON-NL-HARD-272,unemployment-types,D NO ISSUE DETECTED,Other imported bank,national-ledger,,False,False,False,main,macro
ECON-NL-HARD-274,unemployment-types,D NO ISSUE DETECTED,Other imported bank,national-ledger,,False,False,False,main,macro
ECON-NL-ELITE-370,unemployment-types,D NO ISSUE DETECTED,Other imported bank,national-ledger,,False,False,False,elite,macro
ECON-NL-ELITE-371,unemployment-types,D NO ISSUE DETECTED,Other imported bank,national-ledger,,False,False,False,elite,macro
ECON-NL-ELITE-374,unemployment-types,D NO ISSUE DETECTED,Other imported bank,national-ledger,,False,False,False,elite,macro
ECON-NL-LEGENDARY-9087,unemployment-types,D NO ISSUE DETECTED,Other imported bank,national-ledger,,False,False,False,legendary,macro
ECON-NL-HARD-270,unemployment-types,D NO ISSUE DETECTED,Other imported bank,national-ledger,,False,False,False,main,macro
PM2B4-UTYPE-H-001,unemployment-types,D NO ISSUE DETECTED,Authored/expansion,macro-m2b4-unemployment-labor-family,phaseM2b4-unemployment-labor-family-maturation-v1,False,False,False,hard,macro
ECON-NL-LEGENDARY-9073,unemployment-types,D NO ISSUE DETECTED,Other imported bank,national-ledger,,False,False,False,legendary,macro
PM2B4-UTYPE-L-001,unemployment-types,D NO ISSUE DETECTED,Authored/expansion,macro-m2b4-unemployment-labor-family,phaseM2b4-unemployment-labor-family-maturation-v1,False,False,False,legendary,macro
ECON-NL-LEGENDARY-9074,unemployment-types,D NO ISSUE DETECTED,Other imported bank,national-ledger,,False,False,False,legendary,macro
ECON-NL-LEGENDARY-9080,unemployment-types,D NO ISSUE DETECTED,Other imported bank,national-ledger,,False,False,False,legendary,macro
PM2B4-UTYPE-L-002,unemployment-types,D NO ISSUE DETECTED,Authored/expansion,macro-m2b4-unemployment-labor-family,phaseM2b4-unemployment-labor-family-maturation-v1,False,False,False,legendary,macro
ECON-NL-FINALBOSS-4009,unemployment-types,D NO ISSUE DETECTED,Other imported bank,national-ledger,,False,False,False,boss,macro
ECON-NL-FINALBOSS-4010,unemployment-types,C FACULTY-REVIEW CANDIDATE,Other imported bank,national-ledger,,False,False,False,boss,macro
ECON-NL-FINALBOSS-4011,unemployment-types,D NO ISSUE DETECTED,Other imported bank,national-ledger,,False,False,False,boss,macro
ECON-NL-FINALBOSS-4012,unemployment-types,D NO ISSUE DETECTED,Other imported bank,national-ledger,,False,False,False,boss,macro
ECON-NL-FINALBOSS-4013,unemployment-types,D NO ISSUE DETECTED,Other imported bank,national-ledger,,False,False,False,boss,macro
ECON-NL-FINALBOSS-4015,unemployment-types,D NO ISSUE DETECTED,Other imported bank,national-ledger,,False,False,False,boss,macro
ECON-NL-FINALBOSS-4016,unemployment-types,D NO ISSUE DETECTED,Other imported bank,national-ledger,,False,False,False,boss,macro
ECON-NL-FINALBOSS-4018,unemployment-types,D NO ISSUE DETECTED,Other imported bank,national-ledger,,False,False,False,boss,macro
ECON-NL-FINALBOSS-4019,unemployment-types,D NO ISSUE DETECTED,Other imported bank,national-ledger,,False,False,False,boss,macro
ECON-NL-FINALBOSS-4020,unemployment-types,D NO ISSUE DETECTED,Other imported bank,national-ledger,,False,False,False,boss,macro
ECON-NL-FINALBOSS-4036,unemployment-types,D NO ISSUE DETECTED,Other imported bank,national-ledger,,False,False,False,boss,macro
ECON-NL-FINALBOSS-4041,unemployment-types,D NO ISSUE DETECTED,Other imported bank,national-ledger,,False,False,False,boss,macro
PM2B4-UTYPE-EB-001,unemployment-types,D NO ISSUE DETECTED,Authored/expansion,macro-m2b4-unemployment-labor-family,phaseM2b4-unemployment-labor-family-maturation-v1,False,False,False,boss,macro
PM2B4-UTYPE-EB-002,unemployment-types,D NO ISSUE DETECTED,Authored/expansion,macro-m2b4-unemployment-labor-family,phaseM2b4-unemployment-labor-family-maturation-v1,False,False,False,boss,macro
PM2B4-UTYPE-EB-003,unemployment-types,D NO ISSUE DETECTED,Authored/expansion,macro-m2b4-unemployment-labor-family,phaseM2b4-unemployment-labor-family-maturation-v1,False,False,False,boss,macro
PM2B4-UTYPE-MB-004,unemployment-types,D NO ISSUE DETECTED,Authored/expansion,macro-m2b4-unemployment-labor-family,phaseM2b4-unemployment-labor-family-maturation-v1,False,False,False,boss,macro
PM2B4-UTYPE-MB-005,unemployment-types,D NO ISSUE DETECTED,Authored/expansion,macro-m2b4-unemployment-labor-family,phaseM2b4-unemployment-labor-family-maturation-v1,False,False,False,boss,macro
PM2B4-UTYPE-MB-006,unemployment-types,D NO ISSUE DETECTED,Authored/expansion,macro-m2b4-unemployment-labor-family,phaseM2b4-unemployment-labor-family-maturation-v1,False,False,False,boss,macro
ECON-EC-FINALBOSS-19012,unemployment-types,D NO ISSUE DETECTED,Other imported bank,equilibrium-crisis,,False,False,False,boss,macro
ECON-EC-FINALBOSS-19013,unemployment-types,D NO ISSUE DETECTED,Other imported bank,equilibrium-crisis,phase7.7-general-economics-final-maturation-v1,False,False,False,boss,macro
ECON-EC-FINALBOSS-19014,unemployment-types,D NO ISSUE DETECTED,Other imported bank,equilibrium-crisis,phase7.7-general-economics-final-maturation-v1,False,False,False,boss,macro
ECON-EC-MEDIUMBOSS-18023,unemployment-types,D NO ISSUE DETECTED,Other imported bank,equilibrium-crisis,phaseQH7-principles-micro-human-read-curation-v1,False,False,False,boss,macro
ECON-NL-LEGENDARYBOSS-9127,unemployment-types,A PROTECTED MATURE,Other imported bank,national-ledger,,False,False,True,legendaryBoss,macro
PM2B4-UTYPE-LB-001,unemployment-types,C FACULTY-REVIEW CANDIDATE,Authored/expansion,macro-m2b4-unemployment-labor-family,phaseM2b4-unemployment-labor-family-maturation-v1,False,False,False,legendaryBoss,macro
PM2B4-UTYPE-LB-002,unemployment-types,D NO ISSUE DETECTED,Authored/expansion,macro-m2b4-unemployment-labor-family,phaseM2b4-unemployment-labor-family-maturation-v1,False,False,False,legendaryBoss,macro
ECON-EC-LEGENDARYBOSS-20019,unemployment-types,D NO ISSUE DETECTED,Other imported bank,equilibrium-crisis,phaseQH7-principles-micro-human-read-curation-v1,False,False,False,legendaryBoss,macro
ECON-NL-CYCLICAL-UNEMPLOYMENT-5053,unemployment-types,D NO ISSUE DETECTED,Other imported bank,national-ledger,,False,False,False,repair,macro
ECON-NL-FRICTIONAL-UNEMPLOYMENT-5051,unemployment-types,D NO ISSUE DETECTED,Other imported bank,national-ledger,,False,False,False,repair,macro
ECON-NL-STRUCTURAL-UNEMPLOYMENT-5052,unemployment-types,D NO ISSUE DETECTED,Other imported bank,national-ledger,,False,False,False,repair,macro
ECON-NL-CYCLICAL-UNEMPLOYMENT-6033,unemployment-types,D NO ISSUE DETECTED,Other imported bank,national-ledger,,False,False,False,bridge,macro
ECON-NL-FRICTIONAL-UNEMPLOYMENT-6031,unemployment-types,D NO ISSUE DETECTED,Other imported bank,national-ledger,,False,False,False,bridge,macro
ECON-NL-STRUCTURAL-UNEMPLOYMENT-6032,unemployment-types,D NO ISSUE DETECTED,Other imported bank,national-ledger,,False,False,False,bridge,macro
PM2B4-UTYPE-BR-001,unemployment-types,D NO ISSUE DETECTED,Authored/expansion,macro-m2b4-unemployment-labor-family,phaseM2b4-unemployment-labor-family-maturation-v1,False,False,False,bridge,macro
