Question ID,Page,Topic,Areas,Patterns,Length outlier before YES/NO,Length outlier after YES/NO,Key words before,Median distractor words before,Disposition,Rationale,Residual length rationale
PM2D1-LRADJ-H-001,1344,ad-as-equilibrium-and-output-gaps,macro,,YES,NO,18,11,EDIT,Remove explanation or redundant setup from the keyed alternative; retain its economic conclusion and the explanation in feedback.,
PM2D1-LRADJ-FB-005,1356,ad-as-equilibrium-and-output-gaps,macro,,YES,NO,19,9,EDIT,Remove explanation or redundant setup from the keyed alternative; retain its economic conclusion and the explanation in feedback.,
P52A-AD-H-002,87,aggregate-demand,macro,,YES,NO,14,6,EDIT,Use parallel price-level/tax responses; preserve shift-versus-movement reasoning.,
P52A-AD-B3-002,99,aggregate-demand,macro,,YES,NO,8,2,EDIT,Remove explanation or redundant setup from the keyed alternative; retain its economic conclusion and the explanation in feedback.,
P52A-AD-LB-002,100,aggregate-demand,macro,multiple tasks,NO,NO,19,18,KEEP — economic context,"The requested results trace linked mechanisms, compare a counterfactual or distinguish a calculation from its interpretation; no redundant independent task established.",
LG-Q-13,168,bank-balance-sheets-reserves-and-capital,macro,,YES,YES,12,5,KEEP — economic context,The definition requires both partial reserve holding and lending. Its twelve-word key is natural; no content-free distractor padding.,The definition requires both partial reserve holding and lending. Its twelve-word key is natural; no content-free distractor padding.
LG-Q-222,168,bank-balance-sheets-reserves-and-capital,macro,multiple tasks,YES,YES,23,15,KEEP — economic context,Keep both balance-sheet stages: creation of the loan/deposit and the later interbank reserve transfer.,Keep both balance-sheet stages: creation of the loan/deposit and the later interbank reserve transfer.
LG-Q-326,2141,bank-balance-sheets-reserves-and-capital,macro,multiple tasks,NO,NO,21,17,KEEP — economic context,"The requested results trace linked mechanisms, compare a counterfactual or distinguish a calculation from its interpretation; no redundant independent task established.",
ECON-MG-MEDIUM-146,823,binding-price-ceilings,general; macro; micro,,YES,YES,17,10,KEEP — protected,Frozen Micro/shared content or protected Market Gate. Report the candidate; no student-facing edit.,Protected/shared candidate retained.
ECON-MG-ELITE-308,1943,binding-price-ceilings,general; macro; micro,,YES,YES,14,8,KEEP — protected,Frozen Micro/shared content or protected Market Gate. Report the candidate; no student-facing edit.,Protected/shared candidate retained.
ECON-MG-ELITE-311,1944,binding-price-ceilings,general; macro; micro,,YES,YES,17,10,KEEP — protected,Frozen Micro/shared content or protected Market Gate. Report the candidate; no student-facing edit.,Protected/shared candidate retained.
ECON-MG-FINALBOSS-4019,1952,binding-price-ceilings,general; macro; micro,,YES,YES,20,10,KEEP — protected,Frozen Micro/shared content or protected Market Gate. Report the candidate; no student-facing edit.,Protected/shared candidate retained.
ECON-MG-LEGENDARYBOSS-9132,1953,binding-price-ceilings,general; macro; micro,multiple tasks,NO,NO,25,23,KEEP — protected,Frozen Micro/shared content or protected Market Gate. Report the candidate; no student-facing edit.,
40032,176,binding-price-floors,general; macro; micro,multiple questions,NO,NO,22,22,KEEP — protected,Frozen Micro/shared content or protected Market Gate. Report the candidate; no student-facing edit.,
ECON-MG-ELITE-312,1978,binding-price-floors,general; macro; micro,multiple tasks,NO,NO,9,8,KEEP — protected,Frozen Micro/shared content or protected Market Gate. Report the candidate; no student-facing edit.,
40029,2379,binding-price-floors,general; macro; micro,multiple tasks,NO,NO,12,12,KEEP — protected,Frozen Micro/shared content or protected Market Gate. Report the candidate; no student-facing edit.,
ECON-MG-LEGENDARY-9036,1980,binding-price-floors,general; macro; micro,multiple tasks,NO,NO,8,8,KEEP — protected,Frozen Micro/shared content or protected Market Gate. Report the candidate; no student-facing edit.,
43100,2047,budget-accounting-and-public-saving,macro,multiple tasks,NO,NO,17,12,KEEP — economic context,"The requested results trace linked mechanisms, compare a counterfactual or distinguish a calculation from its interpretation; no redundant independent task established.",
PMOE-NCO-L-002,131,capital-flows-and-net-capital-outflow,macro,actor wrapper,NO,NO,18,13,KEEP — economic context,"The actor states a misconception, forecast or inference that the student must evaluate; the claim is part of the economic task.",
PMOE-NCO-LB-001,196,capital-flows-and-net-capital-outflow,macro,multiple tasks,NO,NO,8,8,KEEP — economic context,"The requested results trace linked mechanisms, compare a counterfactual or distinguish a calculation from its interpretation; no redundant independent task established.",
PMOE-NCO-LB-002,195,capital-flows-and-net-capital-outflow,macro,,YES,YES,28,16,KEEP — economic context,The key must identify the $75 billion interest-rate offset and the two gross-flow changes relative to the initial plans.,The key must identify the $75 billion interest-rate offset and the two gross-flow changes relative to the initial plans.
ECON-MG-EASY-36,322,competitive-markets,general; macro; micro,,YES,YES,9,3,KEEP — protected,Frozen Micro/shared content or protected Market Gate. Report the candidate; no student-facing edit.,Protected/shared candidate retained.
P52B-COMP-E-001,325,competitive-markets,general; macro; micro,,YES,YES,11,5,KEEP — protected,Frozen Micro/shared content or protected Market Gate. Report the candidate; no student-facing edit.,Protected/shared candidate retained.
P52B-COMP-E-002,325,competitive-markets,general; macro; micro,,YES,YES,10,4,KEEP — protected,Frozen Micro/shared content or protected Market Gate. Report the candidate; no student-facing edit.,Protected/shared candidate retained.
P52B-COMP-M-003,327,competitive-markets,general; macro; micro,,YES,YES,11,3,KEEP — protected,Frozen Micro/shared content or protected Market Gate. Report the candidate; no student-facing edit.,Protected/shared candidate retained.
P52B-COMP-L-002,329,competitive-markets,general; macro; micro,actor wrapper,NO,NO,10,5,KEEP — protected,Frozen Micro/shared content or protected Market Gate. Report the candidate; no student-facing edit.,
P52B-COMP-B1-001,331,competitive-markets,general; macro; micro,,YES,YES,12,4,KEEP — protected,Frozen Micro/shared content or protected Market Gate. Report the candidate; no student-facing edit.,Protected/shared candidate retained.
P52B-COMP-B1-003,332,competitive-markets,general; macro; micro,,YES,YES,11,5,KEEP — protected,Frozen Micro/shared content or protected Market Gate. Report the candidate; no student-facing edit.,Protected/shared candidate retained.
P52B-COMP-R-001,324,competitive-markets,general; macro; micro,,YES,YES,14,4,KEEP — protected,Frozen Micro/shared content or protected Market Gate. Report the candidate; no student-facing edit.,Protected/shared candidate retained.
ECON-NL-EASY-21,369,cpi-and-inflation-measurement,macro,,YES,NO,12,4,EDIT,Remove explanation or redundant setup from the keyed alternative; retain its economic conclusion and the explanation in feedback.,
P52A-CPI-H-006,380,cpi-and-inflation-measurement,macro,,YES,NO,14,8,EDIT,Remove explanation or redundant setup from the keyed alternative; retain its economic conclusion and the explanation in feedback.,
ECON-NL-LEGENDARY-9025,382,cpi-and-inflation-measurement,macro,actor wrapper,NO,NO,23,16,KEEP — economic context,"The actor states a misconception, forecast or inference that the student must evaluate; the claim is part of the economic task.",
ECON-NL-LEGENDARY-9027,383,cpi-and-inflation-measurement,macro,actor wrapper,NO,NO,8,9,KEEP — economic context,"The actor states a misconception, forecast or inference that the student must evaluate; the claim is part of the economic task.",
P52A-CPI-LB-002,390,cpi-and-inflation-measurement,macro,actor wrapper,NO,NO,16,16,KEEP — economic context,"The actor states a misconception, forecast or inference that the student must evaluate; the claim is part of the economic task.",
ECON-NL-EASY-28,347,cpi-bias,macro,,YES,NO,11,5,EDIT,Remove explanation or redundant setup from the keyed alternative; retain its economic conclusion and the explanation in feedback.,
ECON-NL-MEDIUM-128,353,cpi-bias,macro,,YES,NO,12,6,EDIT,Remove explanation or redundant setup from the keyed alternative; retain its economic conclusion and the explanation in feedback.,
ECON-NL-ELITE-328,350,cpi-bias,macro,,YES,NO,13,7,EDIT,Remove explanation or redundant setup from the keyed alternative; retain its economic conclusion and the explanation in feedback.,
ECON-NL-LEGENDARY-9028,355,cpi-bias,macro,multiple tasks,NO,NO,19,13,KEEP — economic context,"The requested results trace linked mechanisms, compare a counterfactual or distinguish a calculation from its interpretation; no redundant independent task established.",
PM2B2-BIAS-L-001,363,cpi-bias,macro,actor wrapper,NO,NO,13,11,KEEP — economic context,"The actor states a misconception, forecast or inference that the student must evaluate; the claim is part of the economic task.",
ECON-NL-EASYBOSS-2026,357,cpi-bias,macro,multiple tasks,NO,NO,17,14,KEEP — economic context,"The requested results trace linked mechanisms, compare a counterfactual or distinguish a calculation from its interpretation; no redundant independent task established.",
ECON-EC-FINALBOSS-19001,912,cpi-bias,macro,multiple tasks,NO,NO,21,18,KEEP — economic context,"The requested results trace linked mechanisms, compare a counterfactual or distinguish a calculation from its interpretation; no redundant independent task established.",
ECON-NL-SUBSTITUTION-BIAS-6011,346,cpi-bias,macro,,NO,NO,14,14,EDIT,"Faculty decision: Medium → Hard. Compare changes in the original and equally satisfactory substitute baskets, then interpret their difference as substitution bias. Keep bridge placement and structural difficulty label.",
ECON-NL-ELITE-332,403,cpi-versus-gdp-deflator,macro,,YES,YES,11,4,KEEP — economic context,The consumer-purchase condition is necessary: an imported item enters CPI only when purchased by consumers.,The consumer-purchase condition is necessary: an imported item enters CPI only when purchased by consumers.
ECON-NL-LEGENDARY-9034,404,cpi-versus-gdp-deflator,macro,,YES,NO,11,5,EDIT,Remove explanation or redundant setup from the keyed alternative; retain its economic conclusion and the explanation in feedback.,
ECON-NL-ELITE-331,406,cpi-versus-gdp-deflator,macro,actor wrapper,NO,NO,19,15,KEEP — economic context,"The actor states a misconception, forecast or inference that the student must evaluate; the claim is part of the economic task.",
PM2B2-DEF-L-002,394,cpi-versus-gdp-deflator,macro,actor wrapper,NO,NO,19,14,KEEP — economic context,"The actor states a misconception, forecast or inference that the student must evaluate; the claim is part of the economic task.",
PM2B2-DEF-LB-001,398,cpi-versus-gdp-deflator,macro,actor wrapper,NO,NO,20,14,KEEP — economic context,"The actor states a misconception, forecast or inference that the student must evaluate; the claim is part of the economic task.",
43295,462,crowding-out-and-capital-formation,macro,actor wrapper,NO,NO,17,14,KEEP — economic context,"The actor states a misconception, forecast or inference that the student must evaluate; the claim is part of the economic task.",
43133,438,debt-measures-burden-and-fiscal-data,macro,actor wrapper,NO,NO,6,9,KEEP — economic context,"The actor states a misconception, forecast or inference that the student must evaluate; the claim is part of the economic task.",
43121,429,debt-measures-burden-and-fiscal-data,macro,actor wrapper,NO,NO,17,13,KEEP — economic context,"The actor states a misconception, forecast or inference that the student must evaluate; the claim is part of the economic task.",
43147,997,debt-measures-burden-and-fiscal-data,macro,actor wrapper,NO,NO,17,13,KEEP — economic context,"The actor states a misconception, forecast or inference that the student must evaluate; the claim is part of the economic task.",
43137,440,debt-measures-burden-and-fiscal-data,macro,actor wrapper,NO,NO,14,14,KEEP — economic context,"The actor states a misconception, forecast or inference that the student must evaluate; the claim is part of the economic task.",
43087,447,deficits-debt-and-government-borrowing,macro,actor wrapper,NO,NO,18,17,KEEP — economic context,"The actor states a misconception, forecast or inference that the student must evaluate; the claim is part of the economic task.",
ECON-MG-LEGENDARY-9033,477,demand,general; macro; micro,,YES,YES,13,6,KEEP — protected,Frozen Micro/shared content or protected Market Gate. Report the candidate; no student-facing edit.,Protected/shared candidate retained.
PG1-DMD-H-001,494,demand,general; macro; micro,multiple tasks,NO,NO,16,16,KEEP — protected,Frozen Micro/shared content or protected Market Gate. Report the candidate; no student-facing edit.,
40011,1670,demand,general; macro; micro,multiple tasks,NO,NO,11,11,KEEP — protected,Frozen Micro/shared content or protected Market Gate. Report the candidate; no student-facing edit.,
PG1-DMD-L-001,501,demand,general; macro; micro,actor wrapper,NO,NO,20,17,KEEP — protected,Frozen Micro/shared content or protected Market Gate. Report the candidate; no student-facing edit.,
PG3-MEQ-M-004,35,demand-and-supply-shocks,macro,,YES,NO,16,8,EDIT,"Give all options the same two-coordinate format, preserving the original direction distractors.",
ECON-SP-ELITE-341,2363,demand-and-supply-shocks,macro,actor wrapper,NO,NO,23,22,KEEP — economic context,"The actor states a misconception, forecast or inference that the student must evaluate; the claim is part of the economic task.",
ECON-SP-LEGENDARY-9038,22,demand-and-supply-shocks,macro,actor wrapper,NO,NO,22,17,KEEP — economic context,"The actor states a misconception, forecast or inference that the student must evaluate; the claim is part of the economic task.",
PG3-MEQ-L-004,47,demand-and-supply-shocks,macro,graph narration,NO,NO,19,18,EDIT,"Remove redundant point-list narration; retain the persistent supply shock, both fiscal targets and permission to extend the straight supply line.",
P52B-S3-MEQS-B3-003,2371,demand-and-supply-shocks,macro,,YES,NO,14,7,EDIT,Remove explanation or redundant setup from the keyed alternative; retain its economic conclusion and the explanation in feedback.,
LG-Q-303,1655,deposit-creation-and-money-multiplier,macro,actor wrapper,NO,NO,22,20,KEEP — economic context,"The actor states a misconception, forecast or inference that the student must evaluate; the claim is part of the economic task.",
LG-Q-310,1656,deposit-creation-and-money-multiplier,macro,actor wrapper,NO,NO,19,18,KEEP — economic context,"The actor states a misconception, forecast or inference that the student must evaluate; the claim is part of the economic task.",
LG-Q-9000,1656,deposit-creation-and-money-multiplier,macro,actor wrapper,NO,NO,13,13,KEEP — economic context,"The actor states a misconception, forecast or inference that the student must evaluate; the claim is part of the economic task.",
ECON-SP-EASYBOSS-2011,1568,deposit-creation-and-money-multiplier,macro,multiple tasks,NO,NO,15,13,KEEP — economic context,"The requested results trace linked mechanisms, compare a counterfactual or distinguish a calculation from its interpretation; no redundant independent task established.",
LG-Q-9109,1659,deposit-creation-and-money-multiplier,macro,,YES,YES,19,12,KEEP — economic context,Keep the $640 systemwide adjustment and its distinction from a first-bank loan recall.,Keep the $640 systemwide adjustment and its distinction from a first-bank loan recall.
P52B-S1-DIS-B3-001,539,disinflation-and-policy,macro,multiple tasks,NO,NO,11,12,KEEP — economic context,"The requested results trace linked mechanisms, compare a counterfactual or distinguish a calculation from its interpretation; no redundant independent task established.",
PM2A-DIS-LB-018,548,disinflation-and-policy,macro,,YES,NO,22,14,EDIT,Remove explanation or redundant setup from the keyed alternative; retain its economic conclusion and the explanation in feedback.,
PM2A-DIS-LB-020,549,disinflation-and-policy,macro,,YES,NO,22,14,EDIT,Remove explanation or redundant setup from the keyed alternative; retain its economic conclusion and the explanation in feedback.,
ECON-NL-MEDIUM-156,853,economic-growth-policy,macro,,YES,NO,8,2,EDIT,Remove explanation or redundant setup from the keyed alternative; retain its economic conclusion and the explanation in feedback.,
PM2B3-POL-L-002,556,economic-growth-policy,macro,,YES,NO,16,9,EDIT,Remove explanation or redundant setup from the keyed alternative; retain its economic conclusion and the explanation in feedback.,
PM2B3-POL-LB-001,560,economic-growth-policy,macro,actor wrapper,NO,NO,17,14,KEEP — economic context,"The actor states a misconception, forecast or inference that the student must evaluate; the claim is part of the economic task.",
P52B-EPOL-L-001,583,economist-policy-role,general; macro; micro,actor wrapper,NO,NO,11,10,KEEP — protected,Frozen Micro/shared content or protected Market Gate. Report the candidate; no student-facing edit.,
P52B-EPOL-L-003,584,economist-policy-role,general; macro; micro,actor wrapper,NO,NO,14,10,KEEP — protected,Frozen Micro/shared content or protected Market Gate. Report the candidate; no student-facing edit.,
P77-EPOL-L-019,570,economist-policy-role,general; macro; micro,,YES,YES,16,9,KEEP — protected,Frozen Micro/shared content or protected Market Gate. Report the candidate; no student-facing edit.,Protected/shared candidate retained.
P77-EPOL-LB-033,576,economist-policy-role,general; macro; micro,,YES,YES,29,18,KEEP — protected,Frozen Micro/shared content or protected Market Gate. Report the candidate; no student-facing edit.,Protected/shared candidate retained.
LG-Q-9066,1678,fiscal-multipliers-and-crowding-out,macro,,YES,NO,17,11,EDIT,Remove explanation or redundant setup from the keyed alternative; retain its economic conclusion and the explanation in feedback.,
LG-Q-9073,417,fiscal-multipliers-and-crowding-out,macro,,YES,NO,25,14,EDIT,Remove explanation or redundant setup from the keyed alternative; retain its economic conclusion and the explanation in feedback.,
ECON-SP-ELITE-320,422,fiscal-multipliers-and-crowding-out,macro,multiple tasks; graph narration; noun stack,NO,NO,23,19,EDIT,"Faculty repair: retain the three economically necessary stages and price-P comparison, but remove repeated narration of the figure. Faculty alternatives keep explanations in feedback and make the four bounds parallel. Ask for the bound once; explain why in feedback. Replace induced-spending gain with ordinary explanatory prose. Elite → Hard: interpret horizontal graph distances and apply a bounded crowding-out condition. The shorter task requires substantive graph reasoning but no competing unknown mechanisms.",
LG-Q-9134,1690,fiscal-multipliers-and-crowding-out,macro,actor wrapper,NO,NO,15,15,KEEP — economic context,"The actor states a misconception, forecast or inference that the student must evaluate; the claim is part of the economic task.",
LG-B-6023,413,fiscal-multipliers-and-crowding-out,macro,internal taxonomy; noun stack,NO,NO,2,2,EDIT,"Faculty repair: state fixed prices as an assumption. Retain that $80 is the total crowding-out offset including induced effects, so it is not multiplied again. Replace the planning-model label with the economic assumption.",
P52A-FISCAD-EL-002,714,fiscal-policy-and-aggregate-demand,macro,,YES,NO,14,7,EDIT,Remove explanation or redundant setup from the keyed alternative; retain its economic conclusion and the explanation in feedback.,
PM2D2-FISCAD-L-001,716,fiscal-policy-and-aggregate-demand,macro,multiple tasks,NO,NO,21,20,KEEP — economic context,"The requested results trace linked mechanisms, compare a counterfactual or distinguish a calculation from its interpretation; no redundant independent task established.",
LG-Q-4008,708,fiscal-policy-and-aggregate-demand,macro,multiple tasks,NO,NO,8,8,KEEP — economic context,"The requested results trace linked mechanisms, compare a counterfactual or distinguish a calculation from its interpretation; no redundant independent task established.",
P52A-FISCAD-B2-001,718,fiscal-policy-and-aggregate-demand,macro,multiple tasks,NO,NO,8,8,KEEP — economic context,"The requested results trace linked mechanisms, compare a counterfactual or distinguish a calculation from its interpretation; no redundant independent task established.",
P52A-FISCAD-LB-001,719,fiscal-policy-and-aggregate-demand,macro,actor wrapper,NO,NO,23,17,KEEP — economic context,"The actor states a misconception, forecast or inference that the student must evaluate; the claim is part of the economic task.",
P52A-FISCAD-LB-002,720,fiscal-policy-and-aggregate-demand,macro,actor wrapper,NO,NO,16,15,KEEP — economic context,"The actor states a misconception, forecast or inference that the student must evaluate; the claim is part of the economic task.",
PM2C2-FISH-M-003,739,fisher-effect,macro,,YES,NO,19,12,EDIT,Remove explanation or redundant setup from the keyed alternative; retain its economic conclusion and the explanation in feedback.,
PM2C2-FISH-L-002,737,fisher-effect,macro,,YES,NO,20,13,EDIT,Remove explanation or redundant setup from the keyed alternative; retain its economic conclusion and the explanation in feedback.,
LG-Q-9035,729,fisher-effect,macro,multiple tasks,NO,NO,8,8,KEEP — economic context,"The requested results trace linked mechanisms, compare a counterfactual or distinguish a calculation from its interpretation; no redundant independent task established.",
LG-Q-9047,729,fisher-effect,macro,actor wrapper,NO,NO,18,16,KEEP — economic context,"The actor states a misconception, forecast or inference that the student must evaluate; the claim is part of the economic task.",
LG-Q-3008,732,fisher-effect,macro,multiple tasks,NO,NO,13,11,KEEP — economic context,"The requested results trace linked mechanisms, compare a counterfactual or distinguish a calculation from its interpretation; no redundant independent task established.",
PM2C2-FISH-EB-002,742,fisher-effect,macro,multiple tasks,NO,NO,13,11,KEEP — economic context,"The requested results trace linked mechanisms, compare a counterfactual or distinguish a calculation from its interpretation; no redundant independent task established.",
PMOE-FX-E-002,867,foreign-exchange-market,macro,internal taxonomy,NO,NO,3,2,EDIT,Replace the internal model label with the standard economic setting.,
PMOE-FX-EL-001,137,foreign-exchange-market,macro,,YES,NO,17,9,EDIT,Remove explanation or redundant setup from the keyed alternative; retain its economic conclusion and the explanation in feedback.,
PMOE-FX-EL-002,1192,foreign-exchange-market,macro,actor wrapper,NO,NO,22,19,KEEP — economic context,"The actor states a misconception, forecast or inference that the student must evaluate; the claim is part of the economic task.",
PMOE-FX-L-003,2447,foreign-exchange-market,macro,multiple tasks,NO,NO,18,18,KEEP — economic context,"The requested results trace linked mechanisms, compare a counterfactual or distinguish a calculation from its interpretation; no redundant independent task established.",
PMOE-FX-L-005,518,foreign-exchange-market,macro,noun stack,NO,NO,16,16,EDIT,"Retain the vertical-supply assumption, competing forces and inference task; expand the compressed noun phrase.",
PMOE-FX-B1-003,1392,foreign-exchange-market,macro,internal taxonomy; noun stack,NO,NO,3,4,EDIT,Faculty repair: ask directly about the determinant of currency supply; preserve the Easy checkpoint. Replace the compressed curve label with ordinary prose.,
PMOE-FX-LB-002,134,foreign-exchange-market,macro,multiple questions,NO,NO,9,11,KEEP — economic context,"The requested results trace linked mechanisms, compare a counterfactual or distinguish a calculation from its interpretation; no redundant independent task established.",
PMOE-FX-LB-003,2126,foreign-exchange-market,macro,multiple tasks,NO,NO,17,16,KEEP — economic context,"The requested results trace linked mechanisms, compare a counterfactual or distinguish a calculation from its interpretation; no redundant independent task established.",
PMOE-FX-R-001,2133,foreign-exchange-market,macro,internal taxonomy,NO,NO,14,12,EDIT,Retain the genuine mistaken claim about vertical supply; name the model naturally.,
P75-TRADE-E-008,273,gains-from-trade,general; macro; micro,,YES,YES,11,5,KEEP — protected,Frozen Micro/shared content or protected Market Gate. Report the candidate; no student-facing edit.,Protected/shared candidate retained.
P75-TRADE-E-009,273,gains-from-trade,general; macro; micro,actor wrapper,NO,NO,7,7,KEEP — protected,Frozen Micro/shared content or protected Market Gate. Report the candidate; no student-facing edit.,
P52B-TRADE-EL-001,306,gains-from-trade,general; macro; micro,,YES,YES,17,10,KEEP — protected,Frozen Micro/shared content or protected Market Gate. Report the candidate; no student-facing edit.,Protected/shared candidate retained.
P75-TRADE-L-015,286,gains-from-trade,general; macro; micro,,YES,YES,21,11,KEEP — protected,Frozen Micro/shared content or protected Market Gate. Report the candidate; no student-facing edit.,Protected/shared candidate retained.
P75-TRADE-L-016,287,gains-from-trade,general; macro; micro,multiple tasks,NO,NO,9,9,KEEP — protected,Frozen Micro/shared content or protected Market Gate. Report the candidate; no student-facing edit.,
P75-TRADE-L-018,288,gains-from-trade,general; macro; micro,actor wrapper,NO,NO,10,10,KEEP — protected,Frozen Micro/shared content or protected Market Gate. Report the candidate; no student-facing edit.,
P75-TRADE-L-025,289,gains-from-trade,general; macro; micro,actor wrapper,NO,NO,17,17,KEEP — protected,Frozen Micro/shared content or protected Market Gate. Report the candidate; no student-facing edit.,
P75-TRADE-L-026,290,gains-from-trade,general; macro; micro,,YES,YES,17,10,KEEP — protected,Frozen Micro/shared content or protected Market Gate. Report the candidate; no student-facing edit.,Protected/shared candidate retained.
P75-TRADE-LB-005,293,gains-from-trade,general; macro; micro,multiple questions,NO,NO,24,23,KEEP — protected,Frozen Micro/shared content or protected Market Gate. Report the candidate; no student-facing edit.,
ECON-NL-HARD-211,767,gdp-components,macro,,YES,NO,13,7,EDIT,Remove explanation or redundant setup from the keyed alternative; retain its economic conclusion and the explanation in feedback.,
ECON-NL-ELITE-312,765,gdp-components,macro,,YES,NO,11,4,EDIT,Remove explanation or redundant setup from the keyed alternative; retain its economic conclusion and the explanation in feedback.,
ECON-NL-EASY-1,802,gdp-measurement,macro,,YES,NO,11,4,EDIT,Remove explanation or redundant setup from the keyed alternative; retain its economic conclusion and the explanation in feedback.,
ECON-NL-MEDIUM-102,805,gdp-measurement,macro,,YES,YES,13,7,EDIT,Remove explanation or redundant setup from the keyed alternative; retain its economic conclusion and the explanation in feedback.,The transaction must name the buyer’s expenditure and seller’s income. The edited complete example remains longer than the short distractors.
ECON-EC-EASYBOSS-17004,753,gdp-measurement,macro,multiple tasks,NO,NO,12,8,KEEP — economic context,"The requested results trace linked mechanisms, compare a counterfactual or distinguish a calculation from its interpretation; no redundant independent task established.",
ECON-EC-EASYBOSS-17010,754,gdp-measurement,macro,multiple tasks,NO,NO,13,11,KEEP — economic context,"The requested results trace linked mechanisms, compare a counterfactual or distinguish a calculation from its interpretation; no redundant independent task established.",
ECON-EC-EASYBOSS-17014,909,gdp-measurement,macro,actor wrapper,NO,NO,12,9,KEEP — economic context,"The actor states a misconception, forecast or inference that the student must evaluate; the claim is part of the economic task.",
ECON-NL-EASYBOSS-2000,807,gdp-measurement,macro,multiple tasks,NO,NO,12,8,KEEP — economic context,"The requested results trace linked mechanisms, compare a counterfactual or distinguish a calculation from its interpretation; no redundant independent task established.",
ECON-NL-EASYBOSS-2002,808,gdp-measurement,macro,multiple tasks,NO,NO,13,11,KEEP — economic context,"The requested results trace linked mechanisms, compare a counterfactual or distinguish a calculation from its interpretation; no redundant independent task established.",
ECON-NL-EASYBOSS-2005,799,gdp-measurement,macro,actor wrapper,NO,NO,12,9,KEEP — economic context,"The actor states a misconception, forecast or inference that the student must evaluate; the claim is part of the economic task.",
P52B-S3-GDPM-B2-001,809,gdp-measurement,macro,multiple tasks,NO,NO,13,11,KEEP — economic context,"The requested results trace linked mechanisms, compare a counterfactual or distinguish a calculation from its interpretation; no redundant independent task established.",
P52B-S3-GDPM-B3-001,810,gdp-measurement,macro,actor wrapper,NO,NO,12,9,KEEP — economic context,"The actor states a misconception, forecast or inference that the student must evaluate; the claim is part of the economic task.",
P52B-S3-GDPM-B3-003,811,gdp-measurement,macro,multiple tasks,NO,NO,12,8,KEEP — economic context,"The requested results trace linked mechanisms, compare a counterfactual or distinguish a calculation from its interpretation; no redundant independent task established.",
ECON-NL-LEGENDARYBOSS-9102,800,gdp-measurement,macro,,YES,NO,20,13,EDIT,Remove explanation or redundant setup from the keyed alternative; retain its economic conclusion and the explanation in feedback.,
P74-INC-M-008,881,incentives,general; macro; micro,,YES,YES,15,7,KEEP — protected,Frozen Micro/shared content or protected Market Gate. Report the candidate; no student-facing edit.,Protected/shared candidate retained.
P52B-INC-H-002,883,incentives,general; macro; micro,,YES,YES,13,7,KEEP — protected,Frozen Micro/shared content or protected Market Gate. Report the candidate; no student-facing edit.,Protected/shared candidate retained.
ECON-MG-LEGENDARY-9043,1956,incentives,general; macro; micro,actor wrapper,NO,NO,10,12,KEEP — protected,Frozen Micro/shared content or protected Market Gate. Report the candidate; no student-facing edit.,
ECON-MG-LEGENDARYBOSS-9111,905,incentives,general; macro; micro,multiple tasks,NO,NO,21,19,KEEP — protected,Frozen Micro/shared content or protected Market Gate. Report the candidate; no student-facing edit.,
P74-INC-LB-007,907,incentives,general; macro; micro,multiple tasks; embedded conditions,NO,NO,14,16,KEEP — protected,Frozen Micro/shared content or protected Market Gate. Report the candidate; no student-facing edit.,
P74-INC-LB-008,908,incentives,general; macro; micro,multiple tasks,NO,NO,13,14,KEEP — protected,Frozen Micro/shared content or protected Market Gate. Report the candidate; no student-facing edit.,
ECON-NL-ELITE-333,935,indexing-and-real-values,macro,multiple tasks,NO,NO,6,7,KEEP — economic context,"The requested results trace linked mechanisms, compare a counterfactual or distinguish a calculation from its interpretation; no redundant independent task established.",
PM2B2-INDEX-LB-001,923,indexing-and-real-values,macro,,YES,NO,23,14,EDIT,Remove explanation or redundant setup from the keyed alternative; retain its economic conclusion and the explanation in feedback.,
LG-Q-247,943,inflation-costs,macro,,YES,NO,11,5,EDIT,Remove explanation or redundant setup from the keyed alternative; retain its economic conclusion and the explanation in feedback.,
LG-Q-345,943,inflation-costs,macro,,YES,NO,13,6,EDIT,Remove explanation or redundant setup from the keyed alternative; retain its economic conclusion and the explanation in feedback.,
LG-Q-9042,944,inflation-costs,macro,embedded conditions,NO,NO,2,2,KEEP — economic context,"The setup supplies model assumptions, counterfactual conditions, formulas or binding resource constraints needed to solve the question; preserve that economic information.",
LG-Q-248,946,inflation-costs,macro,,YES,NO,14,7,EDIT,Remove explanation or redundant setup from the keyed alternative; retain its economic conclusion and the explanation in feedback.,
LG-Q-244,978,inflation-costs,macro,multiple tasks,NO,NO,10,9,KEEP — economic context,"The requested results trace linked mechanisms, compare a counterfactual or distinguish a calculation from its interpretation; no redundant independent task established.",
PM2C2-ICOST-H-001,950,inflation-costs,macro,,YES,NO,18,11,EDIT,Remove explanation or redundant setup from the keyed alternative; retain its economic conclusion and the explanation in feedback.,
LG-Q-343,979,inflation-costs,macro,multiple tasks,NO,NO,8,8,KEEP — economic context,"The requested results trace linked mechanisms, compare a counterfactual or distinguish a calculation from its interpretation; no redundant independent task established.",
LG-Q-344,980,inflation-costs,macro,multiple tasks,NO,NO,8,8,KEEP — economic context,"The requested results trace linked mechanisms, compare a counterfactual or distinguish a calculation from its interpretation; no redundant independent task established.",
LG-Q-9037,980,inflation-costs,macro,multiple tasks,NO,NO,8,8,KEEP — economic context,"The requested results trace linked mechanisms, compare a counterfactual or distinguish a calculation from its interpretation; no redundant independent task established.",
LG-Q-9038,981,inflation-costs,macro,multiple tasks,NO,NO,8,8,KEEP — economic context,"The requested results trace linked mechanisms, compare a counterfactual or distinguish a calculation from its interpretation; no redundant independent task established.",
LG-Q-9125,982,inflation-costs,macro,actor wrapper,NO,NO,19,13,KEEP — economic context,"The actor states a misconception, forecast or inference that the student must evaluate; the claim is part of the economic task.",
LG-Q-351,958,inflation-tax-and-deflation,macro,,YES,YES,17,7,KEEP — economic context,The existing concise definition uses the 8%-to-3% example and separately defines deflation; preserve the numerical example.,The existing concise definition uses the 8%-to-3% example and separately defines deflation; preserve the numerical example.
LG-Q-350,964,inflation-tax-and-deflation,macro,multiple tasks,NO,NO,11,11,KEEP — economic context,"The requested results trace linked mechanisms, compare a counterfactual or distinguish a calculation from its interpretation; no redundant independent task established.",
PM2C2-ITAX-L-001,967,inflation-tax-and-deflation,macro,,YES,YES,24,14,KEEP — economic context,"The explanation is the tested feedback mechanism linking real money demand, seigniorage and inflation.","The explanation is the tested feedback mechanism linking real money demand, seigniorage and inflation."
LG-Q-3013,972,inflation-tax-and-deflation,macro,actor wrapper,NO,NO,11,11,KEEP — economic context,"The actor states a misconception, forecast or inference that the student must evaluate; the claim is part of the economic task.",
LG-Q-9124,971,inflation-tax-and-deflation,macro,actor wrapper,NO,NO,21,17,KEEP — economic context,"The actor states a misconception, forecast or inference that the student must evaluate; the claim is part of the economic task.",
ECON-SP-FINALBOSS-4000,49,integrated-macroeconomic-analysis,macro,internal taxonomy; noun stack; multiple tasks; embedded conditions,NO,NO,15,14,EDIT,Keep the immediate-versus-delayed policy comparison and all checkpoint routing; state the price assumption naturally. Remove the planning-model noun stack.,
ECON-SP-FINALBOSS-4004,58,integrated-macroeconomic-analysis,macro,multiple tasks,NO,NO,17,15,KEEP — economic context,"The requested results trace linked mechanisms, compare a counterfactual or distinguish a calculation from its interpretation; no redundant independent task established.",
ECON-SP-FINALBOSS-4006,1785,integrated-macroeconomic-analysis,macro,actor wrapper,NO,NO,15,14,KEEP — economic context,"The actor states a misconception, forecast or inference that the student must evaluate; the claim is part of the economic task.",
ECON-SP-FINALBOSS-4008,2295,integrated-macroeconomic-analysis,macro,multiple tasks,NO,NO,17,20,KEEP — economic context,"The requested results trace linked mechanisms, compare a counterfactual or distinguish a calculation from its interpretation; no redundant independent task established.",
ECON-SP-FINALBOSS-4017,2292,integrated-macroeconomic-analysis,macro,multiple tasks,NO,NO,15,12,KEEP — economic context,"The requested results trace linked mechanisms, compare a counterfactual or distinguish a calculation from its interpretation; no redundant independent task established.",
ECON-SP-FINALBOSS-4019,741,integrated-macroeconomic-analysis,macro,internal taxonomy; noun stack; multiple tasks; embedded conditions,NO,NO,15,14,EDIT,Keep the immediate-versus-delayed policy comparison and all checkpoint routing; state the price assumption naturally. Remove the planning-model noun stack.,
ECON-SP-MEDIUMBOSS-3014,2162,integrated-macroeconomic-analysis,macro,multiple tasks,NO,NO,15,12,KEEP — economic context,"The requested results trace linked mechanisms, compare a counterfactual or distinguish a calculation from its interpretation; no redundant independent task established.",
PM2E-CH-OPEN-001,67,integrated-macroeconomic-analysis,macro,internal taxonomy; noun stack; multiple tasks; embedded conditions,NO,NO,15,14,EDIT,Keep the immediate-versus-delayed policy comparison and all checkpoint routing; state the price assumption naturally. Remove the planning-model noun stack.,
ECON-SP-LEGENDARYBOSS-9101,2364,integrated-macroeconomic-analysis,macro,actor wrapper,YES,NO,17,11,EDIT,Remove explanation or redundant setup from the keyed alternative; retain its economic conclusion and the explanation in feedback.,
ECON-SP-LEGENDARYBOSS-9109,2351,integrated-macroeconomic-analysis,macro,actor wrapper,NO,NO,17,18,KEEP — economic context,"The actor states a misconception, forecast or inference that the student must evaluate; the claim is part of the economic task.",
ECON-SP-LEGENDARYBOSS-9110,2161,integrated-macroeconomic-analysis,macro,multiple questions,NO,NO,18,18,KEEP — economic context,"The requested results trace linked mechanisms, compare a counterfactual or distinguish a calculation from its interpretation; no redundant independent task established.",
ECON-SP-LEGENDARYBOSS-9111,2162,integrated-macroeconomic-analysis,macro,multiple tasks,NO,NO,15,12,KEEP — economic context,"The requested results trace linked mechanisms, compare a counterfactual or distinguish a calculation from its interpretation; no redundant independent task established.",
ECON-SP-LEGENDARYBOSS-9113,2291,integrated-macroeconomic-analysis,macro,internal taxonomy; noun stack; multiple tasks; embedded conditions,NO,NO,15,14,EDIT,Keep the immediate-versus-delayed policy comparison and all checkpoint routing; state the price assumption naturally. Remove the planning-model noun stack.,
ECON-SP-LEGENDARYBOSS-9114,1532,integrated-macroeconomic-analysis,macro,multiple tasks,NO,NO,17,12,KEEP — economic context,"The requested results trace linked mechanisms, compare a counterfactual or distinguish a calculation from its interpretation; no redundant independent task established.",
ECON-SP-LEGENDARYBOSS-9120,58,integrated-macroeconomic-analysis,macro,long scenario,NO,NO,17,12,KEEP — economic context,"The setup supplies model assumptions, counterfactual conditions, formulas or binding resource constraints needed to solve the question; preserve that economic information.",
P62D-ITP-E-001,1022,international-trade-and-trade-policy,general; macro; micro,,YES,YES,13,7,KEEP — protected,Frozen Micro/shared content or protected Market Gate. Report the candidate; no student-facing edit.,Protected/shared candidate retained.
P62D-ITP-E-019,1044,international-trade-and-trade-policy,general; macro; micro,,YES,YES,11,5,KEEP — protected,Frozen Micro/shared content or protected Market Gate. Report the candidate; no student-facing edit.,Protected/shared candidate retained.
P62D-ITP-E-021,1110,international-trade-and-trade-policy,general; macro; micro,,YES,YES,13,7,KEEP — protected,Frozen Micro/shared content or protected Market Gate. Report the candidate; no student-facing edit.,Protected/shared candidate retained.
P62D-ITP-E-023,1111,international-trade-and-trade-policy,general; macro; micro,,YES,YES,13,6,KEEP — protected,Frozen Micro/shared content or protected Market Gate. Report the candidate; no student-facing edit.,Protected/shared candidate retained.
P62D-ITP-E-027,1150,international-trade-and-trade-policy,general; macro; micro,,YES,YES,12,6,KEEP — protected,Frozen Micro/shared content or protected Market Gate. Report the candidate; no student-facing edit.,Protected/shared candidate retained.
PMA-ITP-E-026,1116,international-trade-and-trade-policy,general; macro; micro,,YES,YES,16,8,KEEP — protected,Frozen Micro/shared content or protected Market Gate. Report the candidate; no student-facing edit.,Protected/shared candidate retained.
P62D-ITP-EL-011,1152,international-trade-and-trade-policy,general; macro; micro,,YES,YES,14,6,KEEP — protected,Frozen Micro/shared content or protected Market Gate. Report the candidate; no student-facing edit.,Protected/shared candidate retained.
P62D-ITP-H-015,1130,international-trade-and-trade-policy,general; macro; micro,multiple tasks,NO,NO,13,14,KEEP — protected,Frozen Micro/shared content or protected Market Gate. Report the candidate; no student-facing edit.,
PMA-ITP-H-037,1157,international-trade-and-trade-policy,general; macro; micro,,YES,YES,26,14,KEEP — protected,Frozen Micro/shared content or protected Market Gate. Report the candidate; no student-facing edit.,Protected/shared candidate retained.
P62D-ITP-EL-007,1058,international-trade-and-trade-policy,general; macro; micro,,YES,YES,10,4,KEEP — protected,Frozen Micro/shared content or protected Market Gate. Report the candidate; no student-facing edit.,Protected/shared candidate retained.
P62D-ITP-EL-028,1128,international-trade-and-trade-policy,general; macro; micro,,YES,YES,12,5,KEEP — protected,Frozen Micro/shared content or protected Market Gate. Report the candidate; no student-facing edit.,Protected/shared candidate retained.
P62D-ITP-EL-015,1155,international-trade-and-trade-policy,general; macro; micro,,YES,YES,13,7,KEEP — protected,Frozen Micro/shared content or protected Market Gate. Report the candidate; no student-facing edit.,Protected/shared candidate retained.
P62D-ITP-EL-027,1156,international-trade-and-trade-policy,general; macro; micro,,YES,YES,12,5,KEEP — protected,Frozen Micro/shared content or protected Market Gate. Report the candidate; no student-facing edit.,Protected/shared candidate retained.
P62D-ITP-EL-017,1035,international-trade-and-trade-policy,general; macro; micro,actor wrapper,YES,YES,15,9,KEEP — protected,Frozen Micro/shared content or protected Market Gate. Report the candidate; no student-facing edit.,Protected/shared candidate retained.
P62D-ITP-L-003,1162,international-trade-and-trade-policy,general; macro; micro,actor wrapper,NO,NO,20,20,KEEP — protected,Frozen Micro/shared content or protected Market Gate. Report the candidate; no student-facing edit.,
P62D-ITP-L-015,1166,international-trade-and-trade-policy,general; macro; micro,actor wrapper,NO,NO,20,20,KEEP — protected,Frozen Micro/shared content or protected Market Gate. Report the candidate; no student-facing edit.,
P62D-ITP-L-027,1170,international-trade-and-trade-policy,general; macro; micro,actor wrapper,NO,NO,20,20,KEEP — protected,Frozen Micro/shared content or protected Market Gate. Report the candidate; no student-facing edit.,
P62D-ITP-L-033,1172,international-trade-and-trade-policy,general; macro; micro,actor wrapper,NO,NO,20,20,KEEP — protected,Frozen Micro/shared content or protected Market Gate. Report the candidate; no student-facing edit.,
P62D-ITP-L-045,1176,international-trade-and-trade-policy,general; macro; micro,actor wrapper,NO,NO,20,20,KEEP — protected,Frozen Micro/shared content or protected Market Gate. Report the candidate; no student-facing edit.,
P62D-ITP-L-057,1180,international-trade-and-trade-policy,general; macro; micro,actor wrapper,NO,NO,20,20,KEEP — protected,Frozen Micro/shared content or protected Market Gate. Report the candidate; no student-facing edit.,
P62D-ITP-L-062,1073,international-trade-and-trade-policy,general; macro; micro,actor wrapper,YES,YES,21,12,KEEP — protected,Frozen Micro/shared content or protected Market Gate. Report the candidate; no student-facing edit.,Protected/shared candidate retained.
P62D-ITP-L-064,1074,international-trade-and-trade-policy,general; macro; micro,actor wrapper,YES,YES,21,12,KEEP — protected,Frozen Micro/shared content or protected Market Gate. Report the candidate; no student-facing edit.,Protected/shared candidate retained.
P62D-ITP-L-066,1075,international-trade-and-trade-policy,general; macro; micro,actor wrapper,YES,YES,21,12,KEEP — protected,Frozen Micro/shared content or protected Market Gate. Report the candidate; no student-facing edit.,Protected/shared candidate retained.
P62D-ITP-L-068,1076,international-trade-and-trade-policy,general; macro; micro,actor wrapper,YES,YES,21,12,KEEP — protected,Frozen Micro/shared content or protected Market Gate. Report the candidate; no student-facing edit.,Protected/shared candidate retained.
P62D-ITP-L-070,1077,international-trade-and-trade-policy,general; macro; micro,actor wrapper,YES,YES,21,12,KEEP — protected,Frozen Micro/shared content or protected Market Gate. Report the candidate; no student-facing edit.,Protected/shared candidate retained.
P62D-ITP-L-072,1078,international-trade-and-trade-policy,general; macro; micro,actor wrapper,YES,YES,21,12,KEEP — protected,Frozen Micro/shared content or protected Market Gate. Report the candidate; no student-facing edit.,Protected/shared candidate retained.
P62D-ITP-L-074,1079,international-trade-and-trade-policy,general; macro; micro,actor wrapper,YES,YES,21,12,KEEP — protected,Frozen Micro/shared content or protected Market Gate. Report the candidate; no student-facing edit.,Protected/shared candidate retained.
P62D-ITP-L-076,1080,international-trade-and-trade-policy,general; macro; micro,actor wrapper,YES,YES,21,12,KEEP — protected,Frozen Micro/shared content or protected Market Gate. Report the candidate; no student-facing edit.,Protected/shared candidate retained.
P62D-ITP-L-078,1081,international-trade-and-trade-policy,general; macro; micro,actor wrapper,YES,YES,21,12,KEEP — protected,Frozen Micro/shared content or protected Market Gate. Report the candidate; no student-facing edit.,Protected/shared candidate retained.
P62D-ITP-L-080,1082,international-trade-and-trade-policy,general; macro; micro,actor wrapper,YES,YES,21,12,KEEP — protected,Frozen Micro/shared content or protected Market Gate. Report the candidate; no student-facing edit.,Protected/shared candidate retained.
P62D-ITP-L-081,1138,international-trade-and-trade-policy,general; macro; micro,,YES,YES,12,6,KEEP — protected,Frozen Micro/shared content or protected Market Gate. Report the candidate; no student-facing edit.,Protected/shared candidate retained.
P62D-ITP-L-083,1139,international-trade-and-trade-policy,general; macro; micro,,YES,YES,19,11,KEEP — protected,Frozen Micro/shared content or protected Market Gate. Report the candidate; no student-facing edit.,Protected/shared candidate retained.
P62D-ITP-B2-030,1185,international-trade-and-trade-policy,general; macro; micro,,YES,YES,10,4,KEEP — protected,Frozen Micro/shared content or protected Market Gate. Report the candidate; no student-facing edit.,Protected/shared candidate retained.
P62D-ITP-B3-053,1104,international-trade-and-trade-policy,general; macro; micro,actor wrapper,NO,NO,15,14,KEEP — protected,Frozen Micro/shared content or protected Market Gate. Report the candidate; no student-facing edit.,
P62D-ITP-R-002,1019,international-trade-and-trade-policy,general; macro; micro,,YES,YES,11,5,KEEP — protected,Frozen Micro/shared content or protected Market Gate. Report the candidate; no student-facing edit.,Protected/shared candidate retained.
P62D-ITP-R-015,1105,international-trade-and-trade-policy,general; macro; micro,,YES,YES,11,4,KEEP — protected,Frozen Micro/shared content or protected Market Gate. Report the candidate; no student-facing edit.,Protected/shared candidate retained.
P62D-ITP-R-017,1105,international-trade-and-trade-policy,general; macro; micro,,YES,YES,11,5,KEEP — protected,Frozen Micro/shared content or protected Market Gate. Report the candidate; no student-facing edit.,Protected/shared candidate retained.
PMS-ITP-R-011,1040,international-trade-and-trade-policy,general; macro; micro,,YES,YES,15,7,KEEP — protected,Frozen Micro/shared content or protected Market Gate. Report the candidate; no student-facing edit.,Protected/shared candidate retained.
PMS-ITP-R-014,1106,international-trade-and-trade-policy,general; macro; micro,,YES,YES,15,8,KEEP — protected,Frozen Micro/shared content or protected Market Gate. Report the candidate; no student-facing edit.,Protected/shared candidate retained.
P62D-ITP-BR-010,1020,international-trade-and-trade-policy,general; macro; micro,,YES,YES,10,4,KEEP — protected,Frozen Micro/shared content or protected Market Gate. Report the candidate; no student-facing edit.,Protected/shared candidate retained.
P62D-ITP-BR-011,1021,international-trade-and-trade-policy,general; macro; micro,,YES,YES,11,5,KEEP — protected,Frozen Micro/shared content or protected Market Gate. Report the candidate; no student-facing edit.,Protected/shared candidate retained.
P62D-ITP-BR-017,1022,international-trade-and-trade-policy,general; macro; micro,,YES,YES,12,5,KEEP — protected,Frozen Micro/shared content or protected Market Gate. Report the candidate; no student-facing edit.,Protected/shared candidate retained.
P62D-ITP-BR-018,1022,international-trade-and-trade-policy,general; macro; micro,,YES,YES,11,5,KEEP — protected,Frozen Micro/shared content or protected Market Gate. Report the candidate; no student-facing edit.,Protected/shared candidate retained.
PMS-ITP-BR-012,1042,international-trade-and-trade-policy,general; macro; micro,,YES,YES,14,6,KEEP — protected,Frozen Micro/shared content or protected Market Gate. Report the candidate; no student-facing edit.,Protected/shared candidate retained.
PMS-ITP-BR-016,1107,international-trade-and-trade-policy,general; macro; micro,,YES,YES,14,7,KEEP — protected,Frozen Micro/shared content or protected Market Gate. Report the candidate; no student-facing edit.,Protected/shared candidate retained.
PMOE-TX-H-003,514,international-transactions-and-identities,macro,,YES,NO,16,9,EDIT,Remove explanation or redundant setup from the keyed alternative; retain its economic conclusion and the explanation in feedback.,
PMOE-TX-EL-001,2123,international-transactions-and-identities,macro,,YES,NO,15,8,EDIT,Remove explanation or redundant setup from the keyed alternative; retain its economic conclusion and the explanation in feedback.,
PMOE-TX-L-003,2127,international-transactions-and-identities,macro,multiple tasks,NO,NO,15,11,KEEP — economic context,"The requested results trace linked mechanisms, compare a counterfactual or distinguish a calculation from its interpretation; no redundant independent task established.",
PMOE-TX-L-004,647,international-transactions-and-identities,macro,actor wrapper,YES,YES,17,11,KEEP — economic context,Both accounting comparisons are expressly requested; deleting either would weaken the economic task.,Both accounting comparisons are expressly requested; deleting either would weaken the economic task.
PMOE-TX-L-005,2457,international-transactions-and-identities,macro,multiple tasks,NO,NO,14,12,KEEP — economic context,"The requested results trace linked mechanisms, compare a counterfactual or distinguish a calculation from its interpretation; no redundant independent task established.",
ECON-NL-EASY-78,1239,labor-market-institutions,macro,,YES,NO,11,4,EDIT,Remove explanation or redundant setup from the keyed alternative; retain its economic conclusion and the explanation in feedback.,
ECON-NL-MEDIUM-176,1244,labor-market-institutions,macro,,YES,NO,12,6,EDIT,Remove explanation or redundant setup from the keyed alternative; retain its economic conclusion and the explanation in feedback.,
ECON-NL-LEGENDARY-9077,1250,labor-market-institutions,macro,,YES,NO,17,11,EDIT,Remove explanation or redundant setup from the keyed alternative; retain its economic conclusion and the explanation in feedback.,
ECON-NL-LEGENDARY-9078,1250,labor-market-institutions,macro,multiple tasks,NO,NO,15,11,KEEP — economic context,"The requested results trace linked mechanisms, compare a counterfactual or distinguish a calculation from its interpretation; no redundant independent task established.",
PM2B4-LMI-EB-001,1251,labor-market-institutions,macro,actor wrapper,NO,NO,12,12,KEEP — economic context,"The actor states a misconception, forecast or inference that the student must evaluate; the claim is part of the economic task.",
PM2C3-LPMM-L-002,1295,liquidity-preference-and-money-market,macro,,YES,NO,20,12,EDIT,Remove explanation or redundant setup from the keyed alternative; retain its economic conclusion and the explanation in feedback.,
PM2C3-LPMM-L-003,1296,liquidity-preference-and-money-market,macro,,YES,NO,25,15,EDIT,Remove explanation or redundant setup from the keyed alternative; retain its economic conclusion and the explanation in feedback.,
PM2C3-LPMM-L-005,1297,liquidity-preference-and-money-market,macro,,YES,NO,20,9,EDIT,Remove explanation or redundant setup from the keyed alternative; retain its economic conclusion and the explanation in feedback.,
LG-Q-368,1015,liquidity-preference-and-money-market,macro,embedded conditions,NO,NO,11,7,KEEP — economic context,"The setup supplies model assumptions, counterfactual conditions, formulas or binding resource constraints needed to solve the question; preserve that economic information.",
PM2C3-LPMM-L-006,1300,liquidity-preference-and-money-market,macro,multiple questions,NO,NO,17,17,KEEP — economic context,"The requested results trace linked mechanisms, compare a counterfactual or distinguish a calculation from its interpretation; no redundant independent task established.",
P52B-S3-LPMM-B2-002,1303,liquidity-preference-and-money-market,macro,actor wrapper,NO,NO,15,13,KEEP — economic context,"The actor states a misconception, forecast or inference that the student must evaluate; the claim is part of the economic task.",
P52B-S3-LPMM-LB-001,1304,liquidity-preference-and-money-market,macro,actor wrapper,NO,NO,13,12,KEEP — economic context,"The actor states a misconception, forecast or inference that the student must evaluate; the claim is part of the economic task.",
PM2C3-LPMM-LB-002,1306,liquidity-preference-and-money-market,macro,actor wrapper,NO,NO,23,18,KEEP — economic context,"The actor states a misconception, forecast or inference that the student must evaluate; the claim is part of the economic task.",
ECON-NL-LEGENDARY-9045,839,living-standards-and-growth,macro,,YES,YES,22,13,KEEP — economic context,The key retains both economies’ terminal levels and the distinction between reaching an initial and a moving benchmark.,The key retains both economies’ terminal levels and the distinction between reaching an initial and a moving benchmark.
ECON-NL-LEGENDARY-9047,840,living-standards-and-growth,macro,,YES,NO,23,15,EDIT,Remove explanation or redundant setup from the keyed alternative; retain its economic conclusion and the explanation in feedback.,
43246,1331,loanable-funds-equilibrium,macro,noun stack,NO,NO,5,3,EDIT,"Expand the compressed noun phrase without changing the shift, movement, direction or numerical reasoning.",
43217,1326,loanable-funds-equilibrium,macro,multiple tasks,NO,NO,14,12,KEEP — economic context,"The requested results trace linked mechanisms, compare a counterfactual or distinguish a calculation from its interpretation; no redundant independent task established.",
43219,1327,loanable-funds-equilibrium,macro,noun stack,NO,NO,15,17,EDIT,"Expand the compressed noun phrase without changing the shift, movement, direction or numerical reasoning.",
43245,1334,loanable-funds-equilibrium,macro,multiple tasks,NO,NO,14,14,KEEP — economic context,"The requested results trace linked mechanisms, compare a counterfactual or distinguish a calculation from its interpretation; no redundant independent task established.",
43276,1201,loanable-funds-shifts,macro,noun stack,NO,NO,7,7,EDIT,"Expand the compressed noun phrase without changing the shift, movement, direction or numerical reasoning.",
43263,243,loanable-funds-shifts,macro,internal taxonomy; noun stack,NO,NO,9,6,EDIT,Faculty repair: describe the household incentive and ask directly about loanable funds. Remove the internal loanable-funds effect label.,
43270,1202,loanable-funds-shifts,macro,multiple tasks,NO,NO,21,21,KEEP — economic context,"The requested results trace linked mechanisms, compare a counterfactual or distinguish a calculation from its interpretation; no redundant independent task established.",
43255,246,loanable-funds-shifts,macro,actor wrapper; noun stack,NO,NO,14,15,EDIT,Ask directly how to classify the graph change; preserve the distinction between a movement along D0 and a shift. Describe the saving increase directly in both parallel alternatives.,
43261,247,loanable-funds-shifts,macro,noun stack; actor wrapper,NO,NO,17,14,EDIT,Faculty repair: ask directly whether the equilibrium change measures the shift at a common interest rate. Replace saving-supply shift with a direct description of supply. State the competing measurements concisely; the original feedback explains the equilibrium movement and the 40-unit shift.,
43281,1210,loanable-funds-shifts,macro,noun stack,NO,NO,10,10,EDIT,"Expand the compressed noun phrase without changing the shift, movement, direction or numerical reasoning.",
43285,1211,loanable-funds-shifts,macro,multiple tasks,NO,NO,7,9,KEEP — economic context,"The requested results trace linked mechanisms, compare a counterfactual or distinguish a calculation from its interpretation; no redundant independent task established.",
43257,249,loanable-funds-shifts,macro,noun stack,NO,NO,18,19,EDIT,"Expand the compressed noun phrase without changing the shift, movement, direction or numerical reasoning.",
43307,2237,loanable-funds-shifts,macro,noun stack,NO,NO,9,12,EDIT,"Expand the compressed noun phrase without changing the shift, movement, direction or numerical reasoning.",
P52A-AS-L-003,122,long-run-aggregate-supply-and-potential-output,macro,actor wrapper,NO,NO,19,16,KEEP — economic context,"The actor states a misconception, forecast or inference that the student must evaluate; the claim is part of the economic task.",
PM2D1-LRADJ-M-001,1338,long-run-macroeconomic-self-adjustment,macro,,YES,NO,16,10,EDIT,Remove explanation or redundant setup from the keyed alternative; retain its economic conclusion and the explanation in feedback.,
PM2D1-LRADJ-EB-001,1354,long-run-macroeconomic-self-adjustment,macro,actor wrapper,NO,NO,10,12,KEEP — economic context,"The actor states a misconception, forecast or inference that the student must evaluate; the claim is part of the economic task.",
P52B-S1-LRPC-L-002,1385,long-run-phillips-curve,macro,,YES,YES,25,16,KEEP — economic context,"The 0.8-point structural change, 0.7-point cyclical gap and 5.6% long-run rate are distinct required results.","The 0.8-point structural change, 0.7-point cyclical gap and 5.6% long-run rate are distinct required results."
PM2A-LRPC-MB-015,1366,long-run-phillips-curve,macro,actor wrapper,NO,NO,16,14,KEEP — economic context,"The actor states a misconception, forecast or inference that the student must evaluate; the claim is part of the economic task.",
P52A-MARG-EL-002,1422,marginal-analysis,general; macro; micro,,YES,YES,16,10,KEEP — protected,Frozen Micro/shared content or protected Market Gate. Report the candidate; no student-facing edit.,Protected/shared candidate retained.
P73-MARG-EL-004,1423,marginal-analysis,general; macro; micro,,YES,YES,15,9,KEEP — protected,Frozen Micro/shared content or protected Market Gate. Report the candidate; no student-facing edit.,Protected/shared candidate retained.
P52A-MARG-L-005,1425,marginal-analysis,general; macro; micro,,YES,YES,19,11,KEEP — protected,Frozen Micro/shared content or protected Market Gate. Report the candidate; no student-facing edit.,Protected/shared candidate retained.
P73-MARG-LB-010,1438,marginal-analysis,general; macro; micro,multiple tasks,NO,NO,17,18,KEEP — protected,Frozen Micro/shared content or protected Market Gate. Report the candidate; no student-facing edit.,
P52A-MARG-R-003,1401,marginal-analysis,general; macro; micro,,YES,YES,10,4,KEEP — protected,Frozen Micro/shared content or protected Market Gate. Report the candidate; no student-facing edit.,Protected/shared candidate retained.
ECON-MG-LEGENDARY-9028,621,market-equilibrium,general; macro; micro,multiple tasks,NO,NO,10,9,KEEP — protected,Frozen Micro/shared content or protected Market Gate. Report the candidate; no student-facing edit.,
ECON-MG-LEGENDARY-9029,622,market-equilibrium,general; macro; micro,multiple tasks,NO,NO,10,9,KEEP — protected,Frozen Micro/shared content or protected Market Gate. Report the candidate; no student-facing edit.,
PG1-EQ-EL-002,627,market-equilibrium,general; macro; micro,multiple tasks,NO,NO,11,12,KEEP — protected,Frozen Micro/shared content or protected Market Gate. Report the candidate; no student-facing edit.,
ECON-MG-LEGENDARY-9019,629,market-equilibrium,general; macro; micro,actor wrapper,NO,NO,21,16,KEEP — protected,Frozen Micro/shared content or protected Market Gate. Report the candidate; no student-facing edit.,
ECON-MG-LEGENDARY-9027,632,market-equilibrium,general; macro; micro,actor wrapper,NO,NO,17,14,KEEP — protected,Frozen Micro/shared content or protected Market Gate. Report the candidate; no student-facing edit.,
40014,1441,market-equilibrium,general; macro; micro,actor wrapper,NO,NO,14,14,KEEP — protected,Frozen Micro/shared content or protected Market Gate. Report the candidate; no student-facing edit.,
ECON-MG-MEDIUMBOSS-3013,2377,market-equilibrium,general; macro; micro,multiple tasks,NO,NO,6,6,KEEP — protected,Frozen Micro/shared content or protected Market Gate. Report the candidate; no student-facing edit.,
ECON-MG-LEGENDARYBOSS-9129,640,market-equilibrium,general; macro; micro,actor wrapper,NO,NO,26,20,KEEP — protected,Frozen Micro/shared content or protected Market Gate. Report the candidate; no student-facing edit.,
ECON-MG-SURPLUS-SHORTAGE-IDENTIFICATION-6012,2374,market-equilibrium,general; macro; micro,multiple tasks,NO,NO,6,6,KEEP — protected,Frozen Micro/shared content or protected Market Gate. Report the candidate; no student-facing edit.,
ECON-MG-SURPLUS-SHORTAGE-IDENTIFICATION-6013,2374,market-equilibrium,general; macro; micro,multiple tasks,NO,NO,6,6,KEEP — protected,Frozen Micro/shared content or protected Market Gate. Report the candidate; no student-facing edit.,
ECON-MG-EASY-30,1443,micro-versus-macro,general; macro,actor wrapper,NO,NO,6,6,KEEP — protected,Frozen Micro/shared content or protected Market Gate. Report the candidate; no student-facing edit.,
P77-MVM-E-006,1453,micro-versus-macro,general; macro,actor wrapper,NO,NO,1,3,KEEP — shared General/Macro,Shared foundational record outside the Macro-only edit set; retain the existing natural explanation or context.,
ECON-MG-MEDIUM-116,1444,micro-versus-macro,general; macro,actor wrapper,NO,NO,1,3,KEEP — protected,Frozen Micro/shared content or protected Market Gate. Report the candidate; no student-facing edit.,
P52B-MVM-M-002,1446,micro-versus-macro,general; macro,actor wrapper,NO,NO,8,8,KEEP — shared General/Macro,Shared foundational record outside the Macro-only edit set; retain the existing natural explanation or context.,
P52B-MVM-H-001,1447,micro-versus-macro,general; macro,,YES,YES,12,6,KEEP — shared General/Macro,Shared foundational record outside the Macro-only edit set; retain the existing natural explanation or context.,Protected/shared candidate retained.
P52B-MVM-EL-002,1447,micro-versus-macro,general; macro,,YES,YES,16,7,KEEP — shared General/Macro,Shared foundational record outside the Macro-only edit set; retain the existing natural explanation or context.,Protected/shared candidate retained.
P77-MVM-EL-015,1456,micro-versus-macro,general; macro,actor wrapper,NO,NO,10,8,KEEP — shared General/Macro,Shared foundational record outside the Macro-only edit set; retain the existing natural explanation or context.,
P77-MVM-L-016,1457,micro-versus-macro,general; macro,actor wrapper,NO,NO,11,7,KEEP — shared General/Macro,Shared foundational record outside the Macro-only edit set; retain the existing natural explanation or context.,
P77-MVM-L-018,1458,micro-versus-macro,general; macro,actor wrapper,YES,YES,17,9,KEEP — shared General/Macro,Shared foundational record outside the Macro-only edit set; retain the existing natural explanation or context.,Protected/shared candidate retained.
P77-MVM-L-022,1459,micro-versus-macro,general; macro,actor wrapper,NO,NO,13,10,KEEP — shared General/Macro,Shared foundational record outside the Macro-only edit set; retain the existing natural explanation or context.,
P77-MVM-EASYB-024,1460,micro-versus-macro,general; macro,actor wrapper,NO,NO,1,2,KEEP — shared General/Macro,Shared foundational record outside the Macro-only edit set; retain the existing natural explanation or context.,
P77-MVM-LB-035,1464,micro-versus-macro,general; macro,actor wrapper,NO,NO,20,16,KEEP — shared General/Macro,Shared foundational record outside the Macro-only edit set; retain the existing natural explanation or context.,
ECON-MG-CORE-MICRO-MACRO-30012,1442,micro-versus-macro,general; macro,actor wrapper,NO,NO,6,7,KEEP — protected,Frozen Micro/shared content or protected Market Gate. Report the candidate; no student-facing edit.,
P52B-MODL-M-001,1490,models-and-assumptions,general; macro,actor wrapper,NO,NO,11,7,KEEP — shared General/Macro,Shared foundational record outside the Macro-only edit set; retain the existing natural explanation or context.,
P52B-MODL-M-003,1491,models-and-assumptions,general; macro,,YES,YES,13,6,KEEP — shared General/Macro,Shared foundational record outside the Macro-only edit set; retain the existing natural explanation or context.,Protected/shared candidate retained.
P76-MODL-L-007,1480,models-and-assumptions,general; macro,,YES,YES,14,8,KEEP — shared General/Macro,Shared foundational record outside the Macro-only edit set; retain the existing natural explanation or context.,Protected/shared candidate retained.
P76-MODL-BR-003,1471,models-and-assumptions,general; macro,actor wrapper,NO,NO,8,7,KEEP — shared General/Macro,Shared foundational record outside the Macro-only edit set; retain the existing natural explanation or context.,
LG-Q-216,1500,monetary-control-limits,macro,,YES,NO,11,4,EDIT,Remove explanation or redundant setup from the keyed alternative; retain its economic conclusion and the explanation in feedback.,
LG-Q-227,170,monetary-control-limits,macro,,YES,NO,16,8,EDIT,Remove explanation or redundant setup from the keyed alternative; retain its economic conclusion and the explanation in feedback.,
LG-Q-327,1505,monetary-control-limits,macro,,YES,NO,14,8,EDIT,Remove explanation or redundant setup from the keyed alternative; retain its economic conclusion and the explanation in feedback.,
LG-Q-9015,1506,monetary-control-limits,macro,,YES,NO,13,6,EDIT,Remove explanation or redundant setup from the keyed alternative; retain its economic conclusion and the explanation in feedback.,
LG-Q-9024,1507,monetary-control-limits,macro,internal taxonomy,NO,NO,8,8,EDIT,Faculty repair: ask why actual deposit expansion can fall short of the simple multiplier prediction. Give all four alternatives a direct causal form without adding explanation only to the key.,
ECON-SP-EASYBOSS-2014,1508,monetary-control-limits,macro,internal taxonomy,NO,NO,11,9,EDIT,Faculty repair: state the reserve and currency leakages and ask for the resulting money increase; preserve the checkpoint.,
LG-Q-9108,1511,monetary-control-limits,macro,multiple tasks,NO,NO,9,9,KEEP — economic context,"The requested results trace linked mechanisms, compare a counterfactual or distinguish a calculation from its interpretation; no redundant independent task established.",
LG-Q-137,253,monetary-neutrality,macro,,YES,NO,14,7,EDIT,Remove explanation or redundant setup from the keyed alternative; retain its economic conclusion and the explanation in feedback.,
PM2C2-NEUT-M-001,2101,monetary-neutrality,macro,,YES,NO,17,10,EDIT,Remove explanation or redundant setup from the keyed alternative; retain its economic conclusion and the explanation in feedback.,
PM2C2-NEUT-EB-003,2103,monetary-neutrality,macro,actor wrapper,NO,NO,13,12,KEEP — economic context,"The actor states a misconception, forecast or inference that the student must evaluate; the claim is part of the economic task.",
LG-Q-9115,1728,monetary-neutrality,macro,multiple tasks,NO,NO,13,13,KEEP — economic context,"The requested results trace linked mechanisms, compare a counterfactual or distinguish a calculation from its interpretation; no redundant independent task established.",
LG-Q-9123,1729,monetary-neutrality,macro,multiple tasks,NO,NO,20,20,KEEP — economic context,"The requested results trace linked mechanisms, compare a counterfactual or distinguish a calculation from its interpretation; no redundant independent task established.",
LG-Q-9014,1567,monetary-policy-tools,macro,,YES,YES,14,6,KEEP — economic context,The question explicitly asks for the complete three-tool policy mechanism; retain each channel.,The question explicitly asks for the complete three-tool policy mechanism; retain each channel.
LG-Q-9003,1568,monetary-policy-tools,macro,multiple tasks,NO,NO,11,10,KEEP — economic context,"The requested results trace linked mechanisms, compare a counterfactual or distinguish a calculation from its interpretation; no redundant independent task established.",
LG-Q-9113,1571,monetary-policy-tools,macro,,YES,NO,22,14,EDIT,Remove explanation or redundant setup from the keyed alternative; retain its economic conclusion and the explanation in feedback.,
ECON-SP-CHOOSE-FED-TOOL-EFFECT-6007,1731,monetary-policy-tools,macro,,YES,NO,20,13,EDIT,Remove explanation or redundant setup from the keyed alternative; retain its economic conclusion and the explanation in feedback.,
LG-Q-265,1308,monetary-policy-transmission,macro,,YES,NO,12,6,EDIT,Remove explanation or redundant setup from the keyed alternative; retain its economic conclusion and the explanation in feedback.,
LG-Q-9062,1542,monetary-policy-transmission,macro,,YES,YES,15,8,KEEP — economic context,Both panel shifts identify contraction; the reversed-shift distractor is equally detailed.,Both panel shifts identify contraction; the reversed-shift distractor is equally detailed.
LG-Q-366,1308,monetary-policy-transmission,macro,,YES,NO,12,6,EDIT,Remove explanation or redundant setup from the keyed alternative; retain its economic conclusion and the explanation in feedback.,
LG-Q-9051,1547,monetary-policy-transmission,macro,,YES,NO,28,14,EDIT,Keep the four-link policy mechanism in concise parallel clauses; graphical labels remain in the figure and feedback.,
PG4-MPT-L-001,1584,monetary-policy-transmission,macro,actor wrapper,NO,NO,16,13,KEEP — economic context,"The actor states a misconception, forecast or inference that the student must evaluate; the claim is part of the economic task.",
LG-Q-9131,1554,monetary-policy-transmission,macro,multiple tasks,NO,NO,12,12,KEEP — economic context,"The requested results trace linked mechanisms, compare a counterfactual or distinguish a calculation from its interpretation; no redundant independent task established.",
LG-Q-9138,1309,monetary-policy-transmission,macro,multiple tasks,NO,NO,23,19,KEEP — economic context,"The requested results trace linked mechanisms, compare a counterfactual or distinguish a calculation from its interpretation; no redundant independent task established.",
LG-Q-1,1594,money-functions-and-measures,macro,,YES,NO,19,12,EDIT,Remove explanation or redundant setup from the keyed alternative; retain its economic conclusion and the explanation in feedback.,
LG-Q-107,1641,money-functions-and-measures,macro,,YES,NO,15,7,EDIT,Remove explanation or redundant setup from the keyed alternative; retain its economic conclusion and the explanation in feedback.,
LG-Q-9011,1642,money-functions-and-measures,macro,embedded conditions,NO,NO,2,2,KEEP — economic context,"The setup supplies model assumptions, counterfactual conditions, formulas or binding resource constraints needed to solve the question; preserve that economic information.",
P52B-S3-MFM-LB-002,1605,money-functions-and-measures,macro,actor wrapper,NO,NO,19,15,KEEP — economic context,"The actor states a misconception, forecast or inference that the student must evaluate; the claim is part of the economic task.",
ECON-NL-ELITE-379,1713,natural-rate-of-unemployment,macro,,YES,YES,18,11,KEEP — economic context,Both unemployment compositions and the comparable-effectiveness condition are needed for the policy comparison.,Both unemployment compositions and the comparable-effectiveness condition are needed for the policy comparison.
ECON-NL-LEGENDARY-9085,1713,natural-rate-of-unemployment,macro,multiple tasks,NO,NO,17,12,KEEP — economic context,"The requested results trace linked mechanisms, compare a counterfactual or distinguish a calculation from its interpretation; no redundant independent task established.",
ECON-NL-FINALBOSS-4033,1717,natural-rate-of-unemployment,macro,actor wrapper,NO,NO,18,14,KEEP — economic context,"The actor states a misconception, forecast or inference that the student must evaluate; the claim is part of the economic task.",
PM2B4-NRU-MB-004,1715,natural-rate-of-unemployment,macro,multiple tasks,NO,NO,14,10,KEEP — economic context,"The requested results trace linked mechanisms, compare a counterfactual or distinguish a calculation from its interpretation; no redundant independent task established.",
PMOE-NER-L-005,517,nominal-exchange-rates,macro,actor wrapper,NO,NO,19,14,KEEP — economic context,"The actor states a misconception, forecast or inference that the student must evaluate; the claim is part of the economic task.",
PMOE-NER-L-006,316,nominal-exchange-rates,macro,multiple tasks,NO,NO,5,5,KEEP — economic context,"The requested results trace linked mechanisms, compare a counterfactual or distinguish a calculation from its interpretation; no redundant independent task established.",
PMOE-NER-B3-002,199,nominal-exchange-rates,macro,multiple tasks,NO,NO,18,18,KEEP — economic context,"The requested results trace linked mechanisms, compare a counterfactual or distinguish a calculation from its interpretation; no redundant independent task established.",
PMOE-NER-LB-002,269,nominal-exchange-rates,macro,actor wrapper,NO,NO,19,17,KEEP — economic context,"The actor states a misconception, forecast or inference that the student must evaluate; the claim is part of the economic task.",
PMOE-POL-L-004,133,open-economy-policy-transmission,macro,embedded conditions,YES,NO,18,11,EDIT,Remove explanation or redundant setup from the keyed alternative; retain its economic conclusion and the explanation in feedback.,
PMOE-POL-L-001,2049,open-economy-policy-transmission,macro,,YES,NO,19,11,EDIT,Remove explanation or redundant setup from the keyed alternative; retain its economic conclusion and the explanation in feedback.,
PMOE-POL-L-002,194,open-economy-policy-transmission,macro,multiple tasks,NO,NO,14,14,KEEP — economic context,"The requested results trace linked mechanisms, compare a counterfactual or distinguish a calculation from its interpretation; no redundant independent task established.",
PMOE-POL-L-003,218,open-economy-policy-transmission,macro,multiple tasks,NO,NO,17,14,EDIT,"Faculty repair: make the observed $20 billion rebound one accounting-consistency decision. The required $27 billion and the $7 billion discrepancy remain in feedback. Use four consistency judgments; keep the correct index and all relevant numerical alternatives. Legendary → Hard: one NX = S − I consistency task requires signed import/export arithmetic, not independent mechanisms or advanced transfer.",
PMOE-POL-LB-001,193,open-economy-policy-transmission,macro,multiple tasks,NO,NO,12,12,KEEP — economic context,"The requested results trace linked mechanisms, compare a counterfactual or distinguish a calculation from its interpretation; no redundant independent task established.",
PMOE-POL-LB-002,991,open-economy-policy-transmission,macro,multiple tasks,NO,NO,16,15,KEEP — economic context,"The requested results trace linked mechanisms, compare a counterfactual or distinguish a calculation from its interpretation; no redundant independent task established.",
PMOE-POL-LB-003,987,open-economy-policy-transmission,macro,,YES,NO,16,9,EDIT,Remove explanation or redundant setup from the keyed alternative; retain its economic conclusion and the explanation in feedback.,
PMOE-POL-BR-001,179,open-economy-policy-transmission,macro,actor wrapper,YES,NO,19,12,EDIT,Remove explanation or redundant setup from the keyed alternative; retain its economic conclusion and the explanation in feedback.,
P52A-OPPC-H-006,1748,opportunity-cost,general; macro,,YES,YES,16,10,KEEP — shared General/Macro,Shared foundational record outside the Macro-only edit set; retain the existing natural explanation or context.,Protected/shared candidate retained.
P72-OPPC-L-020,1768,opportunity-cost,general; macro,long scenario,NO,NO,10,10,KEEP — shared General/Macro,Shared foundational record outside the Macro-only edit set; retain the existing natural explanation or context.,
P52A-OPPC-B3-001,1774,opportunity-cost,general; macro,long scenario,NO,NO,9,8,KEEP — shared General/Macro,Shared foundational record outside the Macro-only edit set; retain the existing natural explanation or context.,
P72-OPPC-LB-008,1777,opportunity-cost,general; macro,long scenario,NO,NO,9,9,KEEP — shared General/Macro,Shared foundational record outside the Macro-only edit set; retain the existing natural explanation or context.,
PG5-PC-M-002,1819,phillips-curve-expectations,macro,multiple tasks,NO,NO,11,13,KEEP — economic context,"The requested results trace linked mechanisms, compare a counterfactual or distinguish a calculation from its interpretation; no redundant independent task established.",
PG5-PC-L-006,1820,phillips-curve-expectations,macro,graph narration,NO,NO,14,16,KEEP — economic context,"The setup supplies model assumptions, counterfactual conditions, formulas or binding resource constraints needed to solve the question; preserve that economic information.",
PG5-PC-L-018,1821,phillips-curve-expectations,macro,graph narration,NO,NO,18,18,KEEP — economic context,"The setup supplies model assumptions, counterfactual conditions, formulas or binding resource constraints needed to solve the question; preserve that economic information.",
PG5-PC-L-024,1822,phillips-curve-expectations,macro,multiple tasks; graph narration; long scenario,NO,NO,12,12,KEEP — economic context,"The setup supplies model assumptions, counterfactual conditions, formulas or binding resource constraints needed to solve the question; preserve that economic information.",
PM2A-EXP-L-002,1824,phillips-curve-expectations,macro,,YES,YES,23,14,KEEP — economic context,Keep two reference curves and the indeterminate comparison; this is genuine competing-forces reasoning.,Keep two reference curves and the indeterminate comparison; this is genuine competing-forces reasoning.
ECON-SP-MEDIUMBOSS-3006,671,phillips-curve-expectations,macro,multiple tasks,NO,NO,17,13,KEEP — economic context,"The requested results trace linked mechanisms, compare a counterfactual or distinguish a calculation from its interpretation; no redundant independent task established.",
P77-PVN-M-010,1859,positive-versus-normative-analysis,general; macro; micro,actor wrapper,NO,NO,7,7,KEEP — protected,Frozen Micro/shared content or protected Market Gate. Report the candidate; no student-facing edit.,
ECON-MG-HARD-210,1851,positive-versus-normative-analysis,general; macro; micro,actor wrapper,NO,NO,11,10,KEEP — protected,Frozen Micro/shared content or protected Market Gate. Report the candidate; no student-facing edit.,
P77-PVN-EL-022,1863,positive-versus-normative-analysis,general; macro; micro,actor wrapper,NO,NO,8,8,KEEP — protected,Frozen Micro/shared content or protected Market Gate. Report the candidate; no student-facing edit.,
ECON-MG-LEGENDARY-9081,1853,positive-versus-normative-analysis,general; macro; micro,actor wrapper,NO,NO,12,11,KEEP — protected,Frozen Micro/shared content or protected Market Gate. Report the candidate; no student-facing edit.,
P77-PVN-L-024,1864,positive-versus-normative-analysis,general; macro; micro,actor wrapper,NO,NO,13,9,KEEP — protected,Frozen Micro/shared content or protected Market Gate. Report the candidate; no student-facing edit.,
P77-PVN-L-026,1865,positive-versus-normative-analysis,general; macro; micro,actor wrapper,NO,NO,13,10,KEEP — protected,Frozen Micro/shared content or protected Market Gate. Report the candidate; no student-facing edit.,
P77-PVN-L-027,1866,positive-versus-normative-analysis,general; macro; micro,actor wrapper,YES,YES,14,8,KEEP — protected,Frozen Micro/shared content or protected Market Gate. Report the candidate; no student-facing edit.,Protected/shared candidate retained.
P77-PVN-FINALB-031,1867,positive-versus-normative-analysis,general; macro; micro,actor wrapper,NO,NO,7,7,KEEP — protected,Frozen Micro/shared content or protected Market Gate. Report the candidate; no student-facing edit.,
ECON-MG-LEGENDARYBOSS-9120,1855,positive-versus-normative-analysis,general; macro; micro,actor wrapper,NO,NO,10,6,KEEP — protected,Frozen Micro/shared content or protected Market Gate. Report the candidate; no student-facing edit.,
ECON-MG-POSITIVE-VS-NORMATIVE-6023,1848,positive-versus-normative-analysis,general; macro; micro,actor wrapper,NO,NO,4,2,KEEP — protected,Frozen Micro/shared content or protected Market Gate. Report the candidate; no student-facing edit.,
ECON-MG-HARD-256,1895,production-possibilities-frontier,general; macro; micro,,YES,YES,12,5,KEEP — protected,Frozen Micro/shared content or protected Market Gate. Report the candidate; no student-facing edit.,Protected/shared candidate retained.
ECON-MG-HARD-257,1896,production-possibilities-frontier,general; macro; micro,,YES,YES,13,7,KEEP — protected,Frozen Micro/shared content or protected Market Gate. Report the candidate; no student-facing edit.,Protected/shared candidate retained.
ECON-MG-LEGENDARY-9000,1899,production-possibilities-frontier,general; macro; micro,actor wrapper; multiple tasks,NO,NO,7,7,KEEP — protected,Frozen Micro/shared content or protected Market Gate. Report the candidate; no student-facing edit.,
ECON-MG-LEGENDARY-9006,1903,production-possibilities-frontier,general; macro; micro,actor wrapper,NO,NO,14,14,KEEP — protected,Frozen Micro/shared content or protected Market Gate. Report the candidate; no student-facing edit.,
ECON-MG-LEGENDARYBOSS-9115,1906,production-possibilities-frontier,general; macro; micro,actor wrapper,NO,NO,19,20,KEEP — protected,Frozen Micro/shared content or protected Market Gate. Report the candidate; no student-facing edit.,
P77-PPF-LB-007,1998,production-possibilities-frontier,general; macro; micro,actor wrapper,NO,NO,22,19,KEEP — protected,Frozen Micro/shared content or protected Market Gate. Report the candidate; no student-facing edit.,
ECON-MG-PPF-OPPORTUNITY-COST-5010,1869,production-possibilities-frontier,general; macro; micro,,YES,YES,12,5,KEEP — protected,Frozen Micro/shared content or protected Market Gate. Report the candidate; no student-facing edit.,Protected/shared candidate retained.
ECON-NL-EASY-47,2000,productivity-measurement,macro,,YES,NO,10,4,EDIT,Remove explanation or redundant setup from the keyed alternative; retain its economic conclusion and the explanation in feedback.,
PM2B3-PROD-FB-004,2040,productivity-measurement,macro,multiple tasks,NO,NO,13,13,KEEP — economic context,"The requested results trace linked mechanisms, compare a counterfactual or distinguish a calculation from its interpretation; no redundant independent task established.",
PM2B3-PROD-LB-002,2043,productivity-measurement,macro,actor wrapper,NO,NO,15,14,KEEP — economic context,"The actor states a misconception, forecast or inference that the student must evaluate; the claim is part of the economic task.",
LG-Q-229,1660,quantity-theory-of-money,macro,,YES,YES,17,10,KEEP — economic context,The value-of-money axis requires the inverse price-level link and the transaction-demand response.,The value-of-money axis requires the inverse price-level link and the transaction-demand response.
LG-Q-230,2061,quantity-theory-of-money,macro,,YES,NO,12,6,EDIT,Remove explanation or redundant setup from the keyed alternative; retain its economic conclusion and the explanation in feedback.,
LG-Q-9027,1662,quantity-theory-of-money,macro,,YES,YES,19,7,EDIT,Remove explanation or redundant setup from the keyed alternative; retain its economic conclusion and the explanation in feedback.,The shorter answer still describes the spending/lending-to-prices adjustment through money-market equilibrium; retain the mechanism.
LG-Q-255,2062,quantity-theory-of-money,macro,internal taxonomy,YES,NO,16,10,EDIT,Ask directly about the long-run effects instead of naming two curriculum constructs. Remove explanation or redundant setup from the keyed alternative; retain its economic conclusion and the explanation in feedback.,
LG-Q-329,2063,quantity-theory-of-money,macro,,YES,NO,17,10,EDIT,Remove explanation or redundant setup from the keyed alternative; retain its economic conclusion and the explanation in feedback.,
LG-Q-331,1665,quantity-theory-of-money,macro,multiple tasks,NO,NO,13,10,KEEP — economic context,"The requested results trace linked mechanisms, compare a counterfactual or distinguish a calculation from its interpretation; no redundant independent task established.",
LG-Q-9029,1666,quantity-theory-of-money,macro,actor wrapper,NO,NO,17,13,KEEP — economic context,"The actor states a misconception, forecast or inference that the student must evaluate; the claim is part of the economic task.",
LG-Q-9031,2054,quantity-theory-of-money,macro,multiple tasks,NO,NO,9,9,KEEP — economic context,"The requested results trace linked mechanisms, compare a counterfactual or distinguish a calculation from its interpretation; no redundant independent task established.",
LG-Q-3001,2057,quantity-theory-of-money,macro,multiple tasks,NO,NO,16,12,KEEP — economic context,"The requested results trace linked mechanisms, compare a counterfactual or distinguish a calculation from its interpretation; no redundant independent task established.",
LG-Q-3002,1667,quantity-theory-of-money,macro,actor wrapper,NO,NO,10,11,KEEP — economic context,"The actor states a misconception, forecast or inference that the student must evaluate; the claim is part of the economic task.",
P52B-S4-QTM-B1-001,2068,quantity-theory-of-money,macro,multiple tasks,NO,NO,11,11,KEEP — economic context,"The requested results trace linked mechanisms, compare a counterfactual or distinguish a calculation from its interpretation; no redundant independent task established.",
P52B-S4-QTM-B1-003,2069,quantity-theory-of-money,macro,multiple tasks,NO,NO,16,12,KEEP — economic context,"The requested results trace linked mechanisms, compare a counterfactual or distinguish a calculation from its interpretation; no redundant independent task established.",
P52B-S4-QTM-B3-002,2070,quantity-theory-of-money,macro,multiple tasks,NO,NO,11,11,KEEP — economic context,"The requested results trace linked mechanisms, compare a counterfactual or distinguish a calculation from its interpretation; no redundant independent task established.",
LG-Q-9116,2055,quantity-theory-of-money,macro,multiple tasks,NO,NO,11,11,KEEP — economic context,"The requested results trace linked mechanisms, compare a counterfactual or distinguish a calculation from its interpretation; no redundant independent task established.",
LG-Q-9122,2056,quantity-theory-of-money,macro,multiple tasks,NO,NO,10,10,KEEP — economic context,"The requested results trace linked mechanisms, compare a counterfactual or distinguish a calculation from its interpretation; no redundant independent task established.",
LG-Q-9126,2497,quantity-theory-of-money,macro,multiple tasks,NO,NO,13,12,KEEP — economic context,"The requested results trace linked mechanisms, compare a counterfactual or distinguish a calculation from its interpretation; no redundant independent task established.",
PMOE-RER-L-002,212,real-exchange-rates-and-purchasing-power,macro,multiple tasks,NO,NO,11,11,KEEP — economic context,"The requested results trace linked mechanisms, compare a counterfactual or distinguish a calculation from its interpretation; no redundant independent task established.",
PMOE-RER-L-003,2077,real-exchange-rates-and-purchasing-power,macro,multiple questions,NO,NO,18,18,KEEP — economic context,"The requested results trace linked mechanisms, compare a counterfactual or distinguish a calculation from its interpretation; no redundant independent task established.",
PMOE-RER-L-004,318,real-exchange-rates-and-purchasing-power,macro,actor wrapper,NO,NO,19,13,KEEP — economic context,"The actor states a misconception, forecast or inference that the student must evaluate; the claim is part of the economic task.",
PMOE-RER-B3-001,149,real-exchange-rates-and-purchasing-power,macro,multiple tasks,NO,NO,15,14,KEEP — economic context,"The requested results trace linked mechanisms, compare a counterfactual or distinguish a calculation from its interpretation; no redundant independent task established.",
ECON-NL-MEDIUM-115,2088,real-versus-nominal-gdp,macro,,YES,NO,15,7,EDIT,Remove explanation or redundant setup from the keyed alternative; retain its economic conclusion and the explanation in feedback.,
ECON-NL-LEGENDARY-9007,2094,real-versus-nominal-gdp,macro,multiple tasks,NO,NO,15,14,KEEP — economic context,"The requested results trace linked mechanisms, compare a counterfactual or distinguish a calculation from its interpretation; no redundant independent task established.",
ECON-NL-EASYBOSS-2012,2095,real-versus-nominal-gdp,macro,multiple tasks,NO,NO,12,10,KEEP — economic context,"The requested results trace linked mechanisms, compare a counterfactual or distinguish a calculation from its interpretation; no redundant independent task established.",
PM2B1-RNGDP-FB-004,2110,real-versus-nominal-gdp,macro,multiple tasks,NO,NO,12,10,KEEP — economic context,"The requested results trace linked mechanisms, compare a counterfactual or distinguish a calculation from its interpretation; no redundant independent task established.",
PM2B1-RNGDP-MB-002,2109,real-versus-nominal-gdp,macro,multiple tasks,NO,NO,12,10,KEEP — economic context,"The requested results trace linked mechanisms, compare a counterfactual or distinguish a calculation from its interpretation; no redundant independent task established.",
ECON-NL-LEGENDARYBOSS-9103,2097,real-versus-nominal-gdp,macro,actor wrapper,NO,NO,21,15,KEEP — economic context,"The actor states a misconception, forecast or inference that the student must evaluate; the claim is part of the economic task.",
PM2B1-RNGDP-LB-001,2112,real-versus-nominal-gdp,macro,actor wrapper,NO,NO,22,15,KEEP — economic context,"The actor states a misconception, forecast or inference that the student must evaluate; the claim is part of the economic task.",
ECON-EC-LEGENDARYBOSS-20004,2082,real-versus-nominal-interest-rates,macro,,YES,YES,25,16,KEEP — economic context,Positive real savings returns and falling real wages must be combined using unknown weights; the qualification is essential.,Positive real savings returns and falling real wages must be combined using unknown weights; the qualification is essential.
PM2A-SAC-E-002,2164,sacrifice-ratio,macro,actor wrapper,NO,NO,5,7,KEEP — economic context,"The actor states a misconception, forecast or inference that the student must evaluate; the claim is part of the economic task.",
ECON-SP-LEGENDARY-9020,2159,sacrifice-ratio,macro,actor wrapper,NO,NO,18,15,KEEP — economic context,"The actor states a misconception, forecast or inference that the student must evaluate; the claim is part of the economic task.",
ECON-SP-LEGENDARY-9050,2161,sacrifice-ratio,macro,multiple tasks,NO,NO,17,15,KEEP — economic context,"The requested results trace linked mechanisms, compare a counterfactual or distinguish a calculation from its interpretation; no redundant independent task established.",
PM2A-SAC-EB-017,2171,sacrifice-ratio,macro,multiple tasks,NO,NO,14,14,KEEP — economic context,"The requested results trace linked mechanisms, compare a counterfactual or distinguish a calculation from its interpretation; no redundant independent task established.",
PM2A-SAC-LB-024,2174,sacrifice-ratio,macro,multiple tasks,NO,NO,21,14,KEEP — economic context,"The requested results trace linked mechanisms, compare a counterfactual or distinguish a calculation from its interpretation; no redundant independent task established.",
PM2A-SAC-LB-025,2175,sacrifice-ratio,macro,actor wrapper,NO,NO,13,14,KEEP — economic context,"The actor states a misconception, forecast or inference that the student must evaluate; the claim is part of the economic task.",
43188,1989,saving-and-investment-identities,macro,multiple tasks,NO,NO,7,7,KEEP — economic context,"The requested results trace linked mechanisms, compare a counterfactual or distinguish a calculation from its interpretation; no redundant independent task established.",
43203,267,saving-and-investment-identities,macro,noun stack,NO,NO,13,12,EDIT,"Expand the compressed noun phrase without changing the shift, movement, direction or numerical reasoning.",
43170,2181,saving-and-investment-identities,macro,multiple tasks,NO,NO,14,11,KEEP — economic context,"The requested results trace linked mechanisms, compare a counterfactual or distinguish a calculation from its interpretation; no redundant independent task established.",
43174,2179,saving-and-investment-identities,macro,multiple tasks,NO,NO,14,11,KEEP — economic context,"The requested results trace linked mechanisms, compare a counterfactual or distinguish a calculation from its interpretation; no redundant independent task established.",
43179,2182,saving-and-investment-identities,macro,multiple tasks,NO,NO,14,11,KEEP — economic context,"The requested results trace linked mechanisms, compare a counterfactual or distinguish a calculation from its interpretation; no redundant independent task established.",
43186,1987,saving-and-investment-identities,macro,multiple tasks,NO,NO,14,11,KEEP — economic context,"The requested results trace linked mechanisms, compare a counterfactual or distinguish a calculation from its interpretation; no redundant independent task established.",
43177,2183,saving-and-investment-identities,macro,actor wrapper,NO,NO,18,14,KEEP — economic context,"The actor states a misconception, forecast or inference that the student must evaluate; the claim is part of the economic task.",
P52A-SCAR-M-005,2194,scarcity-and-tradeoffs,general; macro,multiple tasks,NO,NO,11,11,KEEP — shared General/Macro,Shared foundational record outside the Macro-only edit set; retain the existing natural explanation or context.,
ECON-MG-LEGENDARYBOSS-9100,2462,scarcity-and-tradeoffs,general; macro,multiple tasks,NO,NO,17,14,KEEP — protected,Frozen Micro/shared content or protected Market Gate. Report the candidate; no student-facing edit.,
ECON-MG-LEGENDARYBOSS-9102,2463,scarcity-and-tradeoffs,general; macro,,YES,YES,27,16,KEEP — protected,Frozen Micro/shared content or protected Market Gate. Report the candidate; no student-facing edit.,Protected/shared candidate retained.
P52A-AS-M-003,108,short-run-aggregate-supply,macro,,YES,NO,12,6,EDIT,Remove explanation or redundant setup from the keyed alternative; retain its economic conclusion and the explanation in feedback.,
PG3-AS-L-002,124,short-run-aggregate-supply,macro,,YES,YES,21,13,KEEP — economic context,Keep the distinction between reversing the expectations contribution and retaining productivity-driven capacity.,Keep the distinction between reversing the expectations contribution and retaining productivity-driven capacity.
P52A-AS-B2-003,127,short-run-aggregate-supply,macro,actor wrapper,NO,NO,19,14,KEEP — economic context,"The actor states a misconception, forecast or inference that the student must evaluate; the claim is part of the economic task.",
P52A-AS-B3-003,129,short-run-aggregate-supply,macro,actor wrapper,NO,NO,11,12,KEEP — economic context,"The actor states a misconception, forecast or inference that the student must evaluate; the claim is part of the economic task.",
PM2A-SRPC-FB-012,2223,short-run-phillips-curve,macro,actor wrapper,NO,NO,14,12,KEEP — economic context,"The actor states a misconception, forecast or inference that the student must evaluate; the claim is part of the economic task.",
PM2A-SRPC-LB-013,2224,short-run-phillips-curve,macro,multiple tasks,NO,NO,11,11,KEEP — economic context,"The requested results trace linked mechanisms, compare a counterfactual or distinguish a calculation from its interpretation; no redundant independent task established.",
ECON-NL-MEDIUM-153,2023,sources-of-productivity,macro,,YES,NO,12,5,EDIT,Remove explanation or redundant setup from the keyed alternative; retain its economic conclusion and the explanation in feedback.,
ECON-NL-LEGENDARY-9056,2025,sources-of-productivity,macro,,YES,NO,17,11,EDIT,Remove explanation or redundant setup from the keyed alternative; retain its economic conclusion and the explanation in feedback.,
ECON-NL-LEGENDARY-9058,521,sources-of-productivity,macro,actor wrapper,NO,NO,18,13,KEEP — economic context,"The actor states a misconception, forecast or inference that the student must evaluate; the claim is part of the economic task.",
PM2B3-SRC-FB-006,2254,sources-of-productivity,macro,actor wrapper,NO,NO,11,12,KEEP — economic context,"The actor states a misconception, forecast or inference that the student must evaluate; the claim is part of the economic task.",
ECON-EC-FINALBOSS-19010,523,sources-of-productivity,macro,actor wrapper,NO,NO,20,17,KEEP — economic context,"The actor states a misconception, forecast or inference that the student must evaluate; the claim is part of the economic task.",
ECON-NL-LEGENDARYBOSS-9120,523,sources-of-productivity,macro,,YES,NO,17,11,EDIT,Remove explanation or redundant setup from the keyed alternative; retain its economic conclusion and the explanation in feedback.,
ECON-NL-LEGENDARYBOSS-9121,223,sources-of-productivity,macro,multiple tasks,NO,NO,24,22,KEEP — economic context,"The requested results trace linked mechanisms, compare a counterfactual or distinguish a calculation from its interpretation; no redundant independent task established.",
LG-Q-84,2267,stabilization-policy,macro,,YES,NO,11,5,EDIT,Remove explanation or redundant setup from the keyed alternative; retain its economic conclusion and the explanation in feedback.,
LG-Q-380,2277,stabilization-policy,macro,,YES,NO,14,7,EDIT,Remove explanation or redundant setup from the keyed alternative; retain its economic conclusion and the explanation in feedback.,
PM2D2-STAB-L-001,2289,stabilization-policy,macro,,YES,NO,21,10,EDIT,Remove explanation or redundant setup from the keyed alternative; retain its economic conclusion and the explanation in feedback.,
LG-Q-9069,2280,stabilization-policy,macro,multiple questions,NO,NO,15,14,KEEP — economic context,"The requested results trace linked mechanisms, compare a counterfactual or distinguish a calculation from its interpretation; no redundant independent task established.",
LG-Q-9070,2281,stabilization-policy,macro,,YES,YES,22,14,KEEP — economic context,"Keep the direct purchase change, gross multiplier shift and resulting excess spending; these are the requested decomposition.","Keep the direct purchase change, gross multiplier shift and resulting excess spending; these are the requested decomposition."
PM2D2-STAB-L-004,2294,stabilization-policy,macro,,YES,YES,24,13,KEEP — economic context,The answer compares both automatic and discretionary policies over time; the timing clauses carry the construct.,The answer compares both automatic and discretionary policies over time; the timing clauses carry the construct.
LG-Q-9139,2284,stabilization-policy,macro,,YES,YES,24,15,KEEP — economic context,Keep all stages of the approved multiplier/crowding-out decomposition and the remaining gap.,Keep all stages of the approved multiplier/crowding-out decomposition and the remaining gap.
LG-R-5056,2263,stabilization-policy,macro,,YES,NO,16,9,EDIT,Remove explanation or redundant setup from the keyed alternative; retain its economic conclusion and the explanation in feedback.,
PG1-SUP-H-001,2323,supply,general; macro; micro,multiple tasks,NO,NO,16,16,KEEP — protected,Frozen Micro/shared content or protected Market Gate. Report the candidate; no student-facing edit.,
ECON-MG-ELITE-323,2326,supply,general; macro; micro,,YES,YES,12,6,KEEP — protected,Frozen Micro/shared content or protected Market Gate. Report the candidate; no student-facing edit.,Protected/shared candidate retained.
P52B-S2-SUP-EL-002,2327,supply,general; macro; micro,,YES,YES,16,10,KEEP — protected,Frozen Micro/shared content or protected Market Gate. Report the candidate; no student-facing edit.,Protected/shared candidate retained.
P52B-S2-SUP-L-002,2330,supply,general; macro; micro,multiple tasks,NO,NO,11,10,KEEP — protected,Frozen Micro/shared content or protected Market Gate. Report the candidate; no student-facing edit.,
ECON-MG-EASY-74,2402,tax-incidence,general; macro; micro,,YES,YES,12,6,KEEP — protected,Frozen Micro/shared content or protected Market Gate. Report the candidate; no student-facing edit.,Protected/shared candidate retained.
40043,2427,tax-incidence,general; macro; micro,multiple tasks,NO,NO,7,8,KEEP — protected,Frozen Micro/shared content or protected Market Gate. Report the candidate; no student-facing edit.,
ECON-MG-FINALBOSS-4011,2423,tax-incidence,general; macro; micro,multiple tasks,NO,NO,12,8,KEEP — protected,Frozen Micro/shared content or protected Market Gate. Report the candidate; no student-facing edit.,
ECON-NL-HARD-263,1225,unemployment-measurement,macro,,YES,YES,11,4,EDIT,Remove explanation or redundant setup from the keyed alternative; retain its economic conclusion and the explanation in feedback.,The shorter answer retains the distinction between a falling measured rate and labor-market improvement; the ten-word conclusion remains a metric flag.
ECON-NL-HARD-265,592,unemployment-measurement,macro,multiple tasks,NO,NO,9,6,KEEP — economic context,"The requested results trace linked mechanisms, compare a counterfactual or distinguish a calculation from its interpretation; no redundant independent task established.",
ECON-NL-LEGENDARY-9068,1227,unemployment-measurement,macro,actor wrapper,YES,NO,23,14,EDIT,Remove explanation or redundant setup from the keyed alternative; retain its economic conclusion and the explanation in feedback.,
ECON-NL-LEGENDARY-9070,1228,unemployment-measurement,macro,,YES,NO,16,9,EDIT,Remove explanation or redundant setup from the keyed alternative; retain its economic conclusion and the explanation in feedback.,
ECON-NL-MEDIUM-162,1220,unemployment-measurement,macro,multiple tasks,NO,NO,9,7,KEEP — economic context,"The requested results trace linked mechanisms, compare a counterfactual or distinguish a calculation from its interpretation; no redundant independent task established.",
ECON-NL-FINALBOSS-4003,1232,unemployment-measurement,macro,multiple tasks,NO,NO,8,8,KEEP — economic context,"The requested results trace linked mechanisms, compare a counterfactual or distinguish a calculation from its interpretation; no redundant independent task established.",
ECON-EC-FINALBOSS-19021,1213,unemployment-measurement,macro,,YES,NO,12,6,EDIT,Remove explanation or redundant setup from the keyed alternative; retain its economic conclusion and the explanation in feedback.,
ECON-NL-EASY-71,2470,unemployment-types,macro,,YES,NO,10,4,EDIT,Remove explanation or redundant setup from the keyed alternative; retain its economic conclusion and the explanation in feedback.,
ECON-NL-HARD-272,2474,unemployment-types,macro,,YES,NO,16,9,EDIT,Remove explanation or redundant setup from the keyed alternative; retain its economic conclusion and the explanation in feedback.,
ECON-NL-FINALBOSS-4016,2487,unemployment-types,macro,multiple tasks,NO,NO,20,16,KEEP — economic context,"The requested results trace linked mechanisms, compare a counterfactual or distinguish a calculation from its interpretation; no redundant independent task established.",
ECON-NL-FINALBOSS-4036,2489,unemployment-types,macro,actor wrapper,NO,NO,17,14,KEEP — economic context,"The actor states a misconception, forecast or inference that the student must evaluate; the claim is part of the economic task.",
ECON-EC-FINALBOSS-19012,2298,unemployment-types,macro,multiple tasks,NO,NO,18,14,KEEP — economic context,"The requested results trace linked mechanisms, compare a counterfactual or distinguish a calculation from its interpretation; no redundant independent task established.",
PM2B4-UTYPE-LB-001,2490,unemployment-types,macro,multiple tasks,NO,NO,19,16,KEEP — economic context,"The requested results trace linked mechanisms, compare a counterfactual or distinguish a calculation from its interpretation; no redundant independent task established.",
PM2B4-UTYPE-LB-002,2491,unemployment-types,macro,actor wrapper,NO,NO,13,13,KEEP — economic context,"The actor states a misconception, forecast or inference that the student must evaluate; the claim is part of the economic task.",
